_id,collision_id,accdate,stname1,stname2,stname3,per_inv,acclass,accloc,traffictl,impactype,visible,light,rdsfcond,road_class,failtorem,longitude,latitude,veh_no,vehtype,initdir,per_no,invage,injury,safequip,drivact,drivcond,pedact,pedcond,manoeuvre,pedtype,cyclistype,cycact,cyccond,road_user,fatal_no,wardname,division,neighbourhood,aggressive,distracted,cyclist,motorcyclist,other_micromobility,older_adult,pedestrian,red_light,school_child,heavy_truck,geometry
19,2006:882024,2006-01-07T23:25:00,STEELES AVE E,NINTH LINE ST,,3,Fatal Injury,,No Control,Approaching Head On,Clear,Dark,Wet,Minor Arterial,FALSE,-79.22479039,43.84274399,2,,,2,,,Other Safety Equipment Used,,,,,,,,,,owner,,Scarborough-Rouge Park (25),42 Division,Morningside Heights,FALSE,FALSE,FALSE,FALSE,FALSE,FALSE,FALSE,FALSE,FALSE,FALSE,"{""coordinates"": [[-79.2247903941989, 43.84274398562001]], ""type"": ""MultiPoint""}"
20,2006:882024,2006-01-07T23:25:00,STEELES AVE E,NINTH LINE ST,,3,Fatal Injury,,No Control,Approaching Head On,Clear,Dark,Wet,Minor Arterial,FALSE,-79.22479039,43.84274399,2,Automobile or Station Wagon,East,3,39,Major,Air Bag Deployed,Driving properly,Normal,,,Going Ahead,,,,,driver,,Scarborough-Rouge Park (25),42 Division,Morningside Heights,FALSE,FALSE,FALSE,FALSE,FALSE,FALSE,FALSE,FALSE,FALSE,FALSE,"{""coordinates"": [[-79.2247903941989, 43.84274398562001]], ""type"": ""MultiPoint""}"
21,2006:882024,2006-01-07T23:25:00,STEELES AVE E,NINTH LINE ST,,3,Fatal Injury,,No Control,Approaching Head On,Clear,Dark,Wet,Minor Arterial,FALSE,-79.22479039,43.84274399,1,Automobile or Station Wagon,West,1,52,Fatal,Lap and Shoulder Belt,Lost control,Unknown,,,Going Ahead,,,,,driver,1,Scarborough-Rouge Park (25),42 Division,Morningside Heights,FALSE,FALSE,FALSE,FALSE,FALSE,FALSE,FALSE,FALSE,FALSE,FALSE,"{""coordinates"": [[-79.2247903941989, 43.84274398562001]], ""type"": ""MultiPoint""}"
41,2006:882501,2006-01-11T11:20:00,BARTLEY DR,JINNAH CRT,,6,Fatal Injury,,No Control,SMV Other,Clear,Daylight,Wet,Collector,FALSE,-79.30799063,43.72204407,1,Automobile or Station Wagon,East,5,17,Major,Other Safety Equipment Used,Lost control,Inattentive,,,Going Ahead,,,,,driver,,Don Valley East (16),55 Division,Victoria Village,FALSE,TRUE,FALSE,FALSE,FALSE,FALSE,FALSE,FALSE,TRUE,FALSE,"{""coordinates"": [[-79.30799063482121, 43.72204406741297]], ""type"": ""MultiPoint""}"
42,2006:882501,2006-01-11T11:20:00,BARTLEY DR,JINNAH CRT,,6,Fatal Injury,,No Control,SMV Other,Clear,Daylight,Wet,Collector,FALSE,-79.30799063,43.72204407,1,,,4,,,Other Safety Equipment Used,,,,,,,,,,owner,,Don Valley East (16),55 Division,Victoria Village,FALSE,TRUE,FALSE,FALSE,FALSE,FALSE,FALSE,FALSE,TRUE,FALSE,"{""coordinates"": [[-79.30799063482121, 43.72204406741297]], ""type"": ""MultiPoint""}"
43,2006:882501,2006-01-11T11:20:00,BARTLEY DR,JINNAH CRT,,6,Fatal Injury,,No Control,SMV Other,Clear,Daylight,Wet,Collector,FALSE,-79.30799063,43.72204407,1,,,3,17,Fatal,Other Safety Equipment Used,,,,,,,,,,passenger,4,Don Valley East (16),55 Division,Victoria Village,FALSE,TRUE,FALSE,FALSE,FALSE,FALSE,FALSE,FALSE,TRUE,FALSE,"{""coordinates"": [[-79.30799063482121, 43.72204406741297]], ""type"": ""MultiPoint""}"
44,2006:882501,2006-01-11T11:20:00,BARTLEY DR,JINNAH CRT,,6,Fatal Injury,,No Control,SMV Other,Clear,Daylight,Wet,Collector,FALSE,-79.30799063,43.72204407,1,,,1,17,Minimal,Other Safety Equipment Used,,,,,,,,,,passenger,,Don Valley East (16),55 Division,Victoria Village,FALSE,TRUE,FALSE,FALSE,FALSE,FALSE,FALSE,FALSE,TRUE,FALSE,"{""coordinates"": [[-79.30799063482121, 43.72204406741297]], ""type"": ""MultiPoint""}"
45,2006:882501,2006-01-11T11:20:00,BARTLEY DR,JINNAH CRT,,6,Fatal Injury,,No Control,SMV Other,Clear,Daylight,Wet,Collector,FALSE,-79.30799063,43.72204407,1,,,2,17,Minimal,Other Safety Equipment Used,,,,,,,,,,passenger,,Don Valley East (16),55 Division,Victoria Village,FALSE,TRUE,FALSE,FALSE,FALSE,FALSE,FALSE,FALSE,TRUE,FALSE,"{""coordinates"": [[-79.30799063482121, 43.72204406741297]], ""type"": ""MultiPoint""}"
46,2006:882501,2006-01-11T11:20:00,BARTLEY DR,JINNAH CRT,,6,Fatal Injury,,No Control,SMV Other,Clear,Daylight,Wet,Collector,FALSE,-79.30799063,43.72204407,2,,,6,,,Other Safety Equipment Used,,,,,,,,,,owner,,Don Valley East (16),55 Division,Victoria Village,FALSE,TRUE,FALSE,FALSE,FALSE,FALSE,FALSE,FALSE,TRUE,FALSE,"{""coordinates"": [[-79.30799063482121, 43.72204406741297]], ""type"": ""MultiPoint""}"
52,2025:5002723792,2025-12-31T07:17:00,EGLINTON AVE E,LILLIAN ST,4 M W,2,Fatal Injury,Non-Intersection,No Control,SMV Other,Clear,Dark with Artificial Lighting,Packed Snow,Major Arterial,FALSE,-79.39413081,43.70759918,,,,,,,,,,,,,,,,,other,,Toronto-St. Paul's (12),53 Division,South Eglinton-Davisville,TRUE,FALSE,FALSE,FALSE,FALSE,TRUE,TRUE,FALSE,FALSE,FALSE,"{""coordinates"": [[-79.3941308090723, 43.70759918425677]], ""type"": ""MultiPoint""}"
54,2006:884560,2006-01-24T01:45:00,WARDEN AVE,LAWRENCE AVE E,,4,Fatal Injury,,Traffic Signal,Angle,Clear,Dawn,Dry,Major Arterial,FALSE,-79.29469058,43.74534405,1,,,2,,,Other Safety Equipment Used,,,,,,,,,,owner,,Scarborough Centre (21),41 Division,Wexford/Maryvale,TRUE,FALSE,FALSE,FALSE,FALSE,FALSE,FALSE,FALSE,FALSE,FALSE,"{""coordinates"": [[-79.29469058137343, 43.74534404954857]], ""type"": ""MultiPoint""}"
55,2006:884560,2006-01-24T01:45:00,WARDEN AVE,LAWRENCE AVE E,,4,Fatal Injury,,Traffic Signal,Angle,Clear,Dawn,Dry,Major Arterial,FALSE,-79.29469058,43.74534405,2,Automobile or Station Wagon,South,4,39,Fatal,Other Safety Equipment Used,Exceeding speed limit,Unknown,,,Going Ahead,,,,,driver,6,Scarborough Centre (21),41 Division,Wexford/Maryvale,TRUE,FALSE,FALSE,FALSE,FALSE,FALSE,FALSE,FALSE,FALSE,FALSE,"{""coordinates"": [[-79.29469058137343, 43.74534404954857]], ""type"": ""MultiPoint""}"
56,2006:884560,2006-01-24T01:45:00,WARDEN AVE,LAWRENCE AVE E,,4,Fatal Injury,,Traffic Signal,Angle,Clear,Dawn,Dry,Major Arterial,FALSE,-79.29469058,43.74534405,1,,,1,37,Major,Other Safety Equipment Used,,,,,,,,,,passenger,,Scarborough Centre (21),41 Division,Wexford/Maryvale,TRUE,FALSE,FALSE,FALSE,FALSE,FALSE,FALSE,FALSE,FALSE,FALSE,"{""coordinates"": [[-79.29469058137343, 43.74534404954857]], ""type"": ""MultiPoint""}"
57,2006:884560,2006-01-24T01:45:00,WARDEN AVE,LAWRENCE AVE E,,4,Fatal Injury,,Traffic Signal,Angle,Clear,Dawn,Dry,Major Arterial,FALSE,-79.29469058,43.74534405,1,Automobile or Station Wagon,West,3,43,None,Other Safety Equipment Used,Driving properly,Normal,,,Going Ahead,,,,,driver,,Scarborough Centre (21),41 Division,Wexford/Maryvale,TRUE,FALSE,FALSE,FALSE,FALSE,FALSE,FALSE,FALSE,FALSE,FALSE,"{""coordinates"": [[-79.29469058137343, 43.74534404954857]], ""type"": ""MultiPoint""}"
58,2006:884714,2006-01-24T22:20:00,MOUNT PLEASANT RD,WHITEHALL RD,,6,Fatal Injury,At Intersection,No Control,Turning Movement,Rain,Dark,Wet,Major Arterial,FALSE,-79.38349083,43.68404418,4,,,2,,,Other Safety Equipment Used,,,,,,,,,,owner,,University-Rosedale (11),53 Division,Rosedale-Moore Park,TRUE,FALSE,FALSE,FALSE,FALSE,FALSE,FALSE,FALSE,TRUE,FALSE,"{""coordinates"": [[-79.38349082588691, 43.68404417514941]], ""type"": ""MultiPoint""}"
59,2006:884714,2006-01-24T22:20:00,MOUNT PLEASANT RD,WHITEHALL RD,,6,Fatal Injury,At Intersection,No Control,Turning Movement,Rain,Dark,Wet,Major Arterial,FALSE,-79.38349083,43.68404418,1,Automobile or Station Wagon,North,3,18,None,Other Safety Equipment Used,Exceeding speed limit,Normal,,,Going Ahead,,,,,driver,,University-Rosedale (11),53 Division,Rosedale-Moore Park,TRUE,FALSE,FALSE,FALSE,FALSE,FALSE,FALSE,FALSE,TRUE,FALSE,"{""coordinates"": [[-79.38349082588691, 43.68404417514941]], ""type"": ""MultiPoint""}"
60,2006:884714,2006-01-24T22:20:00,MOUNT PLEASANT RD,WHITEHALL RD,,6,Fatal Injury,At Intersection,No Control,Turning Movement,Rain,Dark,Wet,Major Arterial,FALSE,-79.38349083,43.68404418,2,Automobile or Station Wagon,South,6,46,Fatal,Other Safety Equipment Used,Driving properly,Normal,,,Turning Left,,,,,driver,8,University-Rosedale (11),53 Division,Rosedale-Moore Park,TRUE,FALSE,FALSE,FALSE,FALSE,FALSE,FALSE,FALSE,TRUE,FALSE,"{""coordinates"": [[-79.38349082588691, 43.68404417514941]], ""type"": ""MultiPoint""}"
61,2006:884714,2006-01-24T22:20:00,MOUNT PLEASANT RD,WHITEHALL RD,,6,Fatal Injury,At Intersection,No Control,Turning Movement,Rain,Dark,Wet,Major Arterial,FALSE,-79.38349083,43.68404418,3,Automobile or Station Wagon,North,1,18,Minimal,Lap and Shoulder Belt,Exceeding speed limit,Normal,,,Going Ahead,,,,,driver,,University-Rosedale (11),53 Division,Rosedale-Moore Park,TRUE,FALSE,FALSE,FALSE,FALSE,FALSE,FALSE,FALSE,TRUE,FALSE,"{""coordinates"": [[-79.38349082588691, 43.68404417514941]], ""type"": ""MultiPoint""}"
62,2006:884714,2006-01-24T22:20:00,MOUNT PLEASANT RD,WHITEHALL RD,,6,Fatal Injury,At Intersection,No Control,Turning Movement,Rain,Dark,Wet,Major Arterial,FALSE,-79.38349083,43.68404418,2,,,4,,,Other Safety Equipment Used,,,,,,,,,,owner,,University-Rosedale (11),53 Division,Rosedale-Moore Park,TRUE,FALSE,FALSE,FALSE,FALSE,FALSE,FALSE,FALSE,TRUE,FALSE,"{""coordinates"": [[-79.38349082588691, 43.68404417514941]], ""type"": ""MultiPoint""}"
63,2006:884714,2006-01-24T22:20:00,MOUNT PLEASANT RD,WHITEHALL RD,,6,Fatal Injury,At Intersection,No Control,Turning Movement,Rain,Dark,Wet,Major Arterial,FALSE,-79.38349083,43.68404418,1,,,5,18,Minimal,Lap and Shoulder Belt,,,,,,,,,,passenger,,University-Rosedale (11),53 Division,Rosedale-Moore Park,TRUE,FALSE,FALSE,FALSE,FALSE,FALSE,FALSE,FALSE,TRUE,FALSE,"{""coordinates"": [[-79.38349082588691, 43.68404417514941]], ""type"": ""MultiPoint""}"
108,2006:891993,2006-03-06T22:22:00,F G GARDINER XY W,PARK LAWN RD,,7,Fatal Injury,,No Control,Sideswipe,Clear,Dark,Dry,,FALSE,-79.48149111,43.62774434,1,,,7,17,Fatal,Lap and Shoulder Belt,,,,,,,,,,passenger,13,Etobicoke-Lakeshore (3),22 Division,Humber Bay Shores,FALSE,FALSE,FALSE,FALSE,FALSE,FALSE,FALSE,FALSE,TRUE,FALSE,"{""coordinates"": [[-79.48149110943662, 43.627744338025984]], ""type"": ""MultiPoint""}"
109,2006:891993,2006-03-06T22:22:00,F G GARDINER XY W,PARK LAWN RD,,7,Fatal Injury,,No Control,Sideswipe,Clear,Dark,Dry,,FALSE,-79.48149111,43.62774434,1,,,1,21,Minor,Other Safety Equipment Used,,,,,,,,,,passenger,,Etobicoke-Lakeshore (3),22 Division,Humber Bay Shores,FALSE,FALSE,FALSE,FALSE,FALSE,FALSE,FALSE,FALSE,TRUE,FALSE,"{""coordinates"": [[-79.48149110943662, 43.627744338025984]], ""type"": ""MultiPoint""}"
110,2006:891993,2006-03-06T22:22:00,F G GARDINER XY W,PARK LAWN RD,,7,Fatal Injury,,No Control,Sideswipe,Clear,Dark,Dry,,FALSE,-79.48149111,43.62774434,3,Automobile or Station Wagon,West,5,43,None,Other Safety Equipment Used,Driving properly,Normal,,,Going Ahead,,,,,driver,,Etobicoke-Lakeshore (3),22 Division,Humber Bay Shores,FALSE,FALSE,FALSE,FALSE,FALSE,FALSE,FALSE,FALSE,TRUE,FALSE,"{""coordinates"": [[-79.48149110943662, 43.627744338025984]], ""type"": ""MultiPoint""}"
111,2006:891993,2006-03-06T22:22:00,F G GARDINER XY W,PARK LAWN RD,,7,Fatal Injury,,No Control,Sideswipe,Clear,Dark,Dry,,FALSE,-79.48149111,43.62774434,2,Automobile or Station Wagon,West,4,27,Minor,Other Safety Equipment Used,Driving properly,Normal,,,Going Ahead,,,,,driver,,Etobicoke-Lakeshore (3),22 Division,Humber Bay Shores,FALSE,FALSE,FALSE,FALSE,FALSE,FALSE,FALSE,FALSE,TRUE,FALSE,"{""coordinates"": [[-79.48149110943662, 43.627744338025984]], ""type"": ""MultiPoint""}"
112,2006:891993,2006-03-06T22:22:00,F G GARDINER XY W,PARK LAWN RD,,7,Fatal Injury,,No Control,Sideswipe,Clear,Dark,Dry,,FALSE,-79.48149111,43.62774434,4,,,6,,,Other Safety Equipment Used,,,,,,,,,,owner,,Etobicoke-Lakeshore (3),22 Division,Humber Bay Shores,FALSE,FALSE,FALSE,FALSE,FALSE,FALSE,FALSE,FALSE,TRUE,FALSE,"{""coordinates"": [[-79.48149110943662, 43.627744338025984]], ""type"": ""MultiPoint""}"
113,2006:891993,2006-03-06T22:22:00,F G GARDINER XY W,PARK LAWN RD,,7,Fatal Injury,,No Control,Sideswipe,Clear,Dark,Dry,,FALSE,-79.48149111,43.62774434,2,,,3,,,Other Safety Equipment Used,,,,,,,,,,owner,,Etobicoke-Lakeshore (3),22 Division,Humber Bay Shores,FALSE,FALSE,FALSE,FALSE,FALSE,FALSE,FALSE,FALSE,TRUE,FALSE,"{""coordinates"": [[-79.48149110943662, 43.627744338025984]], ""type"": ""MultiPoint""}"
114,2006:891993,2006-03-06T22:22:00,F G GARDINER XY W,PARK LAWN RD,,7,Fatal Injury,,No Control,Sideswipe,Clear,Dark,Dry,,FALSE,-79.48149111,43.62774434,1,Automobile or Station Wagon,West,2,36,Minor,Other Safety Equipment Used,Lost control,Ability Impaired - Alcohol Over .08,,,Overtaking,,,,,driver,,Etobicoke-Lakeshore (3),22 Division,Humber Bay Shores,FALSE,FALSE,FALSE,FALSE,FALSE,FALSE,FALSE,FALSE,TRUE,FALSE,"{""coordinates"": [[-79.48149110943662, 43.627744338025984]], ""type"": ""MultiPoint""}"
115,2006:892453,2006-03-08T20:18:00,F G GARDINER XY E E,KIPLING AVE,,5,Fatal Injury,,No Control,Rear End,Clear,Dark,Dry,,FALSE,-79.52039119,43.6188444,1,,,4,5,Fatal,Child Safety Seat Used Correctly,,,,,,,,,,passenger,14,Etobicoke-Lakeshore (3),22 Division,Mimico-Queensway,FALSE,TRUE,FALSE,FALSE,FALSE,FALSE,FALSE,FALSE,TRUE,FALSE,"{""coordinates"": [[-79.52039118998967, 43.618844396506184]], ""type"": ""MultiPoint""}"
116,2006:892453,2006-03-08T20:18:00,F G GARDINER XY E E,KIPLING AVE,,5,Fatal Injury,,No Control,Rear End,Clear,Dark,Dry,,FALSE,-79.52039119,43.6188444,2,Automobile or Station Wagon,East,5,31,Minor,Lap and Shoulder Belt,Lost control,Inattentive,,,Going Ahead,,,,,driver,,Etobicoke-Lakeshore (3),22 Division,Mimico-Queensway,FALSE,TRUE,FALSE,FALSE,FALSE,FALSE,FALSE,FALSE,TRUE,FALSE,"{""coordinates"": [[-79.52039118998967, 43.618844396506184]], ""type"": ""MultiPoint""}"
117,2006:892453,2006-03-08T20:18:00,F G GARDINER XY E E,KIPLING AVE,,5,Fatal Injury,,No Control,Rear End,Clear,Dark,Dry,,FALSE,-79.52039119,43.6188444,1,,East,2,,None,Other Safety Equipment Used,,,,,Parked,,,,,other,,Etobicoke-Lakeshore (3),22 Division,Mimico-Queensway,FALSE,TRUE,FALSE,FALSE,FALSE,FALSE,FALSE,FALSE,TRUE,FALSE,"{""coordinates"": [[-79.52039118998967, 43.618844396506184]], ""type"": ""MultiPoint""}"
118,2006:892453,2006-03-08T20:18:00,F G GARDINER XY E E,KIPLING AVE,,5,Fatal Injury,,No Control,Rear End,Clear,Dark,Dry,,FALSE,-79.52039119,43.6188444,1,,,3,7,Major,Child Safety Seat Used Correctly,,,,,,,,,,passenger,,Etobicoke-Lakeshore (3),22 Division,Mimico-Queensway,FALSE,TRUE,FALSE,FALSE,FALSE,FALSE,FALSE,FALSE,TRUE,FALSE,"{""coordinates"": [[-79.52039118998967, 43.618844396506184]], ""type"": ""MultiPoint""}"
119,2006:892453,2006-03-08T20:18:00,F G GARDINER XY E E,KIPLING AVE,,5,Fatal Injury,,No Control,Rear End,Clear,Dark,Dry,,FALSE,-79.52039119,43.6188444,1,,,1,43,Minor,Lap and Shoulder Belt,,,,,,,,,,passenger,,Etobicoke-Lakeshore (3),22 Division,Mimico-Queensway,FALSE,TRUE,FALSE,FALSE,FALSE,FALSE,FALSE,FALSE,TRUE,FALSE,"{""coordinates"": [[-79.52039118998967, 43.618844396506184]], ""type"": ""MultiPoint""}"
120,2006:892810,2006-03-11T09:15:00,MORNINGSIDE AVE,SHEPPARD AVE E,,2,Fatal Injury,At Intersection,Traffic Signal,Turning Movement,Clear,Daylight,Dry,Major Arterial,FALSE,-79.19978639,43.80194195,1,Motorcycle,East,1,47,Fatal,Other Safety Equipment Used,Disobeyed traffic control,Unknown,,,Turning Right,,,,,motorcyclist,16,Scarborough-Rouge Park (25),42 Division,Malvern East,TRUE,FALSE,FALSE,TRUE,FALSE,FALSE,FALSE,TRUE,FALSE,FALSE,"{""coordinates"": [[-79.19978639221196, 43.801941953798114]], ""type"": ""MultiPoint""}"
121,2006:892810,2006-03-11T09:15:00,MORNINGSIDE AVE,SHEPPARD AVE E,,2,Fatal Injury,At Intersection,Traffic Signal,Turning Movement,Clear,Daylight,Dry,Major Arterial,FALSE,-79.19978639,43.80194195,2,Automobile or Station Wagon,South,2,,None,Other Safety Equipment Used,Driving properly,Unknown,,,Going Ahead,,,,,driver,,Scarborough-Rouge Park (25),42 Division,Malvern East,TRUE,FALSE,FALSE,TRUE,FALSE,FALSE,FALSE,TRUE,FALSE,FALSE,"{""coordinates"": [[-79.19978639221196, 43.801941953798114]], ""type"": ""MultiPoint""}"
194,2006:897916,2006-04-18T19:30:00,WARDEN AVE,COMSTOCK RD,,6,Fatal Injury,At Intersection,Traffic Signal,Angle,Clear,Daylight,Dry,Major Arterial,FALSE,-79.28499059,43.72154404,1,,,3,32,Fatal,Other Safety Equipment Used,,,,,,,,,,passenger,20,Scarborough Southwest (20),41 Division,Clairlea-Birchmount,TRUE,FALSE,FALSE,FALSE,FALSE,FALSE,FALSE,TRUE,TRUE,TRUE,"{""coordinates"": [[-79.28499059492717, 43.72154403716521]], ""type"": ""MultiPoint""}"
195,2006:897916,2006-04-18T19:30:00,WARDEN AVE,COMSTOCK RD,,6,Fatal Injury,At Intersection,Traffic Signal,Angle,Clear,Daylight,Dry,Major Arterial,FALSE,-79.28499059,43.72154404,1,,,2,6,Minor,Other Safety Equipment Used,,,,,,,,,,passenger,,Scarborough Southwest (20),41 Division,Clairlea-Birchmount,TRUE,FALSE,FALSE,FALSE,FALSE,FALSE,FALSE,TRUE,TRUE,TRUE,"{""coordinates"": [[-79.28499059492717, 43.72154403716521]], ""type"": ""MultiPoint""}"
196,2006:897916,2006-04-18T19:30:00,WARDEN AVE,COMSTOCK RD,,6,Fatal Injury,At Intersection,Traffic Signal,Angle,Clear,Daylight,Dry,Major Arterial,FALSE,-79.28499059,43.72154404,1,Automobile or Station Wagon,North,4,39,Major,Other Safety Equipment Used,Disobeyed traffic control,Unknown,,,Going Ahead,,,,,driver,,Scarborough Southwest (20),41 Division,Clairlea-Birchmount,TRUE,FALSE,FALSE,FALSE,FALSE,FALSE,FALSE,TRUE,TRUE,TRUE,"{""coordinates"": [[-79.28499059492717, 43.72154403716521]], ""type"": ""MultiPoint""}"
197,2006:897916,2006-04-18T19:30:00,WARDEN AVE,COMSTOCK RD,,6,Fatal Injury,At Intersection,Traffic Signal,Angle,Clear,Daylight,Dry,Major Arterial,FALSE,-79.28499059,43.72154404,2,Automobile or Station Wagon,South,5,53,None,Other Safety Equipment Used,Driving properly,Normal,,,Stopped,,,,,driver,,Scarborough Southwest (20),41 Division,Clairlea-Birchmount,TRUE,FALSE,FALSE,FALSE,FALSE,FALSE,FALSE,TRUE,TRUE,TRUE,"{""coordinates"": [[-79.28499059492717, 43.72154403716521]], ""type"": ""MultiPoint""}"
198,2006:897916,2006-04-18T19:30:00,WARDEN AVE,COMSTOCK RD,,6,Fatal Injury,At Intersection,Traffic Signal,Angle,Clear,Daylight,Dry,Major Arterial,FALSE,-79.28499059,43.72154404,3,Municipal Transit Bus (TTC),West,1,51,None,Other Safety Equipment Used,Driving properly,Normal,,,Going Ahead,,,,,driver,,Scarborough Southwest (20),41 Division,Clairlea-Birchmount,TRUE,FALSE,FALSE,FALSE,FALSE,FALSE,FALSE,TRUE,TRUE,TRUE,"{""coordinates"": [[-79.28499059492717, 43.72154403716521]], ""type"": ""MultiPoint""}"
199,2006:897916,2006-04-18T19:30:00,WARDEN AVE,COMSTOCK RD,,6,Fatal Injury,At Intersection,Traffic Signal,Angle,Clear,Daylight,Dry,Major Arterial,FALSE,-79.28499059,43.72154404,3,,,6,,,Other Safety Equipment Used,,,,,,,,,,owner,,Scarborough Southwest (20),41 Division,Clairlea-Birchmount,TRUE,FALSE,FALSE,FALSE,FALSE,FALSE,FALSE,TRUE,TRUE,TRUE,"{""coordinates"": [[-79.28499059492717, 43.72154403716521]], ""type"": ""MultiPoint""}"
218,2006:900120,2006-04-29T21:36:00,MILLWICK DR,MILVAN DR,,5,Fatal Injury,,No Control,SMV Other,Clear,Dark,Dry,Collector,FALSE,-79.55959099,43.75814437,1,Automobile or Station Wagon,North,2,44,Minimal,Lap and Shoulder Belt,Speed too fast for conditions,Had Been Drinking,,,Going Ahead,,,,,driver,,Humber River-Black Creek (7),31 Division,Humber Summit,TRUE,FALSE,FALSE,FALSE,FALSE,FALSE,FALSE,FALSE,FALSE,FALSE,"{""coordinates"": [[-79.55959098558908, 43.75814436927288]], ""type"": ""MultiPoint""}"
219,2006:900120,2006-04-29T21:36:00,MILLWICK DR,MILVAN DR,,5,Fatal Injury,,No Control,SMV Other,Clear,Dark,Dry,Collector,FALSE,-79.55959099,43.75814437,1,,,1,43,Fatal,Equipment Not Used But Available,,,,,,,,,,passenger,23,Humber River-Black Creek (7),31 Division,Humber Summit,TRUE,FALSE,FALSE,FALSE,FALSE,FALSE,FALSE,FALSE,FALSE,FALSE,"{""coordinates"": [[-79.55959098558908, 43.75814436927288]], ""type"": ""MultiPoint""}"
220,2006:900120,2006-04-29T21:36:00,MILLWICK DR,MILVAN DR,,5,Fatal Injury,,No Control,SMV Other,Clear,Dark,Dry,Collector,FALSE,-79.55959099,43.75814437,1,,,3,,,Other Safety Equipment Used,,,,,,,,,,owner,,Humber River-Black Creek (7),31 Division,Humber Summit,TRUE,FALSE,FALSE,FALSE,FALSE,FALSE,FALSE,FALSE,FALSE,FALSE,"{""coordinates"": [[-79.55959098558908, 43.75814436927288]], ""type"": ""MultiPoint""}"
221,2006:900120,2006-04-29T21:36:00,MILLWICK DR,MILVAN DR,,5,Fatal Injury,,No Control,SMV Other,Clear,Dark,Dry,Collector,FALSE,-79.55959099,43.75814437,2,,,5,,,Other Safety Equipment Used,,,,,,,,,,owner,,Humber River-Black Creek (7),31 Division,Humber Summit,TRUE,FALSE,FALSE,FALSE,FALSE,FALSE,FALSE,FALSE,FALSE,FALSE,"{""coordinates"": [[-79.55959098558908, 43.75814436927288]], ""type"": ""MultiPoint""}"
222,2006:900120,2006-04-29T21:36:00,MILLWICK DR,MILVAN DR,,5,Fatal Injury,,No Control,SMV Other,Clear,Dark,Dry,Collector,FALSE,-79.55959099,43.75814437,1,Automobile or Station Wagon,,4,42,Minor,Other Safety Equipment Used,,,,,,,,,,passenger,,Humber River-Black Creek (7),31 Division,Humber Summit,TRUE,FALSE,FALSE,FALSE,FALSE,FALSE,FALSE,FALSE,FALSE,FALSE,"{""coordinates"": [[-79.55959098558908, 43.75814436927288]], ""type"": ""MultiPoint""}"
224,2006:900159,2006-04-30T08:57:00,QUEEN ST E,FALLINGBROOK RD,,2,Fatal Injury,At Intersection,Stop Sign,SMV Other,Clear,Daylight,Dry,Collector,FALSE,-79.27639064,43.67534402,2,,,2,,,Other Safety Equipment Used,,,,,,,,,,owner,,Scarborough Southwest (20),41 Division,Birchcliffe-Cliffside,TRUE,FALSE,FALSE,FALSE,FALSE,FALSE,FALSE,FALSE,FALSE,FALSE,"{""coordinates"": [[-79.27639063699785, 43.675344024625055]], ""type"": ""MultiPoint""}"
225,2006:900159,2006-04-30T08:57:00,QUEEN ST E,FALLINGBROOK RD,,2,Fatal Injury,At Intersection,Stop Sign,SMV Other,Clear,Daylight,Dry,Collector,FALSE,-79.27639064,43.67534402,1,Automobile or Station Wagon,East,1,58,Fatal,Other Safety Equipment Used,Speed too fast for conditions,Unknown,,,Going Ahead,,,,,driver,24,Scarborough Southwest (20),41 Division,Birchcliffe-Cliffside,TRUE,FALSE,FALSE,FALSE,FALSE,FALSE,FALSE,FALSE,FALSE,FALSE,"{""coordinates"": [[-79.27639063699785, 43.675344024625055]], ""type"": ""MultiPoint""}"
297,2006:905761,2006-05-30T23:28:00,ROSEDALE VALLEY RD,BAYVIEW AVE,,1,Fatal Injury,,No Control,SMV Other,Clear,Dark,Dry,Minor Arterial,FALSE,-79.36609081,43.67164415,1,Motorcycle,East,1,28,Fatal,Other Safety Equipment Used,Lost control,Normal,,,Going Ahead,,,,,motorcyclist,28,Toronto Centre (13),51 Division,Cabbagetown-South St.James Town,FALSE,FALSE,FALSE,TRUE,FALSE,FALSE,FALSE,FALSE,FALSE,FALSE,"{""coordinates"": [[-79.36609081180552, 43.67164415298946]], ""type"": ""MultiPoint""}"
325,2006:907646,2006-06-10T09:34:00,MIDLAND AVE,ROMULUS DR,,2,Fatal Injury,,No Control,SMV Other,Clear,Daylight,Dry,Major Arterial,FALSE,-79.26339053,43.74704401,1,Automobile or Station Wagon,South,1,78,Minor,Lap and Shoulder Belt,Lost control,Normal,,,Going Ahead,,,,,driver,,Scarborough Centre (21),41 Division,Bendale South,FALSE,FALSE,FALSE,FALSE,FALSE,TRUE,FALSE,FALSE,FALSE,FALSE,"{""coordinates"": [[-79.2633905261418, 43.74704401018121]], ""type"": ""MultiPoint""}"
326,2006:907646,2006-06-10T09:34:00,MIDLAND AVE,ROMULUS DR,,2,Fatal Injury,,No Control,SMV Other,Clear,Daylight,Dry,Major Arterial,FALSE,-79.26339053,43.74704401,1,,,2,88,Fatal,Equipment Not Used But Available,,,,,,,,,,passenger,31,Scarborough Centre (21),41 Division,Bendale South,FALSE,FALSE,FALSE,FALSE,FALSE,TRUE,FALSE,FALSE,FALSE,FALSE,"{""coordinates"": [[-79.2633905261418, 43.74704401018121]], ""type"": ""MultiPoint""}"
348,2006:909409,2006-06-20T20:55:00,BARTLEY DR,TISDALE AVE,,6,Fatal Injury,At Intersection,Stop Sign,SMV Unattended Vehicle,Clear,Dark,Dry,Collector,FALSE,-79.30709063,43.72224407,2,,East,3,,None,Other Safety Equipment Used,,,,,Parked,,,,,other,,Don Valley East (16),55 Division,Victoria Village,TRUE,FALSE,FALSE,TRUE,FALSE,FALSE,FALSE,FALSE,FALSE,FALSE,"{""coordinates"": [[-79.30709063297112, 43.722244066220505]], ""type"": ""MultiPoint""}"
349,2006:909409,2006-06-20T20:55:00,BARTLEY DR,TISDALE AVE,,6,Fatal Injury,At Intersection,Stop Sign,SMV Unattended Vehicle,Clear,Dark,Dry,Collector,FALSE,-79.30709063,43.72224407,3,Automobile or Station Wagon,,5,,None,Other Safety Equipment Used,,,,,,,,,,other,,Don Valley East (16),55 Division,Victoria Village,TRUE,FALSE,FALSE,TRUE,FALSE,FALSE,FALSE,FALSE,FALSE,FALSE,"{""coordinates"": [[-79.30709063297112, 43.722244066220505]], ""type"": ""MultiPoint""}"