_id,collision_id,accdate,stname1,stname2,stname3,per_inv,acclass,accloc,traffictl,impactype,visible,light,rdsfcond,road_class,failtorem,longitude,latitude,veh_no,vehtype,initdir,per_no,invage,injury,safequip,drivact,drivcond,pedact,pedcond,manoeuvre,pedtype,cyclistype,cycact,cyccond,road_user,fatal_no,wardname,division,neighbourhood,aggressive,distracted,cyclist,motorcyclist,other_micromobility,older_adult,pedestrian,red_light,school_child,heavy_truck,geometry
350,2006:909409,2006-06-20T20:55:00,BARTLEY DR,TISDALE AVE,,6,Fatal Injury,At Intersection,Stop Sign,SMV Unattended Vehicle,Clear,Dark,Dry,Collector,FALSE,-79.30709063,43.72224407,3,,,6,22,None,Lap and Shoulder Belt,,,,,,,,,,passenger,,Don Valley East (16),55 Division,Victoria Village,TRUE,FALSE,FALSE,TRUE,FALSE,FALSE,FALSE,FALSE,FALSE,FALSE,"{""coordinates"": [[-79.30709063297112, 43.722244066220505]], ""type"": ""MultiPoint""}"
351,2006:909409,2006-06-20T20:55:00,BARTLEY DR,TISDALE AVE,,6,Fatal Injury,At Intersection,Stop Sign,SMV Unattended Vehicle,Clear,Dark,Dry,Collector,FALSE,-79.30709063,43.72224407,1,Motorcycle,West,2,31,Fatal,Helmet,Exceeding speed limit,Normal,,,Going Ahead,,,,,motorcyclist,33,Don Valley East (16),55 Division,Victoria Village,TRUE,FALSE,FALSE,TRUE,FALSE,FALSE,FALSE,FALSE,FALSE,FALSE,"{""coordinates"": [[-79.30709063297112, 43.722244066220505]], ""type"": ""MultiPoint""}"
352,2006:909409,2006-06-20T20:55:00,BARTLEY DR,TISDALE AVE,,6,Fatal Injury,At Intersection,Stop Sign,SMV Unattended Vehicle,Clear,Dark,Dry,Collector,FALSE,-79.30709063,43.72224407,1,,,1,,,Other Safety Equipment Used,,,,,,,,,,owner,,Don Valley East (16),55 Division,Victoria Village,TRUE,FALSE,FALSE,TRUE,FALSE,FALSE,FALSE,FALSE,FALSE,FALSE,"{""coordinates"": [[-79.30709063297112, 43.722244066220505]], ""type"": ""MultiPoint""}"
353,2006:909409,2006-06-20T20:55:00,BARTLEY DR,TISDALE AVE,,6,Fatal Injury,At Intersection,Stop Sign,SMV Unattended Vehicle,Clear,Dark,Dry,Collector,FALSE,-79.30709063,43.72224407,3,,,4,,,Other Safety Equipment Used,,,,,,,,,,owner,,Don Valley East (16),55 Division,Victoria Village,TRUE,FALSE,FALSE,TRUE,FALSE,FALSE,FALSE,FALSE,FALSE,FALSE,"{""coordinates"": [[-79.30709063297112, 43.722244066220505]], ""type"": ""MultiPoint""}"
455,2006:916024,2006-07-30T21:55:00,F G GARDINER XY Ramp W,GARDINER W S KINGSWAY RAMP,,1,Fatal Injury,,No Control,SMV Other,Clear,Dark,Dry,,FALSE,-79.47159108,43.63464432,1,Motorcycle,West,1,22,Fatal,Helmet,Lost control,Unknown,,,Going Ahead,,,,,motorcyclist,37,Parkdale-High Park (4),11 Division,South Parkdale,FALSE,FALSE,FALSE,TRUE,FALSE,FALSE,FALSE,FALSE,FALSE,FALSE,"{""coordinates"": [[-79.47159107730313, 43.63464431988931]], ""type"": ""MultiPoint""}"
497,2006:919332,2006-08-18T16:39:00,SCARBOROUGH GOLF CLUB RD,BRIMORTON DR,,11,Fatal Injury,,Traffic Signal,Approaching Head On,Clear,Daylight,Dry,Minor Arterial,FALSE,-79.21869044,43.76984397,3,,,6,26,None,Lap and Shoulder Belt,,,,,,,,,,passenger,,Scarborough-Guildwood (24),43 Division,Morningside,FALSE,TRUE,FALSE,FALSE,FALSE,TRUE,FALSE,FALSE,TRUE,FALSE,"{""coordinates"": [[-79.21869044104022, 43.76984396547978]], ""type"": ""MultiPoint""}"
498,2006:919332,2006-08-18T16:39:00,SCARBOROUGH GOLF CLUB RD,BRIMORTON DR,,11,Fatal Injury,,Traffic Signal,Approaching Head On,Clear,Daylight,Dry,Minor Arterial,FALSE,-79.21869044,43.76984397,4,Automobile or Station Wagon,North,11,36,Minor,Lap and Shoulder Belt,Other,Inattentive,,,Going Ahead,,,,,driver,,Scarborough-Guildwood (24),43 Division,Morningside,FALSE,TRUE,FALSE,FALSE,FALSE,TRUE,FALSE,FALSE,TRUE,FALSE,"{""coordinates"": [[-79.21869044104022, 43.76984396547978]], ""type"": ""MultiPoint""}"
499,2006:919332,2006-08-18T16:39:00,SCARBOROUGH GOLF CLUB RD,BRIMORTON DR,,11,Fatal Injury,,Traffic Signal,Approaching Head On,Clear,Daylight,Dry,Minor Arterial,FALSE,-79.21869044,43.76984397,4,,,9,66,Fatal,Lap and Shoulder Belt,,,,,,,,,,passenger,40,Scarborough-Guildwood (24),43 Division,Morningside,FALSE,TRUE,FALSE,FALSE,FALSE,TRUE,FALSE,FALSE,TRUE,FALSE,"{""coordinates"": [[-79.21869044104022, 43.76984396547978]], ""type"": ""MultiPoint""}"
500,2006:919332,2006-08-18T16:39:00,SCARBOROUGH GOLF CLUB RD,BRIMORTON DR,,11,Fatal Injury,,Traffic Signal,Approaching Head On,Clear,Daylight,Dry,Minor Arterial,FALSE,-79.21869044,43.76984397,3,Automobile or Station Wagon,South,8,28,None,Lap and Shoulder Belt,Driving properly,Normal,,,Going Ahead,,,,,driver,,Scarborough-Guildwood (24),43 Division,Morningside,FALSE,TRUE,FALSE,FALSE,FALSE,TRUE,FALSE,FALSE,TRUE,FALSE,"{""coordinates"": [[-79.21869044104022, 43.76984396547978]], ""type"": ""MultiPoint""}"
501,2006:919332,2006-08-18T16:39:00,SCARBOROUGH GOLF CLUB RD,BRIMORTON DR,,11,Fatal Injury,,Traffic Signal,Approaching Head On,Clear,Daylight,Dry,Minor Arterial,FALSE,-79.21869044,43.76984397,3,,,7,,,Other Safety Equipment Used,,,,,,,,,,owner,,Scarborough-Guildwood (24),43 Division,Morningside,FALSE,TRUE,FALSE,FALSE,FALSE,TRUE,FALSE,FALSE,TRUE,FALSE,"{""coordinates"": [[-79.21869044104022, 43.76984396547978]], ""type"": ""MultiPoint""}"
502,2006:919332,2006-08-18T16:39:00,SCARBOROUGH GOLF CLUB RD,BRIMORTON DR,,11,Fatal Injury,,Traffic Signal,Approaching Head On,Clear,Daylight,Dry,Minor Arterial,FALSE,-79.21869044,43.76984397,2,Automobile or Station Wagon,South,3,35,None,Lap and Shoulder Belt,Driving properly,Normal,,,Going Ahead,,,,,driver,,Scarborough-Guildwood (24),43 Division,Morningside,FALSE,TRUE,FALSE,FALSE,FALSE,TRUE,FALSE,FALSE,TRUE,FALSE,"{""coordinates"": [[-79.21869044104022, 43.76984396547978]], ""type"": ""MultiPoint""}"
503,2006:919332,2006-08-18T16:39:00,SCARBOROUGH GOLF CLUB RD,BRIMORTON DR,,11,Fatal Injury,,Traffic Signal,Approaching Head On,Clear,Daylight,Dry,Minor Arterial,FALSE,-79.21869044,43.76984397,3,,,5,8,None,Lap and Shoulder Belt,,,,,,,,,,passenger,,Scarborough-Guildwood (24),43 Division,Morningside,FALSE,TRUE,FALSE,FALSE,FALSE,TRUE,FALSE,FALSE,TRUE,FALSE,"{""coordinates"": [[-79.21869044104022, 43.76984396547978]], ""type"": ""MultiPoint""}"
504,2006:919332,2006-08-18T16:39:00,SCARBOROUGH GOLF CLUB RD,BRIMORTON DR,,11,Fatal Injury,,Traffic Signal,Approaching Head On,Clear,Daylight,Dry,Minor Arterial,FALSE,-79.21869044,43.76984397,1,Automobile or Station Wagon,South,2,29,None,Lap and Shoulder Belt,Driving properly,Normal,,,Going Ahead,,,,,driver,,Scarborough-Guildwood (24),43 Division,Morningside,FALSE,TRUE,FALSE,FALSE,FALSE,TRUE,FALSE,FALSE,TRUE,FALSE,"{""coordinates"": [[-79.21869044104022, 43.76984396547978]], ""type"": ""MultiPoint""}"
505,2006:919332,2006-08-18T16:39:00,SCARBOROUGH GOLF CLUB RD,BRIMORTON DR,,11,Fatal Injury,,Traffic Signal,Approaching Head On,Clear,Daylight,Dry,Minor Arterial,FALSE,-79.21869044,43.76984397,1,,,1,,,Other Safety Equipment Used,,,,,,,,,,owner,,Scarborough-Guildwood (24),43 Division,Morningside,FALSE,TRUE,FALSE,FALSE,FALSE,TRUE,FALSE,FALSE,TRUE,FALSE,"{""coordinates"": [[-79.21869044104022, 43.76984396547978]], ""type"": ""MultiPoint""}"
506,2006:919332,2006-08-18T16:39:00,SCARBOROUGH GOLF CLUB RD,BRIMORTON DR,,11,Fatal Injury,,Traffic Signal,Approaching Head On,Clear,Daylight,Dry,Minor Arterial,FALSE,-79.21869044,43.76984397,3,,,4,3,None,Child Safety Seat Used Correctly,,,,,,,,,,passenger,,Scarborough-Guildwood (24),43 Division,Morningside,FALSE,TRUE,FALSE,FALSE,FALSE,TRUE,FALSE,FALSE,TRUE,FALSE,"{""coordinates"": [[-79.21869044104022, 43.76984396547978]], ""type"": ""MultiPoint""}"
507,2006:919332,2006-08-18T16:39:00,SCARBOROUGH GOLF CLUB RD,BRIMORTON DR,,11,Fatal Injury,,Traffic Signal,Approaching Head On,Clear,Daylight,Dry,Minor Arterial,FALSE,-79.21869044,43.76984397,4,,,10,,,Other Safety Equipment Used,,,,,,,,,,owner,,Scarborough-Guildwood (24),43 Division,Morningside,FALSE,TRUE,FALSE,FALSE,FALSE,TRUE,FALSE,FALSE,TRUE,FALSE,"{""coordinates"": [[-79.21869044104022, 43.76984396547978]], ""type"": ""MultiPoint""}"
510,2006:919330,2006-08-18T21:00:00,BELLAMY RD N,PROGRESS AVE,,5,Fatal Injury,At Intersection,Traffic Signal,Turning Movement,Clear,Dark,Dry,Minor Arterial,FALSE,-79.24379047,43.78014399,1,Automobile or Station Wagon,South,2,74,Minor,Lap and Shoulder Belt,Driving properly,Normal,,,Going Ahead,,,,,driver,,Scarborough-Guildwood (24),43 Division,Woburn North,FALSE,FALSE,FALSE,FALSE,FALSE,TRUE,FALSE,FALSE,TRUE,FALSE,"{""coordinates"": [[-79.2437904673677, 43.780143992307735]], ""type"": ""MultiPoint""}"
511,2006:919330,2006-08-18T21:00:00,BELLAMY RD N,PROGRESS AVE,,5,Fatal Injury,At Intersection,Traffic Signal,Turning Movement,Clear,Dark,Dry,Minor Arterial,FALSE,-79.24379047,43.78014399,2,,,4,,,Other Safety Equipment Used,,,,,,,,,,owner,,Scarborough-Guildwood (24),43 Division,Woburn North,FALSE,FALSE,FALSE,FALSE,FALSE,TRUE,FALSE,FALSE,TRUE,FALSE,"{""coordinates"": [[-79.2437904673677, 43.780143992307735]], ""type"": ""MultiPoint""}"
512,2006:919330,2006-08-18T21:00:00,BELLAMY RD N,PROGRESS AVE,,5,Fatal Injury,At Intersection,Traffic Signal,Turning Movement,Clear,Dark,Dry,Minor Arterial,FALSE,-79.24379047,43.78014399,2,Automobile or Station Wagon,North,5,22,Minor,Lap and Shoulder Belt,Improper turn,Normal,,,Turning Left,,,,,driver,,Scarborough-Guildwood (24),43 Division,Woburn North,FALSE,FALSE,FALSE,FALSE,FALSE,TRUE,FALSE,FALSE,TRUE,FALSE,"{""coordinates"": [[-79.2437904673677, 43.780143992307735]], ""type"": ""MultiPoint""}"
513,2006:919330,2006-08-18T21:00:00,BELLAMY RD N,PROGRESS AVE,,5,Fatal Injury,At Intersection,Traffic Signal,Turning Movement,Clear,Dark,Dry,Minor Arterial,FALSE,-79.24379047,43.78014399,1,,,1,73,Fatal,Lap and Shoulder Belt,,,,,,,,,,passenger,41,Scarborough-Guildwood (24),43 Division,Woburn North,FALSE,FALSE,FALSE,FALSE,FALSE,TRUE,FALSE,FALSE,TRUE,FALSE,"{""coordinates"": [[-79.2437904673677, 43.780143992307735]], ""type"": ""MultiPoint""}"
514,2006:919330,2006-08-18T21:00:00,BELLAMY RD N,PROGRESS AVE,,5,Fatal Injury,At Intersection,Traffic Signal,Turning Movement,Clear,Dark,Dry,Minor Arterial,FALSE,-79.24379047,43.78014399,2,,,3,19,Minor,Lap and Shoulder Belt,,,,,,,,,,passenger,,Scarborough-Guildwood (24),43 Division,Woburn North,FALSE,FALSE,FALSE,FALSE,FALSE,TRUE,FALSE,FALSE,TRUE,FALSE,"{""coordinates"": [[-79.2437904673677, 43.780143992307735]], ""type"": ""MultiPoint""}"
536,2006:920502,2006-08-25T23:30:00,LESLIE ST,COLDWATER RD,,3,Fatal Injury,,No Control,Turning Movement,Rain,Dark,Wet,Major Arterial,FALSE,-79.36049068,43.75524413,1,Automobile or Station Wagon,West,3,61,Fatal,Lap and Shoulder Belt,Failed to yield right-of-way,Unknown,,,Turning Left,,,,,driver,44,Don Valley East (16),33 Division,St.Andrew-Windfields,TRUE,FALSE,FALSE,FALSE,FALSE,FALSE,FALSE,FALSE,FALSE,FALSE,"{""coordinates"": [[-79.3604906810671, 43.75524413159695]], ""type"": ""MultiPoint""}"
537,2006:920502,2006-08-25T23:30:00,LESLIE ST,COLDWATER RD,,3,Fatal Injury,,No Control,Turning Movement,Rain,Dark,Wet,Major Arterial,FALSE,-79.36049068,43.75524413,2,Automobile or Station Wagon,North,1,20,Minimal,Other Safety Equipment Used,Driving properly,Normal,,,Going Ahead,,,,,driver,,Don Valley East (16),33 Division,St.Andrew-Windfields,TRUE,FALSE,FALSE,FALSE,FALSE,FALSE,FALSE,FALSE,FALSE,FALSE,"{""coordinates"": [[-79.3604906810671, 43.75524413159695]], ""type"": ""MultiPoint""}"
538,2006:920502,2006-08-25T23:30:00,LESLIE ST,COLDWATER RD,,3,Fatal Injury,,No Control,Turning Movement,Rain,Dark,Wet,Major Arterial,FALSE,-79.36049068,43.75524413,1,,,2,,,Other Safety Equipment Used,,,,,,,,,,owner,,Don Valley East (16),33 Division,St.Andrew-Windfields,TRUE,FALSE,FALSE,FALSE,FALSE,FALSE,FALSE,FALSE,FALSE,FALSE,"{""coordinates"": [[-79.3604906810671, 43.75524413159695]], ""type"": ""MultiPoint""}"
539,2006:920690,2006-08-27T19:28:00,F G GARDINER XY W,BATHURST ST,,2,Fatal Injury,,No Control,SMV Other,Clear,Daylight,Dry,,FALSE,-79.40389094,43.63794422,1,Motorcycle,West,2,31,Fatal,Use Unknown,Lost control,Unknown,,,Going Ahead,,,,,motorcyclist,45,Spadina-Fort York (10),14 Division,Fort York-Liberty Village,FALSE,FALSE,FALSE,TRUE,FALSE,FALSE,FALSE,FALSE,FALSE,FALSE,"{""coordinates"": [[-79.40389093686069, 43.63794421622072]], ""type"": ""MultiPoint""}"
540,2006:920690,2006-08-27T19:28:00,F G GARDINER XY W,BATHURST ST,,2,Fatal Injury,,No Control,SMV Other,Clear,Daylight,Dry,,FALSE,-79.40389094,43.63794422,1,,,1,,None,Other Safety Equipment Used,,,,,Other,,,,,owner,,Spadina-Fort York (10),14 Division,Fort York-Liberty Village,FALSE,FALSE,FALSE,TRUE,FALSE,FALSE,FALSE,FALSE,FALSE,FALSE,"{""coordinates"": [[-79.40389093686069, 43.63794421622072]], ""type"": ""MultiPoint""}"
564,2006:922948,2006-09-09T03:08:00,MORNINGSIDE AVE,SHEPPARD AVE E,,5,Fatal Injury,,Traffic Signal,Angle,Clear,Dark,Wet,Major Arterial,FALSE,-79.19979039,43.80194395,2,Automobile or Station Wagon,East,5,29,Major,Other Safety Equipment Used,Disobeyed traffic control,Unknown,,,Going Ahead,,,,,driver,,Scarborough-Rouge Park (25),42 Division,Malvern East,TRUE,FALSE,FALSE,FALSE,FALSE,FALSE,FALSE,TRUE,FALSE,TRUE,"{""coordinates"": [[-79.1997903922158, 43.80194395380239]], ""type"": ""MultiPoint""}"
565,2006:922948,2006-09-09T03:08:00,MORNINGSIDE AVE,SHEPPARD AVE E,,5,Fatal Injury,,Traffic Signal,Angle,Clear,Dark,Wet,Major Arterial,FALSE,-79.19979039,43.80194395,1,,,2,28,None,Other Safety Equipment Used,,,,,,,,,,passenger,,Scarborough-Rouge Park (25),42 Division,Malvern East,TRUE,FALSE,FALSE,FALSE,FALSE,FALSE,FALSE,TRUE,FALSE,TRUE,"{""coordinates"": [[-79.1997903922158, 43.80194395380239]], ""type"": ""MultiPoint""}"
566,2006:922948,2006-09-09T03:08:00,MORNINGSIDE AVE,SHEPPARD AVE E,,5,Fatal Injury,,Traffic Signal,Angle,Clear,Dark,Wet,Major Arterial,FALSE,-79.19979039,43.80194395,1,,,1,,,Other Safety Equipment Used,,,,,,,,,,owner,,Scarborough-Rouge Park (25),42 Division,Malvern East,TRUE,FALSE,FALSE,FALSE,FALSE,FALSE,FALSE,TRUE,FALSE,TRUE,"{""coordinates"": [[-79.1997903922158, 43.80194395380239]], ""type"": ""MultiPoint""}"
567,2006:922948,2006-09-09T03:08:00,MORNINGSIDE AVE,SHEPPARD AVE E,,5,Fatal Injury,,Traffic Signal,Angle,Clear,Dark,Wet,Major Arterial,FALSE,-79.19979039,43.80194395,1,Truck - Open (Flatbed),North,3,56,None,Other Safety Equipment Used,Driving properly,Unknown,,,Going Ahead,,,,,driver,,Scarborough-Rouge Park (25),42 Division,Malvern East,TRUE,FALSE,FALSE,FALSE,FALSE,FALSE,FALSE,TRUE,FALSE,TRUE,"{""coordinates"": [[-79.1997903922158, 43.80194395380239]], ""type"": ""MultiPoint""}"
568,2006:922948,2006-09-09T03:08:00,MORNINGSIDE AVE,SHEPPARD AVE E,,5,Fatal Injury,,Traffic Signal,Angle,Clear,Dark,Wet,Major Arterial,FALSE,-79.19979039,43.80194395,2,,,4,27,Fatal,Other Safety Equipment Used,,,,,,,,,,passenger,46,Scarborough-Rouge Park (25),42 Division,Malvern East,TRUE,FALSE,FALSE,FALSE,FALSE,FALSE,FALSE,TRUE,FALSE,TRUE,"{""coordinates"": [[-79.1997903922158, 43.80194395380239]], ""type"": ""MultiPoint""}"
593,2006:925837,2006-09-22T21:58:00,BRIMLEY RD,WETHERBY DR,,2,Fatal Injury,At Intersection,No Control,SMV Other,Rain,Dark,Wet,Major Arterial,FALSE,-79.24919051,43.73874399,1,,,1,,,Other Safety Equipment Used,,,,,,,,,,owner,,Scarborough Centre (21),43 Division,Eglinton East,FALSE,TRUE,FALSE,FALSE,FALSE,FALSE,FALSE,FALSE,FALSE,FALSE,"{""coordinates"": [[-79.2491905119725, 43.73874399177117]], ""type"": ""MultiPoint""}"
594,2006:925837,2006-09-22T21:58:00,BRIMLEY RD,WETHERBY DR,,2,Fatal Injury,At Intersection,No Control,SMV Other,Rain,Dark,Wet,Major Arterial,FALSE,-79.24919051,43.73874399,1,Automobile or Station Wagon,South,2,41,Fatal,Lap and Shoulder Belt,Lost control,Inattentive,,,Turning Left,,,,,driver,48,Scarborough Centre (21),43 Division,Eglinton East,FALSE,TRUE,FALSE,FALSE,FALSE,FALSE,FALSE,FALSE,FALSE,FALSE,"{""coordinates"": [[-79.2491905119725, 43.73874399177117]], ""type"": ""MultiPoint""}"
648,2006:930890,2006-10-18T21:36:00,OLD FINCH AVE,REESOR RD,,1,Fatal Injury,,No Control,SMV Other,Clear,Dark,Dry,Collector,FALSE,-79.19059036,43.82474395,1,Motorcycle,West,1,23,Fatal,Helmet,Lost control,Inattentive,,,Going Ahead,,,,,motorcyclist,49,Scarborough-Rouge Park (25),42 Division,Morningside Heights,FALSE,TRUE,FALSE,TRUE,FALSE,FALSE,FALSE,FALSE,FALSE,FALSE,"{""coordinates"": [[-79.19059036425878, 43.82474395038523]], ""type"": ""MultiPoint""}"
670,2006:936341,2006-11-04T18:05:00,BIRCHMOUNT RD,IVY BUSH AVE,,4,Fatal Injury,At Intersection,Traffic Signal,Turning Movement,Clear,Dark,Dry,Major Arterial,FALSE,-79.31209055,43.81074407,2,,,2,,,Other Safety Equipment Used,,,,,,,,,,owner,,Scarborough-Agincourt (22),42 Division,Steeles,TRUE,FALSE,FALSE,FALSE,FALSE,TRUE,FALSE,FALSE,FALSE,FALSE,"{""coordinates"": [[-79.31209054890297, 43.810744074656725]], ""type"": ""MultiPoint""}"
671,2006:936341,2006-11-04T18:05:00,BIRCHMOUNT RD,IVY BUSH AVE,,4,Fatal Injury,At Intersection,Traffic Signal,Turning Movement,Clear,Dark,Dry,Major Arterial,FALSE,-79.31209055,43.81074407,1,Automobile or Station Wagon,South,1,77,Fatal,Equipment Not Used But Available,Failed to yield right-of-way,Unknown,,,Turning Left,,,,,driver,51,Scarborough-Agincourt (22),42 Division,Steeles,TRUE,FALSE,FALSE,FALSE,FALSE,TRUE,FALSE,FALSE,FALSE,FALSE,"{""coordinates"": [[-79.31209054890297, 43.810744074656725]], ""type"": ""MultiPoint""}"
672,2006:936341,2006-11-04T18:05:00,BIRCHMOUNT RD,IVY BUSH AVE,,4,Fatal Injury,At Intersection,Traffic Signal,Turning Movement,Clear,Dark,Dry,Major Arterial,FALSE,-79.31209055,43.81074407,2,Automobile or Station Wagon,North,3,29,None,Other Safety Equipment Used,Driving properly,Normal,,,Going Ahead,,,,,driver,,Scarborough-Agincourt (22),42 Division,Steeles,TRUE,FALSE,FALSE,FALSE,FALSE,TRUE,FALSE,FALSE,FALSE,FALSE,"{""coordinates"": [[-79.31209054890297, 43.810744074656725]], ""type"": ""MultiPoint""}"
673,2006:936341,2006-11-04T18:05:00,BIRCHMOUNT RD,IVY BUSH AVE,,4,Fatal Injury,At Intersection,Traffic Signal,Turning Movement,Clear,Dark,Dry,Major Arterial,FALSE,-79.31209055,43.81074407,3,Automobile or Station Wagon,West,4,66,None,Other Safety Equipment Used,Driving properly,Normal,,,Stopped,,,,,driver,,Scarborough-Agincourt (22),42 Division,Steeles,TRUE,FALSE,FALSE,FALSE,FALSE,TRUE,FALSE,FALSE,FALSE,FALSE,"{""coordinates"": [[-79.31209054890297, 43.810744074656725]], ""type"": ""MultiPoint""}"
676,2006:935742,2006-11-11T06:38:00,F G GARDINER XY W,GARDINER W LAKE SHORE W RAMP,,6,Fatal Injury,,No Control,Sideswipe,Clear,Dark,Wet,,FALSE,-79.4785911,43.62974433,3,,,4,51,Minor,Lap and Shoulder Belt,,,,,,,,,,passenger,,Etobicoke-Lakeshore (3),22 Division,Humber Bay Shores,FALSE,FALSE,FALSE,FALSE,FALSE,FALSE,FALSE,FALSE,FALSE,FALSE,"{""coordinates"": [[-79.47859110002352, 43.62974433268974]], ""type"": ""MultiPoint""}"
677,2006:935742,2006-11-11T06:38:00,F G GARDINER XY W,GARDINER W LAKE SHORE W RAMP,,6,Fatal Injury,,No Control,Sideswipe,Clear,Dark,Wet,,FALSE,-79.4785911,43.62974433,3,,,5,,,Other Safety Equipment Used,,,,,,,,,,owner,,Etobicoke-Lakeshore (3),22 Division,Humber Bay Shores,FALSE,FALSE,FALSE,FALSE,FALSE,FALSE,FALSE,FALSE,FALSE,FALSE,"{""coordinates"": [[-79.47859110002352, 43.62974433268974]], ""type"": ""MultiPoint""}"
678,2006:935742,2006-11-11T06:38:00,F G GARDINER XY W,GARDINER W LAKE SHORE W RAMP,,6,Fatal Injury,,No Control,Sideswipe,Clear,Dark,Wet,,FALSE,-79.4785911,43.62974433,1,Automobile or Station Wagon,West,1,47,Fatal,Lap and Shoulder Belt,Lost control,Unknown,,,Going Ahead,,,,,driver,52,Etobicoke-Lakeshore (3),22 Division,Humber Bay Shores,FALSE,FALSE,FALSE,FALSE,FALSE,FALSE,FALSE,FALSE,FALSE,FALSE,"{""coordinates"": [[-79.47859110002352, 43.62974433268974]], ""type"": ""MultiPoint""}"
679,2006:935742,2006-11-11T06:38:00,F G GARDINER XY W,GARDINER W LAKE SHORE W RAMP,,6,Fatal Injury,,No Control,Sideswipe,Clear,Dark,Wet,,FALSE,-79.4785911,43.62974433,3,Automobile or Station Wagon,West,6,61,Minor,Lap and Shoulder Belt,Driving properly,Normal,,,Going Ahead,,,,,driver,,Etobicoke-Lakeshore (3),22 Division,Humber Bay Shores,FALSE,FALSE,FALSE,FALSE,FALSE,FALSE,FALSE,FALSE,FALSE,FALSE,"{""coordinates"": [[-79.47859110002352, 43.62974433268974]], ""type"": ""MultiPoint""}"
680,2006:935742,2006-11-11T06:38:00,F G GARDINER XY W,GARDINER W LAKE SHORE W RAMP,,6,Fatal Injury,,No Control,Sideswipe,Clear,Dark,Wet,,FALSE,-79.4785911,43.62974433,2,,,2,26,None,Lap and Shoulder Belt,,,,,,,,,,passenger,,Etobicoke-Lakeshore (3),22 Division,Humber Bay Shores,FALSE,FALSE,FALSE,FALSE,FALSE,FALSE,FALSE,FALSE,FALSE,FALSE,"{""coordinates"": [[-79.47859110002352, 43.62974433268974]], ""type"": ""MultiPoint""}"
681,2006:935742,2006-11-11T06:38:00,F G GARDINER XY W,GARDINER W LAKE SHORE W RAMP,,6,Fatal Injury,,No Control,Sideswipe,Clear,Dark,Wet,,FALSE,-79.4785911,43.62974433,2,Automobile or Station Wagon,West,3,60,Minor,Lap and Shoulder Belt,Driving properly,Normal,,,Going Ahead,,,,,driver,,Etobicoke-Lakeshore (3),22 Division,Humber Bay Shores,FALSE,FALSE,FALSE,FALSE,FALSE,FALSE,FALSE,FALSE,FALSE,FALSE,"{""coordinates"": [[-79.47859110002352, 43.62974433268974]], ""type"": ""MultiPoint""}"
783,2006:944038,2006-12-24T08:50:00,MARKHAM RD,PAINTED POST DR,,3,Fatal Injury,At Intersection,Traffic Signal,Angle,Clear,Daylight,Dry,Major Arterial,FALSE,-79.22839046,43.76754397,1,Automobile or Station Wagon,North,2,29,Minor,Air Bag Deployed,Disobeyed traffic control,Normal,,,Going Ahead,,,,,driver,,Scarborough-Guildwood (24),43 Division,Woburn North,TRUE,FALSE,FALSE,FALSE,FALSE,FALSE,FALSE,TRUE,FALSE,FALSE,"{""coordinates"": [[-79.22839045612463, 43.76754397474643]], ""type"": ""MultiPoint""}"
784,2006:944038,2006-12-24T08:50:00,MARKHAM RD,PAINTED POST DR,,3,Fatal Injury,At Intersection,Traffic Signal,Angle,Clear,Daylight,Dry,Major Arterial,FALSE,-79.22839046,43.76754397,1,,,1,,,Other Safety Equipment Used,,,,,,,,,,owner,,Scarborough-Guildwood (24),43 Division,Woburn North,TRUE,FALSE,FALSE,FALSE,FALSE,FALSE,FALSE,TRUE,FALSE,FALSE,"{""coordinates"": [[-79.22839045612463, 43.76754397474643]], ""type"": ""MultiPoint""}"
785,2006:944038,2006-12-24T08:50:00,MARKHAM RD,PAINTED POST DR,,3,Fatal Injury,At Intersection,Traffic Signal,Angle,Clear,Daylight,Dry,Major Arterial,FALSE,-79.22839046,43.76754397,2,Automobile or Station Wagon,West,3,43,Fatal,Air Bag Deployed,Driving properly,Unknown,,,Going Ahead,,,,,driver,57,Scarborough-Guildwood (24),43 Division,Woburn North,TRUE,FALSE,FALSE,FALSE,FALSE,FALSE,FALSE,TRUE,FALSE,FALSE,"{""coordinates"": [[-79.22839045612463, 43.76754397474643]], ""type"": ""MultiPoint""}"
865,2007:951370,2007-02-05T05:23:00,CALEDONIA RD,CASTLEFIELD AVE,,6,Fatal Injury,At Intersection,Traffic Signal,Angle,Clear,Dark,Dry,Minor Arterial,FALSE,-79.46349095,43.69844428,2,,,4,23,Minor,Use Unknown,,,,,,,,,,passenger,,Eglinton-Lawrence (8),13 Division,Briar Hill-Belgravia,TRUE,FALSE,FALSE,FALSE,FALSE,FALSE,FALSE,TRUE,FALSE,FALSE,"{""coordinates"": [[-79.46349094993533, 43.69844428153216]], ""type"": ""MultiPoint""}"
866,2007:951370,2007-02-05T05:23:00,CALEDONIA RD,CASTLEFIELD AVE,,6,Fatal Injury,At Intersection,Traffic Signal,Angle,Clear,Dark,Dry,Minor Arterial,FALSE,-79.46349095,43.69844428,2,,,3,,,Other Safety Equipment Used,,,,,,,,,,owner,,Eglinton-Lawrence (8),13 Division,Briar Hill-Belgravia,TRUE,FALSE,FALSE,FALSE,FALSE,FALSE,FALSE,TRUE,FALSE,FALSE,"{""coordinates"": [[-79.46349094993533, 43.69844428153216]], ""type"": ""MultiPoint""}"
867,2007:951370,2007-02-05T05:23:00,CALEDONIA RD,CASTLEFIELD AVE,,6,Fatal Injury,At Intersection,Traffic Signal,Angle,Clear,Dark,Dry,Minor Arterial,FALSE,-79.46349095,43.69844428,2,Automobile or Station Wagon,North,5,23,Minor,Use Unknown,Disobeyed traffic control,Unknown,,,Going Ahead,,,,,driver,,Eglinton-Lawrence (8),13 Division,Briar Hill-Belgravia,TRUE,FALSE,FALSE,FALSE,FALSE,FALSE,FALSE,TRUE,FALSE,FALSE,"{""coordinates"": [[-79.46349094993533, 43.69844428153216]], ""type"": ""MultiPoint""}"
868,2007:951370,2007-02-05T05:23:00,CALEDONIA RD,CASTLEFIELD AVE,,6,Fatal Injury,At Intersection,Traffic Signal,Angle,Clear,Dark,Dry,Minor Arterial,FALSE,-79.46349095,43.69844428,1,,,1,49,Minor,Lap and Shoulder Belt,,,,,,,,,,passenger,,Eglinton-Lawrence (8),13 Division,Briar Hill-Belgravia,TRUE,FALSE,FALSE,FALSE,FALSE,FALSE,FALSE,TRUE,FALSE,FALSE,"{""coordinates"": [[-79.46349094993533, 43.69844428153216]], ""type"": ""MultiPoint""}"
869,2007:951370,2007-02-05T05:23:00,CALEDONIA RD,CASTLEFIELD AVE,,6,Fatal Injury,At Intersection,Traffic Signal,Angle,Clear,Dark,Dry,Minor Arterial,FALSE,-79.46349095,43.69844428,1,Automobile or Station Wagon,West,2,49,Fatal,Lap and Shoulder Belt,Driving properly,Normal,,,Going Ahead,,,,,driver,2,Eglinton-Lawrence (8),13 Division,Briar Hill-Belgravia,TRUE,FALSE,FALSE,FALSE,FALSE,FALSE,FALSE,TRUE,FALSE,FALSE,"{""coordinates"": [[-79.46349094993533, 43.69844428153216]], ""type"": ""MultiPoint""}"