_id,collision_id,accdate,stname1,stname2,stname3,per_inv,acclass,accloc,traffictl,impactype,visible,light,rdsfcond,road_class,failtorem,longitude,latitude,veh_no,vehtype,initdir,per_no,invage,injury,safequip,drivact,drivcond,pedact,pedcond,manoeuvre,pedtype,cyclistype,cycact,cyccond,road_user,fatal_no,wardname,division,neighbourhood,aggressive,distracted,cyclist,motorcyclist,other_micromobility,older_adult,pedestrian,red_light,school_child,heavy_truck,geometry
2205,2008:1062626,2008-10-03T23:27:00,F G GARDINER XY E,ELLIS AVE,,6,Fatal Injury,,No Control,Rear End,Clear,Dark,Dry,,FALSE,-79.46689306,43.63634331,1,Motorcycle,East,1,39,Fatal,Helmet,Exceeding speed limit,Had Been Drinking,,,Merging,,,,,motorcyclist,44,Parkdale-High Park (4),11 Division,South Parkdale,TRUE,FALSE,FALSE,TRUE,FALSE,FALSE,FALSE,FALSE,FALSE,TRUE,"{""coordinates"": [[-79.466893064943, 43.63634331204969]], ""type"": ""MultiPoint""}"
2206,2008:1062626,2008-10-03T23:27:00,F G GARDINER XY E,ELLIS AVE,,6,Fatal Injury,,No Control,Rear End,Clear,Dark,Dry,,FALSE,-79.46689306,43.63634331,3,Automobile or Station Wagon,East,5,31,None,Lap and Shoulder Belt,Driving properly,Normal,,,Going Ahead,,,,,driver,,Parkdale-High Park (4),11 Division,South Parkdale,TRUE,FALSE,FALSE,TRUE,FALSE,FALSE,FALSE,FALSE,FALSE,TRUE,"{""coordinates"": [[-79.466893064943, 43.63634331204969]], ""type"": ""MultiPoint""}"
2207,2008:1062626,2008-10-03T23:27:00,F G GARDINER XY E,ELLIS AVE,,6,Fatal Injury,,No Control,Rear End,Clear,Dark,Dry,,FALSE,-79.46689306,43.63634331,3,,,3,,,Other Safety Equipment Used,,,,,,,,,,other,,Parkdale-High Park (4),11 Division,South Parkdale,TRUE,FALSE,FALSE,TRUE,FALSE,FALSE,FALSE,FALSE,FALSE,TRUE,"{""coordinates"": [[-79.466893064943, 43.63634331204969]], ""type"": ""MultiPoint""}"
2208,2008:1062626,2008-10-03T23:27:00,F G GARDINER XY E,ELLIS AVE,,6,Fatal Injury,,No Control,Rear End,Clear,Dark,Dry,,FALSE,-79.46689306,43.63634331,3,,,4,32,None,Lap and Shoulder Belt,,,,,,,,,,passenger,,Parkdale-High Park (4),11 Division,South Parkdale,TRUE,FALSE,FALSE,TRUE,FALSE,FALSE,FALSE,FALSE,FALSE,TRUE,"{""coordinates"": [[-79.466893064943, 43.63634331204969]], ""type"": ""MultiPoint""}"
2209,2008:1062626,2008-10-03T23:27:00,F G GARDINER XY E,ELLIS AVE,,6,Fatal Injury,,No Control,Rear End,Clear,Dark,Dry,,FALSE,-79.46689306,43.63634331,2,Delivery Van,East,2,42,None,Lap and Shoulder Belt,Driving properly,Normal,,,Stopped,,,,,driver,,Parkdale-High Park (4),11 Division,South Parkdale,TRUE,FALSE,FALSE,TRUE,FALSE,FALSE,FALSE,FALSE,FALSE,TRUE,"{""coordinates"": [[-79.466893064943, 43.63634331204969]], ""type"": ""MultiPoint""}"
2225,2026:6001121140,2026-05-31T01:19:00,EGLINTON AVE W,OLD PARK RD,47.3 M E,2,Fatal Injury,Non-Intersection,,SMV Other,,,,,FALSE,-79.43102889,43.69982824,1,Automobile or Station Wagon,West,1,23,None,,Driving properly,Normal,,,,,,,,driver,,Eglinton-Lawrence (8),13 Division,Forest Hill North,FALSE,FALSE,FALSE,FALSE,FALSE,FALSE,TRUE,FALSE,FALSE,FALSE,"{""coordinates"": [[-79.43102888838425, 43.69982823660364]], ""type"": ""MultiPoint""}"
2231,2008:1065135,2008-10-18T13:15:00,BAYVIEW BLOOR S RAMP N,BLOOR RAMP,,5,Fatal Injury,,No Control,Approaching Head On,Clear,Daylight,Dry,,FALSE,-79.36889081,43.67824416,1,Automobile or Station Wagon,West,3,26,None,Other Safety Equipment Used,Driving properly,Normal,,,Going Ahead,,,,,driver,,University-Rosedale (11),53 Division,Rosedale-Moore Park,FALSE,FALSE,FALSE,TRUE,FALSE,FALSE,FALSE,FALSE,FALSE,FALSE,"{""coordinates"": [[-79.36889080729838, 43.67824415575484]], ""type"": ""MultiPoint""}"
2232,2008:1065135,2008-10-18T13:15:00,BAYVIEW BLOOR S RAMP N,BLOOR RAMP,,5,Fatal Injury,,No Control,Approaching Head On,Clear,Daylight,Dry,,FALSE,-79.36889081,43.67824416,2,Motorcycle,East,4,32,Fatal,Other Safety Equipment Used,Lost control,Unknown,,,Going Ahead,,,,,motorcyclist,45,University-Rosedale (11),53 Division,Rosedale-Moore Park,FALSE,FALSE,FALSE,TRUE,FALSE,FALSE,FALSE,FALSE,FALSE,FALSE,"{""coordinates"": [[-79.36889080729838, 43.67824415575484]], ""type"": ""MultiPoint""}"
2233,2008:1065135,2008-10-18T13:15:00,BAYVIEW BLOOR S RAMP N,BLOOR RAMP,,5,Fatal Injury,,No Control,Approaching Head On,Clear,Daylight,Dry,,FALSE,-79.36889081,43.67824416,3,Automobile or Station Wagon,West,5,24,None,Other Safety Equipment Used,Driving properly,Normal,,,Going Ahead,,,,,driver,,University-Rosedale (11),53 Division,Rosedale-Moore Park,FALSE,FALSE,FALSE,TRUE,FALSE,FALSE,FALSE,FALSE,FALSE,FALSE,"{""coordinates"": [[-79.36889080729838, 43.67824415575484]], ""type"": ""MultiPoint""}"
2234,2008:1065135,2008-10-18T13:15:00,BAYVIEW BLOOR S RAMP N,BLOOR RAMP,,5,Fatal Injury,,No Control,Approaching Head On,Clear,Daylight,Dry,,FALSE,-79.36889081,43.67824416,1,,,2,53,None,Other Safety Equipment Used,,,,,,,,,,passenger,,University-Rosedale (11),53 Division,Rosedale-Moore Park,FALSE,FALSE,FALSE,TRUE,FALSE,FALSE,FALSE,FALSE,FALSE,FALSE,"{""coordinates"": [[-79.36889080729838, 43.67824415575484]], ""type"": ""MultiPoint""}"
2235,2008:1065135,2008-10-18T13:15:00,BAYVIEW BLOOR S RAMP N,BLOOR RAMP,,5,Fatal Injury,,No Control,Approaching Head On,Clear,Daylight,Dry,,FALSE,-79.36889081,43.67824416,1,,,1,54,None,Other Safety Equipment Used,,,,,,,,,,passenger,,University-Rosedale (11),53 Division,Rosedale-Moore Park,FALSE,FALSE,FALSE,TRUE,FALSE,FALSE,FALSE,FALSE,FALSE,FALSE,"{""coordinates"": [[-79.36889080729838, 43.67824415575484]], ""type"": ""MultiPoint""}"
2238,2008:1065595,2008-10-21T05:45:00,HIGHWAY 27 Ramp S,27 S DIXON W RAMP,,2,Fatal Injury,,No Control,SMV Other,Clear,Dark,Dry,Major Arterial,FALSE,-79.58279114,43.69004443,1,,,1,,,Other Safety Equipment Used,,,,,,,,,,owner,,Etobicoke North (1),23 Division,West Humber-Clairville,TRUE,FALSE,FALSE,FALSE,FALSE,FALSE,FALSE,FALSE,FALSE,TRUE,"{""coordinates"": [[-79.58279113817069, 43.69004443306395]], ""type"": ""MultiPoint""}"
2239,2008:1065595,2008-10-21T05:45:00,HIGHWAY 27 Ramp S,27 S DIXON W RAMP,,2,Fatal Injury,,No Control,SMV Other,Clear,Dark,Dry,Major Arterial,FALSE,-79.58279114,43.69004443,1,Truck - Open (Flatbed),South,2,23,Fatal,Other Safety Equipment Used,Exceeding speed limit,Normal,,,Going Ahead,,,,,driver,47,Etobicoke North (1),23 Division,West Humber-Clairville,TRUE,FALSE,FALSE,FALSE,FALSE,FALSE,FALSE,FALSE,FALSE,TRUE,"{""coordinates"": [[-79.58279113817069, 43.69004443306395]], ""type"": ""MultiPoint""}"
2250,2008:1067364,2008-10-31T08:17:00,HIGHWAY 2A E,LAWSON RD,,2,Fatal Injury,,No Control,SMV Other,Clear,Daylight,Dry,,FALSE,-79.15869035,43.78864391,1,Automobile or Station Wagon,,1,,,Other Safety Equipment Used,,,,,,,,,,owner,,Scarborough-Rouge Park (25),43 Division,Centennial Scarborough,FALSE,FALSE,FALSE,FALSE,FALSE,FALSE,FALSE,FALSE,FALSE,FALSE,"{""coordinates"": [[-79.15869034662245, 43.78864391071459]], ""type"": ""MultiPoint""}"
2251,2008:1067364,2008-10-31T08:17:00,HIGHWAY 2A E,LAWSON RD,,2,Fatal Injury,,No Control,SMV Other,Clear,Daylight,Dry,,FALSE,-79.15869035,43.78864391,1,Automobile or Station Wagon,East,2,58,Fatal,Other Safety Equipment Used,Driving properly,Medical or Physical Disability,,,Going Ahead,,,,,driver,50,Scarborough-Rouge Park (25),43 Division,Centennial Scarborough,FALSE,FALSE,FALSE,FALSE,FALSE,FALSE,FALSE,FALSE,FALSE,FALSE,"{""coordinates"": [[-79.15869034662245, 43.78864391071459]], ""type"": ""MultiPoint""}"
2266,2008:1067883,2008-11-03T09:30:00,1491 LAKE SHORE BLVD W,,,3,Fatal Injury,,No Control,SMV Other,Clear,Daylight,Dry,Major Arterial,FALSE,-79.44399102,43.63644428,1,,,2,,,Other Safety Equipment Used,,,,,,,,,,owner,,Parkdale-High Park (4),14 Division,South Parkdale,FALSE,FALSE,FALSE,FALSE,FALSE,TRUE,FALSE,FALSE,FALSE,FALSE,"{""coordinates"": [[-79.44399101913362, 43.6364442773351]], ""type"": ""MultiPoint""}"
2267,2008:1067883,2008-11-03T09:30:00,1491 LAKE SHORE BLVD W,,,3,Fatal Injury,,No Control,SMV Other,Clear,Daylight,Dry,Major Arterial,FALSE,-79.44399102,43.63644428,1,Automobile or Station Wagon,East,3,40,Minor,Other Safety Equipment Used,Lost control,Unknown,,,Going Ahead,,,,,driver,,Parkdale-High Park (4),14 Division,South Parkdale,FALSE,FALSE,FALSE,FALSE,FALSE,TRUE,FALSE,FALSE,FALSE,FALSE,"{""coordinates"": [[-79.44399101913362, 43.6364442773351]], ""type"": ""MultiPoint""}"
2268,2008:1067883,2008-11-03T09:30:00,1491 LAKE SHORE BLVD W,,,3,Fatal Injury,,No Control,SMV Other,Clear,Daylight,Dry,Major Arterial,FALSE,-79.44399102,43.63644428,1,,,1,92,Fatal,Other Safety Equipment Used,,,,,,,,,,passenger,51,Parkdale-High Park (4),14 Division,South Parkdale,FALSE,FALSE,FALSE,FALSE,FALSE,TRUE,FALSE,FALSE,FALSE,FALSE,"{""coordinates"": [[-79.44399101913362, 43.6364442773351]], ""type"": ""MultiPoint""}"
2301,2023:3001288337,2023-06-06T07:31:00,MOUNT PLEASANT BLOOR RAMP,MOUNT PLEASANT RD,,2,Fatal Injury,Laneway,Stop Sign,Reversing,Clear,Daylight,Dry,Major Arterial Ramp,FALSE,-79.37952869,43.67235786,1,Tow Truck,West,2,29,None,,Failed to yield right-of-way,Other Condition,,,Merging,,,,,driver,,University-Rosedale (11),53 Division,Rosedale-Moore Park,TRUE,FALSE,FALSE,FALSE,FALSE,FALSE,TRUE,FALSE,FALSE,TRUE,"{""coordinates"": [[-79.37952869022418, 43.67235786228201]], ""type"": ""MultiPoint""}"
2318,2008:1075633,2008-12-13T21:01:00,SHEPPARD AVE E,MORNINGSIDE AVE,,3,Fatal Injury,,No Control,Turning Movement,Clear,Dark,Wet,Major Arterial,FALSE,-79.19869039,43.80224395,2,,,2,,,Other Safety Equipment Used,,,,,,,,,,owner,,Scarborough-Rouge Park (25),42 Division,Morningside Heights,FALSE,FALSE,FALSE,FALSE,FALSE,FALSE,FALSE,FALSE,FALSE,FALSE,"{""coordinates"": [[-79.19869039055565, 43.802243952816085]], ""type"": ""MultiPoint""}"
2319,2008:1075633,2008-12-13T21:01:00,SHEPPARD AVE E,MORNINGSIDE AVE,,3,Fatal Injury,,No Control,Turning Movement,Clear,Dark,Wet,Major Arterial,FALSE,-79.19869039,43.80224395,2,Automobile or Station Wagon,East,3,62,None,Lap and Shoulder Belt,Driving properly,Normal,,,Going Ahead,,,,,driver,,Scarborough-Rouge Park (25),42 Division,Morningside Heights,FALSE,FALSE,FALSE,FALSE,FALSE,FALSE,FALSE,FALSE,FALSE,FALSE,"{""coordinates"": [[-79.19869039055565, 43.802243952816085]], ""type"": ""MultiPoint""}"
2321,2008:1075633,2008-12-13T21:01:00,SHEPPARD AVE E,MORNINGSIDE AVE,,3,Fatal Injury,,No Control,Turning Movement,Clear,Dark,Wet,Major Arterial,FALSE,-79.19869039,43.80224395,1,Automobile or Station Wagon,West,1,34,Fatal,Equipment Not Used But Available,Improper turn,Unknown,,,Turning Left,,,,,driver,54,Scarborough-Rouge Park (25),42 Division,Morningside Heights,FALSE,FALSE,FALSE,FALSE,FALSE,FALSE,FALSE,FALSE,FALSE,FALSE,"{""coordinates"": [[-79.19869039055565, 43.802243952816085]], ""type"": ""MultiPoint""}"
2396,2009:1088989,2009-02-13T01:25:00,423 BRIMORTON DR,,,2,Fatal Injury,,No Control,SMV Other,Clear,Dark,Dry,Collector,FALSE,-79.23769047,43.76894398,1,,,1,22,Fatal,Other Safety Equipment Used,,,,,,,,,,passenger,4,Scarborough-Guildwood (24),43 Division,Woburn North,FALSE,FALSE,FALSE,FALSE,FALSE,FALSE,FALSE,FALSE,FALSE,FALSE,"{""coordinates"": [[-79.23769046784768, 43.76894398431936]], ""type"": ""MultiPoint""}"
2397,2009:1088989,2009-02-13T01:25:00,423 BRIMORTON DR,,,2,Fatal Injury,,No Control,SMV Other,Clear,Dark,Dry,Collector,FALSE,-79.23769047,43.76894398,1,Automobile or Station Wagon,West,2,22,Minor,Other Safety Equipment Used,Lost control,Ability Impaired - Alcohol,,,Going Ahead,,,,,driver,,Scarborough-Guildwood (24),43 Division,Woburn North,FALSE,FALSE,FALSE,FALSE,FALSE,FALSE,FALSE,FALSE,FALSE,FALSE,"{""coordinates"": [[-79.23769046784768, 43.76894398431936]], ""type"": ""MultiPoint""}"
2436,2009:1093141,2009-03-07T04:40:00,WILLIAM R ALLEN RD,TRANSIT RD,,2,Fatal Injury,At Intersection,Traffic Signal,SMV Other,Clear,Dark,Wet,Major Arterial,FALSE,-79.45429086,43.74184425,1,Automobile or Station Wagon,North,2,23,Fatal,Lap and Shoulder Belt,Lost control,Unknown,,,Going Ahead,,,,,driver,5,York Centre (6),32 Division,Clanton Park,FALSE,FALSE,FALSE,FALSE,FALSE,FALSE,FALSE,FALSE,FALSE,FALSE,"{""coordinates"": [[-79.45429085857938, 43.74184425213027]], ""type"": ""MultiPoint""}"
2437,2009:1093141,2009-03-07T04:40:00,WILLIAM R ALLEN RD,TRANSIT RD,,2,Fatal Injury,At Intersection,Traffic Signal,SMV Other,Clear,Dark,Wet,Major Arterial,FALSE,-79.45429086,43.74184425,1,,,1,,,Other Safety Equipment Used,,,,,,,,,,owner,,York Centre (6),32 Division,Clanton Park,FALSE,FALSE,FALSE,FALSE,FALSE,FALSE,FALSE,FALSE,FALSE,FALSE,"{""coordinates"": [[-79.45429085857938, 43.74184425213027]], ""type"": ""MultiPoint""}"
2447,2009:1093203,2009-03-08T03:50:00,HILL CRES,HEATHFIELD DR,,3,Fatal Injury,,No Control,SMV Other,Rain,Dark,Wet,Collector,FALSE,-79.21059046,43.73784395,2,,,2,23,Fatal,Other Safety Equipment Used,,,,,,,,,,passenger,6,Scarborough-Guildwood (24),43 Division,Scarborough Village,TRUE,FALSE,FALSE,FALSE,FALSE,FALSE,FALSE,FALSE,FALSE,FALSE,"{""coordinates"": [[-79.21059045711678, 43.73784395100717]], ""type"": ""MultiPoint""}"
2448,2009:1093203,2009-03-08T03:50:00,HILL CRES,HEATHFIELD DR,,3,Fatal Injury,,No Control,SMV Other,Rain,Dark,Wet,Collector,FALSE,-79.21059046,43.73784395,2,Automobile or Station Wagon,East,3,22,Major,Other Safety Equipment Used,Exceeding speed limit,Ability Impaired - Alcohol Over .08,,,Going Ahead,,,,,driver,,Scarborough-Guildwood (24),43 Division,Scarborough Village,TRUE,FALSE,FALSE,FALSE,FALSE,FALSE,FALSE,FALSE,FALSE,FALSE,"{""coordinates"": [[-79.21059045711678, 43.73784395100717]], ""type"": ""MultiPoint""}"
2449,2009:1093203,2009-03-08T03:50:00,HILL CRES,HEATHFIELD DR,,3,Fatal Injury,,No Control,SMV Other,Rain,Dark,Wet,Collector,FALSE,-79.21059046,43.73784395,1,,North,1,,None,Other Safety Equipment Used,,,,,Parked,,,,,other,,Scarborough-Guildwood (24),43 Division,Scarborough Village,TRUE,FALSE,FALSE,FALSE,FALSE,FALSE,FALSE,FALSE,FALSE,FALSE,"{""coordinates"": [[-79.21059045711678, 43.73784395100717]], ""type"": ""MultiPoint""}"
2521,2009:1102324,2009-05-01T12:36:00,ST CLAIR AVE W,ORIOLE RD,,8,Fatal Injury,,No Control,SMV Unattended Vehicle,Clear,Daylight,Dry,Major Arterial,FALSE,-79.39979085,43.6869442,2,Automobile or Station Wagon,East,4,39,Minor,Lap and Shoulder Belt,Lost control,Unknown,,,Going Ahead,,,,,driver,,Toronto-St. Paul's (12),53 Division,Yonge-St.Clair,FALSE,FALSE,FALSE,FALSE,FALSE,TRUE,FALSE,FALSE,FALSE,FALSE,"{""coordinates"": [[-79.39979085171856, 43.68694419726818]], ""type"": ""MultiPoint""}"
2522,2009:1102324,2009-05-01T12:36:00,ST CLAIR AVE W,ORIOLE RD,,8,Fatal Injury,,No Control,SMV Unattended Vehicle,Clear,Daylight,Dry,Major Arterial,FALSE,-79.39979085,43.6869442,4,,East,7,,None,Other Safety Equipment Used,,,,,Parked,,,,,other,,Toronto-St. Paul's (12),53 Division,Yonge-St.Clair,FALSE,FALSE,FALSE,FALSE,FALSE,TRUE,FALSE,FALSE,FALSE,FALSE,"{""coordinates"": [[-79.39979085171856, 43.68694419726818]], ""type"": ""MultiPoint""}"
2523,2009:1102324,2009-05-01T12:36:00,ST CLAIR AVE W,ORIOLE RD,,8,Fatal Injury,,No Control,SMV Unattended Vehicle,Clear,Daylight,Dry,Major Arterial,FALSE,-79.39979085,43.6869442,5,,East,8,,None,Other Safety Equipment Used,,,,,Parked,,,,,other,,Toronto-St. Paul's (12),53 Division,Yonge-St.Clair,FALSE,FALSE,FALSE,FALSE,FALSE,TRUE,FALSE,FALSE,FALSE,FALSE,"{""coordinates"": [[-79.39979085171856, 43.68694419726818]], ""type"": ""MultiPoint""}"
2525,2009:1102324,2009-05-01T12:36:00,ST CLAIR AVE W,ORIOLE RD,,8,Fatal Injury,,No Control,SMV Unattended Vehicle,Clear,Daylight,Dry,Major Arterial,FALSE,-79.39979085,43.6869442,3,,East,6,,None,Other Safety Equipment Used,,,,,Parked,,,,,other,,Toronto-St. Paul's (12),53 Division,Yonge-St.Clair,FALSE,FALSE,FALSE,FALSE,FALSE,TRUE,FALSE,FALSE,FALSE,FALSE,"{""coordinates"": [[-79.39979085171856, 43.68694419726818]], ""type"": ""MultiPoint""}"
2526,2009:1102324,2009-05-01T12:36:00,ST CLAIR AVE W,ORIOLE RD,,8,Fatal Injury,,No Control,SMV Unattended Vehicle,Clear,Daylight,Dry,Major Arterial,FALSE,-79.39979085,43.6869442,2,,,5,91,Fatal,Lap Belt Only,,,,,,,,,,passenger,14,Toronto-St. Paul's (12),53 Division,Yonge-St.Clair,FALSE,FALSE,FALSE,FALSE,FALSE,TRUE,FALSE,FALSE,FALSE,FALSE,"{""coordinates"": [[-79.39979085171856, 43.68694419726818]], ""type"": ""MultiPoint""}"
2527,2009:1102324,2009-05-01T12:36:00,ST CLAIR AVE W,ORIOLE RD,,8,Fatal Injury,,No Control,SMV Unattended Vehicle,Clear,Daylight,Dry,Major Arterial,FALSE,-79.39979085,43.6869442,2,,,3,34,Minor,Lap Belt Only,,,,,,,,,,passenger,,Toronto-St. Paul's (12),53 Division,Yonge-St.Clair,FALSE,FALSE,FALSE,FALSE,FALSE,TRUE,FALSE,FALSE,FALSE,FALSE,"{""coordinates"": [[-79.39979085171856, 43.68694419726818]], ""type"": ""MultiPoint""}"
2528,2009:1102324,2009-05-01T12:36:00,ST CLAIR AVE W,ORIOLE RD,,8,Fatal Injury,,No Control,SMV Unattended Vehicle,Clear,Daylight,Dry,Major Arterial,FALSE,-79.39979085,43.6869442,2,,,2,80,Minor,Lap and Shoulder Belt,,,,,,,,,,passenger,,Toronto-St. Paul's (12),53 Division,Yonge-St.Clair,FALSE,FALSE,FALSE,FALSE,FALSE,TRUE,FALSE,FALSE,FALSE,FALSE,"{""coordinates"": [[-79.39979085171856, 43.68694419726818]], ""type"": ""MultiPoint""}"
2529,2009:1102324,2009-05-01T12:36:00,ST CLAIR AVE W,ORIOLE RD,,8,Fatal Injury,,No Control,SMV Unattended Vehicle,Clear,Daylight,Dry,Major Arterial,FALSE,-79.39979085,43.6869442,1,,East,1,,None,Other Safety Equipment Used,,,,,Parked,,,,,other,,Toronto-St. Paul's (12),53 Division,Yonge-St.Clair,FALSE,FALSE,FALSE,FALSE,FALSE,TRUE,FALSE,FALSE,FALSE,FALSE,"{""coordinates"": [[-79.39979085171856, 43.68694419726818]], ""type"": ""MultiPoint""}"
2614,2009:1108193,2009-06-05T15:47:00,FINCH AVE W,HALESIA DR,,2,Fatal Injury,At Intersection,Traffic Signal,Turning Movement,Clear,Daylight,Dry,Major Arterial,FALSE,-79.60669109,43.73374443,1,Motorcycle,East,1,38,Fatal,Other Safety Equipment Used,Lost control,Unknown,,,Slowing or Stopping,,,,,motorcyclist,15,Etobicoke North (1),23 Division,West Humber-Clairville,TRUE,TRUE,FALSE,TRUE,FALSE,FALSE,FALSE,FALSE,FALSE,FALSE,"{""coordinates"": [[-79.60669108604907, 43.73374443412452]], ""type"": ""MultiPoint""}"
2615,2009:1108193,2009-06-05T15:47:00,FINCH AVE W,HALESIA DR,,2,Fatal Injury,At Intersection,Traffic Signal,Turning Movement,Clear,Daylight,Dry,Major Arterial,FALSE,-79.60669109,43.73374443,2,Automobile or Station Wagon,West,2,36,None,Other Safety Equipment Used,Failed to yield right-of-way,Inattentive,,,Turning Left,,,,,driver,,Etobicoke North (1),23 Division,West Humber-Clairville,TRUE,TRUE,FALSE,TRUE,FALSE,FALSE,FALSE,FALSE,FALSE,FALSE,"{""coordinates"": [[-79.60669108604907, 43.73374443412452]], ""type"": ""MultiPoint""}"
2669,2009:1112683,2009-07-06T20:30:00,DON VALLEY PARKWAY N,ST DENNIS DR,,4,Fatal Injury,,No Control,SMV Other,Clear,Daylight,Dry,,FALSE,-79.32799067,43.71874409,1,Automobile or Station Wagon,North,4,21,Fatal,Lap and Shoulder Belt,Exceeding speed limit,Unknown,,,Changing Lanes,,,,,driver,19,Don Valley East (16),55 Division,Flemingdon Park,TRUE,FALSE,FALSE,FALSE,FALSE,FALSE,FALSE,FALSE,FALSE,FALSE,"{""coordinates"": [[-79.32799067460724, 43.71874409402113]], ""type"": ""MultiPoint""}"
2670,2009:1112683,2009-07-06T20:30:00,DON VALLEY PARKWAY N,ST DENNIS DR,,4,Fatal Injury,,No Control,SMV Other,Clear,Daylight,Dry,,FALSE,-79.32799067,43.71874409,1,,,3,,,Other Safety Equipment Used,,,,,,,,,,owner,,Don Valley East (16),55 Division,Flemingdon Park,TRUE,FALSE,FALSE,FALSE,FALSE,FALSE,FALSE,FALSE,FALSE,FALSE,"{""coordinates"": [[-79.32799067460724, 43.71874409402113]], ""type"": ""MultiPoint""}"
2671,2009:1112683,2009-07-06T20:30:00,DON VALLEY PARKWAY N,ST DENNIS DR,,4,Fatal Injury,,No Control,SMV Other,Clear,Daylight,Dry,,FALSE,-79.32799067,43.71874409,1,,,2,20,Fatal,Equipment Not Used But Available,,,,,,,,,,passenger,18,Don Valley East (16),55 Division,Flemingdon Park,TRUE,FALSE,FALSE,FALSE,FALSE,FALSE,FALSE,FALSE,FALSE,FALSE,"{""coordinates"": [[-79.32799067460724, 43.71874409402113]], ""type"": ""MultiPoint""}"
2672,2009:1112683,2009-07-06T20:30:00,DON VALLEY PARKWAY N,ST DENNIS DR,,4,Fatal Injury,,No Control,SMV Other,Clear,Daylight,Dry,,FALSE,-79.32799067,43.71874409,1,,,1,21,Minor,Equipment Not Used But Available,,,,,,,,,,passenger,,Don Valley East (16),55 Division,Flemingdon Park,TRUE,FALSE,FALSE,FALSE,FALSE,FALSE,FALSE,FALSE,FALSE,FALSE,"{""coordinates"": [[-79.32799067460724, 43.71874409402113]], ""type"": ""MultiPoint""}"
2770,2009:1130411,2009-09-19T14:18:00,ELLESMERE RD,DEWEY DR,,2,Fatal Injury,At Intersection,Stop Sign,Turning Movement,Clear,Daylight,Dry,Major Arterial,FALSE,-79.30449058,43.76034406,2,Automobile or Station Wagon,North,2,88,Fatal,Other Safety Equipment Used,Failed to yield right-of-way,Inattentive,,,Turning Left,,,,,driver,28,Scarborough Centre (21),41 Division,Wexford/Maryvale,TRUE,TRUE,FALSE,FALSE,FALSE,TRUE,FALSE,FALSE,FALSE,FALSE,"{""coordinates"": [[-79.30449058254624, 43.76034406243932]], ""type"": ""MultiPoint""}"
2771,2009:1130411,2009-09-19T14:18:00,ELLESMERE RD,DEWEY DR,,2,Fatal Injury,At Intersection,Stop Sign,Turning Movement,Clear,Daylight,Dry,Major Arterial,FALSE,-79.30449058,43.76034406,1,Automobile or Station Wagon,East,1,33,None,Other Safety Equipment Used,Driving properly,Normal,,,Going Ahead,,,,,driver,,Scarborough Centre (21),41 Division,Wexford/Maryvale,TRUE,TRUE,FALSE,FALSE,FALSE,TRUE,FALSE,FALSE,FALSE,FALSE,"{""coordinates"": [[-79.30449058254624, 43.76034406243932]], ""type"": ""MultiPoint""}"
2836,2009:1130393,2009-10-13T06:56:00,KENNEDY RD,ELLESMERE RD,,4,Fatal Injury,,Traffic Signal,SMV Other,Rain,Dawn,Wet,Major Arterial,FALSE,-79.28109054,43.76574403,2,Automobile or Station Wagon,South,3,27,Major,Equipment Not Used But Available,Lost control,Unknown,,,Going Ahead,,,,,driver,,Scarborough Centre (21),41 Division,Dorset Park,FALSE,FALSE,FALSE,FALSE,FALSE,FALSE,FALSE,FALSE,FALSE,FALSE,"{""coordinates"": [[-79.28109053887839, 43.76574403417697]], ""type"": ""MultiPoint""}"
2837,2009:1130393,2009-10-13T06:56:00,KENNEDY RD,ELLESMERE RD,,4,Fatal Injury,,Traffic Signal,SMV Other,Rain,Dawn,Wet,Major Arterial,FALSE,-79.28109054,43.76574403,3,,,4,,,Other Safety Equipment Used,,,,,,,,,,owner,,Scarborough Centre (21),41 Division,Dorset Park,FALSE,FALSE,FALSE,FALSE,FALSE,FALSE,FALSE,FALSE,FALSE,FALSE,"{""coordinates"": [[-79.28109053887839, 43.76574403417697]], ""type"": ""MultiPoint""}"
2838,2009:1130393,2009-10-13T06:56:00,KENNEDY RD,ELLESMERE RD,,4,Fatal Injury,,Traffic Signal,SMV Other,Rain,Dawn,Wet,Major Arterial,FALSE,-79.28109054,43.76574403,1,,,2,,,Other Safety Equipment Used,,,,,,,,,,owner,,Scarborough Centre (21),41 Division,Dorset Park,FALSE,FALSE,FALSE,FALSE,FALSE,FALSE,FALSE,FALSE,FALSE,FALSE,"{""coordinates"": [[-79.28109053887839, 43.76574403417697]], ""type"": ""MultiPoint""}"
2839,2009:1130393,2009-10-13T06:56:00,KENNEDY RD,ELLESMERE RD,,4,Fatal Injury,,Traffic Signal,SMV Other,Rain,Dawn,Wet,Major Arterial,FALSE,-79.28109054,43.76574403,1,,,1,39,Fatal,Equipment Not Used But Available,,,,,,,,,,passenger,29,Scarborough Centre (21),41 Division,Dorset Park,FALSE,FALSE,FALSE,FALSE,FALSE,FALSE,FALSE,FALSE,FALSE,FALSE,"{""coordinates"": [[-79.28109053887839, 43.76574403417697]], ""type"": ""MultiPoint""}"
2842,2009:1131264,2009-10-17T23:52:00,FINCH AVE W,TOBERMORY DR,,6,Fatal Injury,At Intersection,Traffic Signal,Turning Movement,Clear,Dark,Dry,Major Arterial,FALSE,-79.50789092,43.75924431,1,,,4,24,Fatal,Other Safety Equipment Used,,,,,,,,,,passenger,32,Humber River-Black Creek (7),31 Division,Glenfield-Jane Heights,TRUE,FALSE,FALSE,FALSE,FALSE,FALSE,FALSE,FALSE,FALSE,FALSE,"{""coordinates"": [[-79.50789091976134, 43.75924431236672]], ""type"": ""MultiPoint""}"
2843,2009:1131264,2009-10-17T23:52:00,FINCH AVE W,TOBERMORY DR,,6,Fatal Injury,At Intersection,Traffic Signal,Turning Movement,Clear,Dark,Dry,Major Arterial,FALSE,-79.50789092,43.75924431,1,,,3,44,Fatal,Other Safety Equipment Used,,,,,,,,,,passenger,33,Humber River-Black Creek (7),31 Division,Glenfield-Jane Heights,TRUE,FALSE,FALSE,FALSE,FALSE,FALSE,FALSE,FALSE,FALSE,FALSE,"{""coordinates"": [[-79.50789091976134, 43.75924431236672]], ""type"": ""MultiPoint""}"
2844,2009:1131264,2009-10-17T23:52:00,FINCH AVE W,TOBERMORY DR,,6,Fatal Injury,At Intersection,Traffic Signal,Turning Movement,Clear,Dark,Dry,Major Arterial,FALSE,-79.50789092,43.75924431,1,,,2,36,Major,Other Safety Equipment Used,,,,,,,,,,passenger,,Humber River-Black Creek (7),31 Division,Glenfield-Jane Heights,TRUE,FALSE,FALSE,FALSE,FALSE,FALSE,FALSE,FALSE,FALSE,FALSE,"{""coordinates"": [[-79.50789091976134, 43.75924431236672]], ""type"": ""MultiPoint""}"