_id,collision_id,accdate,stname1,stname2,stname3,per_inv,acclass,accloc,traffictl,impactype,visible,light,rdsfcond,road_class,failtorem,longitude,latitude,veh_no,vehtype,initdir,per_no,invage,injury,safequip,drivact,drivcond,pedact,pedcond,manoeuvre,pedtype,cyclistype,cycact,cyccond,road_user,fatal_no,wardname,division,neighbourhood,aggressive,distracted,cyclist,motorcyclist,other_micromobility,older_adult,pedestrian,red_light,school_child,heavy_truck,geometry
7865,2026:6001081218,2026-05-26T00:21:00,550 BAYVIEW AVE,,,2,Fatal Injury,Non-Intersection,,Other,,,,,FALSE,-79.36272079,43.68495915,2,Automobile or Station Wagon,North,2,32,,,,,,,,,,,,driver,,University-Rosedale (11),53 Division,Leaside-Bennington,FALSE,FALSE,FALSE,TRUE,FALSE,FALSE,FALSE,FALSE,FALSE,FALSE,"{""coordinates"": [[-79.362720785819, 43.684959145843266]], ""type"": ""MultiPoint""}"
7870,2019:9001093937,2019-06-13T19:34:00,SHEPPARD AVE E,FAIRVIEW MALL DR,,3,Fatal Injury,At Intersection,Traffic Signal,Turning Movement,Clear,Daylight,Wet,Major Arterial,FALSE,-79.34112963,43.77614011,1,Automobile or Station Wagon,East,2,83,Fatal,,Lost control,Medical or Physical Disability,,,Going Ahead,,,,,driver,22,Don Valley North (17),33 Division,Henry Farm,FALSE,FALSE,FALSE,FALSE,FALSE,TRUE,FALSE,FALSE,FALSE,FALSE,"{""coordinates"": [[-79.34112962826812, 43.77614010773459]], ""type"": ""MultiPoint""}"
7871,2019:9001093937,2019-06-13T19:34:00,SHEPPARD AVE E,FAIRVIEW MALL DR,,3,Fatal Injury,At Intersection,Traffic Signal,Turning Movement,Clear,Daylight,Wet,Major Arterial,FALSE,-79.34112963,43.77614011,2,Automobile or Station Wagon,East,3,26,Minimal,,Driving properly,Normal,,,Turning Left,,,,,driver,,Don Valley North (17),33 Division,Henry Farm,FALSE,FALSE,FALSE,FALSE,FALSE,TRUE,FALSE,FALSE,FALSE,FALSE,"{""coordinates"": [[-79.34112962826812, 43.77614010773459]], ""type"": ""MultiPoint""}"
7872,2019:9001093937,2019-06-13T19:34:00,SHEPPARD AVE E,FAIRVIEW MALL DR,,3,Fatal Injury,At Intersection,Traffic Signal,Turning Movement,Clear,Daylight,Wet,Major Arterial,FALSE,-79.34112963,43.77614011,2,Automobile or Station Wagon,,1,29,Minimal,,,,,,,,,,,passenger,,Don Valley North (17),33 Division,Henry Farm,FALSE,FALSE,FALSE,FALSE,FALSE,TRUE,FALSE,FALSE,FALSE,FALSE,"{""coordinates"": [[-79.34112962826812, 43.77614010773459]], ""type"": ""MultiPoint""}"
7873,2019:9001127498,2019-06-18T12:00:00,THE QUEENSWAY,NORTH QUEEN ST,,3,Fatal Injury,At Intersection,Traffic Signal,Turning Movement,Clear,Daylight,Dry,Major Arterial,FALSE,-79.55611125,43.61414544,2,Automobile or Station Wagon,,3,16,None,,,,,,,,,,,passenger,,Etobicoke-Lakeshore (3),22 Division,Etobicoke City Centre,TRUE,FALSE,FALSE,TRUE,FALSE,TRUE,FALSE,FALSE,TRUE,FALSE,"{""coordinates"": [[-79.55611124581169, 43.61414544414305]], ""type"": ""MultiPoint""}"
7874,2019:9001127498,2019-06-18T12:00:00,THE QUEENSWAY,NORTH QUEEN ST,,3,Fatal Injury,At Intersection,Traffic Signal,Turning Movement,Clear,Daylight,Dry,Major Arterial,FALSE,-79.55611125,43.61414544,1,Motorcycle,West,1,76,Fatal,,Driving properly,Normal,,,Going Ahead,,,,,motorcyclist,21,Etobicoke-Lakeshore (3),22 Division,Etobicoke City Centre,TRUE,FALSE,FALSE,TRUE,FALSE,TRUE,FALSE,FALSE,TRUE,FALSE,"{""coordinates"": [[-79.55611124581169, 43.61414544414305]], ""type"": ""MultiPoint""}"
7875,2019:9001127498,2019-06-18T12:00:00,THE QUEENSWAY,NORTH QUEEN ST,,3,Fatal Injury,At Intersection,Traffic Signal,Turning Movement,Clear,Daylight,Dry,Major Arterial,FALSE,-79.55611125,43.61414544,2,Automobile or Station Wagon,East,2,19,None,,Failed to yield right-of-way,Normal,,,Turning Left,,,,,driver,,Etobicoke-Lakeshore (3),22 Division,Etobicoke City Centre,TRUE,FALSE,FALSE,TRUE,FALSE,TRUE,FALSE,FALSE,TRUE,FALSE,"{""coordinates"": [[-79.55611124581169, 43.61414544414305]], ""type"": ""MultiPoint""}"
7882,2019:9001160017,2019-06-22T19:09:00,LAWRENCE AVE E,SCARBOROUGH GOLF CLUB RD,3 metres east,5,Fatal Injury,At Intersection,Traffic Signal,Angle,Clear,Daylight,Dry,Major Arterial,TRUE,-79.21580144,43.76177796,,Automobile or Station Wagon,,3,14,Minor,,,,,,,,,,,passenger,,Scarborough-Guildwood (24),43 Division,Golfdale-Cedarbrae-Woburn,TRUE,FALSE,FALSE,FALSE,FALSE,TRUE,FALSE,TRUE,TRUE,FALSE,"{""coordinates"": [[-79.21580144304919, 43.761777960943775]], ""type"": ""MultiPoint""}"
7883,2019:9001160017,2019-06-22T19:09:00,LAWRENCE AVE E,SCARBOROUGH GOLF CLUB RD,3 metres east,5,Fatal Injury,At Intersection,Traffic Signal,Angle,Clear,Daylight,Dry,Major Arterial,TRUE,-79.21580144,43.76177796,1,,,4,74,Minor,,,,,,,,,,,passenger,,Scarborough-Guildwood (24),43 Division,Golfdale-Cedarbrae-Woburn,TRUE,FALSE,FALSE,FALSE,FALSE,TRUE,FALSE,TRUE,TRUE,FALSE,"{""coordinates"": [[-79.21580144304919, 43.761777960943775]], ""type"": ""MultiPoint""}"
7884,2019:9001160017,2019-06-22T19:09:00,LAWRENCE AVE E,SCARBOROUGH GOLF CLUB RD,3 metres east,5,Fatal Injury,At Intersection,Traffic Signal,Angle,Clear,Daylight,Dry,Major Arterial,TRUE,-79.21580144,43.76177796,,Automobile or Station Wagon,,2,22,Minor,,,,,,,,,,,passenger,,Scarborough-Guildwood (24),43 Division,Golfdale-Cedarbrae-Woburn,TRUE,FALSE,FALSE,FALSE,FALSE,TRUE,FALSE,TRUE,TRUE,FALSE,"{""coordinates"": [[-79.21580144304919, 43.761777960943775]], ""type"": ""MultiPoint""}"
7885,2019:9001160017,2019-06-22T19:09:00,LAWRENCE AVE E,SCARBOROUGH GOLF CLUB RD,3 metres east,5,Fatal Injury,At Intersection,Traffic Signal,Angle,Clear,Daylight,Dry,Major Arterial,TRUE,-79.21580144,43.76177796,,Automobile or Station Wagon,South,1,77,Fatal,,Driving properly,Normal,,,Going Ahead,,,,,driver,24,Scarborough-Guildwood (24),43 Division,Golfdale-Cedarbrae-Woburn,TRUE,FALSE,FALSE,FALSE,FALSE,TRUE,FALSE,TRUE,TRUE,FALSE,"{""coordinates"": [[-79.21580144304919, 43.761777960943775]], ""type"": ""MultiPoint""}"
7886,2019:9001160017,2019-06-22T19:09:00,LAWRENCE AVE E,SCARBOROUGH GOLF CLUB RD,3 metres east,5,Fatal Injury,At Intersection,Traffic Signal,Angle,Clear,Daylight,Dry,Major Arterial,TRUE,-79.21580144,43.76177796,,Automobile or Station Wagon,West,5,22,None,,Disobeyed traffic control,Unknown,,,Going Ahead,,,,,driver,,Scarborough-Guildwood (24),43 Division,Golfdale-Cedarbrae-Woburn,TRUE,FALSE,FALSE,FALSE,FALSE,TRUE,FALSE,TRUE,TRUE,FALSE,"{""coordinates"": [[-79.21580144304919, 43.761777960943775]], ""type"": ""MultiPoint""}"
7914,2019:9001351159,2019-07-18T22:40:00,DUNDAS ST W,DONNYBROOK LANE,,2,Fatal Injury,Intersection-Related,No Control,Turning Movement,Clear,Dark with Artificial Lighting,Dry,Major Arterial,FALSE,-79.52464713,43.65316238,1,Motorcycle,East,1,26,Fatal,,Driving properly,Normal,,,Going Ahead,,,,,motorcyclist,28,Etobicoke Centre (2),22 Division,Kingsway South,TRUE,FALSE,FALSE,TRUE,FALSE,FALSE,FALSE,FALSE,FALSE,FALSE,"{""coordinates"": [[-79.52464713199399, 43.65316238394248]], ""type"": ""MultiPoint""}"
7915,2019:9001351159,2019-07-18T22:40:00,DUNDAS ST W,DONNYBROOK LANE,,2,Fatal Injury,Intersection-Related,No Control,Turning Movement,Clear,Dark with Artificial Lighting,Dry,Major Arterial,FALSE,-79.52464713,43.65316238,2,Automobile or Station Wagon,West,2,57,None,,Failed to yield right-of-way,Normal,,,Turning Left,,,,,driver,,Etobicoke Centre (2),22 Division,Kingsway South,TRUE,FALSE,FALSE,TRUE,FALSE,FALSE,FALSE,FALSE,FALSE,FALSE,"{""coordinates"": [[-79.52464713199399, 43.65316238394248]], ""type"": ""MultiPoint""}"
7950,2019:9001460001,2019-08-02T22:37:00,ISLINGTON AVE,BEAUMONDE HEIGHTS DR,,2,Fatal Injury,At Intersection,Traffic Signal,Turning Movement,Clear,Dark,Dry,Major Arterial,FALSE,-79.56770026,43.74239592,2,Passenger Van,North,2,68,None,,Failed to yield right-of-way,Unknown,,,Turning Left,,,,,driver,,Etobicoke North (1),23 Division,Thistletown-Beaumond Heights,TRUE,FALSE,FALSE,TRUE,FALSE,TRUE,FALSE,FALSE,FALSE,FALSE,"{""coordinates"": [[-79.56770026139392, 43.74239591731368]], ""type"": ""MultiPoint""}"
7951,2019:9001460001,2019-08-02T22:37:00,ISLINGTON AVE,BEAUMONDE HEIGHTS DR,,2,Fatal Injury,At Intersection,Traffic Signal,Turning Movement,Clear,Dark,Dry,Major Arterial,FALSE,-79.56770026,43.74239592,1,Motorcycle,South,1,29,Fatal,,Driving properly,Unknown,,,Going Ahead,,,,,motorcyclist,30,Etobicoke North (1),23 Division,Thistletown-Beaumond Heights,TRUE,FALSE,FALSE,TRUE,FALSE,TRUE,FALSE,FALSE,FALSE,FALSE,"{""coordinates"": [[-79.56770026139392, 43.74239591731368]], ""type"": ""MultiPoint""}"
7952,2019:9001462666,2019-08-03T09:17:00,WARDEN AVE,SYLLA AVE,,1,Fatal Injury,At Intersection,No Control,SMV Other,Clear,Daylight,Dry,Major Arterial,FALSE,-79.3013958,43.76379604,1,Automobile or Station Wagon,North,1,58,Fatal,,Lost control,Unknown,,,Going Ahead,,,,,driver,31,Scarborough Centre (21),41 Division,Wexford/Maryvale,FALSE,FALSE,FALSE,FALSE,FALSE,FALSE,FALSE,FALSE,FALSE,FALSE,"{""coordinates"": [[-79.30139579888252, 43.76379604248084]], ""type"": ""MultiPoint""}"
7962,2019:9001478007,2019-08-05T16:45:00,STEELES AVE E,BLUFFWOOD DR,,2,Fatal Injury,At Intersection,Traffic Signal,Turning Movement,Clear,Daylight,Dry,Major Arterial,FALSE,-79.37605713,43.80763845,2,Automobile or Station Wagon,East,2,44,Minimal,,Failed to yield right-of-way,Normal,,,Turning Left,,,,,driver,,Don Valley North (17),33 Division,Bayview Woods-Steeles,TRUE,FALSE,FALSE,TRUE,FALSE,FALSE,FALSE,FALSE,FALSE,FALSE,"{""coordinates"": [[-79.37605713228113, 43.807638447594314]], ""type"": ""MultiPoint""}"
7963,2019:9001478007,2019-08-05T16:45:00,STEELES AVE E,BLUFFWOOD DR,,2,Fatal Injury,At Intersection,Traffic Signal,Turning Movement,Clear,Daylight,Dry,Major Arterial,FALSE,-79.37605713,43.80763845,1,Motorcycle,West,1,29,Fatal,,Exceeding speed limit,Unknown,,,Going Ahead,,,,,motorcyclist,32,Don Valley North (17),33 Division,Bayview Woods-Steeles,TRUE,FALSE,FALSE,TRUE,FALSE,FALSE,FALSE,FALSE,FALSE,FALSE,"{""coordinates"": [[-79.37605713228113, 43.807638447594314]], ""type"": ""MultiPoint""}"
7972,2019:9001534741,2019-08-13T13:29:00,STEELES AVE E,MCCOWAN RD,,2,Fatal Injury,At Intersection,Traffic Signal,Turning Movement,Clear,Daylight,Dry,Major Arterial,FALSE,-79.27515821,43.83097284,1,Motorcycle,East,1,42,Fatal,,Driving properly,Normal,,,Going Ahead,,,,,motorcyclist,34,Scarborough North (23),42 Division,Milliken,TRUE,TRUE,FALSE,TRUE,FALSE,FALSE,FALSE,FALSE,FALSE,FALSE,"{""coordinates"": [[-79.2751582103902, 43.8309728371189]], ""type"": ""MultiPoint""}"
7973,2019:9001534741,2019-08-13T13:29:00,STEELES AVE E,MCCOWAN RD,,2,Fatal Injury,At Intersection,Traffic Signal,Turning Movement,Clear,Daylight,Dry,Major Arterial,FALSE,-79.27515821,43.83097284,2,Automobile or Station Wagon,West,2,39,None,,Failed to yield right-of-way,Inattentive,,,Turning Left,,,,,driver,,Scarborough North (23),42 Division,Milliken,TRUE,TRUE,FALSE,TRUE,FALSE,FALSE,FALSE,FALSE,FALSE,FALSE,"{""coordinates"": [[-79.2751582103902, 43.8309728371189]], ""type"": ""MultiPoint""}"
8002,2019:9001711653,2019-09-07T00:17:00,LAWRENCE AVE E,UNDERHILL DR,,2,Fatal Injury,At Intersection,Traffic Signal,Turning Movement,Clear,Dark,Dry,Major Arterial,FALSE,-79.32466552,43.74071715,,Motorcycle,West,1,20,Fatal,,Speed too fast for conditions,Unknown,,,Going Ahead,,,,,motorcyclist,39,Don Valley East (16),33 Division,Victoria Village,TRUE,TRUE,FALSE,TRUE,FALSE,FALSE,FALSE,FALSE,FALSE,FALSE,"{""coordinates"": [[-79.32466551654056, 43.74071715293839]], ""type"": ""MultiPoint""}"
8003,2019:9001711653,2019-09-07T00:17:00,LAWRENCE AVE E,UNDERHILL DR,,2,Fatal Injury,At Intersection,Traffic Signal,Turning Movement,Clear,Dark,Dry,Major Arterial,FALSE,-79.32466552,43.74071715,,Automobile or Station Wagon,East,2,43,None,,Failed to yield right-of-way,Inattentive,,,Turning Left,,,,,driver,,Don Valley East (16),33 Division,Victoria Village,TRUE,TRUE,FALSE,TRUE,FALSE,FALSE,FALSE,FALSE,FALSE,FALSE,"{""coordinates"": [[-79.32466551654056, 43.74071715293839]], ""type"": ""MultiPoint""}"
8030,2019:9001872287,2019-09-28T20:15:00,KENNEDY RD,ST CLAIR AVE E,,5,Fatal Injury,At Intersection,Traffic Signal,Angle,Clear,Dark with Artificial Lighting,Dry,Major Arterial,FALSE,-79.26130256,43.71645101,2,Automobile or Station Wagon,West,2,38,None,,Driving properly,Normal,,,Going Ahead,,,,,driver,,Scarborough Southwest (20),41 Division,Clairlea-Birchmount,TRUE,FALSE,FALSE,FALSE,FALSE,TRUE,FALSE,TRUE,TRUE,FALSE,"{""coordinates"": [[-79.26130255926051, 43.71645100567519]], ""type"": ""MultiPoint""}"
8031,2019:9001872287,2019-09-28T20:15:00,KENNEDY RD,ST CLAIR AVE E,,5,Fatal Injury,At Intersection,Traffic Signal,Angle,Clear,Dark with Artificial Lighting,Dry,Major Arterial,FALSE,-79.26130256,43.71645101,1,Automobile or Station Wagon,North,1,67,Fatal,,Disobeyed traffic control,Unknown,,,Going Ahead,,,,,driver,46,Scarborough Southwest (20),41 Division,Clairlea-Birchmount,TRUE,FALSE,FALSE,FALSE,FALSE,TRUE,FALSE,TRUE,TRUE,FALSE,"{""coordinates"": [[-79.26130255926051, 43.71645100567519]], ""type"": ""MultiPoint""}"
8032,2019:9001872287,2019-09-28T20:15:00,KENNEDY RD,ST CLAIR AVE E,,5,Fatal Injury,At Intersection,Traffic Signal,Angle,Clear,Dark with Artificial Lighting,Dry,Major Arterial,FALSE,-79.26130256,43.71645101,1,Automobile or Station Wagon,,3,60,Minor,,,,,,,,,,,passenger,,Scarborough Southwest (20),41 Division,Clairlea-Birchmount,TRUE,FALSE,FALSE,FALSE,FALSE,TRUE,FALSE,TRUE,TRUE,FALSE,"{""coordinates"": [[-79.26130255926051, 43.71645100567519]], ""type"": ""MultiPoint""}"
8033,2019:9001872287,2019-09-28T20:15:00,KENNEDY RD,ST CLAIR AVE E,,5,Fatal Injury,At Intersection,Traffic Signal,Angle,Clear,Dark with Artificial Lighting,Dry,Major Arterial,FALSE,-79.26130256,43.71645101,2,Automobile or Station Wagon,,4,6,Minor,,,,,,,,,,,passenger,,Scarborough Southwest (20),41 Division,Clairlea-Birchmount,TRUE,FALSE,FALSE,FALSE,FALSE,TRUE,FALSE,TRUE,TRUE,FALSE,"{""coordinates"": [[-79.26130255926051, 43.71645100567519]], ""type"": ""MultiPoint""}"
8034,2019:9001872287,2019-09-28T20:15:00,KENNEDY RD,ST CLAIR AVE E,,5,Fatal Injury,At Intersection,Traffic Signal,Angle,Clear,Dark with Artificial Lighting,Dry,Major Arterial,FALSE,-79.26130256,43.71645101,2,Automobile or Station Wagon,,5,44,None,,,,,,,,,,,passenger,,Scarborough Southwest (20),41 Division,Clairlea-Birchmount,TRUE,FALSE,FALSE,FALSE,FALSE,TRUE,FALSE,TRUE,TRUE,FALSE,"{""coordinates"": [[-79.26130255926051, 43.71645100567519]], ""type"": ""MultiPoint""}"
8045,2019:9001965744,2019-10-11T16:24:00,1166 ISLINGTON AVE,,,2,Fatal Injury,Non-Intersection,No Control,SMV Unattended Vehicle,Clear,Daylight,Dry,Major Arterial,FALSE,-79.52189351,43.64107374,1,Automobile or Station Wagon,South,1,50,Fatal,,Lost control,Medical or Physical Disability,,,Going Ahead,,,,,driver,48,Etobicoke-Lakeshore (3),22 Division,Stonegate-Queensway,FALSE,FALSE,FALSE,FALSE,FALSE,FALSE,FALSE,FALSE,FALSE,TRUE,"{""coordinates"": [[-79.52189350680138, 43.641073744759545]], ""type"": ""MultiPoint""}"
8046,2019:9001965744,2019-10-11T16:24:00,1166 ISLINGTON AVE,,,2,Fatal Injury,Non-Intersection,No Control,SMV Unattended Vehicle,Clear,Daylight,Dry,Major Arterial,FALSE,-79.52189351,43.64107374,2,Truck - Other,South,2,50,None,,,,,,Going Ahead,,,,,other,,Etobicoke-Lakeshore (3),22 Division,Stonegate-Queensway,FALSE,FALSE,FALSE,FALSE,FALSE,FALSE,FALSE,FALSE,FALSE,TRUE,"{""coordinates"": [[-79.52189350680138, 43.641073744759545]], ""type"": ""MultiPoint""}"
8085,2019:9002192000,2019-11-13T09:43:00,960 LAWRENCE AVE W,,9 m South of,2,Fatal Injury,Non-Intersection,No Control,Angle,Clear,Daylight,Dry,Major Arterial,FALSE,-79.45762325,43.71336977,1,Automobile or Station Wagon,South,1,69,Fatal,Equipment Not Used But Available,Failed to yield right-of-way,Inattentive,,,Going Ahead,,,,,driver,55,Eglinton-Lawrence (8),13 Division,Yorkdale-Glen Park,TRUE,TRUE,FALSE,FALSE,FALSE,TRUE,FALSE,FALSE,FALSE,FALSE,"{""coordinates"": [[-79.45762324984784, 43.71336976810141]], ""type"": ""MultiPoint""}"
8086,2019:9002192000,2019-11-13T09:43:00,960 LAWRENCE AVE W,,9 m South of,2,Fatal Injury,Non-Intersection,No Control,Angle,Clear,Daylight,Dry,Major Arterial,FALSE,-79.45762325,43.71336977,2,Pickup Truck,East,2,42,None,Use Unknown,Driving properly,Normal,,,Going Ahead,,,,,driver,,Eglinton-Lawrence (8),13 Division,Yorkdale-Glen Park,TRUE,TRUE,FALSE,FALSE,FALSE,TRUE,FALSE,FALSE,FALSE,FALSE,"{""coordinates"": [[-79.45762324984784, 43.71336976810141]], ""type"": ""MultiPoint""}"
8095,2019:9002274826,2019-11-25T12:10:00,DON MILLS RD,GREEN BELT DR,,5,Fatal Injury,At Intersection,Traffic Signal,Turning Movement,Clear,Daylight,Dry,Major Arterial,FALSE,-79.34082462,43.72758317,2,,,1,17,Fatal,,,,,,,,,,,passenger,52,Don Valley East (16),33 Division,Banbury-Don Mills,TRUE,FALSE,FALSE,FALSE,FALSE,FALSE,FALSE,FALSE,TRUE,FALSE,"{""coordinates"": [[-79.34082462034988, 43.727583172405765]], ""type"": ""MultiPoint""}"
8096,2019:9002274826,2019-11-25T12:10:00,DON MILLS RD,GREEN BELT DR,,5,Fatal Injury,At Intersection,Traffic Signal,Turning Movement,Clear,Daylight,Dry,Major Arterial,FALSE,-79.34082462,43.72758317,1,Automobile or Station Wagon,South,2,43,Minimal,,Failed to yield right-of-way,Normal,,,Turning Left,,,,,driver,,Don Valley East (16),33 Division,Banbury-Don Mills,TRUE,FALSE,FALSE,FALSE,FALSE,FALSE,FALSE,FALSE,TRUE,FALSE,"{""coordinates"": [[-79.34082462034988, 43.727583172405765]], ""type"": ""MultiPoint""}"
8097,2019:9002274826,2019-11-25T12:10:00,DON MILLS RD,GREEN BELT DR,,5,Fatal Injury,At Intersection,Traffic Signal,Turning Movement,Clear,Daylight,Dry,Major Arterial,FALSE,-79.34082462,43.72758317,2,,,5,16,Minor,,,,,,,,,,,passenger,,Don Valley East (16),33 Division,Banbury-Don Mills,TRUE,FALSE,FALSE,FALSE,FALSE,FALSE,FALSE,FALSE,TRUE,FALSE,"{""coordinates"": [[-79.34082462034988, 43.727583172405765]], ""type"": ""MultiPoint""}"
8098,2019:9002274826,2019-11-25T12:10:00,DON MILLS RD,GREEN BELT DR,,5,Fatal Injury,At Intersection,Traffic Signal,Turning Movement,Clear,Daylight,Dry,Major Arterial,FALSE,-79.34082462,43.72758317,2,Automobile or Station Wagon,North,3,17,Minor,,Driving properly,Normal,,,Going Ahead,,,,,driver,,Don Valley East (16),33 Division,Banbury-Don Mills,TRUE,FALSE,FALSE,FALSE,FALSE,FALSE,FALSE,FALSE,TRUE,FALSE,"{""coordinates"": [[-79.34082462034988, 43.727583172405765]], ""type"": ""MultiPoint""}"
8099,2019:9002274826,2019-11-25T12:10:00,DON MILLS RD,GREEN BELT DR,,5,Fatal Injury,At Intersection,Traffic Signal,Turning Movement,Clear,Daylight,Dry,Major Arterial,FALSE,-79.34082462,43.72758317,2,,,4,18,Minor,,,,,,,,,,,passenger,,Don Valley East (16),33 Division,Banbury-Don Mills,TRUE,FALSE,FALSE,FALSE,FALSE,FALSE,FALSE,FALSE,TRUE,FALSE,"{""coordinates"": [[-79.34082462034988, 43.727583172405765]], ""type"": ""MultiPoint""}"
8111,2019:9002380779,2019-12-10T14:54:00,SHEPPARD AVE W,SENLAC RD,,3,Fatal Injury,At Intersection,Traffic Signal,Turning Movement,Clear,Daylight,Dry,Major Arterial,FALSE,-79.42254316,43.75894008,1,,,3,77,Major,Air Bag Deployed,,,,,,,,,,passenger,,Willowdale (18),32 Division,Lansing-Westgate,TRUE,TRUE,FALSE,FALSE,FALSE,TRUE,FALSE,TRUE,FALSE,FALSE,"{""coordinates"": [[-79.42254316136615, 43.75894008214849]], ""type"": ""MultiPoint""}"
8112,2019:9002380779,2019-12-10T14:54:00,SHEPPARD AVE W,SENLAC RD,,3,Fatal Injury,At Intersection,Traffic Signal,Turning Movement,Clear,Daylight,Dry,Major Arterial,FALSE,-79.42254316,43.75894008,2,Automobile or Station Wagon,East,2,49,None,Air Bag Deployed,Speed too slow,Inattentive,,,Turning Left,,,,,driver,,Willowdale (18),32 Division,Lansing-Westgate,TRUE,TRUE,FALSE,FALSE,FALSE,TRUE,FALSE,TRUE,FALSE,FALSE,"{""coordinates"": [[-79.42254316136615, 43.75894008214849]], ""type"": ""MultiPoint""}"
8113,2019:9002380779,2019-12-10T14:54:00,SHEPPARD AVE W,SENLAC RD,,3,Fatal Injury,At Intersection,Traffic Signal,Turning Movement,Clear,Daylight,Dry,Major Arterial,FALSE,-79.42254316,43.75894008,1,Automobile or Station Wagon,West,1,84,Fatal,Equipment Not Used But Available,Disobeyed traffic control,Inattentive,,,Going Ahead,,,,,driver,63,Willowdale (18),32 Division,Lansing-Westgate,TRUE,TRUE,FALSE,FALSE,FALSE,TRUE,FALSE,TRUE,FALSE,FALSE,"{""coordinates"": [[-79.42254316136615, 43.75894008214849]], ""type"": ""MultiPoint""}"
8114,2019:9002389784,2019-12-11T18:43:00,REXDALE BLVD,QUEENS PLATE DR,,4,Fatal Injury,At Intersection,Traffic Signal,,Clear,Dark with Artificial Lighting,Dry,Major Arterial,FALSE,-79.60345169,43.71910343,,,,3,71,Fatal,,,,,,,,,,,passenger,59,Etobicoke North (1),23 Division,West Humber-Clairville,FALSE,FALSE,FALSE,FALSE,FALSE,TRUE,FALSE,FALSE,FALSE,FALSE,"{""coordinates"": [[-79.60345169316957, 43.71910342998793]], ""type"": ""MultiPoint""}"
8115,2019:9002389784,2019-12-11T18:43:00,REXDALE BLVD,QUEENS PLATE DR,,4,Fatal Injury,At Intersection,Traffic Signal,,Clear,Dark with Artificial Lighting,Dry,Major Arterial,FALSE,-79.60345169,43.71910343,,Automobile or Station Wagon,North,4,70,Minimal,,Improper turn,Normal,,,Turning Left,,,,,driver,,Etobicoke North (1),23 Division,West Humber-Clairville,FALSE,FALSE,FALSE,FALSE,FALSE,TRUE,FALSE,FALSE,FALSE,FALSE,"{""coordinates"": [[-79.60345169316957, 43.71910342998793]], ""type"": ""MultiPoint""}"
8116,2019:9002389784,2019-12-11T18:43:00,REXDALE BLVD,QUEENS PLATE DR,,4,Fatal Injury,At Intersection,Traffic Signal,,Clear,Dark with Artificial Lighting,Dry,Major Arterial,FALSE,-79.60345169,43.71910343,,Automobile or Station Wagon,West,2,26,Minimal,,Driving properly,Normal,,,Going Ahead,,,,,driver,,Etobicoke North (1),23 Division,West Humber-Clairville,FALSE,FALSE,FALSE,FALSE,FALSE,TRUE,FALSE,FALSE,FALSE,FALSE,"{""coordinates"": [[-79.60345169316957, 43.71910342998793]], ""type"": ""MultiPoint""}"
8117,2019:9002389784,2019-12-11T18:43:00,REXDALE BLVD,QUEENS PLATE DR,,4,Fatal Injury,At Intersection,Traffic Signal,,Clear,Dark with Artificial Lighting,Dry,Major Arterial,FALSE,-79.60345169,43.71910343,,Automobile or Station Wagon,East,1,77,None,,Driving properly,Normal,,,Stopped,,,,,driver,,Etobicoke North (1),23 Division,West Humber-Clairville,FALSE,FALSE,FALSE,FALSE,FALSE,TRUE,FALSE,FALSE,FALSE,FALSE,"{""coordinates"": [[-79.60345169316957, 43.71910342998793]], ""type"": ""MultiPoint""}"
8151,2026:6000926263,2026-05-05T16:12:00,HOWARD PARK AVE,RONCESVALLES AVE,,2,Fatal Injury,Non-Intersection,,,,,,,FALSE,-79.45105371,43.65155918,1,Motorcycle,,1,,Fatal,,,,,,,,,,,motorcyclist,14,Parkdale-High Park (4),11 Division,Roncesvalles,FALSE,FALSE,FALSE,TRUE,FALSE,FALSE,FALSE,FALSE,FALSE,FALSE,"{""coordinates"": [[-79.45105370737053, 43.65155917829071]], ""type"": ""MultiPoint""}"
8193,2026:6000753475,2026-04-12T19:12:00,20 PRINCE ARTHUR AVE,,,2,Fatal Injury,Non-Intersection,,SMV Other,,,,,FALSE,-79.39565087,43.6697092,1,Automobile or Station Wagon,,2,49,None,,Other,Unknown,,,,,,,,driver,,University-Rosedale (11),53 Division,Annex,FALSE,FALSE,FALSE,FALSE,FALSE,FALSE,TRUE,FALSE,FALSE,FALSE,"{""coordinates"": [[-79.39565087092035, 43.669709195808544]], ""type"": ""MultiPoint""}"
8201,2020:0000488737,2020-03-08T14:00:00,NORTH BONNINGTON AVE,ZENITH DR,,1,Fatal Injury,Non-Intersection,No Control,Other,Clear,Daylight,Wet,Local,FALSE,-79.26437034,43.71229758,1,Motorcycle,South,1,23,Fatal,,Lost control,Unknown,,,Going Ahead,,,,,motorcyclist,6,Scarborough Southwest (20),41 Division,Clairlea-Birchmount,FALSE,FALSE,FALSE,TRUE,FALSE,FALSE,FALSE,FALSE,FALSE,FALSE,"{""coordinates"": [[-79.26437034262305, 43.71229758012328]], ""type"": ""MultiPoint""}"
8213,2020:0000656670,2020-04-03T23:10:00,STEELES AVE W,ISLINGTON AVE,,4,Fatal Injury,Non-Intersection,No Control,Turning Movement,Clear,Dark with Artificial Lighting,Wet,Major Arterial,FALSE,-79.57989965,43.76220183,1,Automobile or Station Wagon,West,1,28,Fatal,,Improper turn,Unknown,,,Making U-Turn,,,,,driver,7,Etobicoke North (1),23 Division,Mount Olive-Silverstone-Jamestown,FALSE,FALSE,FALSE,FALSE,FALSE,FALSE,FALSE,FALSE,FALSE,FALSE,"{""coordinates"": [[-79.579899648106, 43.76220183025058]], ""type"": ""MultiPoint""}"
8214,2020:0000656670,2020-04-03T23:10:00,STEELES AVE W,ISLINGTON AVE,,4,Fatal Injury,Non-Intersection,No Control,Turning Movement,Clear,Dark with Artificial Lighting,Wet,Major Arterial,FALSE,-79.57989965,43.76220183,2,Automobile or Station Wagon,East,2,53,Minor,,Driving properly,Normal,,,Going Ahead,,,,,driver,,Etobicoke North (1),23 Division,Mount Olive-Silverstone-Jamestown,FALSE,FALSE,FALSE,FALSE,FALSE,FALSE,FALSE,FALSE,FALSE,FALSE,"{""coordinates"": [[-79.579899648106, 43.76220183025058]], ""type"": ""MultiPoint""}"