_id,collision_id,accdate,stname1,stname2,stname3,per_inv,acclass,accloc,traffictl,impactype,visible,light,rdsfcond,road_class,failtorem,longitude,latitude,veh_no,vehtype,initdir,per_no,invage,injury,safequip,drivact,drivcond,pedact,pedcond,manoeuvre,pedtype,cyclistype,cycact,cyccond,road_user,fatal_no,wardname,division,neighbourhood,aggressive,distracted,cyclist,motorcyclist,other_micromobility,older_adult,pedestrian,red_light,school_child,heavy_truck,geometry
8215,2020:0000656670,2020-04-03T23:10:00,STEELES AVE W,ISLINGTON AVE,,4,Fatal Injury,Non-Intersection,No Control,Turning Movement,Clear,Dark with Artificial Lighting,Wet,Major Arterial,FALSE,-79.57989965,43.76220183,3,Automobile or Station Wagon,East,4,35,Minor,,Driving properly,Normal,,,Going Ahead,,,,,driver,,Etobicoke North (1),23 Division,Mount Olive-Silverstone-Jamestown,FALSE,FALSE,FALSE,FALSE,FALSE,FALSE,FALSE,FALSE,FALSE,FALSE,"{""coordinates"": [[-79.579899648106, 43.76220183025058]], ""type"": ""MultiPoint""}"
8216,2020:0000656670,2020-04-03T23:10:00,STEELES AVE W,ISLINGTON AVE,,4,Fatal Injury,Non-Intersection,No Control,Turning Movement,Clear,Dark with Artificial Lighting,Wet,Major Arterial,FALSE,-79.57989965,43.76220183,2,,,3,50,Major,,,,,,,,,,,passenger,,Etobicoke North (1),23 Division,Mount Olive-Silverstone-Jamestown,FALSE,FALSE,FALSE,FALSE,FALSE,FALSE,FALSE,FALSE,FALSE,FALSE,"{""coordinates"": [[-79.579899648106, 43.76220183025058]], ""type"": ""MultiPoint""}"
8235,2020:0000886175,2020-05-12T21:09:00,TAPSCOTT RD,MELFORD DR,,1,Fatal Injury,At Intersection,No Control,SMV Other,Clear,Dark with Artificial Lighting,Dry,Minor Arterial,FALSE,-79.23414254,43.80795109,1,Motorcycle,North,1,33,Fatal,,Lost control,Unknown,,,Going Ahead,,,,,motorcyclist,8,Scarborough North (23),42 Division,Malvern West,FALSE,FALSE,FALSE,TRUE,FALSE,FALSE,FALSE,FALSE,FALSE,FALSE,"{""coordinates"": [[-79.23414254455606, 43.80795109230888]], ""type"": ""MultiPoint""}"
8239,2020:0000923881,2020-05-19T10:40:00,LAWRENCE AVE E,KENNEDY RD,,2,Fatal Injury,At Intersection,Traffic Signal,Sideswipe,Clear,Daylight,Dry,Major Arterial,FALSE,-79.27489888,43.74942604,2,Automobile or Station Wagon,West,2,30,Minimal,Lap and Shoulder Belt,Driving properly,Normal,,,Going Ahead,,,,,driver,,Scarborough Centre (21),41 Division,Dorset Park,FALSE,FALSE,FALSE,FALSE,FALSE,FALSE,FALSE,FALSE,FALSE,FALSE,"{""coordinates"": [[-79.27489888010273, 43.749426043716916]], ""type"": ""MultiPoint""}"
8240,2020:0000923881,2020-05-19T10:40:00,LAWRENCE AVE E,KENNEDY RD,,2,Fatal Injury,At Intersection,Traffic Signal,Sideswipe,Clear,Daylight,Dry,Major Arterial,FALSE,-79.27489888,43.74942604,1,Automobile or Station Wagon,West,1,59,Fatal,Lap and Shoulder Belt,Improper lane change,Unknown,,,Changing Lanes,,,,,driver,12,Scarborough Centre (21),41 Division,Dorset Park,FALSE,FALSE,FALSE,FALSE,FALSE,FALSE,FALSE,FALSE,FALSE,FALSE,"{""coordinates"": [[-79.27489888010273, 43.749426043716916]], ""type"": ""MultiPoint""}"
8241,2020:0000927087,2020-05-19T19:52:00,BURNHAMTHORPE RD,MILL RD,,1,Fatal Injury,Non-Intersection,No Control,SMV Other,Clear,Daylight,Dry,Major Arterial,FALSE,-79.58396634,43.6394335,,Motorcycle,West,1,62,Fatal,,Lost control,Unknown,,,Going Ahead,,,,,motorcyclist,10,Etobicoke Centre (2),22 Division,Markland Wood,FALSE,FALSE,FALSE,TRUE,FALSE,FALSE,FALSE,FALSE,FALSE,FALSE,"{""coordinates"": [[-79.58396634485379, 43.63943350251918]], ""type"": ""MultiPoint""}"
8246,2020:0001010606,2020-06-01T18:20:00,BATHURST ST,GLENGROVE AVE,,2,Fatal Injury,At Intersection,Stop Sign,Turning Movement,Clear,Daylight,Dry,Major Arterial,FALSE,-79.4285552,43.71413267,1,Motorcycle,South,1,29,Fatal,,Exceeding speed limit,Unknown,,,Going Ahead,,,,,motorcyclist,11,Eglinton-Lawrence (8),53 Division,Bedford Park-Nortown,TRUE,FALSE,FALSE,TRUE,FALSE,FALSE,FALSE,FALSE,TRUE,FALSE,"{""coordinates"": [[-79.42855520359426, 43.7141326684418]], ""type"": ""MultiPoint""}"
8247,2020:0001010606,2020-06-01T18:20:00,BATHURST ST,GLENGROVE AVE,,2,Fatal Injury,At Intersection,Stop Sign,Turning Movement,Clear,Daylight,Dry,Major Arterial,FALSE,-79.4285552,43.71413267,2,Automobile or Station Wagon,East,2,19,None,,Driving properly,Normal,,,Turning Left,,,,,driver,,Eglinton-Lawrence (8),53 Division,Bedford Park-Nortown,TRUE,FALSE,FALSE,TRUE,FALSE,FALSE,FALSE,FALSE,TRUE,FALSE,"{""coordinates"": [[-79.42855520359426, 43.7141326684418]], ""type"": ""MultiPoint""}"
8255,2026:6000926263,2026-05-05T16:12:00,HOWARD PARK AVE,RONCESVALLES AVE,,2,Fatal Injury,Non-Intersection,,,,,,,FALSE,-79.45105371,43.65155918,1,Automobile or Station Wagon,,2,39,,,,,,,,,,,,driver,,Parkdale-High Park (4),11 Division,Roncesvalles,FALSE,FALSE,FALSE,TRUE,FALSE,FALSE,FALSE,FALSE,FALSE,FALSE,"{""coordinates"": [[-79.45105370737053, 43.65155917829071]], ""type"": ""MultiPoint""}"
8256,2020:0001064422,2020-06-09T22:11:00,BRIMLEY RD,COMRIE TER,,3,Fatal Injury,At Intersection,No Control,Turning Movement,Clear,Dark with Artificial Lighting,Dry,Minor Arterial,FALSE,-79.24361834,43.72599995,1,,,2,21,Fatal,,,,,,,,,,,motorcyclist,14,Scarborough Southwest (20),41 Division,Cliffcrest,TRUE,FALSE,FALSE,TRUE,FALSE,FALSE,FALSE,FALSE,FALSE,FALSE,"{""coordinates"": [[-79.24361833834404, 43.72599994770118]], ""type"": ""MultiPoint""}"
8257,2020:0001064422,2020-06-09T22:11:00,BRIMLEY RD,COMRIE TER,,3,Fatal Injury,At Intersection,No Control,Turning Movement,Clear,Dark with Artificial Lighting,Dry,Minor Arterial,FALSE,-79.24361834,43.72599995,1,Pickup Truck,North,1,24,None,,Driving properly,Unknown,,,Turning Left,,,,,driver,,Scarborough Southwest (20),41 Division,Cliffcrest,TRUE,FALSE,FALSE,TRUE,FALSE,FALSE,FALSE,FALSE,FALSE,FALSE,"{""coordinates"": [[-79.24361833834404, 43.72599994770118]], ""type"": ""MultiPoint""}"
8258,2020:0001064422,2020-06-09T22:11:00,BRIMLEY RD,COMRIE TER,,3,Fatal Injury,At Intersection,No Control,Turning Movement,Clear,Dark with Artificial Lighting,Dry,Minor Arterial,FALSE,-79.24361834,43.72599995,1,Motorcycle,South,3,22,Minor,,Exceeding speed limit,Unknown,,,Going Ahead,,,,,motorcyclist,,Scarborough Southwest (20),41 Division,Cliffcrest,TRUE,FALSE,FALSE,TRUE,FALSE,FALSE,FALSE,FALSE,FALSE,FALSE,"{""coordinates"": [[-79.24361833834404, 43.72599994770118]], ""type"": ""MultiPoint""}"
8290,2020:0001343123,2020-07-19T18:02:00,LAWRENCE AVE E,MCMILLAN AVE,,4,Fatal Injury,Intersection-Related,No Control,Approaching Head On,Clear,Daylight,Dry,Minor Arterial,FALSE,-79.16546267,43.7729855,1,Automobile or Station Wagon,East,2,27,Minor,,Driving properly,Normal,,,Going Ahead,,,,,driver,,Scarborough-Rouge Park (25),43 Division,West Hill,FALSE,FALSE,FALSE,FALSE,FALSE,FALSE,FALSE,FALSE,FALSE,FALSE,"{""coordinates"": [[-79.16546266806832, 43.772985502504106]], ""type"": ""MultiPoint""}"
8291,2020:0001343123,2020-07-19T18:02:00,LAWRENCE AVE E,MCMILLAN AVE,,4,Fatal Injury,Intersection-Related,No Control,Approaching Head On,Clear,Daylight,Dry,Minor Arterial,FALSE,-79.16546267,43.7729855,1,Automobile or Station Wagon,West,1,23,Minor,,Lost control,Unknown,,,Going Ahead,,,,,driver,,Scarborough-Rouge Park (25),43 Division,West Hill,FALSE,FALSE,FALSE,FALSE,FALSE,FALSE,FALSE,FALSE,FALSE,FALSE,"{""coordinates"": [[-79.16546266806832, 43.772985502504106]], ""type"": ""MultiPoint""}"
8292,2020:0001343123,2020-07-19T18:02:00,LAWRENCE AVE E,MCMILLAN AVE,,4,Fatal Injury,Intersection-Related,No Control,Approaching Head On,Clear,Daylight,Dry,Minor Arterial,FALSE,-79.16546267,43.7729855,2,,,4,22,Minor,,,,,,,,,,,passenger,,Scarborough-Rouge Park (25),43 Division,West Hill,FALSE,FALSE,FALSE,FALSE,FALSE,FALSE,FALSE,FALSE,FALSE,FALSE,"{""coordinates"": [[-79.16546266806832, 43.772985502504106]], ""type"": ""MultiPoint""}"
8293,2020:0001343123,2020-07-19T18:02:00,LAWRENCE AVE E,MCMILLAN AVE,,4,Fatal Injury,Intersection-Related,No Control,Approaching Head On,Clear,Daylight,Dry,Minor Arterial,FALSE,-79.16546267,43.7729855,1,,,3,23,Fatal,,,,,,,,,,,passenger,15,Scarborough-Rouge Park (25),43 Division,West Hill,FALSE,FALSE,FALSE,FALSE,FALSE,FALSE,FALSE,FALSE,FALSE,FALSE,"{""coordinates"": [[-79.16546266806832, 43.772985502504106]], ""type"": ""MultiPoint""}"
8338,2020:0001670162,2020-09-04T04:31:00,DUNDAS ST W,NOTTINGHAM DR,,2,Fatal Injury,Non-Intersection,No Control,SMV Other,Clear,Dark with Artificial Lighting,Dry,Major Arterial,FALSE,-79.52222917,43.65586713,,Motorcycle,West,1,32,Fatal,,Lost control,Unknown,,,Going Ahead,,,,,motorcyclist,21,Etobicoke Centre (2),22 Division,Kingsway South,FALSE,FALSE,FALSE,TRUE,FALSE,FALSE,FALSE,FALSE,FALSE,FALSE,"{""coordinates"": [[-79.52222917314127, 43.65586713348837]], ""type"": ""MultiPoint""}"
8339,2020:0001670162,2020-09-04T04:31:00,DUNDAS ST W,NOTTINGHAM DR,,2,Fatal Injury,Non-Intersection,No Control,SMV Other,Clear,Dark with Artificial Lighting,Dry,Major Arterial,FALSE,-79.52222917,43.65586713,,,,2,,,,,,,,,,,,,other,,Etobicoke Centre (2),22 Division,Kingsway South,FALSE,FALSE,FALSE,TRUE,FALSE,FALSE,FALSE,FALSE,FALSE,FALSE,"{""coordinates"": [[-79.52222917314127, 43.65586713348837]], ""type"": ""MultiPoint""}"
8340,2020:0001673785,2020-09-04T15:43:00,BIRCHMOUNT RD,CASS AVE,,2,Fatal Injury,At Intersection,No Control,Turning Movement,Clear,Daylight,Dry,Major Arterial,FALSE,-79.29703176,43.77887935,,Motorcycle,South,1,34,Fatal,,Exceeding speed limit,Normal,,,Going Ahead,,,,,motorcyclist,23,Scarborough-Agincourt (22),42 Division,Tam O'Shanter-Sullivan,TRUE,TRUE,FALSE,TRUE,FALSE,FALSE,FALSE,FALSE,FALSE,FALSE,"{""coordinates"": [[-79.29703176449605, 43.77887935135719]], ""type"": ""MultiPoint""}"
8341,2020:0001673785,2020-09-04T15:43:00,BIRCHMOUNT RD,CASS AVE,,2,Fatal Injury,At Intersection,No Control,Turning Movement,Clear,Daylight,Dry,Major Arterial,FALSE,-79.29703176,43.77887935,,Automobile or Station Wagon,North,2,26,Minor,,Failed to yield right-of-way,Inattentive,,,Turning Left,,,,,driver,,Scarborough-Agincourt (22),42 Division,Tam O'Shanter-Sullivan,TRUE,TRUE,FALSE,TRUE,FALSE,FALSE,FALSE,FALSE,FALSE,FALSE,"{""coordinates"": [[-79.29703176449605, 43.77887935135719]], ""type"": ""MultiPoint""}"
8352,2020:0001766820,2020-09-17T22:40:00,WARDEN AVE,401 C E WARDEN N RAMP,,2,Fatal Injury,At Intersection,Traffic Signal,Turning Movement,Clear,Dark with Artificial Lighting,Dry,Major Arterial,FALSE,-79.3035778,43.76904888,,Motorcycle,North,1,32,Fatal,,Other,Normal,,,Going Ahead,,,,,motorcyclist,24,Scarborough Centre (21),41 Division,Wexford/Maryvale,FALSE,FALSE,FALSE,TRUE,FALSE,FALSE,FALSE,FALSE,FALSE,FALSE,"{""coordinates"": [[-79.3035778045629, 43.769048883729575]], ""type"": ""MultiPoint""}"
8353,2020:0001766820,2020-09-17T22:40:00,WARDEN AVE,401 C E WARDEN N RAMP,,2,Fatal Injury,At Intersection,Traffic Signal,Turning Movement,Clear,Dark with Artificial Lighting,Dry,Major Arterial,FALSE,-79.3035778,43.76904888,,Automobile or Station Wagon,South,2,23,None,,Other,Unknown,,,Turning Left,,,,,driver,,Scarborough Centre (21),41 Division,Wexford/Maryvale,FALSE,FALSE,FALSE,TRUE,FALSE,FALSE,FALSE,FALSE,FALSE,FALSE,"{""coordinates"": [[-79.3035778045629, 43.769048883729575]], ""type"": ""MultiPoint""}"
8372,2020:0001915138,2020-10-08T23:30:00,COLLEGE ST,RUSHOLME PARK CRES,,2,Fatal Injury,Non-Intersection,No Control,SMV Unattended Vehicle,Clear,Dark with Artificial Lighting,Dry,Major Arterial,FALSE,-79.43024903,43.65278854,1,Motorcycle,West,1,38,Fatal,,Lost control,Unknown,,,Going Ahead,,,,,motorcyclist,28,Davenport (9),14 Division,Little Portugal,FALSE,FALSE,FALSE,TRUE,FALSE,FALSE,FALSE,FALSE,FALSE,FALSE,"{""coordinates"": [[-79.43024903353158, 43.65278854431727]], ""type"": ""MultiPoint""}"
8373,2020:0001915138,2020-10-08T23:30:00,COLLEGE ST,RUSHOLME PARK CRES,,2,Fatal Injury,Non-Intersection,No Control,SMV Unattended Vehicle,Clear,Dark with Artificial Lighting,Dry,Major Arterial,FALSE,-79.43024903,43.65278854,1,Automobile or Station Wagon,East,2,,None,,,,,,Parked,,,,,other,,Davenport (9),14 Division,Little Portugal,FALSE,FALSE,FALSE,TRUE,FALSE,FALSE,FALSE,FALSE,FALSE,FALSE,"{""coordinates"": [[-79.43024903353158, 43.65278854431727]], ""type"": ""MultiPoint""}"
8384,2020:0001994232,2020-10-21T00:08:00,SHEPPARD AVE E,KENNEDY RD,,1,Fatal Injury,Non-Intersection,No Control,SMV Other,Clear,Dark with Artificial Lighting,Dry,Major Arterial,FALSE,-79.28982197,43.78282755,2,Automobile or Station Wagon,East,1,50,Fatal,,Lost control,Medical or Physical Disability,,,Going Ahead,,,,,driver,29,Scarborough-Agincourt (22),42 Division,Tam O'Shanter-Sullivan,FALSE,FALSE,FALSE,FALSE,FALSE,FALSE,FALSE,FALSE,FALSE,FALSE,"{""coordinates"": [[-79.2898219714588, 43.78282755476168]], ""type"": ""MultiPoint""}"
8400,2020:0002253261,2020-11-28T16:38:00,ELLESMERE RD,NEILSON RD,,3,Fatal Injury,At Intersection,Traffic Signal,Angle,Clear,Dusk,Dry,Major Arterial,FALSE,-79.20494483,43.7825261,,,,1,6,Minimal,,,,,,,,,,,passenger,,Scarborough-Guildwood (24),43 Division,Morningside,TRUE,TRUE,FALSE,FALSE,FALSE,FALSE,FALSE,FALSE,TRUE,FALSE,"{""coordinates"": [[-79.2049448319055, 43.78252610170388]], ""type"": ""MultiPoint""}"
8401,2020:0002253261,2020-11-28T16:38:00,ELLESMERE RD,NEILSON RD,,3,Fatal Injury,At Intersection,Traffic Signal,Angle,Clear,Dusk,Dry,Major Arterial,FALSE,-79.20494483,43.7825261,,Automobile or Station Wagon,East,3,51,Minimal,,Driving properly,Normal,,,Going Ahead,,,,,driver,,Scarborough-Guildwood (24),43 Division,Morningside,TRUE,TRUE,FALSE,FALSE,FALSE,FALSE,FALSE,FALSE,TRUE,FALSE,"{""coordinates"": [[-79.2049448319055, 43.78252610170388]], ""type"": ""MultiPoint""}"
8402,2020:0002253261,2020-11-28T16:38:00,ELLESMERE RD,NEILSON RD,,3,Fatal Injury,At Intersection,Traffic Signal,Angle,Clear,Dusk,Dry,Major Arterial,FALSE,-79.20494483,43.7825261,,Automobile or Station Wagon,North,2,57,Fatal,,Failed to yield right-of-way,Inattentive,,,Going Ahead,,,,,driver,39,Scarborough-Guildwood (24),43 Division,Morningside,TRUE,TRUE,FALSE,FALSE,FALSE,FALSE,FALSE,FALSE,TRUE,FALSE,"{""coordinates"": [[-79.2049448319055, 43.78252610170388]], ""type"": ""MultiPoint""}"
8408,2020:0002332478,2020-12-10T23:44:00,MARTIN GROVE RD,GIHON SPRING DR,,1,Fatal Injury,Non-Intersection,No Control,SMV Other,Clear,Dark with Artificial Lighting,Dry,Minor Arterial,FALSE,-79.6005906,43.75472505,,Automobile or Station Wagon,North,1,25,Fatal,,Lost control,Unknown,,,Going Ahead,,,,,driver,36,Etobicoke North (1),23 Division,West Humber-Clairville,FALSE,FALSE,FALSE,FALSE,FALSE,FALSE,FALSE,FALSE,FALSE,FALSE,"{""coordinates"": [[-79.60059060177592, 43.75472504899075]], ""type"": ""MultiPoint""}"
8426,2021:1000002228,2021-01-01T11:29:00,KEELE ST,SHEPPARD AVE W,,6,Fatal Injury,At Intersection,Traffic Signal,Angle,Clear,Daylight,Dry,Major Arterial,FALSE,-79.48640895,43.74470372,,,,4,38,Minor,,,,,,,,,,,passenger,,York Centre (6),31 Division,Downsview,TRUE,FALSE,FALSE,FALSE,FALSE,TRUE,FALSE,FALSE,TRUE,FALSE,"{""coordinates"": [[-79.48640895029743, 43.744703715366335]], ""type"": ""MultiPoint""}"
8427,2021:1000002228,2021-01-01T11:29:00,KEELE ST,SHEPPARD AVE W,,6,Fatal Injury,At Intersection,Traffic Signal,Angle,Clear,Daylight,Dry,Major Arterial,FALSE,-79.48640895,43.74470372,,,,5,10,Minor,,,,,,,,,,,passenger,,York Centre (6),31 Division,Downsview,TRUE,FALSE,FALSE,FALSE,FALSE,TRUE,FALSE,FALSE,TRUE,FALSE,"{""coordinates"": [[-79.48640895029743, 43.744703715366335]], ""type"": ""MultiPoint""}"
8428,2021:1000002228,2021-01-01T11:29:00,KEELE ST,SHEPPARD AVE W,,6,Fatal Injury,At Intersection,Traffic Signal,Angle,Clear,Daylight,Dry,Major Arterial,FALSE,-79.48640895,43.74470372,,Automobile or Station Wagon,South,3,42,Minimal,,Driving properly,Normal,,,Stopped,,,,,driver,,York Centre (6),31 Division,Downsview,TRUE,FALSE,FALSE,FALSE,FALSE,TRUE,FALSE,FALSE,TRUE,FALSE,"{""coordinates"": [[-79.48640895029743, 43.744703715366335]], ""type"": ""MultiPoint""}"
8429,2021:1000002228,2021-01-01T11:29:00,KEELE ST,SHEPPARD AVE W,,6,Fatal Injury,At Intersection,Traffic Signal,Angle,Clear,Daylight,Dry,Major Arterial,FALSE,-79.48640895,43.74470372,,Automobile or Station Wagon,West,1,67,Fatal,,Driving properly,Normal,,,Going Ahead,,,,,driver,2,York Centre (6),31 Division,Downsview,TRUE,FALSE,FALSE,FALSE,FALSE,TRUE,FALSE,FALSE,TRUE,FALSE,"{""coordinates"": [[-79.48640895029743, 43.744703715366335]], ""type"": ""MultiPoint""}"
8430,2021:1000002228,2021-01-01T11:29:00,KEELE ST,SHEPPARD AVE W,,6,Fatal Injury,At Intersection,Traffic Signal,Angle,Clear,Daylight,Dry,Major Arterial,FALSE,-79.48640895,43.74470372,,Automobile or Station Wagon,North,2,23,Major,,Exceeding speed limit,Unknown,,,Going Ahead,,,,,driver,,York Centre (6),31 Division,Downsview,TRUE,FALSE,FALSE,FALSE,FALSE,TRUE,FALSE,FALSE,TRUE,FALSE,"{""coordinates"": [[-79.48640895029743, 43.744703715366335]], ""type"": ""MultiPoint""}"
8431,2021:1000002228,2021-01-01T11:29:00,KEELE ST,SHEPPARD AVE W,,6,Fatal Injury,At Intersection,Traffic Signal,Angle,Clear,Daylight,Dry,Major Arterial,FALSE,-79.48640895,43.74470372,,,,6,6,Minor,,,,,,,,,,,passenger,,York Centre (6),31 Division,Downsview,TRUE,FALSE,FALSE,FALSE,FALSE,TRUE,FALSE,FALSE,TRUE,FALSE,"{""coordinates"": [[-79.48640895029743, 43.744703715366335]], ""type"": ""MultiPoint""}"
8507,2021:1000734326,2021-04-21T23:05:00,DUNDAS ST W,AUGUSTA AVE,,3,Fatal Injury,Intersection-Related,No Control,SMV Unattended Vehicle,Clear,Dark with Artificial Lighting,Dry,Major Arterial,FALSE,-79.40110469,43.65220104,,,East,1,35,Fatal,,,,,,,,,,,passenger,5,Spadina-Fort York (10),14 Division,Kensington-Chinatown,TRUE,FALSE,FALSE,FALSE,FALSE,FALSE,FALSE,FALSE,FALSE,TRUE,"{""coordinates"": [[-79.40110469056943, 43.652201038056205]], ""type"": ""MultiPoint""}"
8508,2021:1000734326,2021-04-21T23:05:00,DUNDAS ST W,AUGUSTA AVE,,3,Fatal Injury,Intersection-Related,No Control,SMV Unattended Vehicle,Clear,Dark with Artificial Lighting,Dry,Major Arterial,FALSE,-79.40110469,43.65220104,,Automobile or Station Wagon,East,2,34,Major,,Exceeding speed limit,Unknown,,,Going Ahead,,,,,driver,,Spadina-Fort York (10),14 Division,Kensington-Chinatown,TRUE,FALSE,FALSE,FALSE,FALSE,FALSE,FALSE,FALSE,FALSE,TRUE,"{""coordinates"": [[-79.40110469056943, 43.652201038056205]], ""type"": ""MultiPoint""}"
8509,2021:1000734326,2021-04-21T23:05:00,DUNDAS ST W,AUGUSTA AVE,,3,Fatal Injury,Intersection-Related,No Control,SMV Unattended Vehicle,Clear,Dark with Artificial Lighting,Dry,Major Arterial,FALSE,-79.40110469,43.65220104,,Streetcar,East,3,32,None,,Driving properly,Normal,,,Going Ahead,,,,,driver,,Spadina-Fort York (10),14 Division,Kensington-Chinatown,TRUE,FALSE,FALSE,FALSE,FALSE,FALSE,FALSE,FALSE,FALSE,TRUE,"{""coordinates"": [[-79.40110469056943, 43.652201038056205]], ""type"": ""MultiPoint""}"
8560,2021:1001013918,2021-05-31T22:40:00,DON VALLEY PARKWAY S,DON MILLS RD,,3,Fatal Injury,Non-Intersection,No Control,SMV Other,Clear,Dark with Artificial Lighting,Dry,Expressway,FALSE,-79.34044319,43.69825197,,Motorcycle,South,3,40,Major,,Lost control,Unknown,,,Changing Lanes,,,,,motorcyclist,,Toronto-Danforth (14),55 Division,Old East York,FALSE,FALSE,FALSE,TRUE,FALSE,FALSE,FALSE,FALSE,FALSE,FALSE,"{""coordinates"": [[-79.34044319138063, 43.698251968200665]], ""type"": ""MultiPoint""}"
8561,2021:1001013918,2021-05-31T22:40:00,DON VALLEY PARKWAY S,DON MILLS RD,,3,Fatal Injury,Non-Intersection,No Control,SMV Other,Clear,Dark with Artificial Lighting,Dry,Expressway,FALSE,-79.34044319,43.69825197,,Motorcycle,South,2,35,Major,,Lost control,Unknown,,,Changing Lanes,,,,,motorcyclist,,Toronto-Danforth (14),55 Division,Old East York,FALSE,FALSE,FALSE,TRUE,FALSE,FALSE,FALSE,FALSE,FALSE,FALSE,"{""coordinates"": [[-79.34044319138063, 43.698251968200665]], ""type"": ""MultiPoint""}"
8562,2021:1001013918,2021-05-31T22:40:00,DON VALLEY PARKWAY S,DON MILLS RD,,3,Fatal Injury,Non-Intersection,No Control,SMV Other,Clear,Dark with Artificial Lighting,Dry,Expressway,FALSE,-79.34044319,43.69825197,,,,1,39,Fatal,,,,,,,,,,,motorcyclist,9,Toronto-Danforth (14),55 Division,Old East York,FALSE,FALSE,FALSE,TRUE,FALSE,FALSE,FALSE,FALSE,FALSE,FALSE,"{""coordinates"": [[-79.34044319138063, 43.698251968200665]], ""type"": ""MultiPoint""}"
8579,2021:1001151188,2021-06-19T22:19:00,LAKE SHORE BLVD W,FORTY SECOND ST,,2,Fatal Injury,At Intersection,Stop Sign,Turning Movement,Clear,Dark with Artificial Lighting,Dry,Major Arterial,FALSE,-79.54559816,43.58967839,,Automobile or Station Wagon,North,2,30,None,,Driving properly,Normal,,,Turning Left,,,,,driver,,Etobicoke-Lakeshore (3),22 Division,Long Branch,FALSE,FALSE,FALSE,TRUE,FALSE,FALSE,FALSE,FALSE,FALSE,FALSE,"{""coordinates"": [[-79.54559816233929, 43.589678385922426]], ""type"": ""MultiPoint""}"
8580,2021:1001151188,2021-06-19T22:19:00,LAKE SHORE BLVD W,FORTY SECOND ST,,2,Fatal Injury,At Intersection,Stop Sign,Turning Movement,Clear,Dark with Artificial Lighting,Dry,Major Arterial,FALSE,-79.54559816,43.58967839,,Motorcycle,East,1,35,Fatal,,Other,Unknown,,,Going Ahead,,,,,motorcyclist,10,Etobicoke-Lakeshore (3),22 Division,Long Branch,FALSE,FALSE,FALSE,TRUE,FALSE,FALSE,FALSE,FALSE,FALSE,FALSE,"{""coordinates"": [[-79.54559816233929, 43.589678385922426]], ""type"": ""MultiPoint""}"
8581,2021:1001195784,2021-06-26T10:04:00,HUNTINGWOOD DR,COLINAYRE CRES,,1,Fatal Injury,At Intersection,No Control,SMV Other,Clear,Daylight,Dry,Minor Arterial,FALSE,-79.29552876,43.79450435,,Motorcycle,East,1,55,Fatal,,Lost control,Unknown,,,Going Ahead,,,,,motorcyclist,13,Scarborough-Agincourt (22),42 Division,Tam O'Shanter-Sullivan,FALSE,FALSE,FALSE,TRUE,FALSE,FALSE,FALSE,FALSE,FALSE,FALSE,"{""coordinates"": [[-79.29552875746501, 43.79450435086516]], ""type"": ""MultiPoint""}"
8584,2021:1001250454,2021-07-04T01:38:00,KINGSTON RD,SHEPPARD AVE E,,2,Fatal Injury,At Intersection,Traffic Signal,Angle,Clear,Dark with Artificial Lighting,Dry,Major Arterial,FALSE,-79.14619078,43.79884914,,Municipal Transit Bus (TTC),North,2,61,None,,Driving properly,Normal,,,Going Ahead,,,,,driver,,Scarborough-Rouge Park (25),42 Division,Centennial Scarborough,TRUE,FALSE,FALSE,FALSE,FALSE,FALSE,FALSE,TRUE,FALSE,TRUE,"{""coordinates"": [[-79.14619077530368, 43.798849138323334]], ""type"": ""MultiPoint""}"
8585,2021:1001250454,2021-07-04T01:38:00,KINGSTON RD,SHEPPARD AVE E,,2,Fatal Injury,At Intersection,Traffic Signal,Angle,Clear,Dark with Artificial Lighting,Dry,Major Arterial,FALSE,-79.14619078,43.79884914,,Automobile or Station Wagon,West,1,23,Fatal,,Disobeyed traffic control,Normal,,,Going Ahead,,,,,driver,15,Scarborough-Rouge Park (25),42 Division,Centennial Scarborough,TRUE,FALSE,FALSE,FALSE,FALSE,FALSE,FALSE,TRUE,FALSE,TRUE,"{""coordinates"": [[-79.14619077530368, 43.798849138323334]], ""type"": ""MultiPoint""}"
8586,2021:1001250737,2021-07-04T03:25:00,SHEPPARD AVE W,WILLIAM R ALLEN RD,,1,Fatal Injury,Non-Intersection,No Control,SMV Other,Clear,Dark,Dry,Major Arterial,FALSE,-79.46540518,43.75027314,,Motorcycle,East,1,32,Fatal,,Lost control,Inattentive,,,Going Ahead,,,,,motorcyclist,16,York Centre (6),32 Division,Downsview,FALSE,TRUE,FALSE,TRUE,FALSE,FALSE,FALSE,FALSE,FALSE,FALSE,"{""coordinates"": [[-79.46540518178537, 43.750273144612]], ""type"": ""MultiPoint""}"
8587,2021:1001297899,2021-07-10T21:47:00,WINTERTON DR,LLOYD MANOR RD,,1,Fatal Injury,At Intersection,Stop Sign,SMV Other,Clear,Dark with Artificial Lighting,Dry,Collector,FALSE,-79.55500506,43.67184693,,Automobile or Station Wagon,North,1,61,Fatal,,Lost control,Ability Impaired - Drugs,,,Going Ahead,,,,,driver,17,Etobicoke Centre (2),22 Division,Princess-Rosethorn,FALSE,FALSE,FALSE,FALSE,FALSE,FALSE,FALSE,FALSE,FALSE,FALSE,"{""coordinates"": [[-79.55500506475188, 43.671846931339125]], ""type"": ""MultiPoint""}"
8588,2021:1001364901,2021-07-20T16:11:00,CARLINGVIEW DR,CONSTELLATION CRT,,2,Fatal Injury,At Intersection,No Control,SMV Other,Clear,Daylight,Dry,Major Arterial,FALSE,-79.59731771,43.69068776,,Automobile or Station Wagon,South,1,65,Fatal,,Lost control,Unknown,,,Going Ahead,,,,,driver,20,Etobicoke North (1),23 Division,West Humber-Clairville,FALSE,FALSE,FALSE,FALSE,FALSE,TRUE,FALSE,FALSE,FALSE,FALSE,"{""coordinates"": [[-79.59731770587555, 43.690687760258534]], ""type"": ""MultiPoint""}"
8589,2021:1001364901,2021-07-20T16:11:00,CARLINGVIEW DR,CONSTELLATION CRT,,2,Fatal Injury,At Intersection,No Control,SMV Other,Clear,Daylight,Dry,Major Arterial,FALSE,-79.59731771,43.69068776,,,,2,65,Fatal,,,,,,,,,,,passenger,19,Etobicoke North (1),23 Division,West Humber-Clairville,FALSE,FALSE,FALSE,FALSE,FALSE,TRUE,FALSE,FALSE,FALSE,FALSE,"{""coordinates"": [[-79.59731770587555, 43.690687760258534]], ""type"": ""MultiPoint""}"