_id,collision_id,accdate,stname1,stname2,stname3,per_inv,acclass,accloc,traffictl,impactype,visible,light,rdsfcond,road_class,failtorem,longitude,latitude,veh_no,vehtype,initdir,per_no,invage,injury,safequip,drivact,drivcond,pedact,pedcond,manoeuvre,pedtype,cyclistype,cycact,cyccond,road_user,fatal_no,wardname,division,neighbourhood,aggressive,distracted,cyclist,motorcyclist,other_micromobility,older_adult,pedestrian,red_light,school_child,heavy_truck,geometry
10800,2025:5002053441,2025-09-30T08:22:00,MARKHAM RD,COUGAR CRT,,2,Fatal Injury,Intersection-Related,Traffic Signal,Turning Movement,Clear,Daylight,Dry,Major Arterial,FALSE,-79.21970526,43.74514236,1,Automobile or Station Wagon,South,1,50,None,,Failed to yield right-of-way,Normal,,,Turning Left,,,,,driver,,Scarborough-Guildwood (24),43 Division,Scarborough Village,TRUE,FALSE,FALSE,TRUE,FALSE,FALSE,FALSE,FALSE,FALSE,FALSE,"{""coordinates"": [[-79.21970526249156, 43.74514236177145]], ""type"": ""MultiPoint""}"
10801,2025:5002053441,2025-09-30T08:22:00,MARKHAM RD,COUGAR CRT,,2,Fatal Injury,Intersection-Related,Traffic Signal,Turning Movement,Clear,Daylight,Dry,Major Arterial,FALSE,-79.21970526,43.74514236,2,Motorcycle,North,2,28,Fatal,,Driving properly,Normal,,,Going Ahead,,,,,motorcyclist,29,Scarborough-Guildwood (24),43 Division,Scarborough Village,TRUE,FALSE,FALSE,TRUE,FALSE,FALSE,FALSE,FALSE,FALSE,FALSE,"{""coordinates"": [[-79.21970526249156, 43.74514236177145]], ""type"": ""MultiPoint""}"
10804,2025:5002063567,2025-10-01T13:24:00,THE WESTWAY WY,WINCOTT DR,,3,Fatal Injury,Intersection-Related,Traffic Signal,SMV Other,Clear,Daylight,Dry,Minor Arterial,FALSE,-79.5497177,43.6873484,,,,3,69,Fatal,,,,Crossing with right-of-way (intersection),Normal,,Driver turns left into pedestrian crossing with right-of-way (at intersection),,,,pedestrian,33,Etobicoke Centre (2),23 Division,Willowridge-Martingrove-Richview,FALSE,FALSE,FALSE,FALSE,FALSE,TRUE,TRUE,FALSE,FALSE,FALSE,"{""coordinates"": [[-79.54971770080697, 43.687348395651924]], ""type"": ""MultiPoint""}"
10805,2025:5002063567,2025-10-01T13:24:00,THE WESTWAY WY,WINCOTT DR,,3,Fatal Injury,Intersection-Related,Traffic Signal,SMV Other,Clear,Daylight,Dry,Minor Arterial,FALSE,-79.5497177,43.6873484,1,Automobile or Station Wagon,West,1,76,None,,Improper turn,Normal,,,Overtaking,,,,,driver,,Etobicoke Centre (2),23 Division,Willowridge-Martingrove-Richview,FALSE,FALSE,FALSE,FALSE,FALSE,TRUE,TRUE,FALSE,FALSE,FALSE,"{""coordinates"": [[-79.54971770080697, 43.687348395651924]], ""type"": ""MultiPoint""}"
10806,2025:5002063567,2025-10-01T13:24:00,THE WESTWAY WY,WINCOTT DR,,3,Fatal Injury,Intersection-Related,Traffic Signal,SMV Other,Clear,Daylight,Dry,Minor Arterial,FALSE,-79.5497177,43.6873484,1,Automobile or Station Wagon,,2,79,None,,,,,,,,,,,passenger,,Etobicoke Centre (2),23 Division,Willowridge-Martingrove-Richview,FALSE,FALSE,FALSE,FALSE,FALSE,TRUE,TRUE,FALSE,FALSE,FALSE,"{""coordinates"": [[-79.54971770080697, 43.687348395651924]], ""type"": ""MultiPoint""}"
10825,2025:5002132958,2025-10-10T15:52:00,LANSDOWNE AVE,LAPPIN AVE,,2,Fatal Injury,Four-way,Traffic Signal,SMV Other,Clear,Daylight,Dry,Minor Arterial,FALSE,-79.44571767,43.66484547,,,East,2,70,Fatal,,,,Crossing with right-of-way (intersection),Normal,,Driver turns left into pedestrian crossing with right-of-way (at intersection),,,,pedestrian,31,Davenport (9),11 Division,Junction-Wallace Emerson,TRUE,FALSE,FALSE,FALSE,FALSE,TRUE,TRUE,FALSE,FALSE,FALSE,"{""coordinates"": [[-79.44571767443668, 43.6648454695216]], ""type"": ""MultiPoint""}"
10826,2025:5002132958,2025-10-10T15:52:00,LANSDOWNE AVE,LAPPIN AVE,,2,Fatal Injury,Four-way,Traffic Signal,SMV Other,Clear,Daylight,Dry,Minor Arterial,FALSE,-79.44571767,43.66484547,1,Automobile or Station Wagon,West,1,27,None,,Failed to yield right-of-way,Normal,,,Turning Left,,,,,driver,,Davenport (9),11 Division,Junction-Wallace Emerson,TRUE,FALSE,FALSE,FALSE,FALSE,TRUE,TRUE,FALSE,FALSE,FALSE,"{""coordinates"": [[-79.44571767443668, 43.6648454695216]], ""type"": ""MultiPoint""}"
10833,2025:5002187046,2025-10-18T02:00:00,EGLINTON AVE W,BICKNELL AVE,182 m west of,2,Fatal Injury,Non-Intersection,No Control,SMV Other,Clear,Dark with Artificial Lighting,Wet,Major Arterial,FALSE,-79.47864319,43.68924771,1,Automobile or Station Wagon,West,1,28,Major,,Lost control,Other Condition,,,Going Ahead,,,,,driver,,York South-Weston (5),12 Division,Keelesdale-Eglinton West,FALSE,FALSE,FALSE,FALSE,FALSE,FALSE,FALSE,FALSE,FALSE,FALSE,"{""coordinates"": [[-79.47864319399895, 43.68924770636863]], ""type"": ""MultiPoint""}"
10834,2025:5002187046,2025-10-18T02:00:00,EGLINTON AVE W,BICKNELL AVE,182 m west of,2,Fatal Injury,Non-Intersection,No Control,SMV Other,Clear,Dark with Artificial Lighting,Wet,Major Arterial,FALSE,-79.47864319,43.68924771,1,Automobile or Station Wagon,West,2,29,Fatal,,,,,,,,,,,passenger,32,York South-Weston (5),12 Division,Keelesdale-Eglinton West,FALSE,FALSE,FALSE,FALSE,FALSE,FALSE,FALSE,FALSE,FALSE,FALSE,"{""coordinates"": [[-79.47864319399895, 43.68924770636863]], ""type"": ""MultiPoint""}"
10862,2025:5002326626,2025-11-05T18:44:00,2275 MARKHAM RD,,,2,Fatal Injury,At/Near Private Drive,No Control,SMV Other,Rain,Dark with Artificial Lighting,Wet,Major Arterial,FALSE,-79.24235534,43.8106417,,,,2,34,Fatal,,,,,Unknown,,,,,,passenger,35,Scarborough North (23),42 Division,Malvern West,FALSE,TRUE,FALSE,FALSE,FALSE,FALSE,FALSE,FALSE,FALSE,FALSE,"{""coordinates"": [[-79.24235534134687, 43.81064169607309]], ""type"": ""MultiPoint""}"
10863,2025:5002326626,2025-11-05T18:44:00,2275 MARKHAM RD,,,2,Fatal Injury,At/Near Private Drive,No Control,SMV Other,Rain,Dark with Artificial Lighting,Wet,Major Arterial,FALSE,-79.24235534,43.8106417,1,Pickup Truck,North,1,47,Minor,,Lost control,Inattentive - Other,,,Going Ahead,,,,,driver,,Scarborough North (23),42 Division,Malvern West,FALSE,TRUE,FALSE,FALSE,FALSE,FALSE,FALSE,FALSE,FALSE,FALSE,"{""coordinates"": [[-79.24235534134687, 43.81064169607309]], ""type"": ""MultiPoint""}"
10867,2025:5002336114,2025-11-07T02:48:00,WESTON RD,FENMAR DR,30 m south of,2,Fatal Injury,Non-Intersection,Traffic Signal,Rear End,Clear,Dark with Artificial Lighting,Dry,Major Arterial,FALSE,-79.54356337,43.75716155,1,Automobile or Station Wagon,North,1,40,Fatal,,Speed too fast for conditions,Other Condition,,,Going Ahead,,,,,driver,34,Humber River-Black Creek (7),31 Division,Humber Summit,TRUE,FALSE,FALSE,FALSE,FALSE,FALSE,FALSE,FALSE,FALSE,TRUE,"{""coordinates"": [[-79.54356336689546, 43.75716155202994]], ""type"": ""MultiPoint""}"
10868,2025:5002336114,2025-11-07T02:48:00,WESTON RD,FENMAR DR,30 m south of,2,Fatal Injury,Non-Intersection,Traffic Signal,Rear End,Clear,Dark with Artificial Lighting,Dry,Major Arterial,FALSE,-79.54356337,43.75716155,2,Construction Equipment,North,2,46,None,,Driving properly,Normal,,,Going Ahead,,,,,driver,,Humber River-Black Creek (7),31 Division,Humber Summit,TRUE,FALSE,FALSE,FALSE,FALSE,FALSE,FALSE,FALSE,FALSE,TRUE,"{""coordinates"": [[-79.54356336689546, 43.75716155202994]], ""type"": ""MultiPoint""}"
10895,2025:5002516331,2025-12-02T08:34:00,32 MIDDLEPORT CRES,,,1,Fatal Injury,Non-Intersection,,SMV Other,,,,,FALSE,-79.2167104,43.81527897,1,Truck - Dump,Unknown,1,66,Fatal,,,,Person getting on/off vehicle,Unknown,,,,,,pedestrian,36,Scarborough-Rouge Park (25),42 Division,Malvern East,FALSE,FALSE,FALSE,FALSE,FALSE,TRUE,TRUE,FALSE,FALSE,TRUE,"{""coordinates"": [[-79.21671040456984, 43.81527897272581]], ""type"": ""MultiPoint""}"
10918,2025:5002723792,2025-12-31T07:17:00,EGLINTON AVE E,LILLIAN ST,4 M W,2,Fatal Injury,Non-Intersection,No Control,SMV Other,Clear,Dark with Artificial Lighting,Packed Snow,Major Arterial,FALSE,-79.39413081,43.70759918,1,Automobile or Station Wagon,West,2,48,None,,Exceeding speed limit,Unknown,,,Going Ahead,,,,,driver,,Toronto-St. Paul's (12),53 Division,South Eglinton-Davisville,TRUE,FALSE,FALSE,FALSE,FALSE,TRUE,TRUE,FALSE,FALSE,FALSE,"{""coordinates"": [[-79.3941308090723, 43.70759918425677]], ""type"": ""MultiPoint""}"
10919,2025:5002723792,2025-12-31T07:17:00,EGLINTON AVE E,LILLIAN ST,4 M W,2,Fatal Injury,Non-Intersection,No Control,SMV Other,Clear,Dark with Artificial Lighting,Packed Snow,Major Arterial,FALSE,-79.39413081,43.70759918,,,,1,70,Fatal,,,,Crossing - no traffic control,Normal,,Driver hits pedestrian at midblock,,,,pedestrian,39,Toronto-St. Paul's (12),53 Division,South Eglinton-Davisville,TRUE,FALSE,FALSE,FALSE,FALSE,TRUE,TRUE,FALSE,FALSE,FALSE,"{""coordinates"": [[-79.3941308090723, 43.70759918425677]], ""type"": ""MultiPoint""}"
10952,2014:143440580,2014-12-07T09:44:00,KENNEDY RD,RANSTONE GDNS,,3,Fatal Injury,,Traffic Signal,Approaching Head On,Clear,Daylight,Dry,Major Arterial,FALSE,-79.27205255,43.74217002,0,Tow Truck,North,3,53,None,,Driving properly,Normal,,,Going Ahead,,,,,driver,,Scarborough Centre (21),41 Division,Ionview,FALSE,FALSE,FALSE,FALSE,FALSE,TRUE,FALSE,FALSE,FALSE,TRUE,"{""coordinates"": [[-79.27205254680189, 43.742170020890214]], ""type"": ""MultiPoint""}"
10982,2026:6000039154,2026-01-06T14:29:00,2571 KINGSTON RD,MIDLAND AVE,,2,Fatal Injury,At/Near Private Drive,No Control,Reversing,Freezing Rain or Hail,Daylight,Wet,Major Arterial,FALSE,-79.24669934,43.71229379,,,,1,80,Fatal,,,,On sidewalk or shoulder,Normal,,Driver hits pedestrian at private driveway,,,,pedestrian,1,Scarborough Southwest (20),41 Division,Cliffcrest,FALSE,FALSE,FALSE,FALSE,FALSE,TRUE,TRUE,FALSE,FALSE,FALSE,"{""coordinates"": [[-79.24669933898437, 43.71229378662489]], ""type"": ""MultiPoint""}"
10987,2026:6000039154,2026-01-06T14:29:00,2571 KINGSTON RD,MIDLAND AVE,,2,Fatal Injury,At/Near Private Drive,No Control,Reversing,Freezing Rain or Hail,Daylight,Wet,Major Arterial,FALSE,-79.24669934,43.71229379,1,Automobile or Station Wagon,West,2,81,None,,Other,Unknown,,,Reversing,,,,,driver,,Scarborough Southwest (20),41 Division,Cliffcrest,FALSE,FALSE,FALSE,FALSE,FALSE,TRUE,TRUE,FALSE,FALSE,FALSE,"{""coordinates"": [[-79.24669933898437, 43.71229378662489]], ""type"": ""MultiPoint""}"
11005,2025:5000209670,2025-01-29T09:14:00,FAYWOOD BLVD,WILSON AVE,,2,Fatal Injury,Non-Intersection,Stop Sign,SMV Other,Clear,Daylight,Dry,Major Arterial,FALSE,-79.44645316,43.73481184,,,,1,77,Fatal,,,,Crossing without right-of-way (intersection),Other Condition,,Driver turns left into pedestrian crossing without right-of-way (at intersection),,,,pedestrian,2,York Centre (6),32 Division,Clanton Park,TRUE,FALSE,FALSE,FALSE,FALSE,TRUE,TRUE,FALSE,FALSE,FALSE,"{""coordinates"": [[-79.44645315712086, 43.73481184477858]], ""type"": ""MultiPoint""}"
11011,2024:4002513613,2024-11-18T18:39:00,650 LAWRENCE AVE W,,,6,Fatal Injury,Non-Intersection,No Control,Same Direction,Clear,Dark with Artificial Lighting,Dry,Major Arterial,FALSE,-79.44198088,43.71652695,3,Automobile or Station Wagon,East,6,22,None,Lap and Shoulder Belt,,,,,,,,,,passenger,,Eglinton-Lawrence (8),13 Division,Englemount-Lawrence,FALSE,FALSE,FALSE,FALSE,FALSE,TRUE,FALSE,FALSE,FALSE,FALSE,"{""coordinates"": [[-79.44198088020184, 43.716526945584896]], ""type"": ""MultiPoint""}"
11012,2025:5000209670,2025-01-29T09:14:00,FAYWOOD BLVD,WILSON AVE,,2,Fatal Injury,Non-Intersection,Stop Sign,SMV Other,Clear,Daylight,Dry,Major Arterial,FALSE,-79.44645316,43.73481184,1,Passenger Van,,2,48,None,,Disobeyed traffic control,Other Condition,,,Turning Left,Driver turns left into pedestrian crossing without right-of-way (at intersection),,,,driver,,York Centre (6),32 Division,Clanton Park,TRUE,FALSE,FALSE,FALSE,FALSE,TRUE,TRUE,FALSE,FALSE,FALSE,"{""coordinates"": [[-79.44645315712086, 43.73481184477858]], ""type"": ""MultiPoint""}"
11016,2026:6000234080,2026-02-01T14:58:00,KEELE ST,FLAMBOROUGH DR,11 m S,2,Fatal Injury,Non-Intersection,No Control,Turning Movement,Clear,Daylight with Artificial Lighting,Dry,Major Arterial,FALSE,-79.47672067,43.7026154,1,Automobile or Station Wagon,East,2,50,None,,Improper turn,Normal,,,Turning Left,,,,,driver,,York South-Weston (5),12 Division,Brookhaven-Amesbury,FALSE,FALSE,FALSE,FALSE,FALSE,TRUE,TRUE,FALSE,FALSE,FALSE,"{""coordinates"": [[-79.47672066666851, 43.70261539782267]], ""type"": ""MultiPoint""}"
11017,2026:6000251229,2026-02-03T19:19:00,DUNDAS ST W,ACORN AVE,,2,Fatal Injury,At Intersection,Traffic Signal,SMV Other,Clear,Dark with Artificial Lighting,Dry,Major Arterial,FALSE,-79.53912118,43.63721941,,,,1,28,Fatal,,,,Crossing with right-of-way (intersection),Other Condition,,Driver going straight hits pedestrian crossing with right-of-way (at intersection),,,,pedestrian,5,Etobicoke-Lakeshore (3),22 Division,Etobicoke City Centre,TRUE,FALSE,FALSE,FALSE,FALSE,FALSE,TRUE,FALSE,FALSE,FALSE,"{""coordinates"": [[-79.53912118047064, 43.63721941019487]], ""type"": ""MultiPoint""}"
11020,2024:4001624331,2024-07-25T19:20:00,SHEPPARD AVE E,ATRIUM LN,40 metres S of,3,Fatal Injury,At/Near Private Drive,No Control,Turning Movement,Clear,Daylight,Dry,Minor Arterial,FALSE,-79.15009723,43.80060601,,,,3,14,,,,,,,,,,,,passenger,,Scarborough-Rouge Park (25),42 Division,West Rouge,TRUE,FALSE,FALSE,TRUE,FALSE,FALSE,FALSE,FALSE,TRUE,FALSE,"{""coordinates"": [[-79.15009722767259, 43.80060600579092]], ""type"": ""MultiPoint""}"
11021,2024:4001624331,2024-07-25T19:20:00,SHEPPARD AVE E,ATRIUM LN,40 metres S of,3,Fatal Injury,At/Near Private Drive,No Control,Turning Movement,Clear,Daylight,Dry,Minor Arterial,FALSE,-79.15009723,43.80060601,,Automobile or Station Wagon,North,2,58,None,,Failed to yield right-of-way,Normal,,,Turning Left,,,,,driver,,Scarborough-Rouge Park (25),42 Division,West Rouge,TRUE,FALSE,FALSE,TRUE,FALSE,FALSE,FALSE,FALSE,TRUE,FALSE,"{""coordinates"": [[-79.15009722767259, 43.80060600579092]], ""type"": ""MultiPoint""}"
11022,2024:4001619827,2024-07-25T08:50:00,144 BLOOR ST W,,,2,Fatal Injury,Non-Intersection,No Control,Same Direction,Clear,Daylight,Dry,Major Arterial,FALSE,-79.39322667,43.66890839,,Bicycle,West,1,24,Fatal,,,,,,Merging,,Sideswipe with cyclist and driver travelling in same direction,Other,Other Condition,cyclist,27,University-Rosedale (11),52 Division,Annex,FALSE,FALSE,TRUE,FALSE,FALSE,FALSE,FALSE,FALSE,FALSE,TRUE,"{""coordinates"": [[-79.39322666755137, 43.66890839252216]], ""type"": ""MultiPoint""}"
11028,2026:6000234080,2026-02-01T14:58:00,KEELE ST,FLAMBOROUGH DR,11 m S,2,Fatal Injury,Non-Intersection,No Control,Turning Movement,Clear,Daylight with Artificial Lighting,Dry,Major Arterial,FALSE,-79.47672067,43.7026154,0,,East,1,79,Fatal,,,,Crossing - no traffic control,Normal,,Driver hits pedestrian at midblock,,,,pedestrian,3,York South-Weston (5),12 Division,Brookhaven-Amesbury,FALSE,FALSE,FALSE,FALSE,FALSE,TRUE,TRUE,FALSE,FALSE,FALSE,"{""coordinates"": [[-79.47672066666851, 43.70261539782267]], ""type"": ""MultiPoint""}"
11029,2026:6000251229,2026-02-03T19:19:00,DUNDAS ST W,ACORN AVE,,2,Fatal Injury,At Intersection,Traffic Signal,SMV Other,Clear,Dark with Artificial Lighting,Dry,Major Arterial,FALSE,-79.53912118,43.63721941,1,Automobile or Station Wagon,East,2,25,None,,Exceeding speed limit,Unknown,,,Going Ahead,,,,,driver,,Etobicoke-Lakeshore (3),22 Division,Etobicoke City Centre,TRUE,FALSE,FALSE,FALSE,FALSE,FALSE,TRUE,FALSE,FALSE,FALSE,"{""coordinates"": [[-79.53912118047064, 43.63721941019487]], ""type"": ""MultiPoint""}"
11030,2024:4002513613,2024-11-18T18:39:00,650 LAWRENCE AVE W,,,6,Fatal Injury,Non-Intersection,No Control,Same Direction,Clear,Dark with Artificial Lighting,Dry,Major Arterial,FALSE,-79.44198088,43.71652695,3,Automobile or Station Wagon,East,3,67,None,Lap and Shoulder Belt,,,,,,,,,,driver,,Eglinton-Lawrence (8),13 Division,Englemount-Lawrence,FALSE,FALSE,FALSE,FALSE,FALSE,TRUE,FALSE,FALSE,FALSE,FALSE,"{""coordinates"": [[-79.44198088020184, 43.716526945584896]], ""type"": ""MultiPoint""}"
11031,2024:4002513613,2024-11-18T18:39:00,650 LAWRENCE AVE W,,,6,Fatal Injury,Non-Intersection,No Control,Same Direction,Clear,Dark with Artificial Lighting,Dry,Major Arterial,FALSE,-79.44198088,43.71652695,2,Automobile or Station Wagon,East,2,33,None,Lap and Shoulder Belt,Improper lane change,Normal,,,Changing Lanes,,,,,driver,,Eglinton-Lawrence (8),13 Division,Englemount-Lawrence,FALSE,FALSE,FALSE,FALSE,FALSE,TRUE,FALSE,FALSE,FALSE,FALSE,"{""coordinates"": [[-79.44198088020184, 43.716526945584896]], ""type"": ""MultiPoint""}"
11032,2024:4002513613,2024-11-18T18:39:00,650 LAWRENCE AVE W,,,6,Fatal Injury,Non-Intersection,No Control,Same Direction,Clear,Dark with Artificial Lighting,Dry,Major Arterial,FALSE,-79.44198088,43.71652695,3,Automobile or Station Wagon,East,5,61,None,Lap and Shoulder Belt,,,,,,,,,,passenger,,Eglinton-Lawrence (8),13 Division,Englemount-Lawrence,FALSE,FALSE,FALSE,FALSE,FALSE,TRUE,FALSE,FALSE,FALSE,FALSE,"{""coordinates"": [[-79.44198088020184, 43.716526945584896]], ""type"": ""MultiPoint""}"
11034,2023:3002177373,2023-09-17T19:38:00,690 GLENCAIRN AVE,,,3,Fatal Injury,Non-Intersection,No Control,Rear End,Clear,Dark,Dry,Minor Arterial,TRUE,-79.43729851,43.71031035,,Automobile or Station Wagon,West,1,93,Fatal,,Driving properly,Normal,,,Going Ahead,,,,,driver,27,Eglinton-Lawrence (8),13 Division,Englemount-Lawrence,FALSE,FALSE,FALSE,FALSE,FALSE,TRUE,FALSE,FALSE,FALSE,TRUE,"{""coordinates"": [[-79.4372985116777, 43.710310354828415]], ""type"": ""MultiPoint""}"
11035,2023:3002177373,2023-09-17T19:38:00,690 GLENCAIRN AVE,,,3,Fatal Injury,Non-Intersection,No Control,Rear End,Clear,Dark,Dry,Minor Arterial,TRUE,-79.43729851,43.71031035,,Tow Truck,West,3,,None,,,,,,Going Ahead,,,,,owner,,Eglinton-Lawrence (8),13 Division,Englemount-Lawrence,FALSE,FALSE,FALSE,FALSE,FALSE,TRUE,FALSE,FALSE,FALSE,TRUE,"{""coordinates"": [[-79.4372985116777, 43.710310354828415]], ""type"": ""MultiPoint""}"
11036,2024:4001586268,2024-07-20T21:53:00,NUGGET AVE,MARKHAM RD,354m West of,1,Fatal Injury,Non-Intersection,No Control,SMV Other,Clear,Dusk with Artificial Lighting,Dry,Major Arterial,FALSE,-79.24551376,43.7977806,1,Motorcycle,West,1,27,Fatal,,Lost control,Normal,,,Going Ahead,,,,,motorcyclist,26,Scarborough North (23),42 Division,Agincourt South-Malvern West,FALSE,FALSE,FALSE,TRUE,FALSE,FALSE,FALSE,FALSE,FALSE,FALSE,"{""coordinates"": [[-79.2455137556789, 43.797780596932085]], ""type"": ""MultiPoint""}"
11037,2024:4001619827,2024-07-25T08:50:00,144 BLOOR ST W,,,2,Fatal Injury,Non-Intersection,No Control,Same Direction,Clear,Daylight,Dry,Major Arterial,FALSE,-79.39322667,43.66890839,,Truck - Open (Flatbed),West,2,39,,,Driving properly,Normal,,,Going Ahead,,,,,driver,,University-Rosedale (11),52 Division,Annex,FALSE,FALSE,TRUE,FALSE,FALSE,FALSE,FALSE,FALSE,FALSE,TRUE,"{""coordinates"": [[-79.39322666755137, 43.66890839252216]], ""type"": ""MultiPoint""}"
11038,2024:4001624331,2024-07-25T19:20:00,SHEPPARD AVE E,ATRIUM LN,40 metres S of,3,Fatal Injury,At/Near Private Drive,No Control,Turning Movement,Clear,Daylight,Dry,Minor Arterial,FALSE,-79.15009723,43.80060601,,Motorcycle,South,1,41,Fatal,,Exceeding speed limit,Normal,,,Going Ahead,,,,,motorcyclist,28,Scarborough-Rouge Park (25),42 Division,West Rouge,TRUE,FALSE,FALSE,TRUE,FALSE,FALSE,FALSE,FALSE,TRUE,FALSE,"{""coordinates"": [[-79.15009722767259, 43.80060600579092]], ""type"": ""MultiPoint""}"
11040,2024:4002513613,2024-11-18T18:39:00,650 LAWRENCE AVE W,,,6,Fatal Injury,Non-Intersection,No Control,Same Direction,Clear,Dark with Artificial Lighting,Dry,Major Arterial,FALSE,-79.44198088,43.71652695,1,Automobile or Station Wagon,East,1,74,Fatal,Lap and Shoulder Belt,Driving properly,Normal,,,Going Ahead,,,,,driver,45,Eglinton-Lawrence (8),13 Division,Englemount-Lawrence,FALSE,FALSE,FALSE,FALSE,FALSE,TRUE,FALSE,FALSE,FALSE,FALSE,"{""coordinates"": [[-79.44198088020184, 43.716526945584896]], ""type"": ""MultiPoint""}"
11041,2024:4002513613,2024-11-18T18:39:00,650 LAWRENCE AVE W,,,6,Fatal Injury,Non-Intersection,No Control,Same Direction,Clear,Dark with Artificial Lighting,Dry,Major Arterial,FALSE,-79.44198088,43.71652695,1,Automobile or Station Wagon,East,4,33,Minimal,Lap and Shoulder Belt,,,,,,,,,,passenger,,Eglinton-Lawrence (8),13 Division,Englemount-Lawrence,FALSE,FALSE,FALSE,FALSE,FALSE,TRUE,FALSE,FALSE,FALSE,FALSE,"{""coordinates"": [[-79.44198088020184, 43.716526945584896]], ""type"": ""MultiPoint""}"
11043,2021:1001142501,2021-06-18T17:25:00,720 ARROW RD,,,3,Fatal Injury,Non-Intersection,No Control,Approaching Head On,Clear,Daylight,Dry,Minor Arterial,FALSE,-79.52988893,43.74706888,1,Motorcycle,South,1,61,Fatal,Helmet,Improper passing,Unknown,,,Going Ahead,,,,,motorcyclist,18,Humber River-Black Creek (7),31 Division,Humbermede,TRUE,FALSE,FALSE,TRUE,FALSE,TRUE,FALSE,FALSE,FALSE,FALSE,"{""coordinates"": [[-79.52988892593153, 43.74706887680276]], ""type"": ""MultiPoint""}"
11044,2021:1001163687,2021-06-21T18:42:00,FINCH AVE E,KENNETH AVE,90 m West of,4,Fatal Injury,Non-Intersection,No Control,Rear End,Clear,Daylight,Dry,Major Arterial,FALSE,-79.4132963,43.78016504,1,,,3,77,Fatal,Use Unknown,,,,,,,,,,passenger,12,Willowdale (18),32 Division,Yonge-Doris,FALSE,FALSE,FALSE,FALSE,FALSE,TRUE,FALSE,FALSE,FALSE,TRUE,"{""coordinates"": [[-79.4132962962187, 43.78016504394718]], ""type"": ""MultiPoint""}"
11045,2021:1001163687,2021-06-21T18:42:00,FINCH AVE E,KENNETH AVE,90 m West of,4,Fatal Injury,Non-Intersection,No Control,Rear End,Clear,Daylight,Dry,Major Arterial,FALSE,-79.4132963,43.78016504,2,Municipal Transit Bus (TTC),West,2,61,Minor,Lap and Shoulder Belt,Driving properly,Normal,,,Going Ahead,,,,,driver,,Willowdale (18),32 Division,Yonge-Doris,FALSE,FALSE,FALSE,FALSE,FALSE,TRUE,FALSE,FALSE,FALSE,TRUE,"{""coordinates"": [[-79.4132962962187, 43.78016504394718]], ""type"": ""MultiPoint""}"
11046,2021:1002433478,2021-12-18T00:10:00,LAWRENCE AVE E,PHARMACY AVE,,3,Fatal Injury,At Intersection,Traffic Signal,Turning Movement,Clear,Dark with Artificial Lighting,Dry,Major Arterial,FALSE,-79.3046078,43.74316998,,Automobile or Station Wagon,East,2,19,Major,,Exceeding speed limit,Unknown,,,Going Ahead,,,,,driver,,Scarborough Centre (21),41 Division,Wexford/Maryvale,TRUE,FALSE,FALSE,FALSE,FALSE,FALSE,FALSE,FALSE,TRUE,FALSE,"{""coordinates"": [[-79.30460780078339, 43.743169977637514]], ""type"": ""MultiPoint""}"
11047,2021:1002433478,2021-12-18T00:10:00,LAWRENCE AVE E,PHARMACY AVE,,3,Fatal Injury,At Intersection,Traffic Signal,Turning Movement,Clear,Dark with Artificial Lighting,Dry,Major Arterial,FALSE,-79.3046078,43.74316998,,,,3,24,Major,,,,,,,,,,,passenger,,Scarborough Centre (21),41 Division,Wexford/Maryvale,TRUE,FALSE,FALSE,FALSE,FALSE,FALSE,FALSE,FALSE,TRUE,FALSE,"{""coordinates"": [[-79.30460780078339, 43.743169977637514]], ""type"": ""MultiPoint""}"
11048,2021:1002433478,2021-12-18T00:10:00,LAWRENCE AVE E,PHARMACY AVE,,3,Fatal Injury,At Intersection,Traffic Signal,Turning Movement,Clear,Dark with Artificial Lighting,Dry,Major Arterial,FALSE,-79.3046078,43.74316998,,Automobile or Station Wagon,West,1,57,Fatal,,Driving properly,Unknown,,,Turning Left,,,,,driver,58,Scarborough Centre (21),41 Division,Wexford/Maryvale,TRUE,FALSE,FALSE,FALSE,FALSE,FALSE,FALSE,FALSE,TRUE,FALSE,"{""coordinates"": [[-79.30460780078339, 43.743169977637514]], ""type"": ""MultiPoint""}"
11049,2021:1001163687,2021-06-21T18:42:00,FINCH AVE E,KENNETH AVE,90 m West of,4,Fatal Injury,Non-Intersection,No Control,Rear End,Clear,Daylight,Dry,Major Arterial,FALSE,-79.4132963,43.78016504,1,Automobile or Station Wagon,West,1,76,Major,Use Unknown,Lost control,Unknown,,,Going Ahead,,,,,driver,,Willowdale (18),32 Division,Yonge-Doris,FALSE,FALSE,FALSE,FALSE,FALSE,TRUE,FALSE,FALSE,FALSE,TRUE,"{""coordinates"": [[-79.4132962962187, 43.78016504394718]], ""type"": ""MultiPoint""}"
11050,2021:1001163687,2021-06-21T18:42:00,FINCH AVE E,KENNETH AVE,90 m West of,4,Fatal Injury,Non-Intersection,No Control,Rear End,Clear,Daylight,Dry,Major Arterial,FALSE,-79.4132963,43.78016504,2,,,4,64,Minor,Use Unknown,,,,,,,,,,passenger,,Willowdale (18),32 Division,Yonge-Doris,FALSE,FALSE,FALSE,FALSE,FALSE,TRUE,FALSE,FALSE,FALSE,TRUE,"{""coordinates"": [[-79.4132962962187, 43.78016504394718]], ""type"": ""MultiPoint""}"
11051,2021:1001142501,2021-06-18T17:25:00,720 ARROW RD,,,3,Fatal Injury,Non-Intersection,No Control,Approaching Head On,Clear,Daylight,Dry,Minor Arterial,FALSE,-79.52988893,43.74706888,3,Automobile or Station Wagon,North,3,65,None,Lap and Shoulder Belt,Driving properly,Normal,,,Going Ahead,,,,,driver,,Humber River-Black Creek (7),31 Division,Humbermede,TRUE,FALSE,FALSE,TRUE,FALSE,TRUE,FALSE,FALSE,FALSE,FALSE,"{""coordinates"": [[-79.52988892593153, 43.74706887680276]], ""type"": ""MultiPoint""}"