_id,collision_id,accdate,stname1,stname2,stname3,per_inv,acclass,accloc,traffictl,impactype,visible,light,rdsfcond,road_class,failtorem,longitude,latitude,veh_no,vehtype,initdir,per_no,invage,injury,safequip,drivact,drivcond,pedact,pedcond,manoeuvre,pedtype,cyclistype,cycact,cyccond,road_user,fatal_no,wardname,division,neighbourhood,aggressive,distracted,cyclist,motorcyclist,other_micromobility,older_adult,pedestrian,red_light,school_child,heavy_truck,geometry
12090,2014:4002817424,2014-09-01T01:47:00,EGLINTON AVE E,MARKHAM RD,76 m West of,2,Fatal Injury,Non-Intersection,No Control,Pedestrian Collision (internal code),Clear,Dark with Artificial Lighting,Dry,Major Arterial,FALSE,-79.21985247,43.74297096,1,Municipal Transit Bus (TTC),East,1,33,None,Lap and Shoulder Belt,Driving properly,Normal,,,Going Ahead,,,,,driver,,Scarborough Southwest (20),43 Division,Scarborough Village,FALSE,FALSE,FALSE,FALSE,FALSE,FALSE,TRUE,FALSE,FALSE,TRUE,"{""coordinates"": [[-79.2198524650308, 43.74297096158045]], ""type"": ""MultiPoint""}"
12097,2014:142879736,2014-09-10T06:20:00,OKEEFE LANE,DUNDAS SQ,,2,Fatal Injury,,No Control,Pedestrian Collision (internal code),Clear,Dark with Artificial Lighting,Dry,Laneway,FALSE,-79.37986386,43.65538618,0,Truck - Dump,South,2,33,None,,Other,Inattentive,,,Reversing,,,,,driver,,Toronto Centre (13),51 Division,Downtown Yonge East,FALSE,TRUE,FALSE,FALSE,FALSE,FALSE,TRUE,FALSE,FALSE,TRUE,"{""coordinates"": [[-79.3798638626148, 43.655386176194746]], ""type"": ""MultiPoint""}"
12100,2014:142937129,2014-09-18T20:01:00,ST CLAIR AVE W,DEER PARK CRES,,2,Fatal Injury,,No Control,Pedestrian Collision (internal code),Clear,Dark with Artificial Lighting,Dry,Major Arterial,FALSE,-79.39679385,43.68752419,0,Streetcar,East,2,62,None,,Driving properly,Normal,,,Going Ahead,,,,,driver,,Toronto-St. Paul's (12),53 Division,Yonge-St.Clair,FALSE,FALSE,FALSE,FALSE,FALSE,TRUE,TRUE,FALSE,FALSE,TRUE,"{""coordinates"": [[-79.39679384524803, 43.68752419293567]], ""type"": ""MultiPoint""}"
12102,2014:142962876,2014-09-22T20:59:00,KING ST W,CLOSE AVE,,2,Fatal Injury,,Pedestrian Crossover,Pedestrian Collision (internal code),Clear,Dark with Artificial Lighting,Dry,Major Arterial,FALSE,-79.434712,43.63744926,1,,Unknown,1,39,Fatal,,,,Crossing - pedestrian crossover,Unknown,,Driver hits pedestrian at PXO/pedestrian midblock signal,,,,pedestrian,29,Parkdale-High Park (4),14 Division,South Parkdale,TRUE,TRUE,FALSE,FALSE,FALSE,FALSE,TRUE,FALSE,FALSE,FALSE,"{""coordinates"": [[-79.43471199897157, 43.63744926294386]], ""type"": ""MultiPoint""}"
12109,2014:143015764,2014-09-30T16:08:00,ST CLAIR AVE W,KEELE ST,,2,Fatal Injury,,No Control,Pedestrian Collision (internal code),Clear,Daylight,Dry,Major Arterial,FALSE,-79.46851,43.6723303,0,Streetcar,East,2,46,None,,Driving properly,Normal,,,Slowing or Stopping,,,,,driver,,York South-Weston (5),11 Division,Junction Area,FALSE,FALSE,FALSE,FALSE,FALSE,TRUE,TRUE,FALSE,FALSE,TRUE,"{""coordinates"": [[-79.46851000496152, 43.67233029937876]], ""type"": ""MultiPoint""}"
12112,2014:4003073382,2014-10-09T14:10:00,WARDEN AVE,MARBLE ARCH CRES,,2,Fatal Injury,Non-Intersection,Traffic Signal,Cyclist Collision (internal code),Clear,Daylight,Dry,Major Arterial,FALSE,-79.29063759,43.73533404,2,Bicycle,East,2,63,Fatal,Helmet,,,,,Going Ahead,,"Driver without right-of-way drives into path of cyclist (at intersection, laneway, or driveway)",Driving Properly,Normal,cyclist,32,Scarborough Centre (21),41 Division,Wexford/Maryvale,TRUE,TRUE,TRUE,FALSE,FALSE,FALSE,FALSE,TRUE,FALSE,FALSE,"{""coordinates"": [[-79.29063758727159, 43.73533404450534]], ""type"": ""MultiPoint""}"
12113,2014:4003074555,2014-10-09T17:45:00,KING ST W,JAMESON AVE,14 m West of,2,Fatal Injury,Intersection-Related,No Control,Pedestrian Collision (internal code),Clear,Dusk,Dry,Major Arterial,FALSE,-79.436573,43.63705227,1,Truck - Dump,East,1,44,None,Lap and Shoulder Belt,Driving properly,Normal,,,Going Ahead,,,,,driver,,Parkdale-High Park (4),14 Division,South Parkdale,FALSE,TRUE,FALSE,FALSE,FALSE,TRUE,TRUE,FALSE,FALSE,TRUE,"{""coordinates"": [[-79.43657300333768, 43.6370522658943]], ""type"": ""MultiPoint""}"
12115,2014:143084786,2014-10-11T10:24:00,LAWRENCE AVE W,ALLEN X N LAWRENCE RAMP,,2,Fatal Injury,At Intersection,Traffic Signal,Pedestrian Collision (internal code),Clear,Daylight,Dry,Major Arterial,FALSE,-79.44320288,43.71630625,0,,South,1,65,Fatal,,,,Crossing with right-of-way (intersection),Normal,,Transit vehicle driver hits pedestrian anywhere along roadway,,,,pedestrian,34,Eglinton-Lawrence (8),13 Division,Englemount-Lawrence,FALSE,FALSE,FALSE,FALSE,FALSE,TRUE,TRUE,FALSE,FALSE,TRUE,"{""coordinates"": [[-79.44320288274568, 43.716306247287214]], ""type"": ""MultiPoint""}"
12117,2014:143117140,2014-10-16T19:27:00,VICTORIA PARK AVE,EGLINTON AVE E,,2,Fatal Injury,,No Control,Pedestrian Collision (internal code),Rain,Dark with Artificial Lighting,Wet,Major Arterial,FALSE,-79.30310462,43.72583206,0,,West,1,57,Fatal,,,,Crossing - no traffic control,Unknown,,Driver hits pedestrian at midblock,,,,pedestrian,35,Scarborough Centre (21),41 Division,Wexford/Maryvale,FALSE,FALSE,FALSE,FALSE,FALSE,FALSE,TRUE,FALSE,FALSE,FALSE,"{""coordinates"": [[-79.30310462124694, 43.7258320608529]], ""type"": ""MultiPoint""}"
12120,2015:5000518760,2015-03-19T16:45:00,6212 YONGE ST,,,3,Fatal Injury,At/Near Private Drive,No Control,Pedestrian Collision (internal code),Clear,Daylight,Dry,Major Arterial,TRUE,-79.41920074,43.7946372,1,,North,3,82,Fatal,No Equipment Available,,,On sidewalk or shoulder,Normal,,Driver hits pedestrian at private driveway,,,,pedestrian,16,Willowdale (18),32 Division,Newtonbrook East,TRUE,FALSE,FALSE,FALSE,FALSE,TRUE,TRUE,FALSE,FALSE,FALSE,"{""coordinates"": [[-79.41920073545988, 43.79463719966527]], ""type"": ""MultiPoint""}"
12125,2014:4003192512,2014-10-28T15:15:00,VICTORIA PARK AVE,O CONNOR DR,,2,Fatal Injury,Intersection-Related,Traffic Signal,Cyclist Collision (internal code),Other,Daylight,Dry,Major Arterial,FALSE,-79.30208962,43.72337106,2,Bicycle,South,2,71,Fatal,No Equipment Available,,,,,Going Ahead,,Driver turns right on green or amber at signalized intersection and hits cyclist,Other,Other Condition,cyclist,36,Scarborough Southwest (20),41 Division,Clairlea-Birchmount,FALSE,TRUE,TRUE,FALSE,FALSE,TRUE,FALSE,FALSE,FALSE,FALSE,"{""coordinates"": [[-79.30208962268809, 43.723371059609086]], ""type"": ""MultiPoint""}"
12134,2014:143250160,2014-11-06T12:54:00,MIDLAND AVE,GILDER DR,,2,Fatal Injury,At Intersection,Traffic Signal,Pedestrian Collision (internal code),Clear,Daylight,Dry,Major Arterial,FALSE,-79.25876953,43.736032,0,,Unknown,1,42,Fatal,,,,On sidewalk or shoulder,Normal,,Driver hits pedestrian on sidewalk or shoulder,,,,pedestrian,38,Scarborough Centre (21),41 Division,Eglinton East,FALSE,FALSE,FALSE,FALSE,FALSE,FALSE,TRUE,FALSE,FALSE,FALSE,"{""coordinates"": [[-79.2587695314306, 43.736032003631074]], ""type"": ""MultiPoint""}"
12136,2014:4003257164,2014-11-07T12:47:00,DON MILLS RD,FRESHMEADOW DR,,2,Fatal Injury,Non-Intersection,No Control,Pedestrian Collision (internal code),Clear,Daylight,Dry,Major Arterial,FALSE,-79.35948562,43.80937713,1,,East,2,73,Fatal,No Equipment Available,,,Crossing - no traffic control,Unknown,,Driver hits pedestrian at midblock,,,,pedestrian,39,Don Valley North (17),33 Division,Hillcrest Village,FALSE,FALSE,FALSE,FALSE,FALSE,TRUE,TRUE,FALSE,FALSE,FALSE,"{""coordinates"": [[-79.35948562485807, 43.80937712913285]], ""type"": ""MultiPoint""}"
12141,2014:143335677,2014-11-20T12:45:00,2440 DUNDAS ST W,,,2,Fatal Injury,At Intersection,Traffic Signal,Pedestrian Collision (internal code),Clear,Daylight,Dry,Minor Arterial,FALSE,-79.452984,43.65825828,0,,East,1,66,Fatal,,,,Crossing with right-of-way (intersection),Unknown,,Driver turns left into pedestrian crossing with right-of-way (at intersection),,,,pedestrian,42,Parkdale-High Park (4),11 Division,High Park North,TRUE,TRUE,FALSE,FALSE,FALSE,TRUE,TRUE,FALSE,FALSE,TRUE,"{""coordinates"": [[-79.45298399965262, 43.65825828257252]], ""type"": ""MultiPoint""}"
12142,2014:143339762,2014-11-21T06:00:00,FINCH AVE W,DRIFTWOOD AVE,,2,Fatal Injury,At Intersection,Traffic Signal,Pedestrian Collision (internal code),Clear,Dawn with Artificial Lighting,Dry,Major Arterial,FALSE,-79.51343193,43.75804732,0,,North,1,60,Fatal,,,,Crossing without right-of-way (intersection),Unknown,,Driver going straight hits pedestrian crossing without right-of-way (at intersection),,,,pedestrian,41,Humber River-Black Creek (7),31 Division,Glenfield-Jane Heights,FALSE,FALSE,FALSE,FALSE,FALSE,FALSE,TRUE,FALSE,FALSE,FALSE,"{""coordinates"": [[-79.51343192819252, 43.75804731875438]], ""type"": ""MultiPoint""}"
12156,2014:143474139,2014-12-12T18:40:00,COXWELL AVE,COSBURN AVE,,2,Fatal Injury,At Intersection,Traffic Signal,Pedestrian Collision (internal code),Clear,Dusk with Artificial Lighting,Dry,Minor Arterial,FALSE,-79.32800671,43.6941241,0,Automobile or Station Wagon,North,2,78,None,,Improper turn,Inattentive,,,Turning Left,,,,,driver,,Beaches-East York (19),55 Division,Danforth East York,FALSE,TRUE,FALSE,FALSE,FALSE,TRUE,TRUE,FALSE,FALSE,FALSE,"{""coordinates"": [[-79.32800670855883, 43.69412409634531]], ""type"": ""MultiPoint""}"
12163,2014:143507481,2014-12-18T08:43:00,6030 BATHURST ST,,,3,Fatal Injury,,No Control,Pedestrian Collision (internal code),Clear,Daylight,Dry,Major Arterial,FALSE,-79.44666679,43.78857623,0,,,1,,None,,,,,,,,,,,passenger,,Willowdale (18),32 Division,Newtonbrook West,FALSE,TRUE,FALSE,FALSE,FALSE,TRUE,TRUE,FALSE,FALSE,FALSE,"{""coordinates"": [[-79.4466667865915, 43.78857623297128]], ""type"": ""MultiPoint""}"
12164,2014:4003516677,2014-12-19T17:40:00,FINCH AVE E,NEILSON RD,,2,Fatal Injury,At Intersection,Traffic Signal,Pedestrian Collision (internal code),Clear,Dark,Dry,Minor Arterial,TRUE,-79.22759642,43.81625098,1,Municipal Transit Bus (TTC),North,1,27,None,Use Unknown,Failed to yield right-of-way,Other Condition,,,Turning Right,,,,,driver,,Scarborough North (23),42 Division,Malvern West,TRUE,FALSE,FALSE,FALSE,FALSE,FALSE,TRUE,FALSE,TRUE,TRUE,"{""coordinates"": [[-79.22759641788608, 43.8162509831546]], ""type"": ""MultiPoint""}"
12173,2014:4003563376,2014-12-28T18:09:00,SHEPPARD AVE E,BRIDLEWOOD BLVD,37 m West of,5,Fatal Injury,Non-Intersection,No Control,Pedestrian Collision (internal code),Clear,Dark with Artificial Lighting,Dry,Major Arterial,FALSE,-79.31548659,43.77701308,1,,South,5,80,Fatal,No Equipment Available,,,Crossing - no traffic control,Inattentive,,Driver hits pedestrian at midblock,,,,pedestrian,49,Scarborough-Agincourt (22),42 Division,Tam O'Shanter-Sullivan,FALSE,TRUE,FALSE,FALSE,FALSE,TRUE,TRUE,FALSE,FALSE,TRUE,"{""coordinates"": [[-79.31548658545745, 43.77701307684246]], ""type"": ""MultiPoint""}"
12174,2014:4003563376,2014-12-28T18:09:00,SHEPPARD AVE E,BRIDLEWOOD BLVD,37 m West of,5,Fatal Injury,Non-Intersection,No Control,Pedestrian Collision (internal code),Clear,Dark with Artificial Lighting,Dry,Major Arterial,FALSE,-79.31548659,43.77701308,1,,,3,20,None,Lap and Shoulder Belt,,,,,,,,,,passenger,,Scarborough-Agincourt (22),42 Division,Tam O'Shanter-Sullivan,FALSE,TRUE,FALSE,FALSE,FALSE,TRUE,TRUE,FALSE,FALSE,TRUE,"{""coordinates"": [[-79.31548658545745, 43.77701307684246]], ""type"": ""MultiPoint""}"
12175,2014:4003563376,2014-12-28T18:09:00,SHEPPARD AVE E,BRIDLEWOOD BLVD,37 m West of,5,Fatal Injury,Non-Intersection,No Control,Pedestrian Collision (internal code),Clear,Dark with Artificial Lighting,Dry,Major Arterial,FALSE,-79.31548659,43.77701308,1,,,2,20,None,Lap and Shoulder Belt,,,,,,,,,,passenger,,Scarborough-Agincourt (22),42 Division,Tam O'Shanter-Sullivan,FALSE,TRUE,FALSE,FALSE,FALSE,TRUE,TRUE,FALSE,FALSE,TRUE,"{""coordinates"": [[-79.31548658545745, 43.77701307684246]], ""type"": ""MultiPoint""}"
12181,2015:5000144020,2015-01-25T07:56:00,COLLEGE ST,BROCK AVE,2 m West of,2,Fatal Injury,At Intersection,Traffic Signal,Pedestrian Collision (internal code),Clear,Daylight,Dry,Minor Arterial,FALSE,-79.43634398,43.65180026,1,,South,2,58,Fatal,No Equipment Available,,,Crossing with right-of-way (intersection),Medical or Physical Disability,,Driver turns left into pedestrian crossing with right-of-way (at intersection),,,,pedestrian,2,Davenport (9),11 Division,Little Portugal,TRUE,TRUE,FALSE,FALSE,FALSE,FALSE,TRUE,FALSE,FALSE,FALSE,"{""coordinates"": [[-79.43634397825761, 43.65180026045446]], ""type"": ""MultiPoint""}"
12183,2015:5000160956,2015-01-28T06:17:00,1792 BIRCHMOUNT RD,,,2,Fatal Injury,,No Control,Pedestrian Collision (internal code),Clear,Dark,Dry,Major Arterial,FALSE,-79.29131656,43.76543205,0,,West,1,58,Fatal,,,,Crossing - no traffic control,Inattentive,,Driver hits pedestrian at midblock,,,,pedestrian,3,Scarborough Centre (21),41 Division,Dorset Park,FALSE,TRUE,FALSE,FALSE,FALSE,FALSE,TRUE,FALSE,FALSE,FALSE,"{""coordinates"": [[-79.29131655610107, 43.76543204666268]], ""type"": ""MultiPoint""}"
12185,2015:5000212905,2015-02-05T17:01:00,750 DANFORTH RD,,,2,Fatal Injury,,No Control,Pedestrian Collision (internal code),Clear,Daylight with Artificial Lighting,Wet,Major Arterial,FALSE,-79.25744255,43.720403,0,Automobile or Station Wagon,West,2,42,None,,Driving properly,Unknown,,,Going Ahead,,,,,driver,,Scarborough Southwest (20),41 Division,Kennedy Park,FALSE,FALSE,FALSE,FALSE,FALSE,TRUE,TRUE,FALSE,FALSE,FALSE,"{""coordinates"": [[-79.25744254770693, 43.72040300082772]], ""type"": ""MultiPoint""}"
12187,2015:5000275153,2015-02-16T06:44:00,KENNEDY RD,MCNICOLL AVE,,2,Fatal Injury,At Intersection,Traffic Signal,Pedestrian Collision (internal code),Clear,Dawn,Dry,Major Arterial,FALSE,-79.30193653,43.81212806,0,Automobile or Station Wagon,North,1,37,None,,Disobeyed traffic control,Normal,,,Going Ahead,,,,,driver,,Scarborough-Agincourt (22),42 Division,Milliken,TRUE,FALSE,FALSE,FALSE,FALSE,TRUE,TRUE,TRUE,FALSE,FALSE,"{""coordinates"": [[-79.30193653167952, 43.812128063093866]], ""type"": ""MultiPoint""}"
12191,2015:5000286208,2015-02-18T01:04:00,SHERBOURNE ST,DUNDAS ST E,50 m South of,2,Fatal Injury,Intersection-Related,No Control,Pedestrian Collision (internal code),Clear,Dark with Artificial Lighting,Wet,Minor Arterial,TRUE,-79.37079984,43.65773916,1,Automobile or Station Wagon,South,1,31,None,Use Unknown,Exceeding speed limit,Had Been Drinking,,,Going Ahead,,,,,driver,,Toronto Centre (13),51 Division,Moss Park,TRUE,FALSE,FALSE,FALSE,FALSE,FALSE,TRUE,FALSE,FALSE,FALSE,"{""coordinates"": [[-79.37079984150378, 43.65773916241721]], ""type"": ""MultiPoint""}"
12196,2015:5000374256,2015-03-04T16:39:00,FINCH AVE E,MARKHAM RD,,2,Fatal Injury,At Intersection,Traffic Signal,Pedestrian Collision (internal code),Clear,Daylight,Dry,Major Arterial,FALSE,-79.24306844,43.812959,1,Truck - Tractor,West,2,38,None,,Failed to yield right-of-way,Normal,,,Turning Right,,,,,driver,,Scarborough North (23),42 Division,Malvern West,TRUE,FALSE,FALSE,FALSE,FALSE,FALSE,TRUE,FALSE,FALSE,TRUE,"{""coordinates"": [[-79.24306844044136, 43.81295899714002]], ""type"": ""MultiPoint""}"
12199,2016:6001088034,2016-06-22T06:55:00,DYNEVOR RD,KIRKNEWTON RD,,4,Fatal Injury,Non-Intersection,No Control,Pedestrian Collision (internal code),Clear,Daylight,Dry,Local,FALSE,-79.45054994,43.69101527,0,,,3,30,None,,,,,,,,,,,passenger,,Davenport (9),13 Division,Caledonia-Fairbank,FALSE,FALSE,FALSE,FALSE,FALSE,TRUE,TRUE,FALSE,FALSE,TRUE,"{""coordinates"": [[-79.45054993899943, 43.69101526661614]], ""type"": ""MultiPoint""}"
12200,2015:5000375108,2015-03-04T19:35:00,MILLWICK DR,PLUNKETT RD,,2,Fatal Injury,Intersection-Related,Traffic Signal,Pedestrian Collision (internal code),Clear,Dark with Artificial Lighting,Dry,Minor Arterial,FALSE,-79.570072,43.76041638,1,,South,2,80,Fatal,No Equipment Available,,,Crossing with right-of-way (intersection),Normal,,Driver turns right into pedestrian crossing with right-of-way (at intersection),,,,pedestrian,9,Humber River-Black Creek (7),31 Division,Humber Summit,TRUE,TRUE,FALSE,FALSE,FALSE,TRUE,TRUE,FALSE,FALSE,FALSE,"{""coordinates"": [[-79.57007199564809, 43.760416379960745]], ""type"": ""MultiPoint""}"
12201,2015:5000406927,2015-03-10T06:45:00,452 MORTIMER AVE,,,2,Fatal Injury,,No Control,Pedestrian Collision (internal code),Clear,Dawn with Artificial Lighting,Wet,Minor Arterial,FALSE,-79.33273672,43.6892301,0,Automobile or Station Wagon,West,2,76,None,,Driving properly,Inattentive,,,Going Ahead,,,,,driver,,Toronto-Danforth (14),55 Division,Danforth East York,FALSE,TRUE,FALSE,FALSE,FALSE,TRUE,TRUE,FALSE,FALSE,FALSE,"{""coordinates"": [[-79.33273672405424, 43.68923010338375]], ""type"": ""MultiPoint""}"
12205,2015:5000518760,2015-03-19T16:45:00,6212 YONGE ST,,,3,Fatal Injury,At/Near Private Drive,No Control,Pedestrian Collision (internal code),Clear,Daylight,Dry,Major Arterial,TRUE,-79.41920074,43.7946372,1,,North,2,75,Minor,No Equipment Available,,,On sidewalk or shoulder,Unknown,,Driver hits pedestrian at private driveway,,,,pedestrian,,Willowdale (18),32 Division,Newtonbrook East,TRUE,FALSE,FALSE,FALSE,FALSE,TRUE,TRUE,FALSE,FALSE,FALSE,"{""coordinates"": [[-79.41920073545988, 43.79463719966527]], ""type"": ""MultiPoint""}"
12206,2015:5000466893,2015-03-20T00:58:00,262 TORRENS AVE,,,2,Fatal Injury,,No Control,Pedestrian Collision (internal code),Clear,Dark,Dry,Local,FALSE,-79.34350174,43.69252512,0,,North,1,88,Fatal,,,,On sidewalk or shoulder,Unknown,,Driver hits pedestrian on sidewalk or shoulder,,,,pedestrian,11,Toronto-Danforth (14),55 Division,Old East York,FALSE,TRUE,FALSE,FALSE,FALSE,TRUE,TRUE,FALSE,FALSE,FALSE,"{""coordinates"": [[-79.3435017392955, 43.6925251179337]], ""type"": ""MultiPoint""}"
12207,2015:5000471839,2015-03-20T20:10:00,ST CLAIR AVE W,ARLINGTON AVE,,2,Fatal Injury,At Intersection,Traffic Signal,Pedestrian Collision (internal code),Clear,Dark with Artificial Lighting,Dry,Major Arterial,FALSE,-79.42885992,43.68103224,1,Streetcar,East,1,27,None,Use Unknown,Failed to yield right-of-way,Normal,,,Going Ahead,,,,,driver,,Toronto-St. Paul's (12),13 Division,Wychwood,TRUE,FALSE,FALSE,FALSE,FALSE,TRUE,TRUE,FALSE,FALSE,TRUE,"{""coordinates"": [[-79.42885991543687, 43.68103223980397]], ""type"": ""MultiPoint""}"
12210,2015:5000513611,2015-03-27T20:53:00,EGLINTON AVE E,VICTORIA PARK AVE,3 m West of,3,Fatal Injury,Non-Intersection,No Control,Pedestrian Collision (internal code),Clear,Dark with Artificial Lighting,Dry,Major Arterial,FALSE,-79.30263862,43.72471006,1,Automobile or Station Wagon,West,1,61,None,Lap and Shoulder Belt,Driving properly,Normal,,,Going Ahead,,,,,driver,,Scarborough Southwest (20),41 Division,Clairlea-Birchmount,FALSE,FALSE,FALSE,FALSE,FALSE,FALSE,TRUE,FALSE,FALSE,FALSE,"{""coordinates"": [[-79.30263862189994, 43.72471006028302]], ""type"": ""MultiPoint""}"
12211,2015:5000516992,2015-03-28T12:40:00,REINER RD,WILSON HEIGHTS BLVD,,2,Fatal Injury,At Intersection,Traffic Signal,Pedestrian Collision (internal code),Clear,Daylight,Dry,Minor Arterial,FALSE,-79.45488385,43.74868925,1,Automobile or Station Wagon,West,1,30,None,Lap and Shoulder Belt,Failed to yield right-of-way,Inattentive,,,Turning Left,,,,,driver,,York Centre (6),32 Division,Clanton Park,TRUE,TRUE,FALSE,FALSE,FALSE,TRUE,TRUE,FALSE,FALSE,FALSE,"{""coordinates"": [[-79.45488384782197, 43.74868925022375]], ""type"": ""MultiPoint""}"
12214,2015:5000560313,2015-04-04T20:10:00,BROADVIEW AVE,GERRARD ST E,31 m North of,2,Fatal Injury,Non-Intersection,No Control,Pedestrian Collision (internal code),Rain,Dark with Artificial Lighting,Wet,Minor Arterial,FALSE,-79.35276379,43.66581913,1,,Unknown,2,63,Fatal,Use Unknown,,,Crossing - no traffic control,Had Been Drinking,,Transit vehicle driver hits pedestrian anywhere along roadway,,,,pedestrian,17,Toronto-Danforth (14),55 Division,North Riverdale,FALSE,FALSE,FALSE,FALSE,FALSE,FALSE,TRUE,FALSE,FALSE,TRUE,"{""coordinates"": [[-79.35276379492937, 43.66581913478353]], ""type"": ""MultiPoint""}"
12220,2015:5000653521,2015-04-20T14:05:00,1159 DUNDAS ST E,,6 m West of,4,Fatal Injury,Non-Intersection,No Control,Pedestrian Collision (internal code),Clear,Daylight,Dry,Minor Arterial,FALSE,-79.34238078,43.66444212,1,Automobile or Station Wagon,East,1,18,None,Use Unknown,Lost control,Inattentive,,,Going Ahead,,,,,driver,,Toronto-Danforth (14),55 Division,South Riverdale,FALSE,TRUE,FALSE,FALSE,FALSE,FALSE,TRUE,FALSE,TRUE,FALSE,"{""coordinates"": [[-79.34238077701328, 43.66444211994794]], ""type"": ""MultiPoint""}"
12221,2015:5000653521,2015-04-20T14:05:00,1159 DUNDAS ST E,,6 m West of,4,Fatal Injury,Non-Intersection,No Control,Pedestrian Collision (internal code),Clear,Daylight,Dry,Minor Arterial,FALSE,-79.34238078,43.66444212,1,,Unknown,4,31,Fatal,No Equipment Available,,,On sidewalk or shoulder,Normal,,Driver hits pedestrian on sidewalk or shoulder,,,,pedestrian,19,Toronto-Danforth (14),55 Division,South Riverdale,FALSE,TRUE,FALSE,FALSE,FALSE,FALSE,TRUE,FALSE,TRUE,FALSE,"{""coordinates"": [[-79.34238077701328, 43.66444211994794]], ""type"": ""MultiPoint""}"
12229,2015:5000800766,2015-05-13T22:08:00,DANFORTH RD,BRIMLEY RD,,2,Fatal Injury,At Intersection,Traffic Signal,Pedestrian Collision (internal code),Clear,Dark,Dry,Major Arterial,FALSE,-79.24737951,43.73516199,0,Automobile or Station Wagon,East,1,84,None,,Driving properly,Unknown,,,Going Ahead,,,,,driver,,Scarborough Southwest (20),43 Division,Eglinton East,FALSE,FALSE,FALSE,FALSE,FALSE,TRUE,TRUE,FALSE,FALSE,FALSE,"{""coordinates"": [[-79.24737951350818, 43.73516198952987]], ""type"": ""MultiPoint""}"
12235,2015:5000814405,2015-05-16T03:25:00,BLOOR ST W,INDIAN GRV,50 m West of,3,Fatal Injury,Non-Intersection,No Control,Pedestrian Collision (internal code),Clear,Dark with Artificial Lighting,Dry,Major Arterial,FALSE,-79.45782901,43.65516829,1,Automobile or Station Wagon,East,1,65,None,Lap and Shoulder Belt,Driving properly,Normal,,,Going Ahead,,,,,driver,,Parkdale-High Park (4),11 Division,High Park-Swansea,FALSE,FALSE,FALSE,FALSE,FALSE,TRUE,TRUE,FALSE,FALSE,FALSE,"{""coordinates"": [[-79.45782901435973, 43.655168290883445]], ""type"": ""MultiPoint""}"
12236,2015:5000832268,2015-05-19T08:23:00,ROXBOROUGH ST E,WRENTHAM PL,,2,Fatal Injury,,Stop Sign,Cyclist Collision (internal code),Clear,Daylight with Artificial Lighting,Dry,Collector,FALSE,-79.38231283,43.67942217,0,Automobile or Station Wagon,East,2,43,Minimal,,Driving properly,Normal,,,Going Ahead,,,,,driver,,University-Rosedale (11),53 Division,Rosedale-Moore Park,FALSE,FALSE,TRUE,FALSE,FALSE,TRUE,FALSE,FALSE,FALSE,FALSE,"{""coordinates"": [[-79.38231283073532, 43.679422174512105]], ""type"": ""MultiPoint""}"
12237,2015:5001457314,2015-08-24T13:25:00,STEELES AVE W,TORRESDALE AVE,1 m East of,2,Fatal Injury,At Intersection,Traffic Signal,Pedestrian Collision (internal code),Clear,Daylight,Dry,Major Arterial,FALSE,-79.45302179,43.79080024,1,Pickup Truck,West,1,19,None,Lap and Shoulder Belt,Driving properly,Normal,,,Going Ahead,,,,,driver,,York Centre (6),32 Division,Westminster-Branson,FALSE,FALSE,FALSE,FALSE,FALSE,TRUE,TRUE,FALSE,TRUE,FALSE,"{""coordinates"": [[-79.45302179422629, 43.79080024010975]], ""type"": ""MultiPoint""}"
12243,2015:5000851624,2015-05-22T08:22:00,DON MILLS RD,GREEN BELT DR,,4,Fatal Injury,Intersection-Related,Traffic Signal,Pedestrian Collision (internal code),Clear,Daylight,Dry,Major Arterial,FALSE,-79.34084668,43.72764411,1,Automobile or Station Wagon,South,1,26,None,Lap and Shoulder Belt,Failed to yield right-of-way,Normal,,,Turning Left,,,,,driver,,Don Valley East (16),33 Division,Banbury-Don Mills,TRUE,FALSE,FALSE,FALSE,FALSE,FALSE,TRUE,FALSE,TRUE,FALSE,"{""coordinates"": [[-79.34084668480237, 43.72764410992697]], ""type"": ""MultiPoint""}"
12244,2015:5000851624,2015-05-22T08:22:00,DON MILLS RD,GREEN BELT DR,,4,Fatal Injury,Intersection-Related,Traffic Signal,Pedestrian Collision (internal code),Clear,Daylight,Dry,Major Arterial,FALSE,-79.34084668,43.72764411,1,,Unknown,4,15,Minor,No Equipment Available,,,On sidewalk or shoulder,Normal,,Driver hits pedestrian on sidewalk or shoulder,,,,pedestrian,,Don Valley East (16),33 Division,Banbury-Don Mills,TRUE,FALSE,FALSE,FALSE,FALSE,FALSE,TRUE,FALSE,TRUE,FALSE,"{""coordinates"": [[-79.34084668480237, 43.72764410992697]], ""type"": ""MultiPoint""}"
12250,2015:5000912141,2015-05-31T21:04:00,BLOOR ST W,WESTMORELAND AVE,,2,Fatal Injury,,No Control,Pedestrian Collision (internal code),Rain,Dusk,Wet,Major Arterial,TRUE,-79.43040895,43.66093225,0,,South,1,39,Fatal,,,,Crossing - no traffic control,Normal,,Driver hits pedestrian at midblock,,,,pedestrian,25,Davenport (9),14 Division,Dufferin Grove,TRUE,FALSE,FALSE,FALSE,FALSE,FALSE,TRUE,FALSE,FALSE,FALSE,"{""coordinates"": [[-79.43040895157615, 43.660932248653104]], ""type"": ""MultiPoint""}"