_id,collision_id,accdate,stname1,stname2,stname3,per_inv,acclass,accloc,traffictl,impactype,visible,light,rdsfcond,road_class,failtorem,longitude,latitude,veh_no,vehtype,initdir,per_no,invage,injury,safequip,drivact,drivcond,pedact,pedcond,manoeuvre,pedtype,cyclistype,cycact,cyccond,road_user,fatal_no,wardname,division,neighbourhood,aggressive,distracted,cyclist,motorcyclist,other_micromobility,older_adult,pedestrian,red_light,school_child,heavy_truck,geometry
13469,2019:9002465950,2019-12-22T18:34:00,PROGRESS AVE,MARKHAM RD,,4,Fatal Injury,Non-Intersection,No Control,Pedestrian Collision (internal code),Clear,Dark with Artificial Lighting,Wet,Major Arterial,FALSE,-79.23298289,43.78212559,,Automobile or Station Wagon,East,4,40,Minimal,,Lost control,Ability Impaired - Alcohol,,,Going Ahead,,,,,driver,,Scarborough-Guildwood (24),43 Division,Woburn North,FALSE,FALSE,FALSE,FALSE,FALSE,FALSE,TRUE,FALSE,TRUE,FALSE,"{""coordinates"": [[-79.23298289499067, 43.78212558600602]], ""type"": ""MultiPoint""}"
13470,2019:9002465950,2019-12-22T18:34:00,PROGRESS AVE,MARKHAM RD,,4,Fatal Injury,Non-Intersection,No Control,Pedestrian Collision (internal code),Clear,Dark with Artificial Lighting,Wet,Major Arterial,FALSE,-79.23298289,43.78212559,,,Unknown,1,19,Fatal,,,,On sidewalk or shoulder,Unknown,,Driver hits pedestrian on sidewalk or shoulder,,,,pedestrian,61,Scarborough-Guildwood (24),43 Division,Woburn North,FALSE,FALSE,FALSE,FALSE,FALSE,FALSE,TRUE,FALSE,TRUE,FALSE,"{""coordinates"": [[-79.23298289499067, 43.78212558600602]], ""type"": ""MultiPoint""}"
13480,2020:0000026294,2020-01-04T22:14:00,256 JARVIS ST,,GERRARD ST E,2,Fatal Injury,Non-Intersection,No Control,Pedestrian Collision (internal code),Clear,Dark with Artificial Lighting,Dry,Major Arterial,TRUE,-79.37556142,43.65956718,1,,East,1,65,Fatal,,,,Crossing - no traffic control,Unknown,,Driver hits pedestrian at midblock,,,,pedestrian,1,Toronto Centre (13),51 Division,Downtown Yonge East,FALSE,FALSE,FALSE,FALSE,FALSE,TRUE,TRUE,FALSE,FALSE,FALSE,"{""coordinates"": [[-79.37556141676525, 43.65956717931725]], ""type"": ""MultiPoint""}"
13493,2020:0000139578,2020-01-21T07:01:00,ALNESS ST,SUPERTEST RD,,2,Fatal Injury,At Intersection,Traffic Signal,Pedestrian Collision (internal code),Clear,Dark with Artificial Lighting,Dry,Minor Arterial,FALSE,-79.47440785,43.77673571,1,Truck - Tractor,East,2,52,None,,Failed to yield right-of-way,Inattentive,,,Turning Right,,,,,driver,,York Centre (6),32 Division,York University Heights,TRUE,TRUE,FALSE,FALSE,FALSE,FALSE,TRUE,FALSE,FALSE,TRUE,"{""coordinates"": [[-79.47440785024848, 43.77673570519796]], ""type"": ""MultiPoint""}"
13496,2020:0000188526,2020-01-27T20:30:00,3775 DUNDAS ST W,,,2,Fatal Injury,Non-Intersection,No Control,Pedestrian Collision (internal code),Clear,Dark with Artificial Lighting,Dry,Major Arterial,FALSE,-79.49982159,43.66530466,,,South,2,76,Fatal,,,,Crossing - no traffic control,Normal,,Driver hits pedestrian at midblock,,,,pedestrian,3,Parkdale-High Park (4),11 Division,Lambton Baby Point,FALSE,FALSE,FALSE,FALSE,FALSE,TRUE,TRUE,FALSE,FALSE,FALSE,"{""coordinates"": [[-79.49982159485528, 43.66530466253413]], ""type"": ""MultiPoint""}"
13497,2020:0000202070,2020-01-29T16:34:00,LAWRENCE AVE E,DON MILLS RD,,2,Fatal Injury,Non-Intersection,No Control,Pedestrian Collision (internal code),Clear,Daylight,Dry,Major Arterial,FALSE,-79.34456302,43.73685289,1,Automobile or Station Wagon,West,2,29,Minimal,,Driving properly,Inattentive,,,Going Ahead,,,,,driver,,Don Valley East (16),33 Division,Banbury-Don Mills,FALSE,TRUE,FALSE,FALSE,FALSE,FALSE,TRUE,FALSE,FALSE,FALSE,"{""coordinates"": [[-79.3445630170952, 43.7368528904497]], ""type"": ""MultiPoint""}"
13509,2020:0000385373,2020-02-23T16:55:00,VICTORIA PARK AVE,HUNTINGWOOD DR,,3,Fatal Injury,At Intersection,Traffic Signal,Pedestrian Collision (internal code),Clear,Daylight,Dry,Major Arterial,FALSE,-79.32535975,43.78027938,1,,East,1,79,Fatal,,,,Crossing with right-of-way (intersection),Normal,,Driver turns left into pedestrian crossing with right-of-way (at intersection),,,,pedestrian,5,Scarborough-Agincourt (22),42 Division,L'Amoreaux West,TRUE,TRUE,FALSE,FALSE,FALSE,TRUE,TRUE,FALSE,FALSE,FALSE,"{""coordinates"": [[-79.32535975133119, 43.78027937935175]], ""type"": ""MultiPoint""}"
13522,2010:1189134,2010-09-14T10:55:00,SPADINA AVE,SULLIVAN ST,,3,Fatal Injury,,No Control,Pedestrian Collision (internal code),Clear,Daylight,Dry,Major Arterial,FALSE,-79.3972909,43.6509442,1,,,1,,,Other Safety Equipment Used,,,,,,,,,,owner,,Spadina-Fort York (10),14 Division,Kensington-Chinatown,FALSE,FALSE,FALSE,FALSE,FALSE,TRUE,TRUE,FALSE,FALSE,TRUE,"{""coordinates"": [[-79.39729090339856, 43.650944202941986]], ""type"": ""MultiPoint""}"
13543,2020:0000888584,2020-05-13T09:45:00,LAWRENCE AVE E,FERN MEADOW RD,,2,Fatal Injury,Non-Intersection,No Control,Pedestrian Collision (internal code),Clear,Daylight,Dry,Minor Arterial,FALSE,-79.17121524,43.77164273,1,,West,2,75,Fatal,,,,On sidewalk or shoulder,Normal,,Driver hits pedestrian on sidewalk or shoulder,,,,pedestrian,9,Scarborough-Rouge Park (25),43 Division,West Hill,FALSE,FALSE,FALSE,FALSE,FALSE,TRUE,TRUE,FALSE,FALSE,FALSE,"{""coordinates"": [[-79.17121524032545, 43.77164273438099]], ""type"": ""MultiPoint""}"
13551,2020:0001045060,2020-06-07T00:15:00,KEELE ST,CALVINGTON DR,,3,Fatal Injury,At Intersection,Traffic Signal,Pedestrian Collision (internal code),Clear,Dark with Artificial Lighting,Dry,Major Arterial,FALSE,-79.48368527,43.73350758,1,Automobile or Station Wagon,North,1,46,None,,Failed to yield right-of-way,Unknown,,,Turning Left,,,,,driver,,York Centre (6),31 Division,Downsview,TRUE,FALSE,FALSE,FALSE,FALSE,FALSE,TRUE,FALSE,TRUE,FALSE,"{""coordinates"": [[-79.48368527188593, 43.73350758062701]], ""type"": ""MultiPoint""}"
13556,2010:1168396,2010-05-13T11:36:00,DUNDAS ST W,COLLEGE ST,,3,Fatal Injury,,No Control,Pedestrian Collision (internal code),Clear,Daylight,Dry,Minor Arterial,FALSE,-79.44189099,43.65044427,1,,,1,,,Other Safety Equipment Used,,,,,,,,,,owner,,Davenport (9),11 Division,Dufferin Grove,FALSE,FALSE,FALSE,FALSE,FALSE,TRUE,TRUE,FALSE,FALSE,FALSE,"{""coordinates"": [[-79.44189099136494, 43.65044426914016]], ""type"": ""MultiPoint""}"
13572,2020:0001393549,2020-07-26T21:19:00,881 SHEPPARD AVE W,,,2,Fatal Injury,Non-Intersection,No Control,Pedestrian Collision (internal code),Clear,Dark with Artificial Lighting,Dry,Major Arterial,FALSE,-79.45512837,43.75191727,,Automobile or Station Wagon,East,2,25,None,,Exceeding speed limit,Normal,,,Going Ahead,,,,,driver,,York Centre (6),32 Division,Clanton Park,TRUE,FALSE,FALSE,FALSE,FALSE,FALSE,TRUE,FALSE,FALSE,FALSE,"{""coordinates"": [[-79.45512836810825, 43.751917266071665]], ""type"": ""MultiPoint""}"
13573,2020:0001402441,2020-07-28T07:00:00,STANLEY AVE,STATION RD,,2,Fatal Injury,Intersection-Related,Stop Sign,Pedestrian Collision (internal code),Clear,Daylight,Dry,Local,FALSE,-79.49419881,43.61499645,1,Automobile or Station Wagon,East,2,66,Minimal,,Driving properly,Inattentive,,,Going Ahead,,,,,driver,,Etobicoke-Lakeshore (3),22 Division,Mimico-Queensway,FALSE,TRUE,FALSE,FALSE,FALSE,TRUE,TRUE,FALSE,FALSE,FALSE,"{""coordinates"": [[-79.49419881212559, 43.614996451038785]], ""type"": ""MultiPoint""}"
13582,2020:0001501323,2020-08-11T11:09:00,THE EAST MALL,MONTEBELLO GDNS,,4,Fatal Injury,Non-Intersection,Stop Sign,Pedestrian Collision (internal code),Clear,Daylight,Dry,Minor Arterial,FALSE,-79.55997948,43.64776477,,,East,2,7,Minor,,,,Crossing - no traffic control,Unknown,,Driver turns left into pedestrian crossing without right-of-way (at intersection),,,,pedestrian,,Etobicoke Centre (2),22 Division,Islington,FALSE,FALSE,FALSE,FALSE,FALSE,TRUE,TRUE,FALSE,TRUE,FALSE,"{""coordinates"": [[-79.55997948152323, 43.64776476697817]], ""type"": ""MultiPoint""}"
13583,2020:0001501323,2020-08-11T11:09:00,THE EAST MALL,MONTEBELLO GDNS,,4,Fatal Injury,Non-Intersection,Stop Sign,Pedestrian Collision (internal code),Clear,Daylight,Dry,Minor Arterial,FALSE,-79.55997948,43.64776477,,,East,3,36,Minor,,,,Crossing - no traffic control,Unknown,,Driver turns left into pedestrian crossing without right-of-way (at intersection),,,,pedestrian,,Etobicoke Centre (2),22 Division,Islington,FALSE,FALSE,FALSE,FALSE,FALSE,TRUE,TRUE,FALSE,TRUE,FALSE,"{""coordinates"": [[-79.55997948152323, 43.64776476697817]], ""type"": ""MultiPoint""}"
13584,2020:0001521326,2020-08-14T04:45:00,LAKE SHORE BLVD E,CHERRY ST,,2,Fatal Injury,Intersection-Related,Traffic Signal,Pedestrian Collision (internal code),Clear,Dawn with Artificial Lighting,Dry,Major Arterial,FALSE,-79.35599963,43.64892033,1,,East,2,,None,,Other,Unknown,,,Going Ahead,,,,,driver,,Spadina-Fort York (10),51 Division,St Lawrence-East Bayfront-The Islands,FALSE,FALSE,FALSE,FALSE,FALSE,FALSE,TRUE,FALSE,FALSE,FALSE,"{""coordinates"": [[-79.35599962697923, 43.64892033234176]], ""type"": ""MultiPoint""}"
13585,2020:0001522941,2020-08-14T11:05:00,CALEDONIA RD,GLENGROVE AVE,,3,Fatal Injury,At Intersection,No Control,Pedestrian Collision (internal code),Clear,Daylight,Dry,Minor Arterial,FALSE,-79.46526793,43.70635837,,,West,1,0,Fatal,,,,Crossing - no traffic control,Unknown,,Driver going straight hits pedestrian crossing without right-of-way (at intersection),,,,pedestrian,19,Eglinton-Lawrence (8),13 Division,Yorkdale-Glen Park,FALSE,TRUE,FALSE,FALSE,FALSE,FALSE,TRUE,FALSE,FALSE,FALSE,"{""coordinates"": [[-79.46526792904888, 43.70635836760101]], ""type"": ""MultiPoint""}"
13597,2020:0001670339,2020-09-04T05:51:00,FINCH AVE W,400 N FINCH E RAMP,,3,Fatal Injury,Non-Intersection,No Control,Cyclist Collision (internal code),Clear,Dark with Artificial Lighting,Dry,Major Arterial,FALSE,-79.52762298,43.75507211,,Bicycle,West,1,53,Fatal,,,,,,Going Ahead,,Rear end with cyclist and driver travelling in same direction,Driving Properly,Normal,cyclist,22,Humber River-Black Creek (7),31 Division,Glenfield-Jane Heights,TRUE,FALSE,TRUE,FALSE,FALSE,FALSE,FALSE,FALSE,FALSE,FALSE,"{""coordinates"": [[-79.52762298101416, 43.755072106165564]], ""type"": ""MultiPoint""}"
13608,2010:1148773,2010-01-20T07:00:00,DUFFERIN ST,PRESTON RD,,4,Fatal Injury,At Intersection,No Control,Pedestrian Collision (internal code),Clear,Dark,Dry,Major Arterial,FALSE,-79.44849093,43.69134426,1,,,1,15,None,Other Safety Equipment Used,,,,,,,,,,passenger,,Davenport (9),13 Division,Caledonia-Fairbank,FALSE,FALSE,FALSE,FALSE,FALSE,FALSE,TRUE,FALSE,TRUE,FALSE,"{""coordinates"": [[-79.4484909346394, 43.691344263637184]], ""type"": ""MultiPoint""}"
13611,2020:0001776003,2020-09-19T06:16:00,KIPLING AVE,STEVENSON RD,,2,Fatal Injury,At Intersection,Stop Sign,Pedestrian Collision (internal code),Clear,Daylight,Dry,Major Arterial,FALSE,-79.58273018,43.74439102,,Automobile or Station Wagon,South,2,24,None,,Driving properly,Ability Impaired - Alcohol,,,Going Ahead,,,,,driver,,Etobicoke North (1),23 Division,Mount Olive-Silverstone-Jamestown,FALSE,TRUE,FALSE,FALSE,FALSE,FALSE,TRUE,FALSE,FALSE,FALSE,"{""coordinates"": [[-79.5827301837165, 43.74439101958603]], ""type"": ""MultiPoint""}"
13614,2020:0001815972,2020-09-20T18:12:00,DUNDAS ST W,DENISON AVE,,2,Fatal Injury,At Intersection,Traffic Signal,Cyclist Collision (internal code),Clear,Daylight,Dry,Major Arterial,FALSE,-79.40222621,43.6519569,,Automobile or Station Wagon,East,2,66,None,,Driving properly,Normal,,,Going Ahead,,,,,driver,,Spadina-Fort York (10),14 Division,Kensington-Chinatown,FALSE,FALSE,TRUE,FALSE,FALSE,TRUE,FALSE,FALSE,FALSE,FALSE,"{""coordinates"": [[-79.40222621414166, 43.65195689917801]], ""type"": ""MultiPoint""}"
13628,2020:0001957732,2020-10-15T12:27:00,22 ELKHORN DR,,,2,Fatal Injury,Non-Intersection,No Control,Pedestrian Collision (internal code),Rain,Daylight,Wet,Local,FALSE,-79.38105443,43.7703536,1,Truck - Closed,South,2,64,None,,Other,Inattentive,,,Reversing,,,,,driver,,Don Valley North (17),33 Division,Bayview Village,FALSE,TRUE,FALSE,FALSE,FALSE,TRUE,TRUE,FALSE,FALSE,TRUE,"{""coordinates"": [[-79.381054432625, 43.77035360443912]], ""type"": ""MultiPoint""}"
13631,2020:0002019769,2020-10-24T16:21:00,DUPONT ST,CHRISTIE ST,,2,Fatal Injury,Intersection-Related,Traffic Signal,Pedestrian Collision (internal code),Clear,Daylight,Dry,Major Arterial,FALSE,-79.4215057,43.67154921,,Passenger Van,North,2,71,Minimal,,Lost control,Medical or Physical Disability,,,Going Ahead,,,,,driver,,University-Rosedale (11),14 Division,Annex,FALSE,FALSE,FALSE,FALSE,FALSE,TRUE,TRUE,FALSE,FALSE,FALSE,"{""coordinates"": [[-79.42150569982117, 43.671549206780284]], ""type"": ""MultiPoint""}"
13634,2020:0002092644,2020-11-04T12:41:00,CHERRY ST,MILL ST,,2,Fatal Injury,At Intersection,Traffic Signal,Pedestrian Collision (internal code),Clear,Daylight,Dry,Collector,FALSE,-79.35735766,43.65125874,,Truck - Other,East,2,64,None,,Failed to yield right-of-way,Normal,,,Turning Right,,,,,driver,,Spadina-Fort York (10),51 Division,St Lawrence-East Bayfront-The Islands,TRUE,FALSE,FALSE,FALSE,FALSE,TRUE,TRUE,FALSE,FALSE,TRUE,"{""coordinates"": [[-79.3573576584326, 43.651258743380104]], ""type"": ""MultiPoint""}"
13635,2020:0002109352,2020-11-06T19:20:00,WILLIAM R ALLEN RD N,LAWRENCE AVE W,,2,Fatal Injury,Non-Intersection,No Control,Pedestrian Collision (internal code),Clear,Dark with Artificial Lighting,Dry,Expressway,FALSE,-79.44356988,43.71504059,,,West,1,33,Fatal,,,,Crossing - no traffic control,Other Condition,Unknown,Driver hits pedestrian at midblock,,,,pedestrian,32,Eglinton-Lawrence (8),13 Division,Yorkdale-Glen Park,FALSE,FALSE,FALSE,FALSE,FALSE,FALSE,TRUE,FALSE,FALSE,TRUE,"{""coordinates"": [[-79.44356987723584, 43.715040586133064]], ""type"": ""MultiPoint""}"
13645,2020:0002202286,2020-11-20T16:43:00,ROYAL YORK RD,JUDSON ST,,2,Fatal Injury,At Intersection,No Control,Cyclist Collision (internal code),Clear,Dusk,Dry,Minor Arterial,FALSE,-79.49832632,43.61610272,,Truck - Tank,South,2,47,None,,Failed to yield right-of-way,Inattentive,,,Turning Right,,,,,driver,,Etobicoke-Lakeshore (3),22 Division,Mimico-Queensway,TRUE,TRUE,TRUE,FALSE,FALSE,FALSE,FALSE,FALSE,FALSE,TRUE,"{""coordinates"": [[-79.49832632105634, 43.61610271915196]], ""type"": ""MultiPoint""}"
13653,2020:0002279200,2020-12-02T18:29:00,DUFFERIN ST,SYLVAN AVE,,3,Fatal Injury,Intersection-Related,No Control,Cyclist Collision (internal code),Clear,Daylight,Dry,Major Arterial,FALSE,-79.43332368,43.65460816,1,Bicycle,South,1,23,Fatal,,,,,,Going Ahead,,Sideswipe with cyclist and driver travelling in same direction,Driving Properly,Normal,cyclist,34,Davenport (9),14 Division,Dufferin Grove,TRUE,TRUE,TRUE,FALSE,FALSE,FALSE,FALSE,FALSE,FALSE,TRUE,"{""coordinates"": [[-79.43332368249915, 43.654608158839665]], ""type"": ""MultiPoint""}"
13654,2020:0002298555,2020-12-05T17:16:00,2255 MARKHAM RD,,,2,Fatal Injury,Non-Intersection,No Control,Pedestrian Collision (internal code),Clear,Dusk with Artificial Lighting,Dry,Major Arterial,FALSE,-79.24323679,43.80952276,,,East,1,39,Fatal,,,,Crossing - no traffic control,Inattentive,,Driver hits pedestrian at midblock,,,,pedestrian,35,Scarborough North (23),42 Division,Malvern West,FALSE,TRUE,FALSE,FALSE,FALSE,FALSE,TRUE,FALSE,FALSE,TRUE,"{""coordinates"": [[-79.24323679347768, 43.80952275651912]], ""type"": ""MultiPoint""}"
13661,2020:0002372537,2020-12-17T11:41:00,LAWRENCE AVE E,HOWDEN RD,,2,Fatal Injury,At Intersection,Traffic Signal,Pedestrian Collision (internal code),Clear,Daylight,Dry,Major Arterial,FALSE,-79.28792228,43.74674814,,Truck - Tractor,South,2,50,None,,Failed to yield right-of-way,Normal,,,Turning Right,,,,,driver,,Scarborough Centre (21),41 Division,Wexford/Maryvale,TRUE,FALSE,FALSE,FALSE,FALSE,FALSE,TRUE,FALSE,FALSE,TRUE,"{""coordinates"": [[-79.28792228198964, 43.746748142614464]], ""type"": ""MultiPoint""}"
13662,2020:0002374044,2020-12-17T15:50:00,168 CLONMORE DR,,,2,Fatal Injury,Non-Intersection,No Control,Pedestrian Collision (internal code),Clear,Daylight,Dry,Minor Arterial,FALSE,-79.27707333,43.69020287,,,Unknown,1,31,Fatal,,,,Playing or working on highway,Normal,,Driver hits pedestrian at midblock,,,,pedestrian,38,Scarborough Southwest (20),41 Division,Birchcliffe-Cliffside,TRUE,TRUE,FALSE,FALSE,FALSE,FALSE,TRUE,FALSE,FALSE,FALSE,"{""coordinates"": [[-79.27707333465136, 43.69020286996615]], ""type"": ""MultiPoint""}"
13665,2020:0002450003,2020-12-30T17:21:00,KENNEDY RD,SHEPPARD AVE E,,2,Fatal Injury,Intersection-Related,Traffic Signal,Pedestrian Collision (internal code),Rain,Dark with Artificial Lighting,Wet,Major Arterial,FALSE,-79.28821217,43.78321284,,,Unknown,1,56,Fatal,,,,Crossing - marked crosswalk without right-of-way,Unknown,,Driver going straight hits pedestrian crossing without right-of-way (at intersection),,,,pedestrian,40,Scarborough-Agincourt (22),42 Division,Agincourt South-Malvern West,FALSE,FALSE,FALSE,FALSE,FALSE,FALSE,TRUE,FALSE,FALSE,FALSE,"{""coordinates"": [[-79.28821216630509, 43.78321283727462]], ""type"": ""MultiPoint""}"
13667,2021:1000073767,2021-01-12T19:03:00,FINCH AVE W,KIPLING AVE,,2,Fatal Injury,Non-Intersection,No Control,Pedestrian Collision (internal code),Clear,Dark with Artificial Lighting,Wet,Major Arterial,FALSE,-79.57729805,43.74406295,,Automobile or Station Wagon,East,2,61,None,,Driving properly,Normal,,,Going Ahead,,,,,driver,,Etobicoke North (1),23 Division,Thistletown-Beaumond Heights,FALSE,FALSE,FALSE,FALSE,FALSE,FALSE,TRUE,FALSE,FALSE,FALSE,"{""coordinates"": [[-79.57729804861572, 43.744062949736346]], ""type"": ""MultiPoint""}"
13689,2021:1000552546,2021-03-25T23:00:00,VICTORIA PARK AVE,SPARKS AVE,,2,Fatal Injury,At/Near Private Drive,No Control,Pedestrian Collision (internal code),Rain,Dark with Artificial Lighting,Wet,Major Arterial,FALSE,-79.33827631,43.80845475,,Automobile or Station Wagon,North,2,46,None,,Driving properly,Normal,,,Going Ahead,,,,,driver,,Scarborough-Agincourt (22),42 Division,Steeles,FALSE,TRUE,FALSE,FALSE,FALSE,FALSE,TRUE,FALSE,FALSE,FALSE,"{""coordinates"": [[-79.33827631012288, 43.80845474920831]], ""type"": ""MultiPoint""}"
13692,2021:1001633249,2021-08-27T14:00:00,QUEENS QUAY WEST,BATHURST ST,,2,Fatal Injury,At Intersection,Traffic Signal,Pedestrian Collision (internal code),Clear,Daylight,Dry,Major Arterial,FALSE,-79.39832761,43.63559948,,Pickup Truck,South,2,31,None,,Failed to yield right-of-way,Normal,,,Turning Right,,,,,driver,,Spadina-Fort York (10),14 Division,Fort York-Liberty Village,TRUE,FALSE,FALSE,FALSE,FALSE,TRUE,TRUE,FALSE,FALSE,FALSE,"{""coordinates"": [[-79.39832761157304, 43.63559947572011]], ""type"": ""MultiPoint""}"
13698,2021:1000692826,2021-04-15T15:30:00,FINCH AVE W,SENTINEL RD,,2,Fatal Injury,Non-Intersection,No Control,Pedestrian Collision (internal code),Clear,Daylight,Dry,Major Arterial,FALSE,-79.50277401,43.76036306,,Truck - Dump,West,2,59,None,,Driving properly,Normal,,,Going Ahead,,,,,driver,,Humber River-Black Creek (7),31 Division,York University Heights,FALSE,FALSE,FALSE,FALSE,FALSE,FALSE,TRUE,FALSE,FALSE,TRUE,"{""coordinates"": [[-79.50277400526726, 43.760363062579714]], ""type"": ""MultiPoint""}"
13701,2021:1000772458,2021-04-27T15:10:00,MAIN ST,DANFORTH AVE,,2,Fatal Injury,At Intersection,Traffic Signal,Pedestrian Collision (internal code),Clear,Daylight,Dry,Major Arterial,FALSE,-79.30179262,43.68807049,,Truck - Dump,North,2,53,None,,Improper turn,Inattentive,,,Turning Right,,,,,driver,,Beaches-East York (19),55 Division,East End-Danforth,FALSE,TRUE,FALSE,FALSE,FALSE,TRUE,TRUE,FALSE,FALSE,TRUE,"{""coordinates"": [[-79.30179262141317, 43.68807048857052]], ""type"": ""MultiPoint""}"
13710,2021:1000934827,2021-05-20T14:38:00,KINGSTON RD,DORSET RD,,2,Fatal Injury,At Intersection,No Control,Pedestrian Collision (internal code),Clear,Daylight,Dry,Major Arterial,FALSE,-79.23327287,43.72431384,,Delivery Van,West,1,31,None,,Driving properly,Normal,,,Going Ahead,,,,,driver,,Scarborough Southwest (20),43 Division,Cliffcrest,FALSE,TRUE,FALSE,FALSE,FALSE,TRUE,TRUE,FALSE,FALSE,TRUE,"{""coordinates"": [[-79.23327286585467, 43.72431384009698]], ""type"": ""MultiPoint""}"
13712,2021:1000938844,2021-05-21T03:25:00,DUNDAS ST E,SHERBOURNE ST,,2,Fatal Injury,Non-Intersection,No Control,Pedestrian Collision (internal code),Clear,Dark with Artificial Lighting,Dry,Major Arterial,FALSE,-79.37102955,43.65820151,,,South,1,59,Fatal,,,,Crossing - no traffic control,Inattentive,,Driver hits pedestrian at midblock,,,,pedestrian,8,Toronto Centre (13),51 Division,Moss Park,FALSE,TRUE,FALSE,FALSE,FALSE,FALSE,TRUE,FALSE,FALSE,FALSE,"{""coordinates"": [[-79.37102954975768, 43.65820151126412]], ""type"": ""MultiPoint""}"
13722,2022:2001252821,2022-07-01T23:41:00,WELLINGTON ST W,UNIVERSITY AVE,,10,Fatal Injury,At Intersection,Traffic Signal,Pedestrian Collision (internal code),Clear,Dark with Artificial Lighting,Wet,Major Arterial,FALSE,-79.3840606,43.64631112,,,,8,34,Minor,,,,,,,,,,,passenger,,Spadina-Fort York (10),52 Division,Yonge-Bay Corridor,TRUE,FALSE,FALSE,FALSE,FALSE,FALSE,TRUE,TRUE,FALSE,FALSE,"{""coordinates"": [[-79.38406059903706, 43.64631112169492]], ""type"": ""MultiPoint""}"
13728,2021:1001104105,2021-06-13T13:15:00,VICTORIA PARK AVE,FINCH AVE E,,2,Fatal Injury,At Intersection,Traffic Signal,Pedestrian Collision (internal code),Clear,Daylight,Dry,Major Arterial,FALSE,-79.33137171,43.79303573,,,North,1,69,Fatal,,,,Other,Unknown,Going Ahead,Driver going straight hits pedestrian crossing without right-of-way (at intersection),,,,pedestrian,11,Scarborough-Agincourt (22),42 Division,L'Amoreaux West,FALSE,FALSE,FALSE,FALSE,FALSE,TRUE,TRUE,FALSE,FALSE,FALSE,"{""coordinates"": [[-79.33137171185179, 43.79303573457431]], ""type"": ""MultiPoint""}"
13734,2021:1001249614,2021-07-03T22:33:00,DON VALLEY PARKWAY S,GERRARD ST E,,2,Fatal Injury,Non-Intersection,No Control,Pedestrian Collision (internal code),Clear,Dark with Artificial Lighting,Dry,Expressway,FALSE,-79.35525955,43.66226414,,,West,1,19,Fatal,,,,Crossing - no traffic control,Unknown,,Driver hits pedestrian at midblock,,,,pedestrian,14,Toronto-Danforth (14),55 Division,South Riverdale,FALSE,FALSE,FALSE,FALSE,FALSE,FALSE,TRUE,FALSE,TRUE,FALSE,"{""coordinates"": [[-79.355259554864, 43.66226414014931]], ""type"": ""MultiPoint""}"
13743,2021:1001388501,2021-07-23T21:10:00,2472 KINGSTON RD,,120 M WEST OF MIDLAND AVE,2,Fatal Injury,Non-Intersection,,Pedestrian Collision (internal code),Clear,Dark with Artificial Lighting,Dry,Major Arterial,FALSE,-79.24901998,43.70979512,,Automobile or Station Wagon,West,2,24,None,,Exceeding speed limit,Normal,,,Going Ahead,,,,,driver,,Scarborough Southwest (20),41 Division,Birchcliffe-Cliffside,TRUE,TRUE,FALSE,FALSE,FALSE,TRUE,TRUE,FALSE,FALSE,FALSE,"{""coordinates"": [[-79.24901997664236, 43.709795118184324]], ""type"": ""MultiPoint""}"
13744,2021:1001622645,2021-08-26T03:30:00,HARBOUR ST,YORK ST,,2,Fatal Injury,At Intersection,Traffic Signal,Pedestrian Collision (internal code),Clear,Dark with Artificial Lighting,Dry,Major Arterial,FALSE,-79.38065026,43.64093239,,Automobile or Station Wagon,East,2,46,None,,Exceeding speed limit,Ability Impaired - Drugs,,,Going Ahead,,,,,driver,,Spadina-Fort York (10),52 Division,St Lawrence-East Bayfront-The Islands,TRUE,FALSE,FALSE,FALSE,FALSE,FALSE,TRUE,FALSE,FALSE,FALSE,"{""coordinates"": [[-79.38065026110638, 43.640932394571365]], ""type"": ""MultiPoint""}"
13755,2021:1001569148,2021-08-18T14:42:00,YONGE ST,FINCH AVE E,,2,Fatal Injury,At Intersection,Traffic Signal,Pedestrian Collision (internal code),Clear,Daylight,Dry,Major Arterial,FALSE,-79.41554697,43.7797645,1,,East,1,80,Fatal,Use Unknown,,,Crossing with right-of-way (intersection),Normal,,Driver turns left into pedestrian crossing with right-of-way (at intersection),,,,pedestrian,35,Willowdale (18),32 Division,Yonge-Doris,FALSE,FALSE,FALSE,FALSE,FALSE,TRUE,TRUE,FALSE,FALSE,FALSE,"{""coordinates"": [[-79.41554697173366, 43.77976450349379]], ""type"": ""MultiPoint""}"
13757,2021:1001570554,2021-08-18T18:10:00,AVENUE RD,BLOOR ST W,,2,Fatal Injury,Non-Intersection,No Control,Cyclist Collision (internal code),Clear,Daylight,Dry,Major Arterial,FALSE,-79.39410087,43.66864618,,Bicycle,North,1,18,Fatal,,,,,,Going Ahead,,Rear end with cyclist and driver travelling in same direction,Driving Properly,Unknown,cyclist,26,University-Rosedale (11),52 Division,Bay-Cloverhill,TRUE,TRUE,TRUE,FALSE,FALSE,FALSE,FALSE,FALSE,TRUE,TRUE,"{""coordinates"": [[-79.39410086722475, 43.66864618354451]], ""type"": ""MultiPoint""}"