_id,collision_id,accdate,stname1,stname2,stname3,per_inv,acclass,accloc,traffictl,impactype,visible,light,rdsfcond,road_class,failtorem,longitude,latitude,veh_no,vehtype,initdir,per_no,invage,injury,safequip,drivact,drivcond,pedact,pedcond,manoeuvre,pedtype,cyclistype,cycact,cyccond,road_user,fatal_no,wardname,division,neighbourhood,aggressive,distracted,cyclist,motorcyclist,other_micromobility,older_adult,pedestrian,red_light,school_child,heavy_truck,geometry
16678,2019:9001588399,2019-08-20T21:12:00,STEELES AVE E,LAURELEAF RD S,,2,Fatal Injury,At Intersection,Traffic Signal,Pedestrian Collision (internal code),Clear,Dark with Artificial Lighting,Dry,Major Arterial,FALSE,-79.38574567,43.80549816,,,North,1,60,Fatal,,,,Crossing without right-of-way (intersection),Had Been Drinking,,Driver going straight hits pedestrian crossing without right-of-way (at intersection),,,,pedestrian,35,Don Valley North (17),33 Division,Bayview Woods-Steeles,FALSE,FALSE,FALSE,FALSE,FALSE,FALSE,TRUE,FALSE,FALSE,FALSE,"{""coordinates"": [[-79.38574567034293, 43.80549815961601]], ""type"": ""MultiPoint""}"
16679,2019:9001591969,2019-08-21T11:30:00,SHEPPARD AVE E,MIDLAND AVE,,3,Fatal Injury,At Intersection,Traffic Signal,Pedestrian Collision (internal code),Clear,Daylight,Dry,Major Arterial,TRUE,-79.27853045,43.78527658,2,Automobile or Station Wagon,East,2,,None,,Failed to yield right-of-way,Unknown,,,Unknown,,,,,driver,,Scarborough North (23),42 Division,Agincourt South-Malvern West,TRUE,TRUE,FALSE,FALSE,FALSE,TRUE,TRUE,FALSE,FALSE,TRUE,"{""coordinates"": [[-79.27853044710659, 43.7852765771405]], ""type"": ""MultiPoint""}"
16680,2019:9001591969,2019-08-21T11:30:00,SHEPPARD AVE E,MIDLAND AVE,,3,Fatal Injury,At Intersection,Traffic Signal,Pedestrian Collision (internal code),Clear,Daylight,Dry,Major Arterial,TRUE,-79.27853045,43.78527658,1,Truck - Tank,East,3,47,None,,Failed to yield right-of-way,Inattentive,,,Turning Right,,,,,driver,,Scarborough North (23),42 Division,Agincourt South-Malvern West,TRUE,TRUE,FALSE,FALSE,FALSE,TRUE,TRUE,FALSE,FALSE,TRUE,"{""coordinates"": [[-79.27853044710659, 43.7852765771405]], ""type"": ""MultiPoint""}"
16685,2019:9001623743,2019-08-25T20:35:00,KINGSTON RD,MORNINGSIDE AVE,,2,Fatal Injury,Non-Intersection,No Control,Pedestrian Collision (internal code),Clear,Dark,Dry,Major Arterial,FALSE,-79.1863214,43.77108493,,,North,1,72,Fatal,,,,Crossing - no traffic control,Unknown,,Driver hits pedestrian at midblock,,,,pedestrian,37,Scarborough-Rouge Park (25),43 Division,West Hill,FALSE,FALSE,FALSE,FALSE,FALSE,TRUE,TRUE,FALSE,FALSE,FALSE,"{""coordinates"": [[-79.18632139571432, 43.77108493341513]], ""type"": ""MultiPoint""}"
16686,2019:9001661234,2019-08-30T20:23:00,SHEPPARD AVE E,ABBOTSFIELD GT,,2,Fatal Injury,Non-Intersection,No Control,Pedestrian Collision (internal code),Clear,Dark,Dry,Major Arterial,TRUE,-79.31386158,43.77728007,1,Automobile or Station Wagon,East,2,,None,,Other,Unknown,,,Going Ahead,,,,,driver,,Scarborough-Agincourt (22),42 Division,Tam O'Shanter-Sullivan,FALSE,TRUE,FALSE,FALSE,FALSE,FALSE,TRUE,FALSE,FALSE,FALSE,"{""coordinates"": [[-79.31386158255212, 43.77728007489868]], ""type"": ""MultiPoint""}"
16693,2019:9001704678,2019-09-06T06:30:00,WARDEN AVE,MCNICOLL AVE,,2,Fatal Injury,Non-Intersection,No Control,Pedestrian Collision (internal code),Clear,Daylight,Dry,Major Arterial,FALSE,-79.32191057,43.80835109,,,West,1,96,Fatal,,,,Crossing - no traffic control,Inattentive,,Driver hits pedestrian at midblock,,,,pedestrian,43,Scarborough-Agincourt (22),42 Division,Steeles,FALSE,TRUE,FALSE,FALSE,FALSE,TRUE,TRUE,FALSE,FALSE,FALSE,"{""coordinates"": [[-79.32191056659804, 43.80835108584145]], ""type"": ""MultiPoint""}"
16694,2019:9001708503,2019-09-06T16:17:00,DIXON RD,ISLINGTON AVE,,2,Fatal Injury,At Intersection,Traffic Signal,Pedestrian Collision (internal code),Clear,Daylight,Dry,Major Arterial,FALSE,-79.54667371,43.69695524,,Automobile or Station Wagon,West,2,47,None,,Driving properly,Normal,,,Going Ahead,,,,,driver,,Etobicoke Centre (2),23 Division,Kingsview Village-The Westway,FALSE,FALSE,FALSE,FALSE,FALSE,TRUE,TRUE,FALSE,FALSE,FALSE,"{""coordinates"": [[-79.54667370839267, 43.69695524499456]], ""type"": ""MultiPoint""}"
16700,2019:9001734593,2019-09-10T09:59:00,YONGE ST,ERSKINE AVE,,2,Fatal Injury,At Intersection,No Control,Pedestrian Collision (internal code),Clear,Daylight,Dry,Major Arterial,FALSE,-79.39927281,43.71100419,,,South,1,54,Fatal,,,,Crossing with right-of-way (intersection),Normal,,Driver turns right into pedestrian crossing with right-of-way (at intersection),,,,pedestrian,41,Don Valley West (15),53 Division,North Toronto,FALSE,FALSE,FALSE,FALSE,FALSE,FALSE,TRUE,FALSE,FALSE,TRUE,"{""coordinates"": [[-79.3992728129871, 43.711004190308486]], ""type"": ""MultiPoint""}"
16708,2019:9001790358,2019-09-17T20:00:00,LAWRENCE AVE E,AINSDALE RD,,2,Fatal Injury,Intersection-Related,Stop Sign,Pedestrian Collision (internal code),Clear,Daylight,Dry,Major Arterial,FALSE,-79.29183617,43.74588603,,Pickup Truck,South,2,58,Minimal,,Driving properly,Normal,,,Turning Left,,,,,driver,,Scarborough Centre (21),41 Division,Wexford/Maryvale,FALSE,FALSE,FALSE,FALSE,FALSE,FALSE,TRUE,FALSE,FALSE,FALSE,"{""coordinates"": [[-79.29183616912923, 43.74588602594456]], ""type"": ""MultiPoint""}"
16710,2019:9001835582,2019-09-23T20:19:00,SCARBOROUGH GOLF CLUB RD,CONFEDERATION DR,,2,Fatal Injury,Non-Intersection,No Control,Pedestrian Collision (internal code),Clear,Dusk,Dry,Minor Arterial,FALSE,-79.2142451,43.75724611,,Automobile or Station Wagon,South,2,21,None,,Driving properly,Normal,,,Going Ahead,,,,,driver,,Scarborough-Guildwood (24),43 Division,Golfdale-Cedarbrae-Woburn,FALSE,TRUE,FALSE,FALSE,FALSE,FALSE,TRUE,FALSE,TRUE,FALSE,"{""coordinates"": [[-79.2142450951341, 43.757246106836696]], ""type"": ""MultiPoint""}"
16716,2019:9001878764,2019-09-29T20:31:00,KIPLING AVE,BETHRIDGE RD,,2,Fatal Injury,Non-Intersection,No Control,Pedestrian Collision (internal code),Clear,Daylight with Artificial Lighting,Dry,Major Arterial,FALSE,-79.56470108,43.7073534,,,East,1,58,Fatal,,,,Crossing - no traffic control,Unknown,,Driver hits pedestrian at midblock,,,,pedestrian,47,Etobicoke North (1),23 Division,West Humber-Clairville,FALSE,FALSE,FALSE,FALSE,FALSE,FALSE,TRUE,FALSE,FALSE,FALSE,"{""coordinates"": [[-79.56470108256266, 43.70735340192897]], ""type"": ""MultiPoint""}"
16736,2019:9002079433,2019-10-28T06:29:00,EGLINTON AVE E,DON MILLS RD,,2,Fatal Injury,At Intersection,Traffic Signal,Pedestrian Collision (internal code),Clear,Dark with Artificial Lighting,Dry,Major Arterial,FALSE,-79.33883336,43.7204268,,,South,1,74,Fatal,,,,Crossing without right-of-way (intersection),Normal,,,,,,pedestrian,49,Don Valley East (16),55 Division,Flemingdon Park,FALSE,FALSE,FALSE,FALSE,FALSE,TRUE,TRUE,FALSE,FALSE,FALSE,"{""coordinates"": [[-79.33883335504031, 43.720426798562436]], ""type"": ""MultiPoint""}"
16737,2019:9002080634,2019-10-28T10:05:00,ST CLAIR AVE W,CASTLETON AVE,,3,Fatal Injury,Intersection-Related,Stop Sign,Pedestrian Collision (internal code),Clear,Daylight,Dry,Major Arterial,FALSE,-79.48563852,43.66842888,,,North,1,83,Fatal,,,,Crossing without right-of-way (intersection),Normal,,Driver turns left into pedestrian crossing without right-of-way (at intersection),,,,pedestrian,50,York South-Weston (5),11 Division,Rockcliffe-Smythe,FALSE,FALSE,FALSE,FALSE,FALSE,TRUE,TRUE,FALSE,FALSE,TRUE,"{""coordinates"": [[-79.48563851756668, 43.66842887767614]], ""type"": ""MultiPoint""}"
16741,2019:9002099223,2019-10-30T20:15:00,39 HOWDEN RD,,,2,Fatal Injury,Non-Intersection,No Control,Pedestrian Collision (internal code),Rain,Dark with Artificial Lighting,Wet,Collector,FALSE,-79.28947868,43.75047129,1,,East,1,56,Fatal,,,,Crossing - no traffic control,Inattentive,,Driver hits pedestrian at midblock,,,,pedestrian,51,Scarborough Centre (21),41 Division,Wexford/Maryvale,FALSE,TRUE,FALSE,FALSE,FALSE,FALSE,TRUE,FALSE,FALSE,FALSE,"{""coordinates"": [[-79.2894786765723, 43.75047128910325]], ""type"": ""MultiPoint""}"
16750,2019:9002192530,2019-11-13T10:51:00,KEELE ST,LAWRENCE AVE W,,2,Fatal Injury,At Intersection,Traffic Signal,Pedestrian Collision (internal code),Snow,Daylight,Wet,Major Arterial,FALSE,-79.4780243,43.70858617,1,,East,2,24,Fatal,Use Unknown,,,Crossing with right-of-way (intersection),Normal,,Driver turns right into pedestrian crossing with right-of-way (at intersection),,,,pedestrian,58,York South-Weston (5),12 Division,Brookhaven-Amesbury,TRUE,TRUE,FALSE,FALSE,FALSE,FALSE,TRUE,FALSE,FALSE,TRUE,"{""coordinates"": [[-79.47802429579424, 43.70858616705522]], ""type"": ""MultiPoint""}"
16755,2019:9002248311,2019-11-21T13:40:00,MCCOWAN RD,SANDHURST CRCL,,2,Fatal Injury,At Intersection,Traffic Signal,Cyclist Collision (internal code),Clear,Daylight,Wet,Major Arterial,FALSE,-79.2691844,43.81154457,,Bicycle,South,1,66,Fatal,,,,,,,,"Cyclist without right-of-way rides into path of driver (at intersection, laneway, or driveway)",Disobeyed Traffic Control,Normal,cyclist,57,Scarborough North (23),42 Division,Agincourt North,FALSE,FALSE,TRUE,FALSE,FALSE,TRUE,FALSE,FALSE,FALSE,FALSE,"{""coordinates"": [[-79.2691844016166, 43.8115445747705]], ""type"": ""MultiPoint""}"
16757,2019:9002255296,2019-11-22T13:52:00,LAWRENCE AVE W,ROSEWELL AVE,,2,Fatal Injury,Intersection-Related,No Control,Pedestrian Collision (internal code),Clear,Daylight,Dry,Major Arterial,FALSE,-79.41416613,43.72249446,,,North,1,91,Fatal,,,,Crossing - no traffic control,Inattentive,,Driver going straight hits pedestrian crossing without right-of-way (at intersection),,,,pedestrian,53,Eglinton-Lawrence (8),53 Division,Lawrence Park South,FALSE,TRUE,FALSE,FALSE,FALSE,TRUE,TRUE,FALSE,FALSE,FALSE,"{""coordinates"": [[-79.41416612637282, 43.72249446319906]], ""type"": ""MultiPoint""}"
16760,2019:9002258968,2019-11-22T23:21:00,ST CLAIR AVE W,CHRISTIE ST,,2,Fatal Injury,Intersection-Related,Traffic Signal,Pedestrian Collision (internal code),Clear,Dark with Artificial Lighting,Dry,Major Arterial,FALSE,-79.42567897,43.68163908,1,Automobile or Station Wagon,West,2,,None,,Driving properly,Unknown,,,Going Ahead,,,,,driver,,Toronto-St. Paul's (12),13 Division,Wychwood,FALSE,TRUE,FALSE,FALSE,FALSE,TRUE,TRUE,FALSE,FALSE,FALSE,"{""coordinates"": [[-79.42567896998504, 43.68163908372332]], ""type"": ""MultiPoint""}"
16763,2019:9002294353,2019-11-28T06:23:00,ISLINGTON AVE,AVIEMORE DR,,2,Fatal Injury,Non-Intersection,No Control,Pedestrian Collision (internal code),Clear,Dark,Dry,Major Arterial,FALSE,-79.56835638,43.7483087,,,West,1,77,Fatal,,,,Crossing without right-of-way (intersection),Other Condition,,Driver hits pedestrian at midblock,,,,pedestrian,56,Humber River-Black Creek (7),31 Division,Humber Summit,FALSE,FALSE,FALSE,FALSE,FALSE,TRUE,TRUE,FALSE,FALSE,FALSE,"{""coordinates"": [[-79.56835637913252, 43.748308695351945]], ""type"": ""MultiPoint""}"
16767,2019:9002354607,2019-12-06T17:20:00,3680 KEELE ST,,56 m South of St REGIS CR,2,Fatal Injury,Non-Intersection,No Control,Pedestrian Collision (internal code),Clear,Dark,Wet,Major Arterial,FALSE,-79.48860621,43.75389332,1,,East,1,75,Fatal,Lap and Shoulder Belt,,,Crossing - no traffic control,Inattentive,Going Ahead,Driver hits pedestrian at midblock,,,,pedestrian,64,York Centre (6),31 Division,York University Heights,FALSE,TRUE,FALSE,FALSE,FALSE,TRUE,TRUE,FALSE,FALSE,FALSE,"{""coordinates"": [[-79.48860620518913, 43.75389332044223]], ""type"": ""MultiPoint""}"
16776,2019:9002413050,2019-12-15T01:29:00,LAWRENCE AVE E,BARRYMORE RD,,2,Fatal Injury,Non-Intersection,No Control,Pedestrian Collision (internal code),,Dark,,Major Arterial,FALSE,-79.25001938,43.75449575,1,Automobile or Station Wagon,East,2,22,,,Driving properly,Unknown,,,Going Ahead,,,,,driver,,Scarborough Centre (21),43 Division,Bendale South,FALSE,FALSE,FALSE,FALSE,FALSE,TRUE,TRUE,FALSE,FALSE,FALSE,"{""coordinates"": [[-79.25001937821929, 43.75449574605407]], ""type"": ""MultiPoint""}"
16778,2019:9002465950,2019-12-22T18:34:00,PROGRESS AVE,MARKHAM RD,,4,Fatal Injury,Non-Intersection,No Control,Pedestrian Collision (internal code),Clear,Dark with Artificial Lighting,Wet,Major Arterial,FALSE,-79.23298289,43.78212559,,,Unknown,3,21,Major,,,,On sidewalk or shoulder,Unknown,,Driver hits pedestrian on sidewalk or shoulder,,,,pedestrian,,Scarborough-Guildwood (24),43 Division,Woburn North,FALSE,FALSE,FALSE,FALSE,FALSE,FALSE,TRUE,FALSE,TRUE,FALSE,"{""coordinates"": [[-79.23298289499067, 43.78212558600602]], ""type"": ""MultiPoint""}"
16779,2019:9002465950,2019-12-22T18:34:00,PROGRESS AVE,MARKHAM RD,,4,Fatal Injury,Non-Intersection,No Control,Pedestrian Collision (internal code),Clear,Dark with Artificial Lighting,Wet,Major Arterial,FALSE,-79.23298289,43.78212559,,,Unknown,2,19,Fatal,,,,On sidewalk or shoulder,Unknown,,Driver hits pedestrian on sidewalk or shoulder,,,,pedestrian,62,Scarborough-Guildwood (24),43 Division,Woburn North,FALSE,FALSE,FALSE,FALSE,FALSE,FALSE,TRUE,FALSE,TRUE,FALSE,"{""coordinates"": [[-79.23298289499067, 43.78212558600602]], ""type"": ""MultiPoint""}"
16788,2020:0000026294,2020-01-04T22:14:00,256 JARVIS ST,,GERRARD ST E,2,Fatal Injury,Non-Intersection,No Control,Pedestrian Collision (internal code),Clear,Dark with Artificial Lighting,Dry,Major Arterial,TRUE,-79.37556142,43.65956718,,Automobile or Station Wagon,North,2,,None,,Driving properly,Unknown,,,Going Ahead,,,,,driver,,Toronto Centre (13),51 Division,Downtown Yonge East,FALSE,FALSE,FALSE,FALSE,FALSE,TRUE,TRUE,FALSE,FALSE,FALSE,"{""coordinates"": [[-79.37556141676525, 43.65956717931725]], ""type"": ""MultiPoint""}"
16799,2020:0000139578,2020-01-21T07:01:00,ALNESS ST,SUPERTEST RD,,2,Fatal Injury,At Intersection,Traffic Signal,Pedestrian Collision (internal code),Clear,Dark with Artificial Lighting,Dry,Minor Arterial,FALSE,-79.47440785,43.77673571,1,,Unknown,1,26,Fatal,,,,Crossing with right-of-way (intersection),Unknown,,Driver turns right into pedestrian crossing with right-of-way (at intersection),,,,pedestrian,2,York Centre (6),32 Division,York University Heights,TRUE,TRUE,FALSE,FALSE,FALSE,FALSE,TRUE,FALSE,FALSE,TRUE,"{""coordinates"": [[-79.47440785024848, 43.77673570519796]], ""type"": ""MultiPoint""}"
16802,2020:0000188526,2020-01-27T20:30:00,3775 DUNDAS ST W,,,2,Fatal Injury,Non-Intersection,No Control,Pedestrian Collision (internal code),Clear,Dark with Artificial Lighting,Dry,Major Arterial,FALSE,-79.49982159,43.66530466,1,Automobile or Station Wagon,East,1,42,None,,Driving properly,Normal,,,Going Ahead,,,,,driver,,Parkdale-High Park (4),11 Division,Lambton Baby Point,FALSE,FALSE,FALSE,FALSE,FALSE,TRUE,TRUE,FALSE,FALSE,FALSE,"{""coordinates"": [[-79.49982159485528, 43.66530466253413]], ""type"": ""MultiPoint""}"
16803,2020:0000202070,2020-01-29T16:34:00,LAWRENCE AVE E,DON MILLS RD,,2,Fatal Injury,Non-Intersection,No Control,Pedestrian Collision (internal code),Clear,Daylight,Dry,Major Arterial,FALSE,-79.34456302,43.73685289,,,North,1,63,Fatal,,,,Crossing - no traffic control,Normal,,Driver hits pedestrian at midblock,,,,pedestrian,4,Don Valley East (16),33 Division,Banbury-Don Mills,FALSE,TRUE,FALSE,FALSE,FALSE,FALSE,TRUE,FALSE,FALSE,FALSE,"{""coordinates"": [[-79.3445630170952, 43.7368528904497]], ""type"": ""MultiPoint""}"
16815,2026:6991301938,2026-06-23T15:53:00,KINGSTON RD,RASPBERRY RD,,1,Fatal Injury,Non-Intersection,,Cyclist Collision (internal code),,,,,FALSE,-79.14234032,43.8014189,1,E-Bike (Power-Assisted Bicycle),,1,73,Fatal,,,,,,,,,Lost control,Unknown,cyclist,27,Scarborough-Rouge Park (25),42 Division,West Rouge,FALSE,FALSE,TRUE,FALSE,FALSE,TRUE,FALSE,FALSE,FALSE,FALSE,"{""coordinates"": [[-79.142340316955, 43.80141889858673]], ""type"": ""MultiPoint""}"
16818,2020:0000385373,2020-02-23T16:55:00,VICTORIA PARK AVE,HUNTINGWOOD DR,,3,Fatal Injury,At Intersection,Traffic Signal,Pedestrian Collision (internal code),Clear,Daylight,Dry,Major Arterial,FALSE,-79.32535975,43.78027938,1,Automobile or Station Wagon,West,3,58,None,,Failed to yield right-of-way,Inattentive,,,Turning Left,,,,,driver,,Scarborough-Agincourt (22),42 Division,L'Amoreaux West,TRUE,TRUE,FALSE,FALSE,FALSE,TRUE,TRUE,FALSE,FALSE,FALSE,"{""coordinates"": [[-79.32535975133119, 43.78027937935175]], ""type"": ""MultiPoint""}"
16819,2020:0000385373,2020-02-23T16:55:00,VICTORIA PARK AVE,HUNTINGWOOD DR,,3,Fatal Injury,At Intersection,Traffic Signal,Pedestrian Collision (internal code),Clear,Daylight,Dry,Major Arterial,FALSE,-79.32535975,43.78027938,1,,West,2,25,None,,,,,,,,,,,passenger,,Scarborough-Agincourt (22),42 Division,L'Amoreaux West,TRUE,TRUE,FALSE,FALSE,FALSE,TRUE,TRUE,FALSE,FALSE,FALSE,"{""coordinates"": [[-79.32535975133119, 43.78027937935175]], ""type"": ""MultiPoint""}"
16851,2020:0000888584,2020-05-13T09:45:00,LAWRENCE AVE E,FERN MEADOW RD,,2,Fatal Injury,Non-Intersection,No Control,Pedestrian Collision (internal code),Clear,Daylight,Dry,Minor Arterial,FALSE,-79.17121524,43.77164273,,Pickup Truck,West,1,39,None,,Lost control,Unknown,,,Going Ahead,,,,,driver,,Scarborough-Rouge Park (25),43 Division,West Hill,FALSE,FALSE,FALSE,FALSE,FALSE,TRUE,TRUE,FALSE,FALSE,FALSE,"{""coordinates"": [[-79.17121524032545, 43.77164273438099]], ""type"": ""MultiPoint""}"
16858,2020:0001045060,2020-06-07T00:15:00,KEELE ST,CALVINGTON DR,,3,Fatal Injury,At Intersection,Traffic Signal,Pedestrian Collision (internal code),Clear,Dark with Artificial Lighting,Dry,Major Arterial,FALSE,-79.48368527,43.73350758,1,,North,3,19,Minor,,,,Crossing with right-of-way (intersection),Normal,,Driver turns left into pedestrian crossing with right-of-way (at intersection),,,,pedestrian,,York Centre (6),31 Division,Downsview,TRUE,FALSE,FALSE,FALSE,FALSE,FALSE,TRUE,FALSE,TRUE,FALSE,"{""coordinates"": [[-79.48368527188593, 43.73350758062701]], ""type"": ""MultiPoint""}"
16859,2020:0001045060,2020-06-07T00:15:00,KEELE ST,CALVINGTON DR,,3,Fatal Injury,At Intersection,Traffic Signal,Pedestrian Collision (internal code),Clear,Dark with Artificial Lighting,Dry,Major Arterial,FALSE,-79.48368527,43.73350758,,,North,2,17,Fatal,,,,Crossing with right-of-way (intersection),Normal,,Driver turns left into pedestrian crossing with right-of-way (at intersection),,,,pedestrian,13,York Centre (6),31 Division,Downsview,TRUE,FALSE,FALSE,FALSE,FALSE,FALSE,TRUE,FALSE,TRUE,FALSE,"{""coordinates"": [[-79.48368527188593, 43.73350758062701]], ""type"": ""MultiPoint""}"
16865,2020:0001393549,2020-07-26T21:19:00,881 SHEPPARD AVE W,,,2,Fatal Injury,Non-Intersection,No Control,Pedestrian Collision (internal code),Clear,Dark with Artificial Lighting,Dry,Major Arterial,FALSE,-79.45512837,43.75191727,,,South,1,26,Fatal,,,,Crossing - no traffic control,Unknown,,Driver hits pedestrian at midblock,,,,pedestrian,16,York Centre (6),32 Division,Clanton Park,TRUE,FALSE,FALSE,FALSE,FALSE,FALSE,TRUE,FALSE,FALSE,FALSE,"{""coordinates"": [[-79.45512836810825, 43.751917266071665]], ""type"": ""MultiPoint""}"
16881,2020:0001402441,2020-07-28T07:00:00,STANLEY AVE,STATION RD,,2,Fatal Injury,Intersection-Related,Stop Sign,Pedestrian Collision (internal code),Clear,Daylight,Dry,Local,FALSE,-79.49419881,43.61499645,,,East,1,80,Fatal,,,,Walking on roadway with traffic,Normal,,Driver hits pedestrian at midblock,,,,pedestrian,17,Etobicoke-Lakeshore (3),22 Division,Mimico-Queensway,FALSE,TRUE,FALSE,FALSE,FALSE,TRUE,TRUE,FALSE,FALSE,FALSE,"{""coordinates"": [[-79.49419881212559, 43.614996451038785]], ""type"": ""MultiPoint""}"
16890,2020:0001501323,2020-08-11T11:09:00,THE EAST MALL,MONTEBELLO GDNS,,4,Fatal Injury,Non-Intersection,Stop Sign,Pedestrian Collision (internal code),Clear,Daylight,Dry,Minor Arterial,FALSE,-79.55997948,43.64776477,,,East,1,3,Fatal,,,,Crossing - no traffic control,Unknown,,Driver turns left into pedestrian crossing without right-of-way (at intersection),,,,pedestrian,18,Etobicoke Centre (2),22 Division,Islington,FALSE,FALSE,FALSE,FALSE,FALSE,TRUE,TRUE,FALSE,TRUE,FALSE,"{""coordinates"": [[-79.55997948152323, 43.64776476697817]], ""type"": ""MultiPoint""}"
16891,2020:0001501323,2020-08-11T11:09:00,THE EAST MALL,MONTEBELLO GDNS,,4,Fatal Injury,Non-Intersection,Stop Sign,Pedestrian Collision (internal code),Clear,Daylight,Dry,Minor Arterial,FALSE,-79.55997948,43.64776477,,Automobile or Station Wagon,West,4,81,None,,Improper turn,Normal,,,Turning Left,,,,,driver,,Etobicoke Centre (2),22 Division,Islington,FALSE,FALSE,FALSE,FALSE,FALSE,TRUE,TRUE,FALSE,TRUE,FALSE,"{""coordinates"": [[-79.55997948152323, 43.64776476697817]], ""type"": ""MultiPoint""}"
16892,2020:0001521326,2020-08-14T04:45:00,LAKE SHORE BLVD E,CHERRY ST,,2,Fatal Injury,Intersection-Related,Traffic Signal,Pedestrian Collision (internal code),Clear,Dawn with Artificial Lighting,Dry,Major Arterial,FALSE,-79.35599963,43.64892033,,,North,1,63,Fatal,,,,Crossing without right-of-way (intersection),Other Condition,,Driver going straight hits pedestrian crossing without right-of-way (at intersection),,,,pedestrian,20,Spadina-Fort York (10),51 Division,St Lawrence-East Bayfront-The Islands,FALSE,FALSE,FALSE,FALSE,FALSE,FALSE,TRUE,FALSE,FALSE,FALSE,"{""coordinates"": [[-79.35599962697923, 43.64892033234176]], ""type"": ""MultiPoint""}"
16893,2020:0001522941,2020-08-14T11:05:00,CALEDONIA RD,GLENGROVE AVE,,3,Fatal Injury,At Intersection,No Control,Pedestrian Collision (internal code),Clear,Daylight,Dry,Minor Arterial,FALSE,-79.46526793,43.70635837,,,West,2,24,Minor,,,,Crossing - no traffic control,Inattentive,,Driver going straight hits pedestrian crossing without right-of-way (at intersection),,,,pedestrian,,Eglinton-Lawrence (8),13 Division,Yorkdale-Glen Park,FALSE,TRUE,FALSE,FALSE,FALSE,FALSE,TRUE,FALSE,FALSE,FALSE,"{""coordinates"": [[-79.46526792904888, 43.70635836760101]], ""type"": ""MultiPoint""}"
16894,2020:0001522941,2020-08-14T11:05:00,CALEDONIA RD,GLENGROVE AVE,,3,Fatal Injury,At Intersection,No Control,Pedestrian Collision (internal code),Clear,Daylight,Dry,Minor Arterial,FALSE,-79.46526793,43.70635837,1,Automobile or Station Wagon,North,3,49,None,,Driving properly,Normal,,,Going Ahead,,,,,driver,,Eglinton-Lawrence (8),13 Division,Yorkdale-Glen Park,FALSE,TRUE,FALSE,FALSE,FALSE,FALSE,TRUE,FALSE,FALSE,FALSE,"{""coordinates"": [[-79.46526792904888, 43.70635836760101]], ""type"": ""MultiPoint""}"
16904,2020:0001670339,2020-09-04T05:51:00,FINCH AVE W,400 N FINCH E RAMP,,3,Fatal Injury,Non-Intersection,No Control,Cyclist Collision (internal code),Clear,Dark with Artificial Lighting,Dry,Major Arterial,FALSE,-79.52762298,43.75507211,,Automobile or Station Wagon,,3,,,,,,,,,,,,,other,,Humber River-Black Creek (7),31 Division,Glenfield-Jane Heights,TRUE,FALSE,TRUE,FALSE,FALSE,FALSE,FALSE,FALSE,FALSE,FALSE,"{""coordinates"": [[-79.52762298101416, 43.755072106165564]], ""type"": ""MultiPoint""}"
16905,2020:0001670339,2020-09-04T05:51:00,FINCH AVE W,400 N FINCH E RAMP,,3,Fatal Injury,Non-Intersection,No Control,Cyclist Collision (internal code),Clear,Dark with Artificial Lighting,Dry,Major Arterial,FALSE,-79.52762298,43.75507211,,Automobile or Station Wagon,West,2,64,None,,Following too closely,Unknown,,,Going Ahead,,,,,driver,,Humber River-Black Creek (7),31 Division,Glenfield-Jane Heights,TRUE,FALSE,TRUE,FALSE,FALSE,FALSE,FALSE,FALSE,FALSE,FALSE,"{""coordinates"": [[-79.52762298101416, 43.755072106165564]], ""type"": ""MultiPoint""}"
16919,2020:0001776003,2020-09-19T06:16:00,KIPLING AVE,STEVENSON RD,,2,Fatal Injury,At Intersection,Stop Sign,Pedestrian Collision (internal code),Clear,Daylight,Dry,Major Arterial,FALSE,-79.58273018,43.74439102,,,East,1,62,Fatal,,,,Crossing without right-of-way (intersection),Inattentive,,Driver going straight hits pedestrian crossing without right-of-way (at intersection),,,,pedestrian,25,Etobicoke North (1),23 Division,Mount Olive-Silverstone-Jamestown,FALSE,TRUE,FALSE,FALSE,FALSE,FALSE,TRUE,FALSE,FALSE,FALSE,"{""coordinates"": [[-79.5827301837165, 43.74439101958603]], ""type"": ""MultiPoint""}"
16923,2020:0001815972,2020-09-20T18:12:00,DUNDAS ST W,DENISON AVE,,2,Fatal Injury,At Intersection,Traffic Signal,Cyclist Collision (internal code),Clear,Daylight,Dry,Major Arterial,FALSE,-79.40222621,43.6519569,,Bicycle,East,1,37,Fatal,,,,,,Going Ahead,,Cyclist loses control and hits object (e.g. pole or TTC track),Lost control,Unknown,cyclist,26,Spadina-Fort York (10),14 Division,Kensington-Chinatown,FALSE,FALSE,TRUE,FALSE,FALSE,TRUE,FALSE,FALSE,FALSE,FALSE,"{""coordinates"": [[-79.40222621414166, 43.65195689917801]], ""type"": ""MultiPoint""}"