_id,collision_id,accdate,stname1,stname2,stname3,per_inv,acclass,accloc,traffictl,impactype,visible,light,rdsfcond,road_class,failtorem,longitude,latitude,veh_no,vehtype,initdir,per_no,invage,injury,safequip,drivact,drivcond,pedact,pedcond,manoeuvre,pedtype,cyclistype,cycact,cyccond,road_user,fatal_no,wardname,division,neighbourhood,aggressive,distracted,cyclist,motorcyclist,other_micromobility,older_adult,pedestrian,red_light,school_child,heavy_truck,geometry
18671,2010:1149557,2010-01-24T00:32:00,QUEEN ST E,MUNRO ST,,3,Fatal Injury,At Intersection,No Control,Pedestrian Collision (internal code),Clear,Dark,Dry,Major Arterial,FALSE,-79.3513908,43.65854413,2,,North,3,35,Fatal,Other Safety Equipment Used,,,Crossing - no traffic control,Inattentive,,Transit vehicle driver hits pedestrian anywhere along roadway,,,,pedestrian,7,Toronto-Danforth (14),55 Division,South Riverdale,FALSE,TRUE,FALSE,FALSE,FALSE,FALSE,TRUE,FALSE,FALSE,TRUE,"{""coordinates"": [[-79.35139080278451, 43.65854413387458]], ""type"": ""MultiPoint""}"
18674,2010:1149753,2010-01-25T18:25:00,SYMINGTON AVE,DAVENPORT RD,,2,Fatal Injury,At Intersection,Traffic Signal,Pedestrian Collision (internal code),Clear,Dark,Wet,Minor Arterial,FALSE,-79.45329098,43.67074428,1,Automobile or Station Wagon,North,1,25,None,Other Safety Equipment Used,Driving properly,Normal,,,Turning Left,,,,,driver,,Davenport (9),11 Division,Weston-Pelham Park,FALSE,FALSE,FALSE,FALSE,FALSE,FALSE,TRUE,FALSE,FALSE,FALSE,"{""coordinates"": [[-79.45329097882899, 43.67074427821764]], ""type"": ""MultiPoint""}"
18688,2010:1155407,2010-03-02T16:05:00,HORNER AVE,EDILOU DR,,3,Fatal Injury,,No Control,Pedestrian Collision (internal code),Clear,Daylight,Dry,Minor Arterial,FALSE,-79.53139123,43.60474442,1,,,1,,,Other Safety Equipment Used,,,,,,,,,,owner,,Etobicoke-Lakeshore (3),22 Division,Alderwood,FALSE,FALSE,FALSE,FALSE,FALSE,FALSE,TRUE,FALSE,FALSE,TRUE,"{""coordinates"": [[-79.53139123065385, 43.60474441784376]], ""type"": ""MultiPoint""}"
18727,2010:1168396,2010-05-13T11:36:00,DUNDAS ST W,COLLEGE ST,,3,Fatal Injury,,No Control,Pedestrian Collision (internal code),Clear,Daylight,Dry,Minor Arterial,FALSE,-79.44189099,43.65044427,2,,North,2,65,Fatal,Other Safety Equipment Used,,,Crossing - no traffic control,Normal,,Driver hits pedestrian at midblock,,,,pedestrian,18,Davenport (9),11 Division,Dufferin Grove,FALSE,FALSE,FALSE,FALSE,FALSE,TRUE,TRUE,FALSE,FALSE,FALSE,"{""coordinates"": [[-79.44189099136494, 43.65044426914016]], ""type"": ""MultiPoint""}"
18728,2010:1168396,2010-05-13T11:36:00,DUNDAS ST W,COLLEGE ST,,3,Fatal Injury,,No Control,Pedestrian Collision (internal code),Clear,Daylight,Dry,Minor Arterial,FALSE,-79.44189099,43.65044427,1,Automobile or Station Wagon,West,3,28,None,Lap and Shoulder Belt,Driving properly,Normal,,,Going Ahead,,,,,driver,,Davenport (9),11 Division,Dufferin Grove,FALSE,FALSE,FALSE,FALSE,FALSE,TRUE,TRUE,FALSE,FALSE,FALSE,"{""coordinates"": [[-79.44189099136494, 43.65044426914016]], ""type"": ""MultiPoint""}"
18749,2010:1171250,2010-06-03T01:20:00,DUFFERIN ST,ST CLAIR AVE W,,2,Fatal Injury,At Intersection,Traffic Signal,Pedestrian Collision (internal code),Rain,Dark,Wet,Major Arterial,FALSE,-79.44309095,43.67794426,1,Automobile or Station Wagon,North,1,47,None,Other Safety Equipment Used,Driving properly,Normal,,,Going Ahead,,,,,driver,,Davenport (9),13 Division,Corso Italia-Davenport,FALSE,FALSE,FALSE,FALSE,FALSE,FALSE,TRUE,FALSE,FALSE,FALSE,"{""coordinates"": [[-79.44309094729527, 43.67794426098901]], ""type"": ""MultiPoint""}"
18753,2010:1171997,2010-06-06T08:22:00,UNIVERSITY AVE,ORDE ST,,3,Fatal Injury,,No Control,Pedestrian Collision (internal code),Rain,Daylight,Wet,Major Arterial,FALSE,-79.38998788,43.65874319,1,,,1,,,Other Safety Equipment Used,,,,,,,,,,owner,,University-Rosedale (11),52 Division,Yonge-Bay Corridor,FALSE,FALSE,FALSE,FALSE,FALSE,FALSE,TRUE,FALSE,FALSE,TRUE,"{""coordinates"": [[-79.38998787708452, 43.65874319027858]], ""type"": ""MultiPoint""}"
18812,2010:1184434,2010-08-20T22:15:00,LAKE SHORE BLVD E,JOSEPH DUGGAN RD,,3,Fatal Injury,,Traffic Signal,Pedestrian Collision (internal code),Clear,Dark,Dry,Major Arterial,FALSE,-79.30618671,43.66434307,2,,North,3,17,Fatal,Other Safety Equipment Used,,,Crossing without right-of-way (intersection),Unknown,,Transit vehicle driver hits pedestrian anywhere along roadway,,,,pedestrian,29,Beaches-East York (19),55 Division,South Riverdale,FALSE,FALSE,FALSE,FALSE,FALSE,FALSE,TRUE,FALSE,TRUE,TRUE,"{""coordinates"": [[-79.30618670775635, 43.664343067511695]], ""type"": ""MultiPoint""}"
18813,2010:1184434,2010-08-20T22:15:00,LAKE SHORE BLVD E,JOSEPH DUGGAN RD,,3,Fatal Injury,,Traffic Signal,Pedestrian Collision (internal code),Clear,Dark,Dry,Major Arterial,FALSE,-79.30618671,43.66434307,1,Municipal Transit Bus (TTC),East,2,35,None,Other Safety Equipment Used,Driving properly,Normal,,,Going Ahead,,,,,driver,,Beaches-East York (19),55 Division,South Riverdale,FALSE,FALSE,FALSE,FALSE,FALSE,FALSE,TRUE,FALSE,TRUE,TRUE,"{""coordinates"": [[-79.30618670775635, 43.664343067511695]], ""type"": ""MultiPoint""}"
18830,2010:1189134,2010-09-14T10:55:00,SPADINA AVE,SULLIVAN ST,,3,Fatal Injury,,No Control,Pedestrian Collision (internal code),Clear,Daylight,Dry,Major Arterial,FALSE,-79.3972909,43.6509442,2,,West,3,81,Fatal,Other Safety Equipment Used,,,Crossing - no traffic control,Unknown,,Transit vehicle driver hits pedestrian anywhere along roadway,,,,pedestrian,30,Spadina-Fort York (10),14 Division,Kensington-Chinatown,FALSE,FALSE,FALSE,FALSE,FALSE,TRUE,TRUE,FALSE,FALSE,TRUE,"{""coordinates"": [[-79.39729090339856, 43.650944202941986]], ""type"": ""MultiPoint""}"
18831,2010:1189134,2010-09-14T10:55:00,SPADINA AVE,SULLIVAN ST,,3,Fatal Injury,,No Control,Pedestrian Collision (internal code),Clear,Daylight,Dry,Major Arterial,FALSE,-79.3972909,43.6509442,1,Municipal Transit Bus (TTC),North,2,35,None,Other Safety Equipment Used,Driving properly,Normal,,,Going Ahead,,,,,driver,,Spadina-Fort York (10),14 Division,Kensington-Chinatown,FALSE,FALSE,FALSE,FALSE,FALSE,TRUE,TRUE,FALSE,FALSE,TRUE,"{""coordinates"": [[-79.39729090339856, 43.650944202941986]], ""type"": ""MultiPoint""}"
18836,2010:1191582,2010-09-26T23:09:00,LAKE SHORE BLVD W,COLBORNE LODGE DR,,3,Fatal Injury,At Intersection,Traffic Signal,Cyclist Collision (internal code),Clear,Dark,Dry,Major Arterial,FALSE,-79.45899105,43.6379443,3,Bicycle,South,3,28,Fatal,Use Unknown,,,,,Going Ahead,,"Cyclist without right-of-way rides into path of driver (at intersection, laneway, or driveway)",Disobeyed Traffic Control,Had Been Drinking,cyclist,33,Parkdale-High Park (4),11 Division,South Parkdale,FALSE,FALSE,TRUE,FALSE,FALSE,FALSE,FALSE,FALSE,FALSE,FALSE,"{""coordinates"": [[-79.45899104642527, 43.637944299447376]], ""type"": ""MultiPoint""}"
18837,2010:1191582,2010-09-26T23:09:00,LAKE SHORE BLVD W,COLBORNE LODGE DR,,3,Fatal Injury,At Intersection,Traffic Signal,Cyclist Collision (internal code),Clear,Dark,Dry,Major Arterial,FALSE,-79.45899105,43.6379443,2,Automobile or Station Wagon,East,2,61,None,Lap and Shoulder Belt,Driving properly,Normal,,,Going Ahead,,,,,driver,,Parkdale-High Park (4),11 Division,South Parkdale,FALSE,FALSE,TRUE,FALSE,FALSE,FALSE,FALSE,FALSE,FALSE,FALSE,"{""coordinates"": [[-79.45899104642527, 43.637944299447376]], ""type"": ""MultiPoint""}"
18852,2010:1193747,2010-10-07T20:44:00,DORIS AVE,HOLLYWOOD AVE,,2,Fatal Injury,,Pedestrian Crossover,Pedestrian Collision (internal code),Clear,Dark,Dry,Minor Arterial,FALSE,-79.40909075,43.76574419,1,Automobile or Station Wagon,South,2,40,None,Other Safety Equipment Used,Failed to yield right-of-way,Normal,,,Going Ahead,,,,,driver,,Willowdale (18),32 Division,Yonge-Doris,TRUE,FALSE,FALSE,FALSE,FALSE,FALSE,TRUE,FALSE,FALSE,FALSE,"{""coordinates"": [[-79.40909075101868, 43.765744190818026]], ""type"": ""MultiPoint""}"
18888,2010:1202173,2010-11-17T08:18:00,DUNDAS ST W,KENNETH AVE,,3,Fatal Injury,,No Control,Pedestrian Collision (internal code),Rain,Daylight,Wet,Minor Arterial,FALSE,-79.455891,43.66244429,1,,,1,,,Other Safety Equipment Used,,,,,,,,,,owner,,Parkdale-High Park (4),11 Division,High Park North,FALSE,FALSE,FALSE,FALSE,FALSE,FALSE,TRUE,FALSE,FALSE,TRUE,"{""coordinates"": [[-79.45589099806448, 43.662444285190276]], ""type"": ""MultiPoint""}"
18892,2010:1202989,2010-11-19T07:44:00,LOWER SPADINA AVE,LAKE SHORE BLVD W,,3,Fatal Injury,At Intersection,Traffic Signal,Cyclist Collision (internal code),Clear,Daylight,Dry,Major Arterial,FALSE,-79.39219091,43.6384442,1,Municipal Transit Bus (TTC),South,2,30,None,Other Safety Equipment Used,Driving properly,Normal,,,Going Ahead,,,,,driver,,Spadina-Fort York (10),52 Division,Harbourfront-CityPlace,FALSE,FALSE,TRUE,FALSE,FALSE,FALSE,FALSE,FALSE,FALSE,TRUE,"{""coordinates"": [[-79.39219091282024, 43.638444198426896]], ""type"": ""MultiPoint""}"
18893,2010:1202989,2010-11-19T07:44:00,LOWER SPADINA AVE,LAKE SHORE BLVD W,,3,Fatal Injury,At Intersection,Traffic Signal,Cyclist Collision (internal code),Clear,Daylight,Dry,Major Arterial,FALSE,-79.39219091,43.6384442,2,Bicycle,East,3,60,Fatal,No Equipment Available,,,,,Pulling Away from Shoulder or Curb,,"Cyclist without right-of-way rides into path of driver (at intersection, laneway, or driveway)",Disobeyed Traffic Control,Normal,cyclist,36,Spadina-Fort York (10),52 Division,Harbourfront-CityPlace,FALSE,FALSE,TRUE,FALSE,FALSE,FALSE,FALSE,FALSE,FALSE,TRUE,"{""coordinates"": [[-79.39219091282024, 43.638444198426896]], ""type"": ""MultiPoint""}"
18896,2010:1204296,2010-11-26T17:19:00,HUMEWOOD GDNS,RUSHTON RD,,2,Fatal Injury,At Intersection,Stop Sign,Pedestrian Collision (internal code),Clear,Dark,Dry,Local,FALSE,-79.42839091,43.68294424,1,Automobile or Station Wagon,West,2,71,None,Other Safety Equipment Used,Failed to yield right-of-way,Normal,,,Going Ahead,,,,,driver,,Toronto-St. Paul's (12),13 Division,Humewood-Cedarvale,TRUE,FALSE,FALSE,FALSE,FALSE,TRUE,TRUE,FALSE,FALSE,FALSE,"{""coordinates"": [[-79.42839091140728, 43.68294423851753]], ""type"": ""MultiPoint""}"
18912,2010:1206992,2010-12-11T19:35:00,ST CLAIR AVE E,DANFORTH RD,,3,Fatal Injury,At Intersection,Traffic Signal,Pedestrian Collision (internal code),Clear,Dark,Dry,Major Arterial,FALSE,-79.25989056,43.716844,2,,East,3,66,Fatal,Other Safety Equipment Used,,,Crossing without right-of-way (intersection),Inattentive,,Transit vehicle driver hits pedestrian anywhere along roadway,,,,pedestrian,40,Scarborough Southwest (20),41 Division,Clairlea-Birchmount,FALSE,TRUE,FALSE,FALSE,FALSE,TRUE,TRUE,FALSE,FALSE,TRUE,"{""coordinates"": [[-79.25989055628196, 43.716844003825535]], ""type"": ""MultiPoint""}"
18913,2010:1206992,2010-12-11T19:35:00,ST CLAIR AVE E,DANFORTH RD,,3,Fatal Injury,At Intersection,Traffic Signal,Pedestrian Collision (internal code),Clear,Dark,Dry,Major Arterial,FALSE,-79.25989056,43.716844,1,Municipal Transit Bus (TTC),South,2,45,None,Other Safety Equipment Used,Driving properly,Normal,,,Going Ahead,,,,,driver,,Scarborough Southwest (20),41 Division,Clairlea-Birchmount,FALSE,TRUE,FALSE,FALSE,FALSE,TRUE,TRUE,FALSE,FALSE,TRUE,"{""coordinates"": [[-79.25989055628196, 43.716844003825535]], ""type"": ""MultiPoint""}"
18920,2010:1209207,2010-12-23T20:27:00,BATHURST ST,BRIDGMAN AVE,,5,Fatal Injury,,No Control,Pedestrian Collision (internal code),Clear,Dark,Dry,Major Arterial,FALSE,-79.4146909,43.67394422,2,Municipal Transit Bus (TTC),South,4,50,None,Other Safety Equipment Used,Improper passing,Normal,,,Going Ahead,,,,,driver,,Toronto-St. Paul's (12),13 Division,Casa Loma,TRUE,FALSE,FALSE,FALSE,FALSE,FALSE,TRUE,FALSE,FALSE,TRUE,"{""coordinates"": [[-79.4146909003278, 43.673944221912485]], ""type"": ""MultiPoint""}"
18921,2010:1209207,2010-12-23T20:27:00,BATHURST ST,BRIDGMAN AVE,,5,Fatal Injury,,No Control,Pedestrian Collision (internal code),Clear,Dark,Dry,Major Arterial,FALSE,-79.4146909,43.67394422,1,,,1,51,Major,Other Safety Equipment Used,,,,,,,,,,passenger,,Toronto-St. Paul's (12),13 Division,Casa Loma,TRUE,FALSE,FALSE,FALSE,FALSE,FALSE,TRUE,FALSE,FALSE,TRUE,"{""coordinates"": [[-79.4146909003278, 43.673944221912485]], ""type"": ""MultiPoint""}"
18922,2010:1209440,2010-12-28T17:34:00,STEELES AVE E,SILVER STAR BLVD,,3,Fatal Injury,At Intersection,Traffic Signal,Pedestrian Collision (internal code),Snow,Dark,Wet,Major Arterial,TRUE,-79.29999052,43.82534406,1,,,1,71,None,Other Safety Equipment Used,,,,,,,,,,passenger,,,,,FALSE,FALSE,FALSE,FALSE,FALSE,TRUE,TRUE,FALSE,FALSE,FALSE,"{""coordinates"": [[-79.29999051677528, 43.82534406187632]], ""type"": ""MultiPoint""}"
18936,2011:1212031,2011-01-11T10:23:00,QUEEN ST W,BATHURST ST,,3,Fatal Injury,At Intersection,No Control,Pedestrian Collision (internal code),Clear,Daylight,Wet,Major Arterial,FALSE,-79.40389092,43.64724421,1,,North,1,,Fatal,Other Safety Equipment Used,,,Crossing - no traffic control,Unknown,,Transit vehicle driver hits pedestrian anywhere along roadway,,,,pedestrian,1,Spadina-Fort York (10),14 Division,Kensington-Chinatown,FALSE,FALSE,FALSE,FALSE,FALSE,FALSE,TRUE,FALSE,FALSE,TRUE,"{""coordinates"": [[-79.40389092214572, 43.64724421371036]], ""type"": ""MultiPoint""}"
18943,2011:1213866,2011-01-21T05:19:00,DUFFERIN ST,NORTON AVE W,,1,Fatal Injury,,No Control,Pedestrian Collision (internal code),Snow,Dark,Slush,Major Arterial,FALSE,-79.44329095,43.67864426,1,,,1,,,Other Safety Equipment Used,,,,,,,,,,owner,,Davenport (9),13 Division,Corso Italia-Davenport,FALSE,FALSE,FALSE,FALSE,FALSE,FALSE,TRUE,FALSE,FALSE,TRUE,"{""coordinates"": [[-79.44329094648957, 43.67864426101944]], ""type"": ""MultiPoint""}"
18945,2011:1214725,2011-01-25T20:58:00,BATHURST ST,FOREST RIDGE DR,,2,Fatal Injury,,No Control,Pedestrian Collision (internal code),Clear,Dark,Wet,Major Arterial,FALSE,-79.42669087,43.70664423,2,,West,2,79,Fatal,Other Safety Equipment Used,,,Crossing - no traffic control,Inattentive,,Driver hits pedestrian at midblock,,,,pedestrian,4,Eglinton-Lawrence (8),53 Division,Forest Hill North,FALSE,TRUE,FALSE,FALSE,FALSE,TRUE,TRUE,FALSE,FALSE,FALSE,"{""coordinates"": [[-79.42669086927812, 43.70664422847416]], ""type"": ""MultiPoint""}"
18947,2011:1215284,2011-01-29T00:00:00,BLOOR ST W,CONCORD AVE,,2,Fatal Injury,At Intersection,No Control,Pedestrian Collision (internal code),Clear,Dark,Dry,Major Arterial,FALSE,-79.42689094,43.66174424,2,,East,3,62,Fatal,Other Safety Equipment Used,,,Crossing with right-of-way (intersection),Had Been Drinking,,Transit vehicle driver hits pedestrian anywhere along roadway,,,,pedestrian,3,Davenport (9),14 Division,Dovercourt Village,TRUE,TRUE,FALSE,FALSE,FALSE,FALSE,TRUE,FALSE,FALSE,TRUE,"{""coordinates"": [[-79.42689094346345, 43.66174424326467]], ""type"": ""MultiPoint""}"
18948,2011:1215284,2011-01-29T00:00:00,BLOOR ST W,CONCORD AVE,,2,Fatal Injury,At Intersection,No Control,Pedestrian Collision (internal code),Clear,Dark,Dry,Major Arterial,FALSE,-79.42689094,43.66174424,1,Municipal Transit Bus (TTC),West,2,37,None,Other Safety Equipment Used,Failed to yield right-of-way,Inattentive,,,Turning Right,,,,,driver,,Davenport (9),14 Division,Dovercourt Village,TRUE,TRUE,FALSE,FALSE,FALSE,FALSE,TRUE,FALSE,FALSE,TRUE,"{""coordinates"": [[-79.42689094346345, 43.66174424326467]], ""type"": ""MultiPoint""}"
18952,2011:1216987,2011-02-10T08:28:00,DUNDAS ST W,NEILSON DR,,3,Fatal Injury,At Intersection,Traffic Signal,Pedestrian Collision (internal code),Clear,Daylight,Dry,Major Arterial,FALSE,-79.56239123,43.62734444,1,,,1,15,None,Other Safety Equipment Used,,,,,,,,,,passenger,,Etobicoke Centre (2),22 Division,Markland Wood,TRUE,TRUE,FALSE,FALSE,FALSE,FALSE,TRUE,FALSE,TRUE,FALSE,"{""coordinates"": [[-79.56239122938948, 43.627344444609385]], ""type"": ""MultiPoint""}"
18982,2011:1224710,2011-03-24T22:25:00,SHEPPARD AVE E,MURISON BLVD,,2,Fatal Injury,At Intersection,Traffic Signal,Pedestrian Collision (internal code),Clear,Dark,Dry,Major Arterial,FALSE,-79.21289041,43.79914397,2,,South,2,23,Fatal,Other Safety Equipment Used,,,Crossing without right-of-way (intersection),Normal,,Driver going straight hits pedestrian crossing without right-of-way (at intersection),,,,pedestrian,6,Scarborough-Rouge Park (25),42 Division,Malvern East,TRUE,FALSE,FALSE,FALSE,FALSE,FALSE,TRUE,FALSE,FALSE,FALSE,"{""coordinates"": [[-79.21289041151029, 43.7991439657747]], ""type"": ""MultiPoint""}"
19027,2011:1237771,2011-06-11T13:08:00,DEWLANE DR,BATHURST ST,,2,Fatal Injury,,No Control,Pedestrian Collision (internal code),Clear,Daylight,Dry,Major Arterial,FALSE,-79.44589079,43.78594423,1,Automobile or Station Wagon,South,1,53,None,Other Safety Equipment Used,Other,Normal,,,Other,,,,,driver,,Willowdale (18),32 Division,Newtonbrook West,FALSE,FALSE,FALSE,FALSE,FALSE,TRUE,TRUE,FALSE,FALSE,FALSE,"{""coordinates"": [[-79.4458907884129, 43.78594423248936]], ""type"": ""MultiPoint""}"
19030,2011:1239243,2011-06-17T14:32:00,WEDGEWOOD DR,YONGE ST,,1,Fatal Injury,At Intersection,Stop Sign,Pedestrian Collision (internal code),Clear,Daylight,Dry,Major Arterial,FALSE,-79.41779074,43.7889442,1,Automobile or Station Wagon,West,1,27,None,Lap and Shoulder Belt,Failed to yield right-of-way,Normal,,,Going Ahead,,,,,driver,,Willowdale (18),32 Division,Newtonbrook East,TRUE,FALSE,FALSE,FALSE,FALSE,FALSE,TRUE,FALSE,TRUE,FALSE,"{""coordinates"": [[-79.41779073955114, 43.78894419868884]], ""type"": ""MultiPoint""}"
19036,2011:1241204,2011-06-29T11:35:00,STEELES AVE W,BATHURST ST,,3,Fatal Injury,,No Control,Pedestrian Collision (internal code),Clear,Daylight,Dry,Major Arterial,FALSE,-79.44589078,43.79234423,2,,East,2,79,Major,Other Safety Equipment Used,,,On sidewalk or shoulder,Normal,,Driver hits pedestrian on sidewalk or shoulder,,,,pedestrian,,York Centre (6),32 Division,Westminster-Branson,FALSE,FALSE,FALSE,FALSE,FALSE,TRUE,TRUE,FALSE,FALSE,FALSE,"{""coordinates"": [[-79.44589078093689, 43.79234423142387]], ""type"": ""MultiPoint""}"
19037,2011:1241204,2011-06-29T11:35:00,STEELES AVE W,BATHURST ST,,3,Fatal Injury,,No Control,Pedestrian Collision (internal code),Clear,Daylight,Dry,Major Arterial,FALSE,-79.44589078,43.79234423,2,,East,3,87,Fatal,Other Safety Equipment Used,,,On sidewalk or shoulder,Normal,,Driver hits pedestrian on sidewalk or shoulder,,,,pedestrian,11,York Centre (6),32 Division,Westminster-Branson,FALSE,FALSE,FALSE,FALSE,FALSE,TRUE,TRUE,FALSE,FALSE,FALSE,"{""coordinates"": [[-79.44589078093689, 43.79234423142387]], ""type"": ""MultiPoint""}"
19038,2011:1241592,2011-07-01T22:29:00,WARDEN AVE,HUNTINGWOOD DR,,5,Fatal Injury,,No Control,Pedestrian Collision (internal code),Clear,Dark,Dry,Major Arterial,FALSE,-79.31156557,43.78690507,2,Automobile or Station Wagon,South,4,28,None,Other Safety Equipment Used,Driving properly,Normal,,,Going Ahead,,,,,driver,,Scarborough-Agincourt (22),42 Division,East L'Amoreaux,FALSE,FALSE,FALSE,FALSE,FALSE,FALSE,TRUE,FALSE,FALSE,FALSE,"{""coordinates"": [[-79.31156556996062, 43.78690507268547]], ""type"": ""MultiPoint""}"
19039,2011:1241592,2011-07-01T22:29:00,WARDEN AVE,HUNTINGWOOD DR,,5,Fatal Injury,,No Control,Pedestrian Collision (internal code),Clear,Dark,Dry,Major Arterial,FALSE,-79.31156557,43.78690507,1,,,1,43,None,Other Safety Equipment Used,,,,,,,,,,passenger,,Scarborough-Agincourt (22),42 Division,East L'Amoreaux,FALSE,FALSE,FALSE,FALSE,FALSE,FALSE,TRUE,FALSE,FALSE,FALSE,"{""coordinates"": [[-79.31156556996062, 43.78690507268547]], ""type"": ""MultiPoint""}"
19053,2011:1246967,2011-08-02T12:36:00,LAKE SHORE BLVD W,EIGHTH ST,,3,Fatal Injury,At Intersection,No Control,Pedestrian Collision (internal code),Clear,Daylight,Dry,Major Arterial,FALSE,-79.50639121,43.60044439,2,,East,3,87,Fatal,Other Safety Equipment Used,,,Crossing with right-of-way (intersection),Unknown,,Driver turns left into pedestrian crossing with right-of-way (at intersection),,,,pedestrian,18,Etobicoke-Lakeshore (3),22 Division,New Toronto,TRUE,FALSE,FALSE,FALSE,FALSE,TRUE,TRUE,FALSE,FALSE,FALSE,"{""coordinates"": [[-79.50639120548718, 43.60044438808161]], ""type"": ""MultiPoint""}"
19054,2011:1246967,2011-08-02T12:36:00,LAKE SHORE BLVD W,EIGHTH ST,,3,Fatal Injury,At Intersection,No Control,Pedestrian Collision (internal code),Clear,Daylight,Dry,Major Arterial,FALSE,-79.50639121,43.60044439,1,Automobile or Station Wagon,West,2,47,None,Other Safety Equipment Used,Failed to yield right-of-way,Normal,,,Turning Left,,,,,driver,,Etobicoke-Lakeshore (3),22 Division,New Toronto,TRUE,FALSE,FALSE,FALSE,FALSE,TRUE,TRUE,FALSE,FALSE,FALSE,"{""coordinates"": [[-79.50639120548718, 43.60044438808161]], ""type"": ""MultiPoint""}"
19060,2011:1247766,2011-08-05T09:02:00,GREENWOOD AVE,PLAINS RD,,3,Fatal Injury,At Intersection,Stop Sign,Cyclist Collision (internal code),Clear,Daylight,Dry,Collector,FALSE,-79.33849073,43.69384411,1,,,1,,,Other Safety Equipment Used,,,,,,,,,,owner,,Toronto-Danforth (14),55 Division,Old East York,TRUE,TRUE,TRUE,FALSE,FALSE,TRUE,FALSE,FALSE,FALSE,FALSE,"{""coordinates"": [[-79.33849072821329, 43.69384411084498]], ""type"": ""MultiPoint""}"
19065,2011:1248931,2011-08-13T18:00:00,28 REGATTA CRES,,,1,Fatal Injury,,No Control,Pedestrian Collision (internal code),Clear,Daylight,Dry,Local,FALSE,-79.44389078,43.78934423,2,,South,2,75,Fatal,Other Safety Equipment Used,,,On sidewalk or shoulder,Unknown,,Driver hits pedestrian at private driveway,,,,pedestrian,19,Willowdale (18),32 Division,Newtonbrook West,FALSE,FALSE,FALSE,FALSE,FALSE,TRUE,TRUE,FALSE,FALSE,FALSE,"{""coordinates"": [[-79.44389078121449, 43.789344229554466]], ""type"": ""MultiPoint""}"
19101,2011:1255565,2011-09-23T19:12:00,MARTIN GROVE Road,DIXON Road,,4,Fatal Injury,At Intersection,Traffic Signal,Pedestrian Collision (internal code),Rain,Dark,Wet,Major Arterial,FALSE,-79.57079112,43.69154442,1,Automobile or Station Wagon,East,3,34,None,Other Safety Equipment Used,Driving properly,Normal,,,Going Ahead,,,,,driver,,Etobicoke Centre (2),23 Division,West Humber-Clairville,FALSE,TRUE,FALSE,FALSE,FALSE,TRUE,TRUE,FALSE,FALSE,FALSE,"{""coordinates"": [[-79.57079111997504, 43.69154441808486]], ""type"": ""MultiPoint""}"
19102,2011:1255565,2011-09-23T19:12:00,MARTIN GROVE Road,DIXON Road,,4,Fatal Injury,At Intersection,Traffic Signal,Pedestrian Collision (internal code),Rain,Dark,Wet,Major Arterial,FALSE,-79.57079112,43.69154442,1,,,2,29,None,Other Safety Equipment Used,,,,,Other,,,,,passenger,,Etobicoke Centre (2),23 Division,West Humber-Clairville,FALSE,TRUE,FALSE,FALSE,FALSE,TRUE,TRUE,FALSE,FALSE,FALSE,"{""coordinates"": [[-79.57079111997504, 43.69154441808486]], ""type"": ""MultiPoint""}"
19132,2011:1259602,2011-10-18T05:48:00,WILSON AVE,ALLINGHAM GDNS,,2,Fatal Injury,At Intersection,No Control,Pedestrian Collision (internal code),Clear,Dark with Artificial Lighting,Other,Major Arterial,FALSE,-79.44279085,43.73554424,2,,North,2,45,Fatal,Other Safety Equipment Used,,,Crossing - no traffic control,Inattentive,,Driver going straight hits pedestrian crossing without right-of-way (at intersection),,,,pedestrian,28,York Centre (6),32 Division,Clanton Park,FALSE,TRUE,FALSE,FALSE,FALSE,FALSE,TRUE,FALSE,FALSE,FALSE,"{""coordinates"": [[-79.4427908495584, 43.735544239807496]], ""type"": ""MultiPoint""}"
19141,2011:1260146,2011-10-21T06:30:00,SPADINA AVE W,KING ST W,,4,Fatal Injury,At Intersection,Traffic Signal,Pedestrian Collision (internal code),Clear,Dark,Dry,Major Arterial,FALSE,-79.39499091,43.6454442,1,Truck - Open (Flatbed),South,3,36,None,Other Safety Equipment Used,Driving properly,Normal,,,Turning Right,,,,,driver,,Spadina-Fort York (10),52 Division,Wellington Place,FALSE,FALSE,FALSE,FALSE,FALSE,FALSE,TRUE,FALSE,FALSE,TRUE,"{""coordinates"": [[-79.39499090747618, 43.64544420090825]], ""type"": ""MultiPoint""}"
19142,2011:1260146,2011-10-21T06:30:00,SPADINA AVE W,KING ST W,,4,Fatal Injury,At Intersection,Traffic Signal,Pedestrian Collision (internal code),Clear,Dark,Dry,Major Arterial,FALSE,-79.39499091,43.6454442,1,,,2,30,None,Other Safety Equipment Used,,,,,,,,,,passenger,,Spadina-Fort York (10),52 Division,Wellington Place,FALSE,FALSE,FALSE,FALSE,FALSE,FALSE,TRUE,FALSE,FALSE,TRUE,"{""coordinates"": [[-79.39499090747618, 43.64544420090825]], ""type"": ""MultiPoint""}"
19166,2011:1263147,2011-11-07T11:34:00,DUNDAS ST W,STERLING RD,,3,Fatal Injury,At Intersection,Stop Sign,Cyclist Collision (internal code),Clear,Daylight,Dry,Minor Arterial,FALSE,-79.44299099,43.65064427,1,,,1,,,Other Safety Equipment Used,,,,,,,,,,owner,,Davenport (9),11 Division,Little Portugal,FALSE,FALSE,TRUE,FALSE,FALSE,TRUE,FALSE,FALSE,FALSE,TRUE,"{""coordinates"": [[-79.44299099317773, 43.65064427069755]], ""type"": ""MultiPoint""}"