_id,collision_id,accdate,stname1,stname2,stname3,per_inv,acclass,accloc,traffictl,impactype,visible,light,rdsfcond,road_class,failtorem,longitude,latitude,veh_no,vehtype,initdir,per_no,invage,injury,safequip,drivact,drivcond,pedact,pedcond,manoeuvre,pedtype,cyclistype,cycact,cyccond,road_user,fatal_no,wardname,division,neighbourhood,aggressive,distracted,cyclist,motorcyclist,other_micromobility,older_adult,pedestrian,red_light,school_child,heavy_truck,geometry
20227,2015:5000922282,2015-06-02T12:33:00,LAWRENCE AVE E,MCCOWAN RD,,3,Fatal Injury,At Intersection,Traffic Signal,Pedestrian Collision (internal code),Clear,Daylight,Dry,Major Arterial,FALSE,-79.24541849,43.75553699,1,Automobile or Station Wagon,West,1,82,None,,Driving properly,Normal,,,Going Ahead,,,,,driver,,Scarborough Centre (21),43 Division,Bendale South,FALSE,FALSE,FALSE,FALSE,FALSE,TRUE,TRUE,FALSE,FALSE,FALSE,"{""coordinates"": [[-79.24541848913664, 43.75553698983094]], ""type"": ""MultiPoint""}"
20232,2015:5000976277,2015-06-11T00:24:00,FINCH AVE W,TOBERMORY DR,,2,Fatal Injury,At Intersection,Traffic Signal,Cyclist Collision (internal code),Clear,Dark with Artificial Lighting,Dry,Major Arterial,TRUE,-79.50792292,43.75927131,2,Bicycle,West,2,44,Fatal,No Equipment Available,,,,,Going Ahead,,Rear end with cyclist and driver travelling in same direction,Driving Properly,Unknown,cyclist,28,Humber River-Black Creek (7),31 Division,Glenfield-Jane Heights,TRUE,FALSE,TRUE,FALSE,FALSE,FALSE,FALSE,FALSE,FALSE,FALSE,"{""coordinates"": [[-79.50792291976677, 43.7592713123945]], ""type"": ""MultiPoint""}"
20233,2015:5000979465,2015-06-11T13:22:00,YONGE ST,EMPRESS AVE,,6,Fatal Injury,At Intersection,Traffic Signal,Pedestrian Collision (internal code),Clear,Daylight,Dry,Major Arterial,FALSE,-79.41289175,43.7692622,1,Automobile or Station Wagon,East,1,62,Minor,Lap and Shoulder Belt,Lost control,Unknown,,,Turning Left,,,,,driver,,Willowdale (18),32 Division,Yonge-Doris,FALSE,FALSE,FALSE,FALSE,FALSE,TRUE,TRUE,FALSE,FALSE,FALSE,"{""coordinates"": [[-79.41289175342496, 43.76926219507733]], ""type"": ""MultiPoint""}"
20234,2015:5000979465,2015-06-11T13:22:00,YONGE ST,EMPRESS AVE,,6,Fatal Injury,At Intersection,Traffic Signal,Pedestrian Collision (internal code),Clear,Daylight,Dry,Major Arterial,FALSE,-79.41289175,43.7692622,1,,,4,58,Major,No Equipment Available,,,On sidewalk or shoulder,Unknown,,Driver hits pedestrian on sidewalk or shoulder,,,,pedestrian,,Willowdale (18),32 Division,Yonge-Doris,FALSE,FALSE,FALSE,FALSE,FALSE,TRUE,TRUE,FALSE,FALSE,FALSE,"{""coordinates"": [[-79.41289175342496, 43.76926219507733]], ""type"": ""MultiPoint""}"
20236,2015:5000995174,2015-06-13T23:20:00,AVENUE RD,DAVENPORT RD,,2,Fatal Injury,At Intersection,Traffic Signal,Cyclist Collision (internal code),Clear,Dark with Artificial Lighting,Dry,Major Arterial,TRUE,-79.39659486,43.6747112,1,Bicycle,South,1,26,Fatal,No Equipment Available,,,,,Turning Left,,Cyclist turns left into path of driver,Failed to Yield Right of Way,Normal,cyclist,31,University-Rosedale (11),53 Division,Annex,FALSE,FALSE,TRUE,FALSE,FALSE,FALSE,FALSE,FALSE,TRUE,FALSE,"{""coordinates"": [[-79.39659486490054, 43.67471119589935]], ""type"": ""MultiPoint""}"
20247,2015:5001079056,2015-06-26T21:50:00,2058 DUFFERIN ST,,,2,Fatal Injury,,No Control,Pedestrian Collision (internal code),Clear,Dark with Artificial Lighting,Dry,Major Arterial,FALSE,-79.44664394,43.68681126,0,,West,2,80,Fatal,,,,Crossing - no traffic control,Normal,,Driver hits pedestrian at midblock,,,,pedestrian,32,Davenport (9),13 Division,Caledonia-Fairbank,FALSE,FALSE,FALSE,FALSE,FALSE,TRUE,TRUE,FALSE,FALSE,FALSE,"{""coordinates"": [[-79.44664393892668, 43.68681126275068]], ""type"": ""MultiPoint""}"
20253,2015:5001196464,2015-07-14T21:37:00,BUCKINGHAM AVE,DINNICK CRES,,2,Fatal Injury,,Stop Sign,Pedestrian Collision (internal code),Other,Dark with Artificial Lighting,Other,Local,FALSE,-79.39442078,43.72570218,0,,North,2,72,Fatal,,,,Crossing with right-of-way (intersection),Normal,,Driver turns left into pedestrian crossing with right-of-way (at intersection),,,,pedestrian,34,Don Valley West (15),53 Division,Lawrence Park South,TRUE,FALSE,FALSE,FALSE,FALSE,TRUE,TRUE,FALSE,FALSE,FALSE,"{""coordinates"": [[-79.39442078141272, 43.72570218015979]], ""type"": ""MultiPoint""}"
20263,2015:5001366372,2015-08-09T21:10:00,MEADOWVALE RD,SHEPPARD AVE E,35 m North of,2,Fatal Injury,Intersection-Related,No Control,Pedestrian Collision (internal code),Clear,Dark with Artificial Lighting,Dry,Collector,FALSE,-79.17103135,43.80885093,1,,Unknown,2,37,Fatal,Use Unknown,,,Crossing - no traffic control,Normal,,Driver hits pedestrian at midblock,,,,pedestrian,36,Scarborough-Rouge Park (25),42 Division,Morningside Heights,FALSE,FALSE,FALSE,FALSE,FALSE,TRUE,TRUE,FALSE,FALSE,FALSE,"{""coordinates"": [[-79.17103134982403, 43.80885092805108]], ""type"": ""MultiPoint""}"
20274,2015:5001457314,2015-08-24T13:25:00,STEELES AVE W,TORRESDALE AVE,1 m East of,2,Fatal Injury,At Intersection,Traffic Signal,Pedestrian Collision (internal code),Clear,Daylight,Dry,Major Arterial,FALSE,-79.45302179,43.79080024,1,,Unknown,2,85,Fatal,No Equipment Available,,,Crossing without right-of-way (intersection),Medical or Physical Disability,,Driver going straight hits pedestrian crossing without right-of-way (at intersection),,,,pedestrian,39,York Centre (6),32 Division,Westminster-Branson,FALSE,FALSE,FALSE,FALSE,FALSE,TRUE,TRUE,FALSE,TRUE,FALSE,"{""coordinates"": [[-79.45302179422629, 43.79080024010975]], ""type"": ""MultiPoint""}"
20276,2015:5001518617,2015-09-03T07:36:00,PARK LAWN RD,LAKE SHORE BLVD W,,2,Fatal Injury,,No Control,Pedestrian Collision (internal code),Clear,Daylight,Dry,Major Arterial,FALSE,-79.48179312,43.62317034,0,,West,2,70,Fatal,,,,Crossing - no traffic control,Normal,,Driver hits pedestrian at midblock,,,,pedestrian,41,Etobicoke-Lakeshore (3),22 Division,Humber Bay Shores,FALSE,FALSE,FALSE,FALSE,FALSE,TRUE,TRUE,FALSE,FALSE,TRUE,"{""coordinates"": [[-79.48179311824236, 43.62317034055222]], ""type"": ""MultiPoint""}"
20286,2015:5001640604,2015-09-22T17:51:00,QUEEN ST E,BERKELEY ST,2 m West of,2,Fatal Injury,Intersection-Related,No Control,Pedestrian Collision (internal code),Clear,Daylight,Dry,Major Arterial,FALSE,-79.36574984,43.65532816,1,Automobile or Station Wagon,West,1,34,None,Lap and Shoulder Belt,Driving properly,Normal,,,Going Ahead,,,,,driver,,Toronto Centre (13),51 Division,Moss Park,FALSE,FALSE,FALSE,FALSE,FALSE,TRUE,TRUE,FALSE,FALSE,FALSE,"{""coordinates"": [[-79.36574983529842, 43.655328155458776]], ""type"": ""MultiPoint""}"
20289,2015:5001649654,2015-09-24T06:36:00,THE QUEENSWAY,GLENDALE AVE,57 m East of,2,Fatal Injury,At Intersection,No Control,Pedestrian Collision (internal code),Clear,Dark with Artificial Lighting,Dry,Major Arterial,FALSE,-79.45055803,43.63918829,1,,North,2,76,Fatal,No Equipment Available,,,Crossing - no traffic control,Normal,,Driver hits pedestrian at midblock,,,,pedestrian,51,Parkdale-High Park (4),11 Division,High Park-Swansea,FALSE,FALSE,FALSE,FALSE,FALSE,TRUE,TRUE,FALSE,FALSE,FALSE,"{""coordinates"": [[-79.45055802753184, 43.63918828623888]], ""type"": ""MultiPoint""}"
20302,2016:6001088034,2016-06-22T06:55:00,DYNEVOR RD,KIRKNEWTON RD,,4,Fatal Injury,Non-Intersection,No Control,Pedestrian Collision (internal code),Clear,Daylight,Dry,Local,FALSE,-79.45054994,43.69101527,0,,Unknown,1,66,Fatal,,,,Other,Normal,,Driver hits pedestrian at midblock,,,,pedestrian,39,Davenport (9),13 Division,Caledonia-Fairbank,FALSE,FALSE,FALSE,FALSE,FALSE,TRUE,TRUE,FALSE,FALSE,TRUE,"{""coordinates"": [[-79.45054993899943, 43.69101526661614]], ""type"": ""MultiPoint""}"
20310,2015:5001750958,2015-10-10T19:19:00,ISLINGTON AVE,DEERFOOT RD,,3,Fatal Injury,,No Control,Pedestrian Collision (internal code),Clear,Dark,Dry,Major Arterial,FALSE,-79.54139409,43.68521339,0,Automobile or Station Wagon,South,2,57,None,,Driving properly,Normal,,,Going Ahead,,,,,driver,,Etobicoke Centre (2),23 Division,Willowridge-Martingrove-Richview,TRUE,TRUE,FALSE,FALSE,FALSE,FALSE,TRUE,FALSE,FALSE,FALSE,"{""coordinates"": [[-79.54139409410107, 43.68521338699289]], ""type"": ""MultiPoint""}"
20311,2015:5001750958,2015-10-10T19:19:00,ISLINGTON AVE,DEERFOOT RD,,3,Fatal Injury,,No Control,Pedestrian Collision (internal code),Clear,Dark,Dry,Major Arterial,FALSE,-79.54139409,43.68521339,0,,Unknown,3,20,Fatal,,,,Crossing - no traffic control,Inattentive,,Driver going straight hits pedestrian crossing without right-of-way (at intersection),,,,pedestrian,50,Etobicoke Centre (2),23 Division,Willowridge-Martingrove-Richview,TRUE,TRUE,FALSE,FALSE,FALSE,FALSE,TRUE,FALSE,FALSE,FALSE,"{""coordinates"": [[-79.54139409410107, 43.68521338699289]], ""type"": ""MultiPoint""}"
20321,2015:5001824991,2015-10-23T14:37:00,KEELE ST,DONALD AVE,,2,Fatal Injury,Intersection-Related,Traffic Signal,Pedestrian Collision (internal code),Clear,Daylight,Dry,Major Arterial,FALSE,-79.47280499,43.6848963,1,,East,2,77,Fatal,Use Unknown,,,Crossing with right-of-way (intersection),Normal,,Driver turns left into pedestrian crossing with right-of-way (at intersection),,,,pedestrian,53,York South-Weston (5),12 Division,Keelesdale-Eglinton West,FALSE,TRUE,FALSE,FALSE,FALSE,TRUE,TRUE,FALSE,FALSE,FALSE,"{""coordinates"": [[-79.47280499088926, 43.684896300118055]], ""type"": ""MultiPoint""}"
20339,2015:5001891795,2015-11-03T17:55:00,HIGHWAY 27 N,VICE REGENT BLVD,,3,Fatal Injury,Intersection-Related,No Control,Cyclist Collision (internal code),Clear,Dark with Artificial Lighting,Dry,Major Arterial,FALSE,-79.59275511,43.71135143,2,Automobile or Station Wagon,South,2,58,None,Lap and Shoulder Belt,Driving properly,Normal,,,Going Ahead,,,,,driver,,Etobicoke North (1),23 Division,West Humber-Clairville,FALSE,FALSE,TRUE,FALSE,FALSE,FALSE,FALSE,FALSE,FALSE,FALSE,"{""coordinates"": [[-79.59275511073902, 43.711351431944195]], ""type"": ""MultiPoint""}"
20340,2015:5001891795,2015-11-03T17:55:00,HIGHWAY 27 N,VICE REGENT BLVD,,3,Fatal Injury,Intersection-Related,No Control,Cyclist Collision (internal code),Clear,Dark with Artificial Lighting,Dry,Major Arterial,FALSE,-79.59275511,43.71135143,3,Automobile or Station Wagon,South,3,61,None,Lap and Shoulder Belt,Driving properly,Normal,,,Going Ahead,,,,,driver,,Etobicoke North (1),23 Division,West Humber-Clairville,FALSE,FALSE,TRUE,FALSE,FALSE,FALSE,FALSE,FALSE,FALSE,FALSE,"{""coordinates"": [[-79.59275511073902, 43.711351431944195]], ""type"": ""MultiPoint""}"
20347,2015:5001940328,2015-11-11T20:04:00,LAWRENCE AVE W,JANE ST,5 m West of,2,Fatal Injury,Non-Intersection,No Control,Pedestrian Collision (internal code),Clear,Dark with Artificial Lighting,Dry,Major Arterial,FALSE,-79.50382601,43.70286733,1,Automobile or Station Wagon,East,1,58,None,Lap and Shoulder Belt,Driving properly,Normal,,,Going Ahead,,,,,driver,,York South-Weston (5),12 Division,Brookhaven-Amesbury,FALSE,TRUE,FALSE,FALSE,FALSE,TRUE,TRUE,FALSE,FALSE,FALSE,"{""coordinates"": [[-79.50382601332056, 43.70286733380397]], ""type"": ""MultiPoint""}"
20348,2015:5001954714,2015-11-14T08:25:00,1996 BATHURST ST,,,1,Fatal Injury,Non-Intersection,No Control,Pedestrian Collision (internal code),Clear,Daylight,Dry,Major Arterial,FALSE,-79.42494588,43.69948423,1,Automobile or Station Wagon,,1,87,Fatal,Equipment Not Used But Available,,,Other,Normal,,Driver hits pedestrian in parking lot,,,,pedestrian,65,Toronto-St. Paul's (12),13 Division,Forest Hill South,FALSE,FALSE,FALSE,FALSE,FALSE,TRUE,TRUE,FALSE,FALSE,FALSE,"{""coordinates"": [[-79.42494587786611, 43.69948422840019]], ""type"": ""MultiPoint""}"
20349,2015:5001980850,2015-11-18T17:10:00,MARKHAM RD,EGLINTON AVE E,55 m North of,3,Fatal Injury,Non-Intersection,No Control,Pedestrian Collision (internal code),Rain,Dark with Artificial Lighting,Wet,Major Arterial,FALSE,-79.21914246,43.74371496,1,Automobile or Station Wagon,South,1,67,None,Lap and Shoulder Belt,Driving properly,Normal,,,Going Ahead,,,,,driver,,Scarborough-Guildwood (24),43 Division,Scarborough Village,FALSE,TRUE,FALSE,FALSE,FALSE,TRUE,TRUE,FALSE,FALSE,FALSE,"{""coordinates"": [[-79.21914246321748, 43.74371496095961]], ""type"": ""MultiPoint""}"
20354,2015:5002013764,2015-11-24T06:03:00,MCCOWAN RD,KENHATCH BLVD,,2,Fatal Injury,At Intersection,Traffic Signal,Pedestrian Collision (internal code),Snow,Dark,Wet,Major Arterial,TRUE,-79.26377448,43.80142002,1,,Unknown,2,25,Fatal,No Equipment Available,,,Crossing with right-of-way (intersection),Normal,,Driver going straight hits pedestrian crossing with right-of-way (at intersection),,,,pedestrian,57,Scarborough North (23),42 Division,Agincourt North,TRUE,FALSE,FALSE,FALSE,FALSE,FALSE,TRUE,TRUE,FALSE,FALSE,"{""coordinates"": [[-79.26377448060498, 43.80142001787553]], ""type"": ""MultiPoint""}"
20355,2015:5002027343,2015-11-26T09:34:00,EGLINTON AVE W,ELMSTHORPE AVE,,2,Fatal Injury,At Intersection,No Control,Pedestrian Collision (internal code),Clear,Daylight,Dry,Major Arterial,FALSE,-79.41094584,43.70407321,1,,West,2,85,Fatal,Use Unknown,,,Crossing with right-of-way (intersection),Normal,,Driver turns left into pedestrian crossing with right-of-way (at intersection),,,,pedestrian,59,Toronto-St. Paul's (12),53 Division,Yonge-Eglinton,TRUE,TRUE,FALSE,FALSE,FALSE,TRUE,TRUE,FALSE,FALSE,FALSE,"{""coordinates"": [[-79.41094584499984, 43.70407320794234]], ""type"": ""MultiPoint""}"
20357,2015:5002032713,2015-11-27T05:32:00,EGLINTON AVE W,BATHURST ST,,2,Fatal Injury,At Intersection,Traffic Signal,Pedestrian Collision (internal code),Clear,Dark,Dry,Major Arterial,FALSE,-79.42554888,43.70098323,1,,South,2,22,Fatal,No Equipment Available,,,Crossing with right-of-way (intersection),Normal,,Driver turns right into pedestrian crossing with right-of-way (at intersection),,,,pedestrian,58,Toronto-St. Paul's (12),13 Division,Forest Hill South,TRUE,FALSE,FALSE,FALSE,FALSE,FALSE,TRUE,TRUE,FALSE,TRUE,"{""coordinates"": [[-79.42554887650596, 43.700983228744654]], ""type"": ""MultiPoint""}"
20359,2015:5002054157,2015-11-30T17:15:00,BATHURST ST,MARMION AVE,7 m East of,2,Fatal Injury,Intersection-Related,No Control,Pedestrian Collision (internal code),Clear,Dark with Artificial Lighting,Dry,Major Arterial,FALSE,-79.43141584,43.72661423,1,Pickup Truck,South,1,25,None,Lap and Shoulder Belt,Failed to yield right-of-way,Inattentive,,,Turning Left,,,,,driver,,Eglinton-Lawrence (8),32 Division,Bedford Park-Nortown,TRUE,TRUE,FALSE,FALSE,FALSE,TRUE,TRUE,FALSE,FALSE,FALSE,"{""coordinates"": [[-79.43141584472126, 43.72661422818838]], ""type"": ""MultiPoint""}"
20362,2015:5002065903,2015-12-02T14:19:00,LAWRENCE AVE W,BATHURST ST,1 m West of,2,Fatal Injury,Intersection-Related,Traffic Signal,Pedestrian Collision (internal code),Clear,Daylight,Dry,Major Arterial,FALSE,-79.42981385,43.71924723,1,Automobile or Station Wagon,East,1,49,None,Lap and Shoulder Belt,Failed to yield right-of-way,Inattentive,,,Turning Left,,,,,driver,,Eglinton-Lawrence (8),53 Division,Englemount-Lawrence,TRUE,TRUE,FALSE,FALSE,FALSE,TRUE,TRUE,FALSE,FALSE,FALSE,"{""coordinates"": [[-79.42981385408915, 43.71924722853129]], ""type"": ""MultiPoint""}"
20365,2016:6001088034,2016-06-22T06:55:00,DYNEVOR RD,KIRKNEWTON RD,,4,Fatal Injury,Non-Intersection,No Control,Pedestrian Collision (internal code),Clear,Daylight,Dry,Local,FALSE,-79.45054994,43.69101527,0,,,4,28,None,,,,,,,,,,,passenger,,Davenport (9),13 Division,Caledonia-Fairbank,FALSE,FALSE,FALSE,FALSE,FALSE,TRUE,TRUE,FALSE,FALSE,TRUE,"{""coordinates"": [[-79.45054993899943, 43.69101526661614]], ""type"": ""MultiPoint""}"
20391,2015:5002235651,2015-12-30T23:39:00,DANFORTH AVE,GILLARD AVE,,2,Fatal Injury,At Intersection,No Control,Pedestrian Collision (internal code),Clear,Dark with Artificial Lighting,Dry,Major Arterial,TRUE,-79.32826573,43.6823401,1,Automobile or Station Wagon,West,1,27,None,Use Unknown,Failed to yield right-of-way,Unknown,,,Going Ahead,,,,,driver,,Toronto-Danforth (14),55 Division,Greenwood-Coxwell,TRUE,FALSE,FALSE,FALSE,FALSE,FALSE,TRUE,FALSE,FALSE,FALSE,"{""coordinates"": [[-79.32826572527972, 43.6823400978121]], ""type"": ""MultiPoint""}"
20393,2016:6000014911,2016-01-03T19:15:00,1400 KENNEDY RD,,196 m North of,5,Fatal Injury,Non-Intersection,No Control,Pedestrian Collision (internal code),Clear,Dark with Artificial Lighting,Dry,Major Arterial,FALSE,-79.28068154,43.76449703,1,,Unknown,5,39,Fatal,Lap and Shoulder Belt,,,Crossing without right-of-way (intersection),Had Been Drinking,,Driver hits pedestrian at midblock,,,,pedestrian,1,Scarborough Centre (21),41 Division,Dorset Park,FALSE,FALSE,FALSE,FALSE,FALSE,FALSE,TRUE,FALSE,TRUE,FALSE,"{""coordinates"": [[-79.28068153927354, 43.76449703354071]], ""type"": ""MultiPoint""}"
20394,2016:6000014911,2016-01-03T19:15:00,1400 KENNEDY RD,,196 m North of,5,Fatal Injury,Non-Intersection,No Control,Pedestrian Collision (internal code),Clear,Dark with Artificial Lighting,Dry,Major Arterial,FALSE,-79.28068154,43.76449703,1,,,2,41,None,Lap and Shoulder Belt,,,,,,,,,,passenger,,Scarborough Centre (21),41 Division,Dorset Park,FALSE,FALSE,FALSE,FALSE,FALSE,FALSE,TRUE,FALSE,TRUE,FALSE,"{""coordinates"": [[-79.28068153927354, 43.76449703354071]], ""type"": ""MultiPoint""}"
20395,2016:6000014911,2016-01-03T19:15:00,1400 KENNEDY RD,,196 m North of,5,Fatal Injury,Non-Intersection,No Control,Pedestrian Collision (internal code),Clear,Dark with Artificial Lighting,Dry,Major Arterial,FALSE,-79.28068154,43.76449703,1,,,3,9,None,Lap and Shoulder Belt,,,,,,,,,,passenger,,Scarborough Centre (21),41 Division,Dorset Park,FALSE,FALSE,FALSE,FALSE,FALSE,FALSE,TRUE,FALSE,TRUE,FALSE,"{""coordinates"": [[-79.28068153927354, 43.76449703354071]], ""type"": ""MultiPoint""}"
20402,2016:6000087893,2016-01-15T14:35:00,BAYVIEW AVE,EGLINTON AVE E,6 m North of,3,Fatal Injury,Intersection-Related,Traffic Signal,Pedestrian Collision (internal code),Clear,Daylight,Wet,Major Arterial,FALSE,-79.37714777,43.71102716,1,Automobile or Station Wagon,South,1,20,None,Lap and Shoulder Belt,Improper turn,Inattentive,,,Turning Right,,,,,driver,,Don Valley West (15),53 Division,Leaside-Bennington,FALSE,TRUE,FALSE,FALSE,FALSE,TRUE,TRUE,FALSE,FALSE,FALSE,"{""coordinates"": [[-79.37714777331118, 43.711027160642004]], ""type"": ""MultiPoint""}"
20406,2016:6000101056,2016-01-17T19:35:00,SHEPPARD AVE E,CHICHESTER PL,,2,Fatal Injury,At Intersection,No Control,Pedestrian Collision (internal code),Clear,Dark with Artificial Lighting,Dry,Major Arterial,FALSE,-79.32031659,43.77589208,1,Automobile or Station Wagon,West,1,36,None,Lap and Shoulder Belt,Driving properly,Normal,,,Going Ahead,,,,,driver,,Scarborough-Agincourt (22),42 Division,Tam O'Shanter-Sullivan,FALSE,TRUE,FALSE,FALSE,FALSE,TRUE,TRUE,FALSE,FALSE,FALSE,"{""coordinates"": [[-79.3203165944084, 43.77589208261452]], ""type"": ""MultiPoint""}"
20413,2016:6000164025,2016-01-28T09:25:00,DUNDAS ST W,POPLAR AVE,,2,Fatal Injury,At Intersection,Traffic Signal,Pedestrian Collision (internal code),Clear,Daylight,Dry,Major Arterial,FALSE,-79.54007418,43.63609841,0,Bus - Other,North,2,31,None,,Failed to yield right-of-way,Normal,,,Turning Left,,,,,driver,,Etobicoke-Lakeshore (3),22 Division,Etobicoke City Centre,TRUE,FALSE,FALSE,FALSE,FALSE,FALSE,TRUE,FALSE,FALSE,TRUE,"{""coordinates"": [[-79.54007418380309, 43.63609841198098]], ""type"": ""MultiPoint""}"
20415,2016:6000179020,2016-01-30T17:53:00,DUFFERIN ST,ARMSTRONG AVE,,2,Fatal Injury,,No Control,Pedestrian Collision (internal code),Clear,Dark with Artificial Lighting,Dry,Major Arterial,FALSE,-79.43742796,43.66470526,0,,West,1,90,Fatal,,,,Crossing - no traffic control,Inattentive,,Driver going straight hits pedestrian crossing without right-of-way (at intersection),,,,pedestrian,7,Davenport (9),14 Division,Dovercourt Village,FALSE,TRUE,FALSE,FALSE,FALSE,TRUE,TRUE,FALSE,FALSE,FALSE,"{""coordinates"": [[-79.43742795878798, 43.66470525756743]], ""type"": ""MultiPoint""}"
20417,2016:6000243323,2016-02-10T09:54:00,WEDGEWOOD DR,TOBRUK CRES,,2,Fatal Injury,,Stop Sign,Pedestrian Collision (internal code),Clear,Daylight,Wet,Local,FALSE,-79.41399773,43.78960219,0,,West,2,84,Fatal,,,,On sidewalk or shoulder,Normal,,Driver hits pedestrian on sidewalk or shoulder,,,,pedestrian,12,Willowdale (18),32 Division,Newtonbrook East,FALSE,TRUE,FALSE,FALSE,FALSE,TRUE,TRUE,FALSE,FALSE,FALSE,"{""coordinates"": [[-79.41399773269914, 43.78960219411922]], ""type"": ""MultiPoint""}"
20418,2016:6000261829,2016-02-13T10:18:00,FINCH AVE W,TOBERMORY DR,450 m East of,4,Fatal Injury,Non-Intersection,No Control,Pedestrian Collision (internal code),Clear,Daylight,Dry,Major Arterial,FALSE,-79.50360491,43.76023631,1,,,4,47,None,Lap and Shoulder Belt,,,,,,,,,,passenger,,Humber River-Black Creek (7),31 Division,York University Heights,FALSE,TRUE,FALSE,FALSE,FALSE,TRUE,TRUE,FALSE,FALSE,FALSE,"{""coordinates"": [[-79.50360491316248, 43.760236307420314]], ""type"": ""MultiPoint""}"
20419,2016:6000261829,2016-02-13T10:18:00,FINCH AVE W,TOBERMORY DR,450 m East of,4,Fatal Injury,Non-Intersection,No Control,Pedestrian Collision (internal code),Clear,Daylight,Dry,Major Arterial,FALSE,-79.50360491,43.76023631,1,Automobile or Station Wagon,West,1,78,None,Lap and Shoulder Belt,Driving properly,Normal,,,Going Ahead,,,,,driver,,Humber River-Black Creek (7),31 Division,York University Heights,FALSE,TRUE,FALSE,FALSE,FALSE,TRUE,TRUE,FALSE,FALSE,FALSE,"{""coordinates"": [[-79.50360491316248, 43.760236307420314]], ""type"": ""MultiPoint""}"
20420,2016:6000291466,2016-02-18T13:15:00,DAWES RD,SECORD AVE,,2,Fatal Injury,At Intersection,Traffic Signal,Pedestrian Collision (internal code),Clear,Daylight,Dry,Minor Arterial,FALSE,-79.29722165,43.69352905,1,Delivery Van,South,1,31,None,Lap and Shoulder Belt,Failed to yield right-of-way,Inattentive,,,Turning Right,,,,,driver,,Beaches-East York (19),55 Division,Taylor-Massey,TRUE,TRUE,FALSE,FALSE,FALSE,TRUE,TRUE,FALSE,FALSE,TRUE,"{""coordinates"": [[-79.29722165277246, 43.69352905387885]], ""type"": ""MultiPoint""}"
20421,2016:6000294353,2016-02-18T22:30:00,MACDONELL AVE,LN n QUEEEN E FULLER,1 m South of,2,Fatal Injury,At Intersection,No Control,Pedestrian Collision (internal code),Clear,Dark,Dry,Local,FALSE,-79.438092,43.64077527,1,,West,2,70,Fatal,Use Unknown,,,Crossing without right-of-way (intersection),Inattentive,,Driver going straight hits pedestrian crossing without right-of-way (at intersection),,,,pedestrian,15,Parkdale-High Park (4),11 Division,Roncesvalles,FALSE,TRUE,FALSE,FALSE,FALSE,TRUE,TRUE,FALSE,FALSE,TRUE,"{""coordinates"": [[-79.43809200012814, 43.64077526689091]], ""type"": ""MultiPoint""}"
20432,2016:6000381883,2016-03-04T14:11:00,JARVIS ST,QUEEN ST E,,2,Fatal Injury,Intersection-Related,Traffic Signal,Pedestrian Collision (internal code),Clear,Daylight,Dry,Major Arterial,FALSE,-79.37324185,43.65371917,1,,East,2,30,Fatal,No Equipment Available,,,Crossing without right-of-way (intersection),Medical or Physical Disability,,Driver going straight hits pedestrian crossing without right-of-way (at intersection),,,,pedestrian,14,Toronto Centre (13),51 Division,Moss Park,FALSE,FALSE,FALSE,FALSE,FALSE,FALSE,TRUE,FALSE,FALSE,TRUE,"{""coordinates"": [[-79.37324185225826, 43.65371916679214]], ""type"": ""MultiPoint""}"
20442,2016:6000500403,2016-03-23T20:15:00,KING ST E,PRINCESS ST,10 m East of,2,Fatal Injury,Intersection-Related,No Control,Pedestrian Collision (internal code),Freezing Rain or Hail,Dark with Artificial Lighting,Wet,Major Arterial,FALSE,-79.36700884,43.65147216,0,,North,2,79,Fatal,,,,Crossing - no traffic control,Inattentive,,Driver hits pedestrian at midblock,,,,pedestrian,18,Toronto Centre (13),51 Division,Moss Park,FALSE,TRUE,FALSE,FALSE,FALSE,TRUE,TRUE,FALSE,FALSE,FALSE,"{""coordinates"": [[-79.36700884346106, 43.651472158019864]], ""type"": ""MultiPoint""}"
20444,2016:6000530490,2016-03-29T09:01:00,FINCH AVE E,SKYMARK DR,,2,Fatal Injury,Intersection-Related,Traffic Signal,Pedestrian Collision (internal code),Clear,Daylight,Dry,Major Arterial,FALSE,-79.35227563,43.79315012,1,Pickup Truck,South,1,70,Minimal,,Driving properly,Normal,,,Turning Left,,,,,driver,,Don Valley North (17),33 Division,Don Valley Village,FALSE,FALSE,FALSE,FALSE,FALSE,TRUE,TRUE,FALSE,FALSE,FALSE,"{""coordinates"": [[-79.35227562962069, 43.79315012100358]], ""type"": ""MultiPoint""}"