_id,collision_id,accdate,stname1,stname2,stname3,per_inv,acclass,accloc,traffictl,impactype,visible,light,rdsfcond,road_class,failtorem,longitude,latitude,veh_no,vehtype,initdir,per_no,invage,injury,safequip,drivact,drivcond,pedact,pedcond,manoeuvre,pedtype,cyclistype,cycact,cyccond,road_user,fatal_no,wardname,division,neighbourhood,aggressive,distracted,cyclist,motorcyclist,other_micromobility,older_adult,pedestrian,red_light,school_child,heavy_truck,geometry
7,2006:893184,2006-01-01T02:36:00,WOODBINE AVE,O CONNOR DR,,8,Non-Fatal Injury,Intersection-Related,No Control,Approaching Head On,Clear,Dark,Wet,Major Arterial,FALSE,-79.31879768,43.69959408,2,Automobile or Station Wagon,South,8,25,None,Air Bag Deployed,Lost control,Ability Impaired - Alcohol Over .08,,,Going Ahead,,,,,driver,,Beaches-East York (19),55 Division,Woodbine-Lumsden,FALSE,FALSE,FALSE,FALSE,FALSE,FALSE,FALSE,FALSE,TRUE,FALSE,"{""coordinates"": [[-79.31879768423914, 43.69959408324343]], ""type"": ""MultiPoint""}"
8,2006:893184,2006-01-01T02:36:00,WOODBINE AVE,O CONNOR DR,,8,Non-Fatal Injury,Intersection-Related,No Control,Approaching Head On,Clear,Dark,Wet,Major Arterial,FALSE,-79.31879768,43.69959408,2,,,7,,,Other Safety Equipment Used,,,,,,,,,,other,,Beaches-East York (19),55 Division,Woodbine-Lumsden,FALSE,FALSE,FALSE,FALSE,FALSE,FALSE,FALSE,FALSE,TRUE,FALSE,"{""coordinates"": [[-79.31879768423914, 43.69959408324343]], ""type"": ""MultiPoint""}"
9,2006:909646,2006-01-01T03:15:00,DANFORTH AVE,WEST LYNN AVE,,5,Non-Fatal Injury,Intersection-Related,No Control,SMV Other,Snow,Dark with Artificial Lighting,Slush,Major Arterial,FALSE,-79.3161887,43.68487308,1,,,2,14,Minor,Equipment Not Used But Available,,,,,,,,,,passenger,,Beaches-East York (19),55 Division,Woodbine Corridor,FALSE,TRUE,FALSE,FALSE,FALSE,FALSE,FALSE,FALSE,TRUE,FALSE,"{""coordinates"": [[-79.31618869929957, 43.684873080649155]], ""type"": ""MultiPoint""}"
10,2006:909646,2006-01-01T03:15:00,DANFORTH AVE,WEST LYNN AVE,,5,Non-Fatal Injury,Intersection-Related,No Control,SMV Other,Snow,Dark with Artificial Lighting,Slush,Major Arterial,FALSE,-79.3161887,43.68487308,2,,,1,,,Other Safety Equipment Used,,,,,,,,,,other,,Beaches-East York (19),55 Division,Woodbine Corridor,FALSE,TRUE,FALSE,FALSE,FALSE,FALSE,FALSE,FALSE,TRUE,FALSE,"{""coordinates"": [[-79.31618869929957, 43.684873080649155]], ""type"": ""MultiPoint""}"
11,2006:909646,2006-01-01T03:15:00,DANFORTH AVE,WEST LYNN AVE,,5,Non-Fatal Injury,Intersection-Related,No Control,SMV Other,Snow,Dark with Artificial Lighting,Slush,Major Arterial,FALSE,-79.3161887,43.68487308,1,,,3,17,Major,Equipment Not Used But Available,,,,,,,,,,passenger,,Beaches-East York (19),55 Division,Woodbine Corridor,FALSE,TRUE,FALSE,FALSE,FALSE,FALSE,FALSE,FALSE,TRUE,FALSE,"{""coordinates"": [[-79.31618869929957, 43.684873080649155]], ""type"": ""MultiPoint""}"
12,2006:909646,2006-01-01T03:15:00,DANFORTH AVE,WEST LYNN AVE,,5,Non-Fatal Injury,Intersection-Related,No Control,SMV Other,Snow,Dark with Artificial Lighting,Slush,Major Arterial,FALSE,-79.3161887,43.68487308,1,Automobile or Station Wagon,East,5,24,None,Air Bag Deployed,Lost control,Inattentive,,,Changing Lanes,,,,,driver,,Beaches-East York (19),55 Division,Woodbine Corridor,FALSE,TRUE,FALSE,FALSE,FALSE,FALSE,FALSE,FALSE,TRUE,FALSE,"{""coordinates"": [[-79.31618869929957, 43.684873080649155]], ""type"": ""MultiPoint""}"
13,2006:909646,2006-01-01T03:15:00,DANFORTH AVE,WEST LYNN AVE,,5,Non-Fatal Injury,Intersection-Related,No Control,SMV Other,Snow,Dark with Artificial Lighting,Slush,Major Arterial,FALSE,-79.3161887,43.68487308,1,,,4,16,Minor,Air Bag Deployed,,,,,,,,,,passenger,,Beaches-East York (19),55 Division,Woodbine Corridor,FALSE,TRUE,FALSE,FALSE,FALSE,FALSE,FALSE,FALSE,TRUE,FALSE,"{""coordinates"": [[-79.31618869929957, 43.684873080649155]], ""type"": ""MultiPoint""}"
14,2026:6000734335,2026-04-10T06:10:00,ALBION RD,FINCH AV W,,3,Non-Fatal Injury,Intersection-Related,Traffic Signal,SMV Other,Rain,Dark,Wet,,FALSE,-79.58920005,43.74109941,1,Automobile or Station Wagon,East,1,36,None,Lap and Shoulder Belt,Failed to yield right-of-way,Normal,,,Going Ahead,,,,,driver,,Etobicoke North (1),23 Division,Mount Olive-Silverstone-Jamestown,TRUE,FALSE,FALSE,FALSE,FALSE,FALSE,TRUE,FALSE,FALSE,FALSE,"{""coordinates"": [[-79.58920005014117, 43.74109941005123]], ""type"": ""MultiPoint""}"
15,2026:6001470477,2026-07-15T18:33:00,28 CARNFORTH RD,LAWRENCE AV E,5 m East of,2,Non-Fatal Injury,Non-Intersection,Unknown,Approaching Head On,Clear,Dusk,Dry,,TRUE,-79.31540362,43.73980208,1,Automobile or Station Wagon,North,1,18,None,Use Unknown,Other,Normal,,,Going Ahead,,,,,driver,,Don Valley East (16),33 Division,Victoria Village,TRUE,FALSE,FALSE,TRUE,FALSE,FALSE,FALSE,FALSE,TRUE,FALSE,"{""coordinates"": [[-79.3154036240171, 43.73980207602001]], ""type"": ""MultiPoint""}"
16,2026:6001482161,2026-07-17T09:39:00,HIGHWAY 2A E,MEADOWVALE RD,80 m East of,5,Non-Fatal Injury,Non-Intersection,No Control,Rear End,Clear,Daylight,Dry,,TRUE,-79.16988037,43.78053892,3,Automobile or Station Wagon,East,3,42,None,Use Unknown,Speed too fast for conditions,Other Condition,,,Going Ahead,,,,,driver,,Scarborough-Rouge Park (25),43 Division,Centennial Scarborough,TRUE,FALSE,FALSE,FALSE,FALSE,FALSE,FALSE,FALSE,TRUE,FALSE,"{""coordinates"": [[-79.16988036694487, 43.78053891949461]], ""type"": ""MultiPoint""}"
17,2026:6001482161,2026-07-17T09:39:00,HIGHWAY 2A E,MEADOWVALE RD,80 m East of,5,Non-Fatal Injury,Non-Intersection,No Control,Rear End,Clear,Daylight,Dry,,TRUE,-79.16988037,43.78053892,2,Pickup Truck,East,2,44,Minor,Lap and Shoulder Belt,Driving properly,Normal,,,Going Ahead,,,,,driver,,Scarborough-Rouge Park (25),43 Division,Centennial Scarborough,TRUE,FALSE,FALSE,FALSE,FALSE,FALSE,FALSE,FALSE,TRUE,FALSE,"{""coordinates"": [[-79.16988036694487, 43.78053891949461]], ""type"": ""MultiPoint""}"
18,2026:6001482161,2026-07-17T09:39:00,HIGHWAY 2A E,MEADOWVALE RD,80 m East of,5,Non-Fatal Injury,Non-Intersection,No Control,Rear End,Clear,Daylight,Dry,,TRUE,-79.16988037,43.78053892,2,,,5,0,Minor,Child Safety Seat Used Correctly,,,,,,,,,,passenger,,Scarborough-Rouge Park (25),43 Division,Centennial Scarborough,TRUE,FALSE,FALSE,FALSE,FALSE,FALSE,FALSE,FALSE,TRUE,FALSE,"{""coordinates"": [[-79.16988036694487, 43.78053891949461]], ""type"": ""MultiPoint""}"
22,2006:887568,2006-01-08T15:07:00,PARLIAMENT ST,FRONT ST E,,4,Non-Fatal Injury,At Intersection,Traffic Signal,Angle,Clear,Daylight,Dry,Minor Arterial,FALSE,-79.36269784,43.65149515,1,Automobile or Station Wagon,North,1,40,Minimal,Lap and Shoulder Belt,Disobeyed traffic control,Normal,,,Going Ahead,,,,,driver,,Toronto Centre (13),51 Division,St Lawrence-East Bayfront-The Islands,TRUE,FALSE,FALSE,FALSE,FALSE,FALSE,FALSE,TRUE,FALSE,FALSE,"{""coordinates"": [[-79.36269783501203, 43.65149515163979]], ""type"": ""MultiPoint""}"
23,2006:887568,2006-01-08T15:07:00,PARLIAMENT ST,FRONT ST E,,4,Non-Fatal Injury,At Intersection,Traffic Signal,Angle,Clear,Daylight,Dry,Minor Arterial,FALSE,-79.36269784,43.65149515,3,,,3,,,Other Safety Equipment Used,,,,,,,,,,other,,Toronto Centre (13),51 Division,St Lawrence-East Bayfront-The Islands,TRUE,FALSE,FALSE,FALSE,FALSE,FALSE,FALSE,TRUE,FALSE,FALSE,"{""coordinates"": [[-79.36269783501203, 43.65149515163979]], ""type"": ""MultiPoint""}"
24,2006:887568,2006-01-08T15:07:00,PARLIAMENT ST,FRONT ST E,,4,Non-Fatal Injury,At Intersection,Traffic Signal,Angle,Clear,Daylight,Dry,Minor Arterial,FALSE,-79.36269784,43.65149515,2,Passenger Van,East,2,46,Major,Lap and Shoulder Belt,Driving properly,Normal,,,Going Ahead,,,,,driver,,Toronto Centre (13),51 Division,St Lawrence-East Bayfront-The Islands,TRUE,FALSE,FALSE,FALSE,FALSE,FALSE,FALSE,TRUE,FALSE,FALSE,"{""coordinates"": [[-79.36269783501203, 43.65149515163979]], ""type"": ""MultiPoint""}"
25,2006:887568,2006-01-08T15:07:00,PARLIAMENT ST,FRONT ST E,,4,Non-Fatal Injury,At Intersection,Traffic Signal,Angle,Clear,Daylight,Dry,Minor Arterial,FALSE,-79.36269784,43.65149515,3,,,4,,,Other Safety Equipment Used,,,,,,,,,,other,,Toronto Centre (13),51 Division,St Lawrence-East Bayfront-The Islands,TRUE,FALSE,FALSE,FALSE,FALSE,FALSE,FALSE,TRUE,FALSE,FALSE,"{""coordinates"": [[-79.36269783501203, 43.65149515163979]], ""type"": ""MultiPoint""}"
26,2026:6001520867,2026-07-22T13:47:00,DUNDAS ST W,CHELSEA AV,10 m West of,2,Non-Fatal Injury,Intersection-Related,Stop Sign,Turning Movement,Clear,Daylight,Dry,,FALSE,-79.452924,43.65821328,2,Other Motor Vehicle,South,2,31,Major,Helmet,Exceeding speed limit,Normal,,,Going Ahead,,,,,driver,,Parkdale-High Park (4),11 Division,High Park North,TRUE,FALSE,FALSE,FALSE,FALSE,FALSE,FALSE,FALSE,FALSE,FALSE,"{""coordinates"": [[-79.45292399961373, 43.658213282502]], ""type"": ""MultiPoint""}"
27,2026:6001550766,2026-07-26T14:22:00,PHARMACY AV,TEESDALE PL,20 m North of,6,Non-Fatal Injury,Intersection-Related,Traffic Signal,Rear End,Clear,Daylight,Dry,,FALSE,-79.28536663,43.69700404,1,Automobile or Station Wagon,South,1,68,Minor,Lap Belt Only of Combined Assembly,Lost control,Normal,,,Going Ahead,,,,,driver,,Scarborough Southwest (20),41 Division,Oakridge,FALSE,FALSE,FALSE,FALSE,FALSE,TRUE,FALSE,FALSE,TRUE,TRUE,"{""coordinates"": [[-79.28536662658495, 43.69700403752336]], ""type"": ""MultiPoint""}"
28,2026:6001550766,2026-07-26T14:22:00,PHARMACY AV,TEESDALE PL,20 m North of,6,Non-Fatal Injury,Intersection-Related,Traffic Signal,Rear End,Clear,Daylight,Dry,,FALSE,-79.28536663,43.69700404,4,Municipal Transit Bus (TTC),South,4,41,None,Lap Belt Only of Combined Assembly,Driving properly,Normal,,,Stopped,,,,,driver,,Scarborough Southwest (20),41 Division,Oakridge,FALSE,FALSE,FALSE,FALSE,FALSE,TRUE,FALSE,FALSE,TRUE,TRUE,"{""coordinates"": [[-79.28536662658495, 43.69700403752336]], ""type"": ""MultiPoint""}"
29,2026:6001582548,2026-07-30T16:07:00,JANE ST,MILO PARK GT,,3,Non-Fatal Injury,Intersection-Related,Traffic Signal,SMV Other,Clear,Daylight,Dry,,FALSE,-79.51966593,43.76591732,1,Pickup Truck,South,1,70,None,Lap and Shoulder Belt,Driving properly,Normal,,,Going Ahead,,,,,driver,,Humber River-Black Creek (7),31 Division,Black Creek,FALSE,FALSE,FALSE,FALSE,FALSE,TRUE,TRUE,FALSE,TRUE,FALSE,"{""coordinates"": [[-79.5196659258597, 43.765917323361386]], ""type"": ""MultiPoint""}"
30,2026:6001586140,2026-07-31T02:30:00,KING ST W,QUEEN ST W,,1,Non-Fatal Injury,Non-Intersection,Traffic Signal,SMV Other,Clear,Daylight with Artificial Lighting,Dry,,FALSE,-79.44618702,43.63871628,1,Motorcycle,North,1,55,Major,Use Unknown,Lost control,Unknown,,,Going Ahead,,,,,motorcyclist,,Parkdale-High Park (4),14 Division,South Parkdale,FALSE,FALSE,FALSE,TRUE,FALSE,FALSE,FALSE,FALSE,FALSE,FALSE,"{""coordinates"": [[-79.44618701965548, 43.63871627982308]], ""type"": ""MultiPoint""}"
31,2026:6001592016,2026-07-31T19:30:00,BEECH AV,QUEEN ST E,11 m North of,2,Non-Fatal Injury,Intersection-Related,Traffic Signal,SMV Other,Clear,Daylight,Dry,,FALSE,-79.28754866,43.67263604,1,,,2,28,Major,No Equipment Available,,,Unknown,Unknown,,,,,,pedestrian,,Beaches-East York (19),55 Division,The Beaches,FALSE,FALSE,TRUE,FALSE,FALSE,FALSE,TRUE,FALSE,FALSE,FALSE,"{""coordinates"": [[-79.28754866149741, 43.67263604050746]], ""type"": ""MultiPoint""}"
32,2026:6000734335,2026-04-10T06:10:00,ALBION RD,FINCH AV W,,3,Non-Fatal Injury,Intersection-Related,Traffic Signal,SMV Other,Rain,Dark,Wet,,FALSE,-79.58920005,43.74109941,1,,,3,63,Major,Use Unknown,,,Unknown,Unknown,,,,,,pedestrian,,Etobicoke North (1),23 Division,Mount Olive-Silverstone-Jamestown,TRUE,FALSE,FALSE,FALSE,FALSE,FALSE,TRUE,FALSE,FALSE,FALSE,"{""coordinates"": [[-79.58920005014117, 43.74109941005123]], ""type"": ""MultiPoint""}"
33,2026:6000734335,2026-04-10T06:10:00,ALBION RD,FINCH AV W,,3,Non-Fatal Injury,Intersection-Related,Traffic Signal,SMV Other,Rain,Dark,Wet,,FALSE,-79.58920005,43.74109941,2,Automobile or Station Wagon,South,2,49,Minor,Lap and Shoulder Belt,Driving properly,Normal,,,Going Ahead,,,,,driver,,Etobicoke North (1),23 Division,Mount Olive-Silverstone-Jamestown,TRUE,FALSE,FALSE,FALSE,FALSE,FALSE,TRUE,FALSE,FALSE,FALSE,"{""coordinates"": [[-79.58920005014117, 43.74109941005123]], ""type"": ""MultiPoint""}"
34,2026:6001470477,2026-07-15T18:33:00,28 CARNFORTH RD,LAWRENCE AV E,5 m East of,2,Non-Fatal Injury,Non-Intersection,Unknown,Approaching Head On,Clear,Dusk,Dry,,TRUE,-79.31540362,43.73980208,2,Motorcycle,South,2,17,Major,Use Unknown,Speed too fast for conditions,Normal,,,Going Ahead,,,,,motorcyclist,,Don Valley East (16),33 Division,Victoria Village,TRUE,FALSE,FALSE,TRUE,FALSE,FALSE,FALSE,FALSE,TRUE,FALSE,"{""coordinates"": [[-79.3154036240171, 43.73980207602001]], ""type"": ""MultiPoint""}"
35,2026:6001482161,2026-07-17T09:39:00,HIGHWAY 2A E,MEADOWVALE RD,80 m East of,5,Non-Fatal Injury,Non-Intersection,No Control,Rear End,Clear,Daylight,Dry,,TRUE,-79.16988037,43.78053892,1,Automobile or Station Wagon,East,1,15,Major,Lap and Shoulder Belt,Speed too fast for conditions,Road Rage/Aggression,,,Changing Lanes,,,,,driver,,Scarborough-Rouge Park (25),43 Division,Centennial Scarborough,TRUE,FALSE,FALSE,FALSE,FALSE,FALSE,FALSE,FALSE,TRUE,FALSE,"{""coordinates"": [[-79.16988036694487, 43.78053891949461]], ""type"": ""MultiPoint""}"
36,2026:6001482161,2026-07-17T09:39:00,HIGHWAY 2A E,MEADOWVALE RD,80 m East of,5,Non-Fatal Injury,Non-Intersection,No Control,Rear End,Clear,Daylight,Dry,,TRUE,-79.16988037,43.78053892,1,,,4,24,Major,Equipment Not Used But Available,,,,,,,,,,passenger,,Scarborough-Rouge Park (25),43 Division,Centennial Scarborough,TRUE,FALSE,FALSE,FALSE,FALSE,FALSE,FALSE,FALSE,TRUE,FALSE,"{""coordinates"": [[-79.16988036694487, 43.78053891949461]], ""type"": ""MultiPoint""}"
37,2026:6001520867,2026-07-22T13:47:00,DUNDAS ST W,CHELSEA AV,10 m West of,2,Non-Fatal Injury,Intersection-Related,Stop Sign,Turning Movement,Clear,Daylight,Dry,,FALSE,-79.452924,43.65821328,1,Automobile or Station Wagon,North,1,40,None,Use Unknown,Failed to yield right-of-way,Normal,,,Turning Left,,,,,driver,,Parkdale-High Park (4),11 Division,High Park North,TRUE,FALSE,FALSE,FALSE,FALSE,FALSE,FALSE,FALSE,FALSE,FALSE,"{""coordinates"": [[-79.45292399961373, 43.658213282502]], ""type"": ""MultiPoint""}"
38,2026:6001550766,2026-07-26T14:22:00,PHARMACY AV,TEESDALE PL,20 m North of,6,Non-Fatal Injury,Intersection-Related,Traffic Signal,Rear End,Clear,Daylight,Dry,,FALSE,-79.28536663,43.69700404,2,,,5,56,Major,Lap Belt Only of Combined Assembly,,,,,,,,,,passenger,,Scarborough Southwest (20),41 Division,Oakridge,FALSE,FALSE,FALSE,FALSE,FALSE,TRUE,FALSE,FALSE,TRUE,TRUE,"{""coordinates"": [[-79.28536662658495, 43.69700403752336]], ""type"": ""MultiPoint""}"
39,2006:884135,2006-01-10T08:04:00,BRIMLEY RD,GULLY DR,,2,Non-Fatal Injury,At Intersection,No Control,Approaching Head On,Clear,Daylight,Dry,Major Arterial,FALSE,-79.25129051,43.74364399,1,Automobile or Station Wagon,North,1,82,Minor,Other Safety Equipment Used,Other,Medical or Physical Disability,,,Going Ahead,,,,,driver,,Scarborough Centre (21),41 Division,Bendale South,FALSE,FALSE,FALSE,FALSE,FALSE,TRUE,FALSE,FALSE,FALSE,FALSE,"{""coordinates"": [[-79.25129050961908, 43.74364399468485]], ""type"": ""MultiPoint""}"
40,2006:884135,2006-01-10T08:04:00,BRIMLEY RD,GULLY DR,,2,Non-Fatal Injury,At Intersection,No Control,Approaching Head On,Clear,Daylight,Dry,Major Arterial,FALSE,-79.25129051,43.74364399,2,Automobile or Station Wagon,South,2,55,Major,Lap and Shoulder Belt,Driving properly,Normal,,,Going Ahead,,,,,driver,,Scarborough Centre (21),41 Division,Bendale South,FALSE,FALSE,FALSE,FALSE,FALSE,TRUE,FALSE,FALSE,FALSE,FALSE,"{""coordinates"": [[-79.25129050961908, 43.74364399468485]], ""type"": ""MultiPoint""}"
47,2026:6001550766,2026-07-26T14:22:00,PHARMACY AV,TEESDALE PL,20 m North of,6,Non-Fatal Injury,Intersection-Related,Traffic Signal,Rear End,Clear,Daylight,Dry,,FALSE,-79.28536663,43.69700404,2,Automobile or Station Wagon,South,2,28,Minor,Lap Belt Only of Combined Assembly,Driving properly,Normal,,,Stopped,,,,,driver,,Scarborough Southwest (20),41 Division,Oakridge,FALSE,FALSE,FALSE,FALSE,FALSE,TRUE,FALSE,FALSE,TRUE,TRUE,"{""coordinates"": [[-79.28536662658495, 43.69700403752336]], ""type"": ""MultiPoint""}"
48,2026:6001550766,2026-07-26T14:22:00,PHARMACY AV,TEESDALE PL,20 m North of,6,Non-Fatal Injury,Intersection-Related,Traffic Signal,Rear End,Clear,Daylight,Dry,,FALSE,-79.28536663,43.69700404,2,,,6,6,Minimal,Lap Belt Only of Combined Assembly,,,,,,,,,,passenger,,Scarborough Southwest (20),41 Division,Oakridge,FALSE,FALSE,FALSE,FALSE,FALSE,TRUE,FALSE,FALSE,TRUE,TRUE,"{""coordinates"": [[-79.28536662658495, 43.69700403752336]], ""type"": ""MultiPoint""}"
49,2026:6001550766,2026-07-26T14:22:00,PHARMACY AV,TEESDALE PL,20 m North of,6,Non-Fatal Injury,Intersection-Related,Traffic Signal,Rear End,Clear,Daylight,Dry,,FALSE,-79.28536663,43.69700404,3,Automobile or Station Wagon,South,3,23,None,Lap Belt Only of Combined Assembly,Driving properly,Normal,,,Stopped,,,,,driver,,Scarborough Southwest (20),41 Division,Oakridge,FALSE,FALSE,FALSE,FALSE,FALSE,TRUE,FALSE,FALSE,TRUE,TRUE,"{""coordinates"": [[-79.28536662658495, 43.69700403752336]], ""type"": ""MultiPoint""}"
50,2026:6001582548,2026-07-30T16:07:00,JANE ST,MILO PARK GT,,3,Non-Fatal Injury,Intersection-Related,Traffic Signal,SMV Other,Clear,Daylight,Dry,,FALSE,-79.51966593,43.76591732,1,,,2,8,Major,No Equipment Available,,,Unknown,Unknown,,,,,,pedestrian,,Humber River-Black Creek (7),31 Division,Black Creek,FALSE,FALSE,FALSE,FALSE,FALSE,TRUE,TRUE,FALSE,TRUE,FALSE,"{""coordinates"": [[-79.5196659258597, 43.765917323361386]], ""type"": ""MultiPoint""}"
51,2026:6001582548,2026-07-30T16:07:00,JANE ST,MILO PARK GT,,3,Non-Fatal Injury,Intersection-Related,Traffic Signal,SMV Other,Clear,Daylight,Dry,,FALSE,-79.51966593,43.76591732,1,,,3,6,Minor,No Equipment Available,,,Unknown,Unknown,,,,,,pedestrian,,Humber River-Black Creek (7),31 Division,Black Creek,FALSE,FALSE,FALSE,FALSE,FALSE,TRUE,TRUE,FALSE,TRUE,FALSE,"{""coordinates"": [[-79.5196659258597, 43.765917323361386]], ""type"": ""MultiPoint""}"
53,2026:6001592016,2026-07-31T19:30:00,BEECH AV,QUEEN ST E,11 m North of,2,Non-Fatal Injury,Intersection-Related,Traffic Signal,SMV Other,Clear,Daylight,Dry,,FALSE,-79.28754866,43.67263604,1,E-Bike (Power-Assisted Bicycle),East,1,25,None,Helmet,,,,,Going Ahead,,,Driving Properly,Normal,cyclist,,Beaches-East York (19),55 Division,The Beaches,FALSE,FALSE,TRUE,FALSE,FALSE,FALSE,TRUE,FALSE,FALSE,FALSE,"{""coordinates"": [[-79.28754866149741, 43.67263604050746]], ""type"": ""MultiPoint""}"
64,2006:890325,2006-01-27T23:01:00,NORTH YORK BLVD,BEECROFT RD,,3,Non-Fatal Injury,At Intersection,Pedestrian Crossover,SMV Other,Clear,Dark,Dry,Collector,FALSE,-79.41429076,43.7665442,1,Automobile or Station Wagon,West,2,21,Minor,Air Bag Deployed,Lost control,Unknown,,,Going Ahead,,,,,driver,,Willowdale (18),32 Division,Lansing-Westgate,FALSE,FALSE,FALSE,FALSE,FALSE,FALSE,FALSE,FALSE,FALSE,FALSE,"{""coordinates"": [[-79.41429075874944, 43.76654419709052]], ""type"": ""MultiPoint""}"
65,2006:890325,2006-01-27T23:01:00,NORTH YORK BLVD,BEECROFT RD,,3,Non-Fatal Injury,At Intersection,Pedestrian Crossover,SMV Other,Clear,Dark,Dry,Collector,FALSE,-79.41429076,43.7665442,2,,,3,,,Other Safety Equipment Used,,,,,,,,,,owner,,Willowdale (18),32 Division,Lansing-Westgate,FALSE,FALSE,FALSE,FALSE,FALSE,FALSE,FALSE,FALSE,FALSE,FALSE,"{""coordinates"": [[-79.41429075874944, 43.76654419709052]], ""type"": ""MultiPoint""}"
66,2006:890325,2006-01-27T23:01:00,NORTH YORK BLVD,BEECROFT RD,,3,Non-Fatal Injury,At Intersection,Pedestrian Crossover,SMV Other,Clear,Dark,Dry,Collector,FALSE,-79.41429076,43.7665442,1,,,1,21,Major,Use Unknown,,,,,,,,,,passenger,,Willowdale (18),32 Division,Lansing-Westgate,FALSE,FALSE,FALSE,FALSE,FALSE,FALSE,FALSE,FALSE,FALSE,FALSE,"{""coordinates"": [[-79.41429075874944, 43.76654419709052]], ""type"": ""MultiPoint""}"
67,2006:889773,2006-02-02T14:21:00,SPADINA AVE,NASSAU ST,,4,Non-Fatal Injury,At Intersection,Traffic Signal,Turning Movement,Clear,Daylight,Dry,Major Arterial,FALSE,-79.3991909,43.6558442,3,Municipal Transit Bus (TTC),South,4,41,None,Lap and Shoulder Belt,Driving properly,Normal,,,Going Ahead,,,,,driver,,University-Rosedale (11),52 Division,Kensington-Chinatown,FALSE,FALSE,FALSE,FALSE,FALSE,FALSE,FALSE,FALSE,FALSE,TRUE,"{""coordinates"": [[-79.39919089941911, 43.65584420448532]], ""type"": ""MultiPoint""}"
68,2006:889773,2006-02-02T14:21:00,SPADINA AVE,NASSAU ST,,4,Non-Fatal Injury,At Intersection,Traffic Signal,Turning Movement,Clear,Daylight,Dry,Major Arterial,FALSE,-79.3991909,43.6558442,3,,,3,,None,Other Safety Equipment Used,,,,,,,,,,owner,,University-Rosedale (11),52 Division,Kensington-Chinatown,FALSE,FALSE,FALSE,FALSE,FALSE,FALSE,FALSE,FALSE,FALSE,TRUE,"{""coordinates"": [[-79.39919089941911, 43.65584420448532]], ""type"": ""MultiPoint""}"
69,2006:889773,2006-02-02T14:21:00,SPADINA AVE,NASSAU ST,,4,Non-Fatal Injury,At Intersection,Traffic Signal,Turning Movement,Clear,Daylight,Dry,Major Arterial,FALSE,-79.3991909,43.6558442,2,Automobile or Station Wagon,South,2,51,Major,Lap and Shoulder Belt,Improper turn,Normal,,,Turning Left,,,,,driver,,University-Rosedale (11),52 Division,Kensington-Chinatown,FALSE,FALSE,FALSE,FALSE,FALSE,FALSE,FALSE,FALSE,FALSE,TRUE,"{""coordinates"": [[-79.39919089941911, 43.65584420448532]], ""type"": ""MultiPoint""}"
70,2006:889773,2006-02-02T14:21:00,SPADINA AVE,NASSAU ST,,4,Non-Fatal Injury,At Intersection,Traffic Signal,Turning Movement,Clear,Daylight,Dry,Major Arterial,FALSE,-79.3991909,43.6558442,1,,,1,50,Major,Lap and Shoulder Belt,,,,,,,,,,passenger,,University-Rosedale (11),52 Division,Kensington-Chinatown,FALSE,FALSE,FALSE,FALSE,FALSE,FALSE,FALSE,FALSE,FALSE,TRUE,"{""coordinates"": [[-79.39919089941911, 43.65584420448532]], ""type"": ""MultiPoint""}"
71,2006:888108,2006-02-12T08:45:00,840 KENNEDY RD,,,6,Non-Fatal Injury,,No Control,Approaching Head On,Clear,Daylight,Dry,Major Arterial,FALSE,-79.26949055,43.73594402,4,Automobile or Station Wagon,North,6,31,None,Lap and Shoulder Belt,Lost control,Normal,,,Going Ahead,,,,,driver,,Scarborough Centre (21),41 Division,Ionview,FALSE,FALSE,FALSE,FALSE,FALSE,FALSE,FALSE,FALSE,TRUE,FALSE,"{""coordinates"": [[-79.26949055002405, 43.73594401737665]], ""type"": ""MultiPoint""}"
72,2006:888108,2006-02-12T08:45:00,840 KENNEDY RD,,,6,Non-Fatal Injury,,No Control,Approaching Head On,Clear,Daylight,Dry,Major Arterial,FALSE,-79.26949055,43.73594402,1,Automobile or Station Wagon,South,1,42,None,Lap and Shoulder Belt,Driving properly,Normal,,,Going Ahead,,,,,driver,,Scarborough Centre (21),41 Division,Ionview,FALSE,FALSE,FALSE,FALSE,FALSE,FALSE,FALSE,FALSE,TRUE,FALSE,"{""coordinates"": [[-79.26949055002405, 43.73594401737665]], ""type"": ""MultiPoint""}"
73,2006:888108,2006-02-12T08:45:00,840 KENNEDY RD,,,6,Non-Fatal Injury,,No Control,Approaching Head On,Clear,Daylight,Dry,Major Arterial,FALSE,-79.26949055,43.73594402,3,Automobile or Station Wagon,,4,4,Minor,Other Safety Equipment Used,,,,,,,,,,passenger,,Scarborough Centre (21),41 Division,Ionview,FALSE,FALSE,FALSE,FALSE,FALSE,FALSE,FALSE,FALSE,TRUE,FALSE,"{""coordinates"": [[-79.26949055002405, 43.73594401737665]], ""type"": ""MultiPoint""}"
74,2006:888108,2006-02-12T08:45:00,840 KENNEDY RD,,,6,Non-Fatal Injury,,No Control,Approaching Head On,Clear,Daylight,Dry,Major Arterial,FALSE,-79.26949055,43.73594402,3,Automobile or Station Wagon,South,5,29,Major,Air Bag Deployed,Driving properly,Normal,,,Going Ahead,,,,,driver,,Scarborough Centre (21),41 Division,Ionview,FALSE,FALSE,FALSE,FALSE,FALSE,FALSE,FALSE,FALSE,TRUE,FALSE,"{""coordinates"": [[-79.26949055002405, 43.73594401737665]], ""type"": ""MultiPoint""}"
75,2006:888108,2006-02-12T08:45:00,840 KENNEDY RD,,,6,Non-Fatal Injury,,No Control,Approaching Head On,Clear,Daylight,Dry,Major Arterial,FALSE,-79.26949055,43.73594402,2,Automobile or Station Wagon,South,3,28,None,Lap and Shoulder Belt,Driving properly,Normal,,,Going Ahead,,,,,driver,,Scarborough Centre (21),41 Division,Ionview,FALSE,FALSE,FALSE,FALSE,FALSE,FALSE,FALSE,FALSE,TRUE,FALSE,"{""coordinates"": [[-79.26949055002405, 43.73594401737665]], ""type"": ""MultiPoint""}"