_id,collision_id,accdate,stname1,stname2,stname3,per_inv,acclass,accloc,traffictl,impactype,visible,light,rdsfcond,road_class,failtorem,longitude,latitude,veh_no,vehtype,initdir,per_no,invage,injury,safequip,drivact,drivcond,pedact,pedcond,manoeuvre,pedtype,cyclistype,cycact,cyccond,road_user,fatal_no,wardname,division,neighbourhood,aggressive,distracted,cyclist,motorcyclist,other_micromobility,older_adult,pedestrian,red_light,school_child,heavy_truck,geometry
256,2006:906284,2006-05-09T07:10:00,THE QUEENSWAY,MORGAN AVE,,4,Non-Fatal Injury,At Intersection,Stop Sign,Turning Movement,Clear,Daylight,Dry,Major Arterial,FALSE,-79.50149115,43.62654437,1,Automobile or Station Wagon,North,1,65,Major,Lap and Shoulder Belt,Improper turn,Normal,,,Turning Left,,,,,driver,,Etobicoke-Lakeshore (3),22 Division,Stonegate-Queensway,FALSE,FALSE,FALSE,FALSE,FALSE,TRUE,FALSE,FALSE,FALSE,FALSE,"{""coordinates"": [[-79.50149115091756, 43.626544368879486]], ""type"": ""MultiPoint""}"
257,2006:906284,2006-05-09T07:10:00,THE QUEENSWAY,MORGAN AVE,,4,Non-Fatal Injury,At Intersection,Stop Sign,Turning Movement,Clear,Daylight,Dry,Major Arterial,FALSE,-79.50149115,43.62654437,2,Automobile or Station Wagon,East,4,37,None,Lap and Shoulder Belt,Driving properly,Normal,,,Going Ahead,,,,,driver,,Etobicoke-Lakeshore (3),22 Division,Stonegate-Queensway,FALSE,FALSE,FALSE,FALSE,FALSE,TRUE,FALSE,FALSE,FALSE,FALSE,"{""coordinates"": [[-79.50149115091756, 43.626544368879486]], ""type"": ""MultiPoint""}"
258,2006:906284,2006-05-09T07:10:00,THE QUEENSWAY,MORGAN AVE,,4,Non-Fatal Injury,At Intersection,Stop Sign,Turning Movement,Clear,Daylight,Dry,Major Arterial,FALSE,-79.50149115,43.62654437,2,,,2,34,Minor,Lap and Shoulder Belt,,,,,,,,,,passenger,,Etobicoke-Lakeshore (3),22 Division,Stonegate-Queensway,FALSE,FALSE,FALSE,FALSE,FALSE,TRUE,FALSE,FALSE,FALSE,FALSE,"{""coordinates"": [[-79.50149115091756, 43.626544368879486]], ""type"": ""MultiPoint""}"
259,2006:904596,2006-05-09T16:32:00,BLOOR ST W,SOUTH KINGSWAY,,2,Non-Fatal Injury,,Traffic Signal,Rear End,Clear,Daylight,Dry,Major Arterial,FALSE,-79.48569108,43.64834433,1,Motorcycle,East,1,27,Major,Helmet,Driving properly,Normal,,,Stopped,,,,,motorcyclist,,Parkdale-High Park (4),11 Division,High Park-Swansea,TRUE,FALSE,FALSE,TRUE,FALSE,FALSE,FALSE,FALSE,TRUE,FALSE,"{""coordinates"": [[-79.48569108077065, 43.648344334992075]], ""type"": ""MultiPoint""}"
260,2006:904596,2006-05-09T16:32:00,BLOOR ST W,SOUTH KINGSWAY,,2,Non-Fatal Injury,,Traffic Signal,Rear End,Clear,Daylight,Dry,Major Arterial,FALSE,-79.48569108,43.64834433,2,Automobile or Station Wagon,East,2,17,None,Lap and Shoulder Belt,Following too closely,Normal,,,Slowing or Stopping,,,,,driver,,Parkdale-High Park (4),11 Division,High Park-Swansea,TRUE,FALSE,FALSE,TRUE,FALSE,FALSE,FALSE,FALSE,TRUE,FALSE,"{""coordinates"": [[-79.48569108077065, 43.648344334992075]], ""type"": ""MultiPoint""}"
261,2006:905154,2006-05-11T06:10:00,MEADOWVALE RD,PLUG HAT RD,,3,Non-Fatal Injury,,No Control,Approaching Head On,Rain,Daylight,Wet,Collector,FALSE,-79.18299035,43.83574395,1,Automobile or Station Wagon,North,2,49,Major,Lap and Shoulder Belt,Driving properly,Normal,,,Going Ahead,,,,,driver,,Scarborough-Rouge Park (25),42 Division,Morningside Heights,TRUE,FALSE,FALSE,FALSE,FALSE,FALSE,FALSE,FALSE,FALSE,FALSE,"{""coordinates"": [[-79.18299034707863, 43.83574394603904]], ""type"": ""MultiPoint""}"
262,2006:905154,2006-05-11T06:10:00,MEADOWVALE RD,PLUG HAT RD,,3,Non-Fatal Injury,,No Control,Approaching Head On,Rain,Daylight,Wet,Collector,FALSE,-79.18299035,43.83574395,1,,,1,,None,Other Safety Equipment Used,,,,,,,,,,owner,,Scarborough-Rouge Park (25),42 Division,Morningside Heights,TRUE,FALSE,FALSE,FALSE,FALSE,FALSE,FALSE,FALSE,FALSE,FALSE,"{""coordinates"": [[-79.18299034707863, 43.83574394603904]], ""type"": ""MultiPoint""}"
263,2006:905154,2006-05-11T06:10:00,MEADOWVALE RD,PLUG HAT RD,,3,Non-Fatal Injury,,No Control,Approaching Head On,Rain,Daylight,Wet,Collector,FALSE,-79.18299035,43.83574395,2,Automobile or Station Wagon,South,3,52,Major,Lap and Shoulder Belt,Improper passing,Normal,,,Overtaking,,,,,driver,,Scarborough-Rouge Park (25),42 Division,Morningside Heights,TRUE,FALSE,FALSE,FALSE,FALSE,FALSE,FALSE,FALSE,FALSE,FALSE,"{""coordinates"": [[-79.18299034707863, 43.83574394603904]], ""type"": ""MultiPoint""}"
264,2006:911757,2006-05-11T07:00:00,YONGE ST,DELISLE AVE,,2,Non-Fatal Injury,At Intersection,Stop Sign,Turning Movement,Rain,Daylight,Wet,Major Arterial,FALSE,-79.39459084,43.68914419,1,Motorcycle,South,1,27,Major,Helmet,Driving properly,Normal,,,Going Ahead,,,,,motorcyclist,,Toronto-St. Paul's (12),53 Division,Yonge-St.Clair,TRUE,FALSE,FALSE,TRUE,FALSE,FALSE,FALSE,FALSE,FALSE,FALSE,"{""coordinates"": [[-79.39459083863895, 43.68914418945974]], ""type"": ""MultiPoint""}"
265,2006:911757,2006-05-11T07:00:00,YONGE ST,DELISLE AVE,,2,Non-Fatal Injury,At Intersection,Stop Sign,Turning Movement,Rain,Daylight,Wet,Major Arterial,FALSE,-79.39459084,43.68914419,2,Automobile or Station Wagon,East,2,24,None,Use Unknown,Failed to yield right-of-way,Normal,,,Turning Left,,,,,driver,,Toronto-St. Paul's (12),53 Division,Yonge-St.Clair,TRUE,FALSE,FALSE,TRUE,FALSE,FALSE,FALSE,FALSE,FALSE,FALSE,"{""coordinates"": [[-79.39459083863895, 43.68914418945974]], ""type"": ""MultiPoint""}"
266,2006:916560,2006-05-19T11:40:00,LAUGHTON AVE,TALBOT ST,,4,Non-Fatal Injury,At Intersection,Stop Sign,Turning Movement,Clear,Daylight,Dry,Collector,FALSE,-79.45729098,43.67394428,3,,,4,,None,Other Safety Equipment Used,,,,,,,,,,owner,,Davenport (9),11 Division,Weston-Pelham Park,TRUE,FALSE,FALSE,FALSE,FALSE,TRUE,FALSE,FALSE,FALSE,FALSE,"{""coordinates"": [[-79.45729098090602, 43.673944282693554]], ""type"": ""MultiPoint""}"
267,2006:916560,2006-05-19T11:40:00,LAUGHTON AVE,TALBOT ST,,4,Non-Fatal Injury,At Intersection,Stop Sign,Turning Movement,Clear,Daylight,Dry,Collector,FALSE,-79.45729098,43.67394428,2,Automobile or Station Wagon,South,3,29,Major,Lap and Shoulder Belt,Driving properly,Normal,,,Going Ahead,,,,,driver,,Davenport (9),11 Division,Weston-Pelham Park,TRUE,FALSE,FALSE,FALSE,FALSE,TRUE,FALSE,FALSE,FALSE,FALSE,"{""coordinates"": [[-79.45729098090602, 43.673944282693554]], ""type"": ""MultiPoint""}"
268,2006:916560,2006-05-19T11:40:00,LAUGHTON AVE,TALBOT ST,,4,Non-Fatal Injury,At Intersection,Stop Sign,Turning Movement,Clear,Daylight,Dry,Collector,FALSE,-79.45729098,43.67394428,1,Automobile or Station Wagon,West,1,68,Major,Lap and Shoulder Belt,Failed to yield right-of-way,Normal,,,Turning Left,,,,,driver,,Davenport (9),11 Division,Weston-Pelham Park,TRUE,FALSE,FALSE,FALSE,FALSE,TRUE,FALSE,FALSE,FALSE,FALSE,"{""coordinates"": [[-79.45729098090602, 43.673944282693554]], ""type"": ""MultiPoint""}"
269,2006:916560,2006-05-19T11:40:00,LAUGHTON AVE,TALBOT ST,,4,Non-Fatal Injury,At Intersection,Stop Sign,Turning Movement,Clear,Daylight,Dry,Collector,FALSE,-79.45729098,43.67394428,2,,,2,40,Major,Lap and Shoulder Belt,,,,,,,,,,passenger,,Davenport (9),11 Division,Weston-Pelham Park,TRUE,FALSE,FALSE,FALSE,FALSE,TRUE,FALSE,FALSE,FALSE,FALSE,"{""coordinates"": [[-79.45729098090602, 43.673944282693554]], ""type"": ""MultiPoint""}"
270,2006:907762,2006-05-21T10:24:00,REXDALE BLVD,BERGAMOT AVE,,4,Non-Fatal Injury,At Intersection,Traffic Signal,Turning Movement,Rain,Daylight,Wet,Major Arterial,FALSE,-79.55969106,43.71334439,2,Automobile or Station Wagon,East,3,18,Major,Lap and Shoulder Belt,Improper turn,Normal,,,Turning Left,,,,,driver,,Etobicoke North (1),23 Division,Rexdale-Kipling,FALSE,FALSE,FALSE,FALSE,FALSE,FALSE,FALSE,FALSE,TRUE,FALSE,"{""coordinates"": [[-79.5596910649771, 43.71334439276175]], ""type"": ""MultiPoint""}"
271,2006:907762,2006-05-21T10:24:00,REXDALE BLVD,BERGAMOT AVE,,4,Non-Fatal Injury,At Intersection,Traffic Signal,Turning Movement,Rain,Daylight,Wet,Major Arterial,FALSE,-79.55969106,43.71334439,1,Automobile or Station Wagon,West,1,50,None,Lap and Shoulder Belt,Driving properly,Normal,,,Going Ahead,,,,,driver,,Etobicoke North (1),23 Division,Rexdale-Kipling,FALSE,FALSE,FALSE,FALSE,FALSE,FALSE,FALSE,FALSE,TRUE,FALSE,"{""coordinates"": [[-79.5596910649771, 43.71334439276175]], ""type"": ""MultiPoint""}"
272,2006:907762,2006-05-21T10:24:00,REXDALE BLVD,BERGAMOT AVE,,4,Non-Fatal Injury,At Intersection,Traffic Signal,Turning Movement,Rain,Daylight,Wet,Major Arterial,FALSE,-79.55969106,43.71334439,3,Automobile or Station Wagon,South,4,46,None,Lap and Shoulder Belt,Driving properly,Normal,,,Stopped,,,,,driver,,Etobicoke North (1),23 Division,Rexdale-Kipling,FALSE,FALSE,FALSE,FALSE,FALSE,FALSE,FALSE,FALSE,TRUE,FALSE,"{""coordinates"": [[-79.5596910649771, 43.71334439276175]], ""type"": ""MultiPoint""}"
273,2006:907762,2006-05-21T10:24:00,REXDALE BLVD,BERGAMOT AVE,,4,Non-Fatal Injury,At Intersection,Traffic Signal,Turning Movement,Rain,Daylight,Wet,Major Arterial,FALSE,-79.55969106,43.71334439,2,,,2,,None,Other Safety Equipment Used,,,,,,,,,,owner,,Etobicoke North (1),23 Division,Rexdale-Kipling,FALSE,FALSE,FALSE,FALSE,FALSE,FALSE,FALSE,FALSE,TRUE,FALSE,"{""coordinates"": [[-79.5596910649771, 43.71334439276175]], ""type"": ""MultiPoint""}"
274,2006:907900,2006-05-24T06:22:00,RENFORTH DR,CONVAIR DR,,2,Non-Fatal Injury,At Intersection,Traffic Signal,Turning Movement,Clear,Daylight,Dry,Major Arterial,FALSE,-79.59329119,43.67214446,1,Automobile or Station Wagon,North,1,47,Minor,Lap and Shoulder Belt,Driving properly,Normal,,,Turning Left,,,,,driver,,,,,TRUE,TRUE,FALSE,FALSE,FALSE,FALSE,FALSE,TRUE,FALSE,FALSE,"{""coordinates"": [[-79.59329118540931, 43.67214445621115]], ""type"": ""MultiPoint""}"
275,2006:907900,2006-05-24T06:22:00,RENFORTH DR,CONVAIR DR,,2,Non-Fatal Injury,At Intersection,Traffic Signal,Turning Movement,Clear,Daylight,Dry,Major Arterial,FALSE,-79.59329119,43.67214446,2,Automobile or Station Wagon,South,2,24,Major,Lap and Shoulder Belt,Disobeyed traffic control,Inattentive,,,Going Ahead,,,,,driver,,,,,TRUE,TRUE,FALSE,FALSE,FALSE,FALSE,FALSE,TRUE,FALSE,FALSE,"{""coordinates"": [[-79.59329118540931, 43.67214445621115]], ""type"": ""MultiPoint""}"
276,2006:908702,2006-05-27T23:58:00,GOSFORD BLVD,ARTECH CRT,,5,Non-Fatal Injury,,No Control,SMV Other,Clear,Dark,Dry,Collector,FALSE,-79.52119093,43.76334433,3,Automobile or Station Wagon,South,5,26,Minor,Lap and Shoulder Belt,Exceeding speed limit,Ability Impaired - Alcohol Over .08,,,Going Ahead,,,,,driver,,Humber River-Black Creek (7),31 Division,Black Creek,TRUE,FALSE,FALSE,FALSE,FALSE,FALSE,FALSE,FALSE,TRUE,FALSE,"{""coordinates"": [[-79.52119093105676, 43.76334432574688]], ""type"": ""MultiPoint""}"
277,2006:908702,2006-05-27T23:58:00,GOSFORD BLVD,ARTECH CRT,,5,Non-Fatal Injury,,No Control,SMV Other,Clear,Dark,Dry,Collector,FALSE,-79.52119093,43.76334433,1,,,1,13,Major,Lap and Shoulder Belt,,,,,,,,,,passenger,,Humber River-Black Creek (7),31 Division,Black Creek,TRUE,FALSE,FALSE,FALSE,FALSE,FALSE,FALSE,FALSE,TRUE,FALSE,"{""coordinates"": [[-79.52119093105676, 43.76334432574688]], ""type"": ""MultiPoint""}"
278,2006:908702,2006-05-27T23:58:00,GOSFORD BLVD,ARTECH CRT,,5,Non-Fatal Injury,,No Control,SMV Other,Clear,Dark,Dry,Collector,FALSE,-79.52119093,43.76334433,2,,,3,,None,Other Safety Equipment Used,,,,,,,,,,owner,,Humber River-Black Creek (7),31 Division,Black Creek,TRUE,FALSE,FALSE,FALSE,FALSE,FALSE,FALSE,FALSE,TRUE,FALSE,"{""coordinates"": [[-79.52119093105676, 43.76334432574688]], ""type"": ""MultiPoint""}"
279,2006:908702,2006-05-27T23:58:00,GOSFORD BLVD,ARTECH CRT,,5,Non-Fatal Injury,,No Control,SMV Other,Clear,Dark,Dry,Collector,FALSE,-79.52119093,43.76334433,1,,,2,23,Minor,Lap and Shoulder Belt,,,,,,,,,,passenger,,Humber River-Black Creek (7),31 Division,Black Creek,TRUE,FALSE,FALSE,FALSE,FALSE,FALSE,FALSE,FALSE,TRUE,FALSE,"{""coordinates"": [[-79.52119093105676, 43.76334432574688]], ""type"": ""MultiPoint""}"
280,2006:908702,2006-05-27T23:58:00,GOSFORD BLVD,ARTECH CRT,,5,Non-Fatal Injury,,No Control,SMV Other,Clear,Dark,Dry,Collector,FALSE,-79.52119093,43.76334433,2,,,4,,None,Other Safety Equipment Used,,,,,,,,,,owner,,Humber River-Black Creek (7),31 Division,Black Creek,TRUE,FALSE,FALSE,FALSE,FALSE,FALSE,FALSE,FALSE,TRUE,FALSE,"{""coordinates"": [[-79.52119093105676, 43.76334432574688]], ""type"": ""MultiPoint""}"
281,2006:905408,2006-05-28T05:50:00,KENNEDY RD,LAWRENCE AVE E,,5,Non-Fatal Injury,At Intersection,Traffic Signal,SMV Other,Clear,Dusk with Artificial Lighting,Dry,Major Arterial,FALSE,-79.27489054,43.74944402,1,Automobile or Station Wagon,South,4,22,Minor,Other Safety Equipment Used,Lost control,Ability Impaired - Alcohol Over .08,,,Turning Left,,,,,driver,,Scarborough Centre (21),41 Division,Dorset Park,FALSE,FALSE,FALSE,FALSE,FALSE,FALSE,FALSE,FALSE,FALSE,FALSE,"{""coordinates"": [[-79.27489054266644, 43.74944402470702]], ""type"": ""MultiPoint""}"
282,2006:905408,2006-05-28T05:50:00,KENNEDY RD,LAWRENCE AVE E,,5,Non-Fatal Injury,At Intersection,Traffic Signal,SMV Other,Clear,Dusk with Artificial Lighting,Dry,Major Arterial,FALSE,-79.27489054,43.74944402,1,,,3,,,Other Safety Equipment Used,,,,,,,,,,owner,,Scarborough Centre (21),41 Division,Dorset Park,FALSE,FALSE,FALSE,FALSE,FALSE,FALSE,FALSE,FALSE,FALSE,FALSE,"{""coordinates"": [[-79.27489054266644, 43.74944402470702]], ""type"": ""MultiPoint""}"
283,2006:905408,2006-05-28T05:50:00,KENNEDY RD,LAWRENCE AVE E,,5,Non-Fatal Injury,At Intersection,Traffic Signal,SMV Other,Clear,Dusk with Artificial Lighting,Dry,Major Arterial,FALSE,-79.27489054,43.74944402,1,,,2,21,Major,Other Safety Equipment Used,,,,,,,,,,passenger,,Scarborough Centre (21),41 Division,Dorset Park,FALSE,FALSE,FALSE,FALSE,FALSE,FALSE,FALSE,FALSE,FALSE,FALSE,"{""coordinates"": [[-79.27489054266644, 43.74944402470702]], ""type"": ""MultiPoint""}"
284,2006:905408,2006-05-28T05:50:00,KENNEDY RD,LAWRENCE AVE E,,5,Non-Fatal Injury,At Intersection,Traffic Signal,SMV Other,Clear,Dusk with Artificial Lighting,Dry,Major Arterial,FALSE,-79.27489054,43.74944402,2,,,5,,,Other Safety Equipment Used,,,,,,,,,,owner,,Scarborough Centre (21),41 Division,Dorset Park,FALSE,FALSE,FALSE,FALSE,FALSE,FALSE,FALSE,FALSE,FALSE,FALSE,"{""coordinates"": [[-79.27489054266644, 43.74944402470702]], ""type"": ""MultiPoint""}"
285,2006:905408,2006-05-28T05:50:00,KENNEDY RD,LAWRENCE AVE E,,5,Non-Fatal Injury,At Intersection,Traffic Signal,SMV Other,Clear,Dusk with Artificial Lighting,Dry,Major Arterial,FALSE,-79.27489054,43.74944402,1,,,1,24,Major,Other Safety Equipment Used,,,,,,,,,,passenger,,Scarborough Centre (21),41 Division,Dorset Park,FALSE,FALSE,FALSE,FALSE,FALSE,FALSE,FALSE,FALSE,FALSE,FALSE,"{""coordinates"": [[-79.27489054266644, 43.74944402470702]], ""type"": ""MultiPoint""}"
286,2006:905456,2006-05-28T16:15:00,EGLINTON AVE W,ROYAL YORK RD,,6,Non-Fatal Injury,At Intersection,Traffic Signal,Turning Movement,Clear,Daylight,Other,Major Arterial,FALSE,-79.52659108,43.68234437,2,Automobile or Station Wagon,East,3,41,None,Other Safety Equipment Used,Driving properly,Normal,,,Going Ahead,,,,,driver,,Etobicoke Centre (2),22 Division,Humber Heights-Westmount,FALSE,FALSE,FALSE,FALSE,FALSE,FALSE,FALSE,FALSE,FALSE,FALSE,"{""coordinates"": [[-79.52659108041108, 43.68234437100305]], ""type"": ""MultiPoint""}"
287,2006:905456,2006-05-28T16:15:00,EGLINTON AVE W,ROYAL YORK RD,,6,Non-Fatal Injury,At Intersection,Traffic Signal,Turning Movement,Clear,Daylight,Other,Major Arterial,FALSE,-79.52659108,43.68234437,4,Automobile or Station Wagon,East,6,38,None,Other Safety Equipment Used,Driving properly,Normal,,,Going Ahead,,,,,driver,,Etobicoke Centre (2),22 Division,Humber Heights-Westmount,FALSE,FALSE,FALSE,FALSE,FALSE,FALSE,FALSE,FALSE,FALSE,FALSE,"{""coordinates"": [[-79.52659108041108, 43.68234437100305]], ""type"": ""MultiPoint""}"
288,2006:905456,2006-05-28T16:15:00,EGLINTON AVE W,ROYAL YORK RD,,6,Non-Fatal Injury,At Intersection,Traffic Signal,Turning Movement,Clear,Daylight,Other,Major Arterial,FALSE,-79.52659108,43.68234437,3,,,4,,None,Other Safety Equipment Used,,,,,,,,,,owner,,Etobicoke Centre (2),22 Division,Humber Heights-Westmount,FALSE,FALSE,FALSE,FALSE,FALSE,FALSE,FALSE,FALSE,FALSE,FALSE,"{""coordinates"": [[-79.52659108041108, 43.68234437100305]], ""type"": ""MultiPoint""}"
289,2006:905456,2006-05-28T16:15:00,EGLINTON AVE W,ROYAL YORK RD,,6,Non-Fatal Injury,At Intersection,Traffic Signal,Turning Movement,Clear,Daylight,Other,Major Arterial,FALSE,-79.52659108,43.68234437,3,Automobile or Station Wagon,South,5,47,Major,Other Safety Equipment Used,Lost control,Ability Impaired - Drugs,,,Turning Right,,,,,driver,,Etobicoke Centre (2),22 Division,Humber Heights-Westmount,FALSE,FALSE,FALSE,FALSE,FALSE,FALSE,FALSE,FALSE,FALSE,FALSE,"{""coordinates"": [[-79.52659108041108, 43.68234437100305]], ""type"": ""MultiPoint""}"
290,2006:905456,2006-05-28T16:15:00,EGLINTON AVE W,ROYAL YORK RD,,6,Non-Fatal Injury,At Intersection,Traffic Signal,Turning Movement,Clear,Daylight,Other,Major Arterial,FALSE,-79.52659108,43.68234437,1,Automobile or Station Wagon,East,1,44,None,Other Safety Equipment Used,Driving properly,Normal,,,Going Ahead,,,,,driver,,Etobicoke Centre (2),22 Division,Humber Heights-Westmount,FALSE,FALSE,FALSE,FALSE,FALSE,FALSE,FALSE,FALSE,FALSE,FALSE,"{""coordinates"": [[-79.52659108041108, 43.68234437100305]], ""type"": ""MultiPoint""}"
291,2006:905456,2006-05-28T16:15:00,EGLINTON AVE W,ROYAL YORK RD,,6,Non-Fatal Injury,At Intersection,Traffic Signal,Turning Movement,Clear,Daylight,Other,Major Arterial,FALSE,-79.52659108,43.68234437,2,,,2,,None,Other Safety Equipment Used,,,,,,,,,,owner,,Etobicoke Centre (2),22 Division,Humber Heights-Westmount,FALSE,FALSE,FALSE,FALSE,FALSE,FALSE,FALSE,FALSE,FALSE,FALSE,"{""coordinates"": [[-79.52659108041108, 43.68234437100305]], ""type"": ""MultiPoint""}"
292,2006:908832,2006-05-29T21:49:00,YONGE ST,LORD SEATON RD,,5,Non-Fatal Injury,,Traffic Signal,Turning Movement,Clear,Dark,Dry,Major Arterial,FALSE,-79.40809076,43.75244419,1,Automobile or Station Wagon,South,3,30,Major,Use Unknown,Improper turn,Unknown,,,Turning Left,,,,,driver,,Don Valley West (15),32 Division,St.Andrew-Windfields,FALSE,FALSE,FALSE,FALSE,FALSE,FALSE,FALSE,FALSE,FALSE,FALSE,"{""coordinates"": [[-79.40809076396116, 43.7524441909706]], ""type"": ""MultiPoint""}"
293,2006:908832,2006-05-29T21:49:00,YONGE ST,LORD SEATON RD,,5,Non-Fatal Injury,,Traffic Signal,Turning Movement,Clear,Dark,Dry,Major Arterial,FALSE,-79.40809076,43.75244419,1,,,1,,Minimal,Use Unknown,,,,,,,,,,passenger,,Don Valley West (15),32 Division,St.Andrew-Windfields,FALSE,FALSE,FALSE,FALSE,FALSE,FALSE,FALSE,FALSE,FALSE,FALSE,"{""coordinates"": [[-79.40809076396116, 43.7524441909706]], ""type"": ""MultiPoint""}"
294,2006:908832,2006-05-29T21:49:00,YONGE ST,LORD SEATON RD,,5,Non-Fatal Injury,,Traffic Signal,Turning Movement,Clear,Dark,Dry,Major Arterial,FALSE,-79.40809076,43.75244419,2,,North,5,24,Minimal,Lap and Shoulder Belt,Driving properly,Normal,,,Going Ahead,,,,,driver,,Don Valley West (15),32 Division,St.Andrew-Windfields,FALSE,FALSE,FALSE,FALSE,FALSE,FALSE,FALSE,FALSE,FALSE,FALSE,"{""coordinates"": [[-79.40809076396116, 43.7524441909706]], ""type"": ""MultiPoint""}"
295,2006:908832,2006-05-29T21:49:00,YONGE ST,LORD SEATON RD,,5,Non-Fatal Injury,,Traffic Signal,Turning Movement,Clear,Dark,Dry,Major Arterial,FALSE,-79.40809076,43.75244419,2,,,4,,None,Other Safety Equipment Used,,,,,,,,,,owner,,Don Valley West (15),32 Division,St.Andrew-Windfields,FALSE,FALSE,FALSE,FALSE,FALSE,FALSE,FALSE,FALSE,FALSE,FALSE,"{""coordinates"": [[-79.40809076396116, 43.7524441909706]], ""type"": ""MultiPoint""}"
296,2006:908832,2006-05-29T21:49:00,YONGE ST,LORD SEATON RD,,5,Non-Fatal Injury,,Traffic Signal,Turning Movement,Clear,Dark,Dry,Major Arterial,FALSE,-79.40809076,43.75244419,1,,,2,,None,Other Safety Equipment Used,,,,,,,,,,owner,,Don Valley West (15),32 Division,St.Andrew-Windfields,FALSE,FALSE,FALSE,FALSE,FALSE,FALSE,FALSE,FALSE,FALSE,FALSE,"{""coordinates"": [[-79.40809076396116, 43.7524441909706]], ""type"": ""MultiPoint""}"
298,2006:909606,2006-06-01T12:03:00,MCCOWAN RD,EGLINTON AVE E,,5,Non-Fatal Injury,At Intersection,Traffic Signal,Turning Movement,Clear,Daylight,Dry,Major Arterial,FALSE,-79.2383905,43.73884398,1,,,2,17,Minor,Lap and Shoulder Belt,,,,,,,,,,passenger,,Scarborough Southwest (20),43 Division,Eglinton East,TRUE,FALSE,FALSE,FALSE,FALSE,FALSE,FALSE,FALSE,TRUE,FALSE,"{""coordinates"": [[-79.23839049624837, 43.738843980422494]], ""type"": ""MultiPoint""}"
299,2006:909606,2006-06-01T12:03:00,MCCOWAN RD,EGLINTON AVE E,,5,Non-Fatal Injury,At Intersection,Traffic Signal,Turning Movement,Clear,Daylight,Dry,Major Arterial,FALSE,-79.2383905,43.73884398,2,Automobile or Station Wagon,North,5,27,None,Use Unknown,Failed to yield right-of-way,Ability Impaired - Alcohol,,,Turning Left,,,,,driver,,Scarborough Southwest (20),43 Division,Eglinton East,TRUE,FALSE,FALSE,FALSE,FALSE,FALSE,FALSE,FALSE,TRUE,FALSE,"{""coordinates"": [[-79.23839049624837, 43.738843980422494]], ""type"": ""MultiPoint""}"
300,2006:909606,2006-06-01T12:03:00,MCCOWAN RD,EGLINTON AVE E,,5,Non-Fatal Injury,At Intersection,Traffic Signal,Turning Movement,Clear,Daylight,Dry,Major Arterial,FALSE,-79.2383905,43.73884398,1,,,3,19,Major,Lap and Shoulder Belt,,,,,,,,,,passenger,,Scarborough Southwest (20),43 Division,Eglinton East,TRUE,FALSE,FALSE,FALSE,FALSE,FALSE,FALSE,FALSE,TRUE,FALSE,"{""coordinates"": [[-79.23839049624837, 43.738843980422494]], ""type"": ""MultiPoint""}"
301,2006:909606,2006-06-01T12:03:00,MCCOWAN RD,EGLINTON AVE E,,5,Non-Fatal Injury,At Intersection,Traffic Signal,Turning Movement,Clear,Daylight,Dry,Major Arterial,FALSE,-79.2383905,43.73884398,1,Automobile or Station Wagon,South,4,21,Major,Lap and Shoulder Belt,Driving properly,Normal,,,Going Ahead,,,,,driver,,Scarborough Southwest (20),43 Division,Eglinton East,TRUE,FALSE,FALSE,FALSE,FALSE,FALSE,FALSE,FALSE,TRUE,FALSE,"{""coordinates"": [[-79.23839049624837, 43.738843980422494]], ""type"": ""MultiPoint""}"
302,2006:909606,2006-06-01T12:03:00,MCCOWAN RD,EGLINTON AVE E,,5,Non-Fatal Injury,At Intersection,Traffic Signal,Turning Movement,Clear,Daylight,Dry,Major Arterial,FALSE,-79.2383905,43.73884398,1,,,1,17,Minor,Lap and Shoulder Belt,,,,,,,,,,passenger,,Scarborough Southwest (20),43 Division,Eglinton East,TRUE,FALSE,FALSE,FALSE,FALSE,FALSE,FALSE,FALSE,TRUE,FALSE,"{""coordinates"": [[-79.23839049624837, 43.738843980422494]], ""type"": ""MultiPoint""}"
303,2006:910258,2006-06-08T23:40:00,KING ST E,ST LAWRENCE ST,,1,Non-Fatal Injury,,No Control,SMV Other,Rain,Dark,Wet,Major Arterial,FALSE,-79.35749082,43.65614414,1,Motorcycle,East,1,53,Major,Helmet,Driving properly,Normal,,,Changing Lanes,,,,,motorcyclist,,Toronto Centre (13),51 Division,Moss Park,FALSE,FALSE,FALSE,TRUE,FALSE,FALSE,FALSE,FALSE,FALSE,FALSE,"{""coordinates"": [[-79.35749081807319, 43.65614414318532]], ""type"": ""MultiPoint""}"
304,2006:906526,2006-06-04T16:55:00,BRIMLEY RD,CHARTLAND BLVD S,,1,Non-Fatal Injury,At Intersection,No Control,SMV Other,Clear,Daylight,Dry,Major Arterial,FALSE,-79.2766905,43.80474403,1,Automobile or Station Wagon,South,1,48,Major,Other Safety Equipment Used,Lost control,Medical or Physical Disability,,,Slowing or Stopping,,,,,driver,,Scarborough North (23),42 Division,Agincourt North,FALSE,FALSE,FALSE,FALSE,FALSE,FALSE,FALSE,FALSE,FALSE,FALSE,"{""coordinates"": [[-79.27669049831768, 43.804744033297574]], ""type"": ""MultiPoint""}"
305,2006:906553,2006-06-05T01:10:00,WILLIAM R ALLEN RD N,RIDELLE AVE,,8,Non-Fatal Injury,,No Control,SMV Other,Clear,Dark,Dry,,FALSE,-79.43839089,43.70554424,1,,,3,23,Minor,Lap and Shoulder Belt,,,,,,,,,,passenger,,Eglinton-Lawrence (8),13 Division,Forest Hill North,FALSE,FALSE,FALSE,FALSE,FALSE,FALSE,FALSE,FALSE,FALSE,FALSE,"{""coordinates"": [[-79.43839089222101, 43.705544244663386]], ""type"": ""MultiPoint""}"
306,2006:906553,2006-06-05T01:10:00,WILLIAM R ALLEN RD N,RIDELLE AVE,,8,Non-Fatal Injury,,No Control,SMV Other,Clear,Dark,Dry,,FALSE,-79.43839089,43.70554424,1,,,1,22,Minor,Equipment Not Used But Available,,,,,,,,,,passenger,,Eglinton-Lawrence (8),13 Division,Forest Hill North,FALSE,FALSE,FALSE,FALSE,FALSE,FALSE,FALSE,FALSE,FALSE,FALSE,"{""coordinates"": [[-79.43839089222101, 43.705544244663386]], ""type"": ""MultiPoint""}"