_id,collision_id,accdate,stname1,stname2,stname3,per_inv,acclass,accloc,traffictl,impactype,visible,light,rdsfcond,road_class,failtorem,longitude,latitude,veh_no,vehtype,initdir,per_no,invage,injury,safequip,drivact,drivcond,pedact,pedcond,manoeuvre,pedtype,cyclistype,cycact,cyccond,road_user,fatal_no,wardname,division,neighbourhood,aggressive,distracted,cyclist,motorcyclist,other_micromobility,older_adult,pedestrian,red_light,school_child,heavy_truck,geometry
468,2006:920995,2006-08-05T03:30:00,333 KING ST W,,,6,Non-Fatal Injury,,No Control,SMV Unattended Vehicle,Clear,Dark,Dry,Major Arterial,FALSE,-79.3914909,43.6462442,2,,,3,2,Major,Lap and Shoulder Belt,,,,,,,,,,passenger,,Spadina-Fort York (10),52 Division,Wellington Place,FALSE,TRUE,FALSE,FALSE,FALSE,TRUE,FALSE,FALSE,FALSE,FALSE,"{""coordinates"": [[-79.39149089934817, 43.64624419548975]], ""type"": ""MultiPoint""}"
469,2006:917572,2006-08-06T21:50:00,DANFORTH AVE,LUTTRELL AVE,,3,Non-Fatal Injury,,No Control,Rear End,Clear,Dark,Dry,Major Arterial,TRUE,-79.29309065,43.69014405,2,,West,2,45,Major,Other Safety Equipment Used,Driving properly,Normal,,,Going Ahead,,,,,driver,,Beaches-East York (19),55 Division,Taylor-Massey,TRUE,FALSE,FALSE,FALSE,FALSE,FALSE,FALSE,FALSE,FALSE,FALSE,"{""coordinates"": [[-79.29309064952233, 43.69014404821477]], ""type"": ""MultiPoint""}"
470,2006:917572,2006-08-06T21:50:00,DANFORTH AVE,LUTTRELL AVE,,3,Non-Fatal Injury,,No Control,Rear End,Clear,Dark,Dry,Major Arterial,TRUE,-79.29309065,43.69014405,2,Automobile or Station Wagon,West,3,,None,Other Safety Equipment Used,Exceeding speed limit,Unknown,,,Going Ahead,,,,,driver,,Beaches-East York (19),55 Division,Taylor-Massey,TRUE,FALSE,FALSE,FALSE,FALSE,FALSE,FALSE,FALSE,FALSE,FALSE,"{""coordinates"": [[-79.29309064952233, 43.69014404821477]], ""type"": ""MultiPoint""}"
471,2006:917572,2006-08-06T21:50:00,DANFORTH AVE,LUTTRELL AVE,,3,Non-Fatal Injury,,No Control,Rear End,Clear,Dark,Dry,Major Arterial,TRUE,-79.29309065,43.69014405,1,,,1,,None,Other Safety Equipment Used,,,,,,,,,,owner,,Beaches-East York (19),55 Division,Taylor-Massey,TRUE,FALSE,FALSE,FALSE,FALSE,FALSE,FALSE,FALSE,FALSE,FALSE,"{""coordinates"": [[-79.29309064952233, 43.69014404821477]], ""type"": ""MultiPoint""}"
472,2006:926819,2006-08-08T17:09:00,GATEWAY BLVD,DON MILLS RD,,3,Non-Fatal Injury,,No Control,Rear End,Clear,Daylight,Dry,Collector,FALSE,-79.33529069,43.7146441,2,Automobile or Station Wagon,East,2,37,Major,Lap and Shoulder Belt,Driving properly,Normal,,,Turning Left,,,,,driver,,Don Valley East (16),55 Division,Flemingdon Park,TRUE,FALSE,FALSE,FALSE,FALSE,FALSE,FALSE,FALSE,FALSE,FALSE,"{""coordinates"": [[-79.33529069326411, 43.71464410412942]], ""type"": ""MultiPoint""}"
473,2006:926819,2006-08-08T17:09:00,GATEWAY BLVD,DON MILLS RD,,3,Non-Fatal Injury,,No Control,Rear End,Clear,Daylight,Dry,Collector,FALSE,-79.33529069,43.7146441,1,Automobile or Station Wagon,East,3,46,Major,Lap and Shoulder Belt,Following too closely,Normal,,,Going Ahead,,,,,driver,,Don Valley East (16),55 Division,Flemingdon Park,TRUE,FALSE,FALSE,FALSE,FALSE,FALSE,FALSE,FALSE,FALSE,FALSE,"{""coordinates"": [[-79.33529069326411, 43.71464410412942]], ""type"": ""MultiPoint""}"
474,2006:926819,2006-08-08T17:09:00,GATEWAY BLVD,DON MILLS RD,,3,Non-Fatal Injury,,No Control,Rear End,Clear,Daylight,Dry,Collector,FALSE,-79.33529069,43.7146441,2,,,1,46,Major,Other Safety Equipment Used,,,,,,,,,,passenger,,Don Valley East (16),55 Division,Flemingdon Park,TRUE,FALSE,FALSE,FALSE,FALSE,FALSE,FALSE,FALSE,FALSE,FALSE,"{""coordinates"": [[-79.33529069326411, 43.71464410412942]], ""type"": ""MultiPoint""}"
475,2006:921192,2006-08-09T18:25:00,ORIOLE PKWY,TRANMER AVE,,2,Non-Fatal Injury,At Intersection,Stop Sign,Angle,Clear,Daylight,Dry,Minor Arterial,FALSE,-79.40409084,43.6999442,1,,,1,,None,Other Safety Equipment Used,,,,,,,,,,owner,,Toronto-St. Paul's (12),53 Division,Yonge-Eglinton,TRUE,FALSE,FALSE,FALSE,FALSE,FALSE,FALSE,FALSE,FALSE,FALSE,"{""coordinates"": [[-79.40409083912517, 43.69994419975827]], ""type"": ""MultiPoint""}"
476,2006:921192,2006-08-09T18:25:00,ORIOLE PKWY,TRANMER AVE,,2,Non-Fatal Injury,At Intersection,Stop Sign,Angle,Clear,Daylight,Dry,Minor Arterial,FALSE,-79.40409084,43.6999442,1,Automobile or Station Wagon,West,2,37,None,Lap and Shoulder Belt,Failed to yield right-of-way,Normal,,,Going Ahead,,,,,driver,,Toronto-St. Paul's (12),53 Division,Yonge-Eglinton,TRUE,FALSE,FALSE,FALSE,FALSE,FALSE,FALSE,FALSE,FALSE,FALSE,"{""coordinates"": [[-79.40409083912517, 43.69994419975827]], ""type"": ""MultiPoint""}"
477,2006:921192,2006-08-09T18:25:00,ORIOLE PKWY,TRANMER AVE,,2,Non-Fatal Injury,At Intersection,Stop Sign,Angle,Clear,Daylight,Dry,Minor Arterial,FALSE,-79.40409084,43.6999442,2,Automobile or Station Wagon,South,3,41,Major,Lap and Shoulder Belt,Driving properly,Normal,,,Going Ahead,,,,,driver,,Toronto-St. Paul's (12),53 Division,Yonge-Eglinton,TRUE,FALSE,FALSE,FALSE,FALSE,FALSE,FALSE,FALSE,FALSE,FALSE,"{""coordinates"": [[-79.40409083912517, 43.69994419975827]], ""type"": ""MultiPoint""}"
478,2006:917941,2006-08-11T22:30:00,ROGERS RD,MCROBERTS AVE,,5,Non-Fatal Injury,At Intersection,No Control,SMV Other,Clear,Dark,Dry,Minor Arterial,FALSE,-79.45599096,43.68324428,1,,,2,10,Major,Other Safety Equipment Used,,,,,,,,,,passenger,,Davenport (9),13 Division,Caledonia-Fairbank,FALSE,FALSE,FALSE,FALSE,FALSE,FALSE,FALSE,FALSE,TRUE,FALSE,"{""coordinates"": [[-79.4559909624271, 43.683244277202114]], ""type"": ""MultiPoint""}"
479,2006:917941,2006-08-11T22:30:00,ROGERS RD,MCROBERTS AVE,,5,Non-Fatal Injury,At Intersection,No Control,SMV Other,Clear,Dark,Dry,Minor Arterial,FALSE,-79.45599096,43.68324428,1,Automobile or Station Wagon,West,4,31,Major,Lap and Shoulder Belt,Lost control,Unknown,,,Going Ahead,,,,,driver,,Davenport (9),13 Division,Caledonia-Fairbank,FALSE,FALSE,FALSE,FALSE,FALSE,FALSE,FALSE,FALSE,TRUE,FALSE,"{""coordinates"": [[-79.4559909624271, 43.683244277202114]], ""type"": ""MultiPoint""}"
480,2006:917941,2006-08-11T22:30:00,ROGERS RD,MCROBERTS AVE,,5,Non-Fatal Injury,At Intersection,No Control,SMV Other,Clear,Dark,Dry,Minor Arterial,FALSE,-79.45599096,43.68324428,1,,,3,,None,Other Safety Equipment Used,,,,,,,,,,owner,,Davenport (9),13 Division,Caledonia-Fairbank,FALSE,FALSE,FALSE,FALSE,FALSE,FALSE,FALSE,FALSE,TRUE,FALSE,"{""coordinates"": [[-79.4559909624271, 43.683244277202114]], ""type"": ""MultiPoint""}"
481,2006:917941,2006-08-11T22:30:00,ROGERS RD,MCROBERTS AVE,,5,Non-Fatal Injury,At Intersection,No Control,SMV Other,Clear,Dark,Dry,Minor Arterial,FALSE,-79.45599096,43.68324428,1,,,1,7,Major,Other Safety Equipment Used,,,,,,,,,,passenger,,Davenport (9),13 Division,Caledonia-Fairbank,FALSE,FALSE,FALSE,FALSE,FALSE,FALSE,FALSE,FALSE,TRUE,FALSE,"{""coordinates"": [[-79.4559909624271, 43.683244277202114]], ""type"": ""MultiPoint""}"
482,2006:917941,2006-08-11T22:30:00,ROGERS RD,MCROBERTS AVE,,5,Non-Fatal Injury,At Intersection,No Control,SMV Other,Clear,Dark,Dry,Minor Arterial,FALSE,-79.45599096,43.68324428,2,,,5,,None,Other Safety Equipment Used,,,,,,,,,,owner,,Davenport (9),13 Division,Caledonia-Fairbank,FALSE,FALSE,FALSE,FALSE,FALSE,FALSE,FALSE,FALSE,TRUE,FALSE,"{""coordinates"": [[-79.4559909624271, 43.683244277202114]], ""type"": ""MultiPoint""}"
483,2006:918595,2006-08-15T08:29:00,1233 THE QUEENSWAY,,,2,Non-Fatal Injury,,No Control,Approaching Head On,Clear,Daylight,Dry,Major Arterial,FALSE,-79.55059124,43.61544444,2,,,3,,None,Other Safety Equipment Used,,,,,,,,,,owner,,Etobicoke-Lakeshore (3),22 Division,Etobicoke City Centre,TRUE,FALSE,FALSE,FALSE,FALSE,FALSE,FALSE,FALSE,FALSE,TRUE,"{""coordinates"": [[-79.55059123610546, 43.615444436438914]], ""type"": ""MultiPoint""}"
484,2006:918595,2006-08-15T08:29:00,1233 THE QUEENSWAY,,,2,Non-Fatal Injury,,No Control,Approaching Head On,Clear,Daylight,Dry,Major Arterial,FALSE,-79.55059124,43.61544444,2,Truck - Open (Flatbed),East,4,24,None,Other Safety Equipment Used,Driving properly,Normal,,,Going Ahead,,,,,driver,,Etobicoke-Lakeshore (3),22 Division,Etobicoke City Centre,TRUE,FALSE,FALSE,FALSE,FALSE,FALSE,FALSE,FALSE,FALSE,TRUE,"{""coordinates"": [[-79.55059123610546, 43.615444436438914]], ""type"": ""MultiPoint""}"
485,2006:918595,2006-08-15T08:29:00,1233 THE QUEENSWAY,,,2,Non-Fatal Injury,,No Control,Approaching Head On,Clear,Daylight,Dry,Major Arterial,FALSE,-79.55059124,43.61544444,4,Automobile or Station Wagon,West,6,63,Major,Lap and Shoulder Belt,Driving properly,Normal,,,Stopped,,,,,driver,,Etobicoke-Lakeshore (3),22 Division,Etobicoke City Centre,TRUE,FALSE,FALSE,FALSE,FALSE,FALSE,FALSE,FALSE,FALSE,TRUE,"{""coordinates"": [[-79.55059123610546, 43.615444436438914]], ""type"": ""MultiPoint""}"
486,2006:918595,2006-08-15T08:29:00,1233 THE QUEENSWAY,,,2,Non-Fatal Injury,,No Control,Approaching Head On,Clear,Daylight,Dry,Major Arterial,FALSE,-79.55059124,43.61544444,1,,,1,,None,Other Safety Equipment Used,,,,,,,,,,owner,,Etobicoke-Lakeshore (3),22 Division,Etobicoke City Centre,TRUE,FALSE,FALSE,FALSE,FALSE,FALSE,FALSE,FALSE,FALSE,TRUE,"{""coordinates"": [[-79.55059123610546, 43.615444436438914]], ""type"": ""MultiPoint""}"
487,2006:918595,2006-08-15T08:29:00,1233 THE QUEENSWAY,,,2,Non-Fatal Injury,,No Control,Approaching Head On,Clear,Daylight,Dry,Major Arterial,FALSE,-79.55059124,43.61544444,3,Automobile or Station Wagon,East,5,36,Major,Use Unknown,Driving properly,Normal,,,Going Ahead,,,,,driver,,Etobicoke-Lakeshore (3),22 Division,Etobicoke City Centre,TRUE,FALSE,FALSE,FALSE,FALSE,FALSE,FALSE,FALSE,FALSE,TRUE,"{""coordinates"": [[-79.55059123610546, 43.615444436438914]], ""type"": ""MultiPoint""}"
488,2006:918595,2006-08-15T08:29:00,1233 THE QUEENSWAY,,,2,Non-Fatal Injury,,No Control,Approaching Head On,Clear,Daylight,Dry,Major Arterial,FALSE,-79.55059124,43.61544444,1,Automobile or Station Wagon,West,2,43,None,Use Unknown,Improper passing,Normal,,,Going Ahead,,,,,driver,,Etobicoke-Lakeshore (3),22 Division,Etobicoke City Centre,TRUE,FALSE,FALSE,FALSE,FALSE,FALSE,FALSE,FALSE,FALSE,TRUE,"{""coordinates"": [[-79.55059123610546, 43.615444436438914]], ""type"": ""MultiPoint""}"
489,2006:922700,2006-08-15T14:05:00,MARKHAM RD,STEELES AVE E,,3,Non-Fatal Injury,,Traffic Signal,Turning Movement,Clear,Daylight,Dry,Major Arterial,FALSE,-79.25119043,43.83654401,2,Automobile or Station Wagon,South,3,46,Minimal,Lap and Shoulder Belt,Driving properly,Normal,,,Going Ahead,,,,,driver,,Scarborough North (23),42 Division,Milliken,FALSE,FALSE,FALSE,FALSE,FALSE,FALSE,FALSE,FALSE,FALSE,FALSE,"{""coordinates"": [[-79.25119043229087, 43.836544008774176]], ""type"": ""MultiPoint""}"
490,2006:922700,2006-08-15T14:05:00,MARKHAM RD,STEELES AVE E,,3,Non-Fatal Injury,,Traffic Signal,Turning Movement,Clear,Daylight,Dry,Major Arterial,FALSE,-79.25119043,43.83654401,1,,,1,,None,Other Safety Equipment Used,,,,,,,,,,owner,,Scarborough North (23),42 Division,Milliken,FALSE,FALSE,FALSE,FALSE,FALSE,FALSE,FALSE,FALSE,FALSE,FALSE,"{""coordinates"": [[-79.25119043229087, 43.836544008774176]], ""type"": ""MultiPoint""}"
491,2006:922700,2006-08-15T14:05:00,MARKHAM RD,STEELES AVE E,,3,Non-Fatal Injury,,Traffic Signal,Turning Movement,Clear,Daylight,Dry,Major Arterial,FALSE,-79.25119043,43.83654401,1,Automobile or Station Wagon,North,2,22,Major,Lap and Shoulder Belt,Improper turn,Normal,,,Turning Left,,,,,driver,,Scarborough North (23),42 Division,Milliken,FALSE,FALSE,FALSE,FALSE,FALSE,FALSE,FALSE,FALSE,FALSE,FALSE,"{""coordinates"": [[-79.25119043229087, 43.836544008774176]], ""type"": ""MultiPoint""}"
492,2006:918634,2006-08-15T15:19:00,MCCOWAN RD,SANDHURST CRCL,,3,Non-Fatal Injury,At Intersection,Traffic Signal,Turning Movement,Clear,Daylight,Dry,Major Arterial,FALSE,-79.26919048,43.81164403,2,Automobile or Station Wagon,East,2,44,None,Other Safety Equipment Used,Driving properly,Normal,,,Stopped,,,,,driver,,Scarborough North (23),42 Division,Agincourt North,FALSE,FALSE,FALSE,FALSE,FALSE,TRUE,FALSE,FALSE,FALSE,FALSE,"{""coordinates"": [[-79.2691904806427, 43.81164402549021]], ""type"": ""MultiPoint""}"
493,2006:918634,2006-08-15T15:19:00,MCCOWAN RD,SANDHURST CRCL,,3,Non-Fatal Injury,At Intersection,Traffic Signal,Turning Movement,Clear,Daylight,Dry,Major Arterial,FALSE,-79.26919048,43.81164403,1,Automobile or Station Wagon,South,1,28,Major,Other Safety Equipment Used,Driving properly,Normal,,,Going Ahead,,,,,driver,,Scarborough North (23),42 Division,Agincourt North,FALSE,FALSE,FALSE,FALSE,FALSE,TRUE,FALSE,FALSE,FALSE,FALSE,"{""coordinates"": [[-79.2691904806427, 43.81164402549021]], ""type"": ""MultiPoint""}"
494,2006:918634,2006-08-15T15:19:00,MCCOWAN RD,SANDHURST CRCL,,3,Non-Fatal Injury,At Intersection,Traffic Signal,Turning Movement,Clear,Daylight,Dry,Major Arterial,FALSE,-79.26919048,43.81164403,3,Automobile or Station Wagon,North,3,65,None,Other Safety Equipment Used,Improper turn,Normal,,,Turning Left,,,,,driver,,Scarborough North (23),42 Division,Agincourt North,FALSE,FALSE,FALSE,FALSE,FALSE,TRUE,FALSE,FALSE,FALSE,FALSE,"{""coordinates"": [[-79.2691904806427, 43.81164402549021]], ""type"": ""MultiPoint""}"
495,2006:923248,2006-08-17T17:25:00,STEELES E AVE E,TAPSCOTT RD,,2,Non-Fatal Injury,,No Control,Rear End,Clear,Daylight,Dry,Major Arterial,FALSE,-79.23489041,43.84044399,2,Automobile or Station Wagon,East,2,,None,Other Safety Equipment Used,Other,Unknown,,,Going Ahead,,,,,driver,,,,,FALSE,FALSE,FALSE,FALSE,FALSE,FALSE,FALSE,FALSE,FALSE,FALSE,"{""coordinates"": [[-79.23489040852165, 43.84044399435368]], ""type"": ""MultiPoint""}"
496,2006:923248,2006-08-17T17:25:00,STEELES E AVE E,TAPSCOTT RD,,2,Non-Fatal Injury,,No Control,Rear End,Clear,Daylight,Dry,Major Arterial,FALSE,-79.23489041,43.84044399,1,Automobile or Station Wagon,East,1,51,Major,Lap and Shoulder Belt,Driving properly,Normal,,,Going Ahead,,,,,driver,,,,,FALSE,FALSE,FALSE,FALSE,FALSE,FALSE,FALSE,FALSE,FALSE,FALSE,"{""coordinates"": [[-79.23489040852165, 43.84044399435368]], ""type"": ""MultiPoint""}"
508,2006:925504,2006-08-18T16:40:00,DUPONT ST,MANNING AVE,,2,Non-Fatal Injury,At Intersection,No Control,Turning Movement,Clear,Daylight,Dry,Major Arterial,FALSE,-79.41909091,43.67214423,2,Automobile or Station Wagon,West,2,71,None,Lap and Shoulder Belt,Failed to yield right-of-way,Normal,,,Turning Left,,,,,driver,,University-Rosedale (11),14 Division,Annex,TRUE,FALSE,FALSE,TRUE,FALSE,TRUE,FALSE,FALSE,FALSE,FALSE,"{""coordinates"": [[-79.41909091157218, 43.67214422873982]], ""type"": ""MultiPoint""}"
509,2006:925504,2006-08-18T16:40:00,DUPONT ST,MANNING AVE,,2,Non-Fatal Injury,At Intersection,No Control,Turning Movement,Clear,Daylight,Dry,Major Arterial,FALSE,-79.41909091,43.67214423,1,Motorcycle,East,1,38,Major,Helmet,Driving properly,Normal,,,Going Ahead,,,,,motorcyclist,,University-Rosedale (11),14 Division,Annex,TRUE,FALSE,FALSE,TRUE,FALSE,TRUE,FALSE,FALSE,FALSE,FALSE,"{""coordinates"": [[-79.41909091157218, 43.67214422873982]], ""type"": ""MultiPoint""}"
515,2006:947697,2006-08-20T02:09:00,DUFFERIN ST,GERRY FITZGERALD DR W,,5,Non-Fatal Injury,At Intersection,No Control,SMV Other,Clear,Dark,Dry,Major Arterial,FALSE,-79.47009083,43.78384426,1,,,2,20,Major,Other Safety Equipment Used,,,,,,,,,,passenger,,York Centre (6),32 Division,Bathurst Manor,TRUE,FALSE,FALSE,FALSE,FALSE,FALSE,FALSE,FALSE,FALSE,FALSE,"{""coordinates"": [[-79.47009083015803, 43.7838442617239]], ""type"": ""MultiPoint""}"
516,2006:947697,2006-08-20T02:09:00,DUFFERIN ST,GERRY FITZGERALD DR W,,5,Non-Fatal Injury,At Intersection,No Control,SMV Other,Clear,Dark,Dry,Major Arterial,FALSE,-79.47009083,43.78384426,2,,,4,,None,Other Safety Equipment Used,,,,,,,,,,owner,,York Centre (6),32 Division,Bathurst Manor,TRUE,FALSE,FALSE,FALSE,FALSE,FALSE,FALSE,FALSE,FALSE,FALSE,"{""coordinates"": [[-79.47009083015803, 43.7838442617239]], ""type"": ""MultiPoint""}"
517,2006:947697,2006-08-20T02:09:00,DUFFERIN ST,GERRY FITZGERALD DR W,,5,Non-Fatal Injury,At Intersection,No Control,SMV Other,Clear,Dark,Dry,Major Arterial,FALSE,-79.47009083,43.78384426,1,,,1,,None,Other Safety Equipment Used,,,,,,,,,,owner,,York Centre (6),32 Division,Bathurst Manor,TRUE,FALSE,FALSE,FALSE,FALSE,FALSE,FALSE,FALSE,FALSE,FALSE,"{""coordinates"": [[-79.47009083015803, 43.7838442617239]], ""type"": ""MultiPoint""}"
518,2006:947697,2006-08-20T02:09:00,DUFFERIN ST,GERRY FITZGERALD DR W,,5,Non-Fatal Injury,At Intersection,No Control,SMV Other,Clear,Dark,Dry,Major Arterial,FALSE,-79.47009083,43.78384426,1,Automobile or Station Wagon,North,3,26,Major,Lap and Shoulder Belt,Exceeding speed limit,Unknown,,,Going Ahead,,,,,driver,,York Centre (6),32 Division,Bathurst Manor,TRUE,FALSE,FALSE,FALSE,FALSE,FALSE,FALSE,FALSE,FALSE,FALSE,"{""coordinates"": [[-79.47009083015803, 43.7838442617239]], ""type"": ""MultiPoint""}"
519,2006:947697,2006-08-20T02:09:00,DUFFERIN ST,GERRY FITZGERALD DR W,,5,Non-Fatal Injury,At Intersection,No Control,SMV Other,Clear,Dark,Dry,Major Arterial,FALSE,-79.47009083,43.78384426,2,,,5,,None,Other Safety Equipment Used,,,,,,,,,,owner,,York Centre (6),32 Division,Bathurst Manor,TRUE,FALSE,FALSE,FALSE,FALSE,FALSE,FALSE,FALSE,FALSE,FALSE,"{""coordinates"": [[-79.47009083015803, 43.7838442617239]], ""type"": ""MultiPoint""}"
520,2006:923419,2006-08-20T15:13:00,QUEEN ST W,COWAN AVE,,2,Non-Fatal Injury,At Intersection,Stop Sign,Turning Movement,Clear,Daylight,Dry,Major Arterial,FALSE,-79.43309099,43.64124426,1,Motorcycle,West,1,56,Major,Helmet,Driving properly,Normal,,,Going Ahead,,,,,motorcyclist,,Parkdale-High Park (4),14 Division,South Parkdale,FALSE,FALSE,FALSE,TRUE,FALSE,FALSE,FALSE,FALSE,FALSE,FALSE,"{""coordinates"": [[-79.43309098944297, 43.641244259211554]], ""type"": ""MultiPoint""}"
521,2006:923419,2006-08-20T15:13:00,QUEEN ST W,COWAN AVE,,2,Non-Fatal Injury,At Intersection,Stop Sign,Turning Movement,Clear,Daylight,Dry,Major Arterial,FALSE,-79.43309099,43.64124426,2,Automobile or Station Wagon,East,2,35,None,Lap and Shoulder Belt,Improper turn,Normal,,,Making U-Turn,,,,,driver,,Parkdale-High Park (4),14 Division,South Parkdale,FALSE,FALSE,FALSE,TRUE,FALSE,FALSE,FALSE,FALSE,FALSE,FALSE,"{""coordinates"": [[-79.43309098944297, 43.641244259211554]], ""type"": ""MultiPoint""}"
522,2006:923585,2006-08-22T11:04:00,55 SUNNYPOINT CRES,,,2,Non-Fatal Injury,,No Control,SMV Other,Clear,Daylight,Dry,Local,FALSE,-79.23159051,43.71454397,1,Automobile or Station Wagon,North,1,38,Major,Other Safety Equipment Used,Lost control,Medical or Physical Disability,,,Going Ahead,,,,,driver,,Scarborough Southwest (20),43 Division,Cliffcrest,FALSE,FALSE,FALSE,FALSE,FALSE,FALSE,FALSE,FALSE,FALSE,FALSE,"{""coordinates"": [[-79.23159051338865, 43.71454397009255]], ""type"": ""MultiPoint""}"
523,2006:923585,2006-08-22T11:04:00,55 SUNNYPOINT CRES,,,2,Non-Fatal Injury,,No Control,SMV Other,Clear,Daylight,Dry,Local,FALSE,-79.23159051,43.71454397,2,,,2,,None,Other Safety Equipment Used,,,,,,,,,,owner,,Scarborough Southwest (20),43 Division,Cliffcrest,FALSE,FALSE,FALSE,FALSE,FALSE,FALSE,FALSE,FALSE,FALSE,FALSE,"{""coordinates"": [[-79.23159051338865, 43.71454397009255]], ""type"": ""MultiPoint""}"
524,2006:919681,2006-08-22T20:04:00,DUFFERIN ST,LIVINGSTONE AVE,,2,Non-Fatal Injury,At Intersection,Stop Sign,Turning Movement,Clear,Daylight,Dry,Major Arterial,FALSE,-79.45079093,43.69644426,2,Automobile or Station Wagon,South,2,50,None,Lap and Shoulder Belt,Improper turn,Normal,,,Turning Left,,,,,driver,,Eglinton-Lawrence (8),13 Division,Briar Hill-Belgravia,FALSE,FALSE,FALSE,TRUE,FALSE,FALSE,FALSE,FALSE,FALSE,FALSE,"{""coordinates"": [[-79.45079093016835, 43.69644426489314]], ""type"": ""MultiPoint""}"
525,2006:919681,2006-08-22T20:04:00,DUFFERIN ST,LIVINGSTONE AVE,,2,Non-Fatal Injury,At Intersection,Stop Sign,Turning Movement,Clear,Daylight,Dry,Major Arterial,FALSE,-79.45079093,43.69644426,1,Motorcycle,North,1,25,Major,Helmet,Driving properly,Normal,,,Going Ahead,,,,,motorcyclist,,Eglinton-Lawrence (8),13 Division,Briar Hill-Belgravia,FALSE,FALSE,FALSE,TRUE,FALSE,FALSE,FALSE,FALSE,FALSE,FALSE,"{""coordinates"": [[-79.45079093016835, 43.69644426489314]], ""type"": ""MultiPoint""}"
526,2006:920271,2006-08-23T09:54:00,F G GARDINER XY W W,GARDINER LAKESHORE W RAMP,,4,Non-Fatal Injury,,No Control,SMV Other,Clear,Daylight,Dry,,FALSE,-79.42779099,43.63324425,2,,,3,,None,Other Safety Equipment Used,,,,,,,,,,owner,,Parkdale-High Park (4),14 Division,Fort York-Liberty Village,TRUE,FALSE,FALSE,FALSE,FALSE,FALSE,FALSE,FALSE,FALSE,FALSE,"{""coordinates"": [[-79.4277909921242, 43.63324425385063]], ""type"": ""MultiPoint""}"
527,2006:920271,2006-08-23T09:54:00,F G GARDINER XY W W,GARDINER LAKESHORE W RAMP,,4,Non-Fatal Injury,,No Control,SMV Other,Clear,Daylight,Dry,,FALSE,-79.42779099,43.63324425,2,,,2,41,Major,Lap Belt Only of Combined Assembly,,,,,,,,,,passenger,,Parkdale-High Park (4),14 Division,Fort York-Liberty Village,TRUE,FALSE,FALSE,FALSE,FALSE,FALSE,FALSE,FALSE,FALSE,FALSE,"{""coordinates"": [[-79.4277909921242, 43.63324425385063]], ""type"": ""MultiPoint""}"
528,2006:920271,2006-08-23T09:54:00,F G GARDINER XY W W,GARDINER LAKESHORE W RAMP,,4,Non-Fatal Injury,,No Control,SMV Other,Clear,Daylight,Dry,,FALSE,-79.42779099,43.63324425,2,Automobile or Station Wagon,West,4,53,Minimal,Lap Belt Only of Combined Assembly,Driving properly,Normal,,,Going Ahead,,,,,driver,,Parkdale-High Park (4),14 Division,Fort York-Liberty Village,TRUE,FALSE,FALSE,FALSE,FALSE,FALSE,FALSE,FALSE,FALSE,FALSE,"{""coordinates"": [[-79.4277909921242, 43.63324425385063]], ""type"": ""MultiPoint""}"
529,2006:920271,2006-08-23T09:54:00,F G GARDINER XY W W,GARDINER LAKESHORE W RAMP,,4,Non-Fatal Injury,,No Control,SMV Other,Clear,Daylight,Dry,,FALSE,-79.42779099,43.63324425,1,Automobile or Station Wagon,West,1,,None,Other Safety Equipment Used,Failed to yield right-of-way,Unknown,,,Changing Lanes,,,,,driver,,Parkdale-High Park (4),14 Division,Fort York-Liberty Village,TRUE,FALSE,FALSE,FALSE,FALSE,FALSE,FALSE,FALSE,FALSE,FALSE,"{""coordinates"": [[-79.4277909921242, 43.63324425385063]], ""type"": ""MultiPoint""}"
530,2006:923655,2006-08-24T21:26:00,ATTWELL DR,READING CRT,,3,Non-Fatal Injury,At Intersection,No Control,Approaching Head On,Clear,Daylight,Dry,Collector,FALSE,-79.58729114,43.69074444,1,Automobile or Station Wagon,South,1,17,Major,Lap and Shoulder Belt,Driving properly,Normal,,,Going Ahead,,,,,driver,,Etobicoke North (1),23 Division,West Humber-Clairville,TRUE,FALSE,FALSE,FALSE,FALSE,FALSE,FALSE,FALSE,TRUE,FALSE,"{""coordinates"": [[-79.58729114261988, 43.69074443793941]], ""type"": ""MultiPoint""}"
531,2006:923655,2006-08-24T21:26:00,ATTWELL DR,READING CRT,,3,Non-Fatal Injury,At Intersection,No Control,Approaching Head On,Clear,Daylight,Dry,Collector,FALSE,-79.58729114,43.69074444,2,,,2,,None,Other Safety Equipment Used,,,,,,,,,,owner,,Etobicoke North (1),23 Division,West Humber-Clairville,TRUE,FALSE,FALSE,FALSE,FALSE,FALSE,FALSE,FALSE,TRUE,FALSE,"{""coordinates"": [[-79.58729114261988, 43.69074443793941]], ""type"": ""MultiPoint""}"
532,2006:923655,2006-08-24T21:26:00,ATTWELL DR,READING CRT,,3,Non-Fatal Injury,At Intersection,No Control,Approaching Head On,Clear,Daylight,Dry,Collector,FALSE,-79.58729114,43.69074444,2,Automobile or Station Wagon,North,3,45,None,Lap and Shoulder Belt,Failed to yield right-of-way,Ability Impaired - Alcohol Over .08,,,Going Ahead,,,,,driver,,Etobicoke North (1),23 Division,West Humber-Clairville,TRUE,FALSE,FALSE,FALSE,FALSE,FALSE,FALSE,FALSE,TRUE,FALSE,"{""coordinates"": [[-79.58729114261988, 43.69074443793941]], ""type"": ""MultiPoint""}"
533,2006:925640,2006-08-25T17:00:00,2111 LAKE SHORE BLVD W,,,3,Non-Fatal Injury,Non-Intersection,No Control,Rear End,Clear,Daylight,Wet,Major Arterial,FALSE,-79.4785881,43.62854533,2,Delivery Van,East,3,59,None,Lap and Shoulder Belt,Driving properly,Normal,,,Stopped,,,,,driver,,Etobicoke-Lakeshore (3),22 Division,Humber Bay Shores,TRUE,TRUE,FALSE,TRUE,FALSE,FALSE,FALSE,FALSE,FALSE,TRUE,"{""coordinates"": [[-79.47858810215581, 43.62854533321699]], ""type"": ""MultiPoint""}"
534,2006:925640,2006-08-25T17:00:00,2111 LAKE SHORE BLVD W,,,3,Non-Fatal Injury,Non-Intersection,No Control,Rear End,Clear,Daylight,Wet,Major Arterial,FALSE,-79.4785881,43.62854533,2,,,2,,,Other Safety Equipment Used,,,,,,,,,,other,,Etobicoke-Lakeshore (3),22 Division,Humber Bay Shores,TRUE,TRUE,FALSE,TRUE,FALSE,FALSE,FALSE,FALSE,FALSE,TRUE,"{""coordinates"": [[-79.47858810215581, 43.62854533321699]], ""type"": ""MultiPoint""}"