_id,collision_id,accdate,stname1,stname2,stname3,per_inv,acclass,accloc,traffictl,impactype,visible,light,rdsfcond,road_class,failtorem,longitude,latitude,veh_no,vehtype,initdir,per_no,invage,injury,safequip,drivact,drivcond,pedact,pedcond,manoeuvre,pedtype,cyclistype,cycact,cyccond,road_user,fatal_no,wardname,division,neighbourhood,aggressive,distracted,cyclist,motorcyclist,other_micromobility,older_adult,pedestrian,red_light,school_child,heavy_truck,geometry
815,2007:948356,2007-01-06T11:40:00,LAWRENCE AVE E,ORTON PARK RD,,5,Non-Fatal Injury,,Traffic Signal,Turning Movement,Rain,Daylight,Wet,Major Arterial,FALSE,-79.20559043,43.76404395,3,,,5,,None,Other Safety Equipment Used,,,,,,,,,,owner,,Scarborough-Guildwood (24),43 Division,Golfdale-Cedarbrae-Woburn,FALSE,FALSE,FALSE,FALSE,FALSE,FALSE,FALSE,FALSE,FALSE,FALSE,"{""coordinates"": [[-79.20559042723289, 43.7640439511201]], ""type"": ""MultiPoint""}"
816,2007:948356,2007-01-06T11:40:00,LAWRENCE AVE E,ORTON PARK RD,,5,Non-Fatal Injury,,Traffic Signal,Turning Movement,Rain,Daylight,Wet,Major Arterial,FALSE,-79.20559043,43.76404395,1,,,1,,None,Other Safety Equipment Used,,,,,,,,,,owner,,Scarborough-Guildwood (24),43 Division,Golfdale-Cedarbrae-Woburn,FALSE,FALSE,FALSE,FALSE,FALSE,FALSE,FALSE,FALSE,FALSE,FALSE,"{""coordinates"": [[-79.20559042723289, 43.7640439511201]], ""type"": ""MultiPoint""}"
817,2007:948356,2007-01-06T11:40:00,LAWRENCE AVE E,ORTON PARK RD,,5,Non-Fatal Injury,,Traffic Signal,Turning Movement,Rain,Daylight,Wet,Major Arterial,FALSE,-79.20559043,43.76404395,2,,,3,37,Major,Lap and Shoulder Belt,,,,,,,,,,passenger,,Scarborough-Guildwood (24),43 Division,Golfdale-Cedarbrae-Woburn,FALSE,FALSE,FALSE,FALSE,FALSE,FALSE,FALSE,FALSE,FALSE,FALSE,"{""coordinates"": [[-79.20559042723289, 43.7640439511201]], ""type"": ""MultiPoint""}"
818,2007:948356,2007-01-06T11:40:00,LAWRENCE AVE E,ORTON PARK RD,,5,Non-Fatal Injury,,Traffic Signal,Turning Movement,Rain,Daylight,Wet,Major Arterial,FALSE,-79.20559043,43.76404395,2,Automobile or Station Wagon,East,4,58,Minimal,Lap and Shoulder Belt,Improper turn,Normal,,,Turning Left,,,,,driver,,Scarborough-Guildwood (24),43 Division,Golfdale-Cedarbrae-Woburn,FALSE,FALSE,FALSE,FALSE,FALSE,FALSE,FALSE,FALSE,FALSE,FALSE,"{""coordinates"": [[-79.20559042723289, 43.7640439511201]], ""type"": ""MultiPoint""}"
819,2007:946202,2007-01-07T13:36:00,FINCH AVE E,MARKHAM RD,,1,Non-Fatal Injury,Non-Intersection,No Control,SMV Other,Clear,Daylight,Dry,Major Arterial,FALSE,-79.25049145,43.811342,1,Motorcycle,East,1,20,Major,Helmet,Lost control,Normal,,,Changing Lanes,,,,,motorcyclist,,Scarborough North (23),42 Division,Agincourt North,FALSE,FALSE,FALSE,TRUE,FALSE,FALSE,FALSE,FALSE,FALSE,FALSE,"{""coordinates"": [[-79.2504914514932, 43.81134200398955]], ""type"": ""MultiPoint""}"
820,2007:951904,2007-01-12T01:42:00,F G GARDINER XY Expr E,KIPLING AVE,,1,Non-Fatal Injury,,No Control,SMV Other,Rain,Dark,Wet,,FALSE,-79.5248912,43.6179444,1,Automobile or Station Wagon,East,1,22,Major,Air Bag Deployed,Lost control,Had Been Drinking,,,Going Ahead,,,,,driver,,Etobicoke-Lakeshore (3),22 Division,Mimico-Queensway,FALSE,FALSE,FALSE,FALSE,FALSE,FALSE,FALSE,FALSE,FALSE,FALSE,"{""coordinates"": [[-79.52489119758388, 43.617944402646685]], ""type"": ""MultiPoint""}"
821,2007:947071,2007-01-14T03:36:00,DON VALLEY PARKWAY N,BAYVIEW BLOOR DVP RAMP,,4,Non-Fatal Injury,,No Control,SMV Other,Clear,Dark,Dry,,FALSE,-79.36189079,43.68324414,1,,,1,26,Major,Lap and Shoulder Belt,,,,,,,,,,passenger,,Toronto-Danforth (14),55 Division,Broadview North,FALSE,FALSE,FALSE,FALSE,FALSE,FALSE,FALSE,FALSE,FALSE,FALSE,"{""coordinates"": [[-79.36189078679321, 43.68324414497578]], ""type"": ""MultiPoint""}"
822,2007:947071,2007-01-14T03:36:00,DON VALLEY PARKWAY N,BAYVIEW BLOOR DVP RAMP,,4,Non-Fatal Injury,,No Control,SMV Other,Clear,Dark,Dry,,FALSE,-79.36189079,43.68324414,1,,,2,,None,Other Safety Equipment Used,,,,,,,,,,owner,,Toronto-Danforth (14),55 Division,Broadview North,FALSE,FALSE,FALSE,FALSE,FALSE,FALSE,FALSE,FALSE,FALSE,FALSE,"{""coordinates"": [[-79.36189078679321, 43.68324414497578]], ""type"": ""MultiPoint""}"
823,2007:947071,2007-01-14T03:36:00,DON VALLEY PARKWAY N,BAYVIEW BLOOR DVP RAMP,,4,Non-Fatal Injury,,No Control,SMV Other,Clear,Dark,Dry,,FALSE,-79.36189079,43.68324414,1,Automobile or Station Wagon,North,3,25,Major,Air Bag Deployed,Lost control,Normal,,,Going Ahead,,,,,driver,,Toronto-Danforth (14),55 Division,Broadview North,FALSE,FALSE,FALSE,FALSE,FALSE,FALSE,FALSE,FALSE,FALSE,FALSE,"{""coordinates"": [[-79.36189078679321, 43.68324414497578]], ""type"": ""MultiPoint""}"
824,2007:947071,2007-01-14T03:36:00,DON VALLEY PARKWAY N,BAYVIEW BLOOR DVP RAMP,,4,Non-Fatal Injury,,No Control,SMV Other,Clear,Dark,Dry,,FALSE,-79.36189079,43.68324414,2,,,4,,None,Other Safety Equipment Used,,,,,,,,,,owner,,Toronto-Danforth (14),55 Division,Broadview North,FALSE,FALSE,FALSE,FALSE,FALSE,FALSE,FALSE,FALSE,FALSE,FALSE,"{""coordinates"": [[-79.36189078679321, 43.68324414497578]], ""type"": ""MultiPoint""}"
825,2007:949730,2007-01-15T14:58:00,DON MILLS RD,DON MILLS N DVP S RAMP RD S,,4,Non-Fatal Injury,,No Control,Approaching Head On,Rain,Daylight,Slush,Major Arterial,FALSE,-79.33679071,43.70184411,3,Automobile or Station Wagon,North,2,60,Major,Lap and Shoulder Belt,Driving properly,Normal,,,Going Ahead,,,,,driver,,Toronto-Danforth (14),55 Division,Old East York,TRUE,TRUE,FALSE,FALSE,FALSE,FALSE,FALSE,FALSE,FALSE,FALSE,"{""coordinates"": [[-79.33679071387657, 43.70184410758639]], ""type"": ""MultiPoint""}"
826,2007:949730,2007-01-15T14:58:00,DON MILLS RD,DON MILLS N DVP S RAMP RD S,,4,Non-Fatal Injury,,No Control,Approaching Head On,Rain,Daylight,Slush,Major Arterial,FALSE,-79.33679071,43.70184411,2,Automobile or Station Wagon,North,1,35,None,Lap and Shoulder Belt,Driving properly,Normal,,,Going Ahead,,,,,driver,,Toronto-Danforth (14),55 Division,Old East York,TRUE,TRUE,FALSE,FALSE,FALSE,FALSE,FALSE,FALSE,FALSE,FALSE,"{""coordinates"": [[-79.33679071387657, 43.70184410758639]], ""type"": ""MultiPoint""}"
827,2007:949730,2007-01-15T14:58:00,DON MILLS RD,DON MILLS N DVP S RAMP RD S,,4,Non-Fatal Injury,,No Control,Approaching Head On,Rain,Daylight,Slush,Major Arterial,FALSE,-79.33679071,43.70184411,2,,,4,,,Other Safety Equipment Used,,,,,,,,,,owner,,Toronto-Danforth (14),55 Division,Old East York,TRUE,TRUE,FALSE,FALSE,FALSE,FALSE,FALSE,FALSE,FALSE,FALSE,"{""coordinates"": [[-79.33679071387657, 43.70184410758639]], ""type"": ""MultiPoint""}"
828,2007:949730,2007-01-15T14:58:00,DON MILLS RD,DON MILLS N DVP S RAMP RD S,,4,Non-Fatal Injury,,No Control,Approaching Head On,Rain,Daylight,Slush,Major Arterial,FALSE,-79.33679071,43.70184411,1,Automobile or Station Wagon,South,3,52,Minor,Air Bag Deployed,Speed too fast for conditions,Inattentive,,,Going Ahead,,,,,driver,,Toronto-Danforth (14),55 Division,Old East York,TRUE,TRUE,FALSE,FALSE,FALSE,FALSE,FALSE,FALSE,FALSE,FALSE,"{""coordinates"": [[-79.33679071387657, 43.70184410758639]], ""type"": ""MultiPoint""}"
829,2007:949724,2007-01-15T17:15:00,150 DISCO RD,,,4,Non-Fatal Injury,,No Control,Approaching Head On,Freezing Rain or Hail,Dark,Slush,Collector,FALSE,-79.60769115,43.70064446,2,Automobile or Station Wagon,West,3,47,None,Lap and Shoulder Belt,Driving properly,Normal,,,Going Ahead,,,,,driver,,Etobicoke North (1),23 Division,West Humber-Clairville,FALSE,FALSE,FALSE,FALSE,FALSE,FALSE,FALSE,FALSE,FALSE,FALSE,"{""coordinates"": [[-79.6076911500086, 43.70064445577679]], ""type"": ""MultiPoint""}"
830,2007:949724,2007-01-15T17:15:00,150 DISCO RD,,,4,Non-Fatal Injury,,No Control,Approaching Head On,Freezing Rain or Hail,Dark,Slush,Collector,FALSE,-79.60769115,43.70064446,2,,,2,,None,Other Safety Equipment Used,,,,,,,,,,owner,,Etobicoke North (1),23 Division,West Humber-Clairville,FALSE,FALSE,FALSE,FALSE,FALSE,FALSE,FALSE,FALSE,FALSE,FALSE,"{""coordinates"": [[-79.6076911500086, 43.70064445577679]], ""type"": ""MultiPoint""}"
831,2007:949724,2007-01-15T17:15:00,150 DISCO RD,,,4,Non-Fatal Injury,,No Control,Approaching Head On,Freezing Rain or Hail,Dark,Slush,Collector,FALSE,-79.60769115,43.70064446,1,Automobile or Station Wagon,East,1,36,Major,Lap and Shoulder Belt,Lost control,Normal,,,Going Ahead,,,,,driver,,Etobicoke North (1),23 Division,West Humber-Clairville,FALSE,FALSE,FALSE,FALSE,FALSE,FALSE,FALSE,FALSE,FALSE,FALSE,"{""coordinates"": [[-79.6076911500086, 43.70064445577679]], ""type"": ""MultiPoint""}"
832,2007:949724,2007-01-15T17:15:00,150 DISCO RD,,,4,Non-Fatal Injury,,No Control,Approaching Head On,Freezing Rain or Hail,Dark,Slush,Collector,FALSE,-79.60769115,43.70064446,3,,,4,,None,Other Safety Equipment Used,,,,,,,,,,owner,,Etobicoke North (1),23 Division,West Humber-Clairville,FALSE,FALSE,FALSE,FALSE,FALSE,FALSE,FALSE,FALSE,FALSE,FALSE,"{""coordinates"": [[-79.6076911500086, 43.70064445577679]], ""type"": ""MultiPoint""}"
833,2007:950308,2007-01-16T15:13:00,HUMBERWOOD BLVD,HULLRICK DR,,5,Non-Fatal Injury,,No Control,Approaching Head On,Clear,Daylight,Slush,Collector,FALSE,-79.61529112,43.72394445,2,,,4,,None,Other Safety Equipment Used,,,,,,,,,,owner,,Etobicoke North (1),23 Division,West Humber-Clairville,FALSE,FALSE,FALSE,FALSE,FALSE,FALSE,FALSE,FALSE,FALSE,FALSE,"{""coordinates"": [[-79.61529111548744, 43.72394444996231]], ""type"": ""MultiPoint""}"
834,2007:950308,2007-01-16T15:13:00,HUMBERWOOD BLVD,HULLRICK DR,,5,Non-Fatal Injury,,No Control,Approaching Head On,Clear,Daylight,Slush,Collector,FALSE,-79.61529112,43.72394445,1,,,1,,None,Other Safety Equipment Used,,,,,,,,,,owner,,Etobicoke North (1),23 Division,West Humber-Clairville,FALSE,FALSE,FALSE,FALSE,FALSE,FALSE,FALSE,FALSE,FALSE,FALSE,"{""coordinates"": [[-79.61529111548744, 43.72394444996231]], ""type"": ""MultiPoint""}"
835,2007:950308,2007-01-16T15:13:00,HUMBERWOOD BLVD,HULLRICK DR,,5,Non-Fatal Injury,,No Control,Approaching Head On,Clear,Daylight,Slush,Collector,FALSE,-79.61529112,43.72394445,1,Automobile or Station Wagon,North,3,42,None,Lap and Shoulder Belt,Driving properly,Normal,,,Slowing or Stopping,,,,,driver,,Etobicoke North (1),23 Division,West Humber-Clairville,FALSE,FALSE,FALSE,FALSE,FALSE,FALSE,FALSE,FALSE,FALSE,FALSE,"{""coordinates"": [[-79.61529111548744, 43.72394444996231]], ""type"": ""MultiPoint""}"
836,2007:950308,2007-01-16T15:13:00,HUMBERWOOD BLVD,HULLRICK DR,,5,Non-Fatal Injury,,No Control,Approaching Head On,Clear,Daylight,Slush,Collector,FALSE,-79.61529112,43.72394445,2,Automobile or Station Wagon,South,5,46,None,Lap and Shoulder Belt,Lost control,Normal,,,Going Ahead,,,,,driver,,Etobicoke North (1),23 Division,West Humber-Clairville,FALSE,FALSE,FALSE,FALSE,FALSE,FALSE,FALSE,FALSE,FALSE,FALSE,"{""coordinates"": [[-79.61529111548744, 43.72394444996231]], ""type"": ""MultiPoint""}"
837,2007:950308,2007-01-16T15:13:00,HUMBERWOOD BLVD,HULLRICK DR,,5,Non-Fatal Injury,,No Control,Approaching Head On,Clear,Daylight,Slush,Collector,FALSE,-79.61529112,43.72394445,1,,,2,43,Major,Lap and Shoulder Belt,,,,,,,,,,passenger,,Etobicoke North (1),23 Division,West Humber-Clairville,FALSE,FALSE,FALSE,FALSE,FALSE,FALSE,FALSE,FALSE,FALSE,FALSE,"{""coordinates"": [[-79.61529111548744, 43.72394444996231]], ""type"": ""MultiPoint""}"
838,2007:950302,2007-01-16T17:35:00,DIXON RD,ISLINGTON AVE,,3,Non-Fatal Injury,At Intersection,Traffic Signal,Turning Movement,Clear,Dark,Dry,Major Arterial,FALSE,-79.54669108,43.69704439,2,Automobile or Station Wagon,West,3,25,Major,Lap and Shoulder Belt,Driving properly,Normal,,,Going Ahead,,,,,driver,,Etobicoke Centre (2),23 Division,Kingsview Village-The Westway,FALSE,FALSE,FALSE,FALSE,FALSE,FALSE,FALSE,FALSE,FALSE,TRUE,"{""coordinates"": [[-79.5466910788487, 43.69704438676599]], ""type"": ""MultiPoint""}"
839,2007:950302,2007-01-16T17:35:00,DIXON RD,ISLINGTON AVE,,3,Non-Fatal Injury,At Intersection,Traffic Signal,Turning Movement,Clear,Dark,Dry,Major Arterial,FALSE,-79.54669108,43.69704439,1,Truck - Open (Flatbed),East,2,44,Minimal,Lap and Shoulder Belt,Improper turn,Normal,,,Turning Left,,,,,driver,,Etobicoke Centre (2),23 Division,Kingsview Village-The Westway,FALSE,FALSE,FALSE,FALSE,FALSE,FALSE,FALSE,FALSE,FALSE,TRUE,"{""coordinates"": [[-79.5466910788487, 43.69704438676599]], ""type"": ""MultiPoint""}"
840,2007:950302,2007-01-16T17:35:00,DIXON RD,ISLINGTON AVE,,3,Non-Fatal Injury,At Intersection,Traffic Signal,Turning Movement,Clear,Dark,Dry,Major Arterial,FALSE,-79.54669108,43.69704439,1,,,1,,None,Other Safety Equipment Used,,,,,,,,,,owner,,Etobicoke Centre (2),23 Division,Kingsview Village-The Westway,FALSE,FALSE,FALSE,FALSE,FALSE,FALSE,FALSE,FALSE,FALSE,TRUE,"{""coordinates"": [[-79.5466910788487, 43.69704438676599]], ""type"": ""MultiPoint""}"
841,2007:950837,2007-01-18T07:05:00,YORK MILLS RD,FENN AVE,,3,Non-Fatal Injury,,Traffic Signal,Angle,Clear,Daylight,Dry,Major Arterial,FALSE,-79.38899074,43.74704417,2,Automobile or Station Wagon,South,3,52,Major,Lap and Shoulder Belt,Driving properly,Normal,,,Going Ahead,,,,,driver,,Don Valley West (15),32 Division,St.Andrew-Windfields,TRUE,FALSE,FALSE,FALSE,FALSE,FALSE,FALSE,TRUE,FALSE,TRUE,"{""coordinates"": [[-79.38899073898676, 43.74704416804392]], ""type"": ""MultiPoint""}"
842,2007:950837,2007-01-18T07:05:00,YORK MILLS RD,FENN AVE,,3,Non-Fatal Injury,,Traffic Signal,Angle,Clear,Daylight,Dry,Major Arterial,FALSE,-79.38899074,43.74704417,1,Truck - Open (Flatbed),West,2,25,None,Lap and Shoulder Belt,Disobeyed traffic control,Normal,,,Going Ahead,,,,,driver,,Don Valley West (15),32 Division,St.Andrew-Windfields,TRUE,FALSE,FALSE,FALSE,FALSE,FALSE,FALSE,TRUE,FALSE,TRUE,"{""coordinates"": [[-79.38899073898676, 43.74704416804392]], ""type"": ""MultiPoint""}"
843,2007:950837,2007-01-18T07:05:00,YORK MILLS RD,FENN AVE,,3,Non-Fatal Injury,,Traffic Signal,Angle,Clear,Daylight,Dry,Major Arterial,FALSE,-79.38899074,43.74704417,1,,,1,,,Other Safety Equipment Used,,,,,,,,,,owner,,Don Valley West (15),32 Division,St.Andrew-Windfields,TRUE,FALSE,FALSE,FALSE,FALSE,FALSE,FALSE,TRUE,FALSE,TRUE,"{""coordinates"": [[-79.38899073898676, 43.74704416804392]], ""type"": ""MultiPoint""}"
844,2007:950835,2007-01-18T08:52:00,BLYTHWOOD RD,MOUNT PLEASANT RD,,3,Non-Fatal Injury,,No Control,SMV Other,Clear,Daylight,Dry,Collector,FALSE,-79.39369079,43.71794418,1,,,2,,None,Other Safety Equipment Used,,,,,,,,,,owner,,Don Valley West (15),53 Division,Mount Pleasant East,TRUE,FALSE,FALSE,FALSE,FALSE,FALSE,FALSE,FALSE,FALSE,FALSE,"{""coordinates"": [[-79.39369079219568, 43.717944181116245]], ""type"": ""MultiPoint""}"
845,2007:950835,2007-01-18T08:52:00,BLYTHWOOD RD,MOUNT PLEASANT RD,,3,Non-Fatal Injury,,No Control,SMV Other,Clear,Daylight,Dry,Collector,FALSE,-79.39369079,43.71794418,1,Automobile or Station Wagon,West,3,26,Minor,Lap and Shoulder Belt,Speed too fast for conditions,Normal,,,Going Ahead,,,,,driver,,Don Valley West (15),53 Division,Mount Pleasant East,TRUE,FALSE,FALSE,FALSE,FALSE,FALSE,FALSE,FALSE,FALSE,FALSE,"{""coordinates"": [[-79.39369079219568, 43.717944181116245]], ""type"": ""MultiPoint""}"
846,2007:950835,2007-01-18T08:52:00,BLYTHWOOD RD,MOUNT PLEASANT RD,,3,Non-Fatal Injury,,No Control,SMV Other,Clear,Daylight,Dry,Collector,FALSE,-79.39369079,43.71794418,1,,,1,30,Major,Lap and Shoulder Belt,,,,,,,,,,passenger,,Don Valley West (15),53 Division,Mount Pleasant East,TRUE,FALSE,FALSE,FALSE,FALSE,FALSE,FALSE,FALSE,FALSE,FALSE,"{""coordinates"": [[-79.39369079219568, 43.717944181116245]], ""type"": ""MultiPoint""}"
847,2007:957650,2007-01-22T18:05:00,EGLINTON Aven E,MIDLAND Aven,,5,Non-Fatal Injury,At Intersection,Traffic Signal,Turning Movement,Clear,Dark,Wet,Major Arterial,FALSE,-79.25809053,43.734544,3,,,2,18,Major,Equipment Not Used But Available,,,,,,,,,,passenger,,Scarborough Centre (21),41 Division,Eglinton East,TRUE,FALSE,FALSE,FALSE,FALSE,FALSE,FALSE,TRUE,TRUE,TRUE,"{""coordinates"": [[-79.2580905320299, 43.734544002657636]], ""type"": ""MultiPoint""}"
848,2007:957650,2007-01-22T18:05:00,EGLINTON Aven E,MIDLAND Aven,,5,Non-Fatal Injury,At Intersection,Traffic Signal,Turning Movement,Clear,Dark,Wet,Major Arterial,FALSE,-79.25809053,43.734544,3,Automobile or Station Wagon,West,1,19,Minor,Lap and Shoulder Belt,Improper turn,Normal,,,Turning Left,,,,,driver,,Scarborough Centre (21),41 Division,Eglinton East,TRUE,FALSE,FALSE,FALSE,FALSE,FALSE,FALSE,TRUE,TRUE,TRUE,"{""coordinates"": [[-79.2580905320299, 43.734544002657636]], ""type"": ""MultiPoint""}"
849,2007:957650,2007-01-22T18:05:00,EGLINTON Aven E,MIDLAND Aven,,5,Non-Fatal Injury,At Intersection,Traffic Signal,Turning Movement,Clear,Dark,Wet,Major Arterial,FALSE,-79.25809053,43.734544,1,,,3,26,Major,Equipment Not Used But Available,,,,,,,,,,passenger,,Scarborough Centre (21),41 Division,Eglinton East,TRUE,FALSE,FALSE,FALSE,FALSE,FALSE,FALSE,TRUE,TRUE,TRUE,"{""coordinates"": [[-79.2580905320299, 43.734544002657636]], ""type"": ""MultiPoint""}"
850,2007:957650,2007-01-22T18:05:00,EGLINTON Aven E,MIDLAND Aven,,5,Non-Fatal Injury,At Intersection,Traffic Signal,Turning Movement,Clear,Dark,Wet,Major Arterial,FALSE,-79.25809053,43.734544,2,Automobile or Station Wagon,North,5,23,None,Use Unknown,Driving properly,Normal,,,Stopped,,,,,driver,,Scarborough Centre (21),41 Division,Eglinton East,TRUE,FALSE,FALSE,FALSE,FALSE,FALSE,FALSE,TRUE,TRUE,TRUE,"{""coordinates"": [[-79.2580905320299, 43.734544002657636]], ""type"": ""MultiPoint""}"
851,2007:957650,2007-01-22T18:05:00,EGLINTON Aven E,MIDLAND Aven,,5,Non-Fatal Injury,At Intersection,Traffic Signal,Turning Movement,Clear,Dark,Wet,Major Arterial,FALSE,-79.25809053,43.734544,1,Truck - Open (Flatbed),East,4,23,Minor,Equipment Not Used But Available,Disobeyed traffic control,Normal,,,Going Ahead,,,,,driver,,Scarborough Centre (21),41 Division,Eglinton East,TRUE,FALSE,FALSE,FALSE,FALSE,FALSE,FALSE,TRUE,TRUE,TRUE,"{""coordinates"": [[-79.2580905320299, 43.734544002657636]], ""type"": ""MultiPoint""}"
852,2007:952335,2007-01-23T14:02:00,201 WESTON Rd,,,3,Non-Fatal Injury,,No Control,SMV Other,Clear,Daylight,Wet,Major Arterial,FALSE,-79.471291,43.6768443,2,,,3,,None,Other Safety Equipment Used,,,,,,,,,,owner,,York South-Weston (5),12 Division,Junction Area,TRUE,FALSE,FALSE,FALSE,FALSE,FALSE,FALSE,FALSE,FALSE,FALSE,"{""coordinates"": [[-79.47129100227218, 43.676844301431416]], ""type"": ""MultiPoint""}"
853,2007:952335,2007-01-23T14:02:00,201 WESTON Rd,,,3,Non-Fatal Injury,,No Control,SMV Other,Clear,Daylight,Wet,Major Arterial,FALSE,-79.471291,43.6768443,1,,,1,,None,Other Safety Equipment Used,,,,,,,,,,owner,,York South-Weston (5),12 Division,Junction Area,TRUE,FALSE,FALSE,FALSE,FALSE,FALSE,FALSE,FALSE,FALSE,FALSE,"{""coordinates"": [[-79.47129100227218, 43.676844301431416]], ""type"": ""MultiPoint""}"
854,2007:952335,2007-01-23T14:02:00,201 WESTON Rd,,,3,Non-Fatal Injury,,No Control,SMV Other,Clear,Daylight,Wet,Major Arterial,FALSE,-79.471291,43.6768443,1,Automobile or Station Wagon,South,2,30,Major,Use Unknown,Speed too fast for conditions,Unknown,,,Going Ahead,,,,,driver,,York South-Weston (5),12 Division,Junction Area,TRUE,FALSE,FALSE,FALSE,FALSE,FALSE,FALSE,FALSE,FALSE,FALSE,"{""coordinates"": [[-79.47129100227218, 43.676844301431416]], ""type"": ""MultiPoint""}"
855,2007:952478,2007-01-24T22:45:00,ISLINGTON Aven,REXDALE Boul,,3,Non-Fatal Injury,At Intersection,Traffic Signal,Turning Movement,Clear,Daylight,Dry,Major Arterial,FALSE,-79.55499106,43.71364439,1,Automobile or Station Wagon,South,1,43,Major,Lap and Shoulder Belt,Disobeyed traffic control,Inattentive,,,Turning Left,,,,,driver,,Etobicoke North (1),23 Division,West Humber-Clairville,TRUE,TRUE,FALSE,FALSE,FALSE,FALSE,FALSE,TRUE,TRUE,FALSE,"{""coordinates"": [[-79.55499105844619, 43.7136443871953]], ""type"": ""MultiPoint""}"
856,2007:952478,2007-01-24T22:45:00,ISLINGTON Aven,REXDALE Boul,,3,Non-Fatal Injury,At Intersection,Traffic Signal,Turning Movement,Clear,Daylight,Dry,Major Arterial,FALSE,-79.55499106,43.71364439,2,,,2,18,Minimal,Lap and Shoulder Belt,,,,,,,,,,passenger,,Etobicoke North (1),23 Division,West Humber-Clairville,TRUE,TRUE,FALSE,FALSE,FALSE,FALSE,FALSE,TRUE,TRUE,FALSE,"{""coordinates"": [[-79.55499105844619, 43.7136443871953]], ""type"": ""MultiPoint""}"
857,2007:952478,2007-01-24T22:45:00,ISLINGTON Aven,REXDALE Boul,,3,Non-Fatal Injury,At Intersection,Traffic Signal,Turning Movement,Clear,Daylight,Dry,Major Arterial,FALSE,-79.55499106,43.71364439,2,Automobile or Station Wagon,West,3,46,Minimal,Lap and Shoulder Belt,Driving properly,Normal,,,Going Ahead,,,,,driver,,Etobicoke North (1),23 Division,West Humber-Clairville,TRUE,TRUE,FALSE,FALSE,FALSE,FALSE,FALSE,TRUE,TRUE,FALSE,"{""coordinates"": [[-79.55499105844619, 43.7136443871953]], ""type"": ""MultiPoint""}"
858,2007:954826,2007-02-01T19:15:00,POTTERY RD,TODMORDEN MILLS RD,,1,Non-Fatal Injury,,No Control,SMV Other,Snow,Dark,Ice,Minor Arterial,FALSE,-79.36029078,43.68684414,1,Automobile or Station Wagon,West,1,22,Major,Lap and Shoulder Belt,Lost control,Normal,,,Going Ahead,,,,,driver,,Toronto-Danforth (14),55 Division,Broadview North,FALSE,FALSE,FALSE,FALSE,FALSE,FALSE,FALSE,FALSE,FALSE,FALSE,"{""coordinates"": [[-79.36029077853351, 43.686844142120606]], ""type"": ""MultiPoint""}"
859,2007:951783,2007-02-02T10:12:00,DUNDAS ST W,427 C N DUNDAS RAMP S,,3,Non-Fatal Injury,At Intersection,Traffic Signal,Turning Movement,Clear,Daylight,Dry,Major Arterial,FALSE,-79.55489122,43.62894443,1,,,1,,None,Other Safety Equipment Used,,,,,,,,,,owner,,Etobicoke-Lakeshore (3),22 Division,Etobicoke City Centre,TRUE,FALSE,FALSE,FALSE,FALSE,TRUE,FALSE,TRUE,FALSE,FALSE,"{""coordinates"": [[-79.55489121655488, 43.628944434341506]], ""type"": ""MultiPoint""}"
860,2007:951783,2007-02-02T10:12:00,DUNDAS ST W,427 C N DUNDAS RAMP S,,3,Non-Fatal Injury,At Intersection,Traffic Signal,Turning Movement,Clear,Daylight,Dry,Major Arterial,FALSE,-79.55489122,43.62894443,2,Automobile or Station Wagon,East,3,76,Major,Lap and Shoulder Belt,Driving properly,Normal,,,Turning Left,,,,,driver,,Etobicoke-Lakeshore (3),22 Division,Etobicoke City Centre,TRUE,FALSE,FALSE,FALSE,FALSE,TRUE,FALSE,TRUE,FALSE,FALSE,"{""coordinates"": [[-79.55489121655488, 43.628944434341506]], ""type"": ""MultiPoint""}"
861,2007:951783,2007-02-02T10:12:00,DUNDAS ST W,427 C N DUNDAS RAMP S,,3,Non-Fatal Injury,At Intersection,Traffic Signal,Turning Movement,Clear,Daylight,Dry,Major Arterial,FALSE,-79.55489122,43.62894443,1,Automobile or Station Wagon,West,2,60,Minor,Lap and Shoulder Belt,Disobeyed traffic control,Normal,,,Going Ahead,,,,,driver,,Etobicoke-Lakeshore (3),22 Division,Etobicoke City Centre,TRUE,FALSE,FALSE,FALSE,FALSE,TRUE,FALSE,TRUE,FALSE,FALSE,"{""coordinates"": [[-79.55489121655488, 43.628944434341506]], ""type"": ""MultiPoint""}"
862,2007:951120,2007-02-02T13:55:00,4544 DUFFERIN ST,,,3,Non-Fatal Injury,,No Control,Turning Movement,Clear,Daylight,Dry,Major Arterial,FALSE,-79.46649084,43.76684426,2,Automobile or Station Wagon,East,3,58,Major,Other Safety Equipment Used,Failed to yield right-of-way,Normal,,,Turning Left,,,,,driver,,York Centre (6),32 Division,York University Heights,TRUE,FALSE,FALSE,FALSE,FALSE,FALSE,FALSE,FALSE,FALSE,FALSE,"{""coordinates"": [[-79.46649084482318, 43.76684426084086]], ""type"": ""MultiPoint""}"
863,2007:951120,2007-02-02T13:55:00,4544 DUFFERIN ST,,,3,Non-Fatal Injury,,No Control,Turning Movement,Clear,Daylight,Dry,Major Arterial,FALSE,-79.46649084,43.76684426,1,,,1,,None,Other Safety Equipment Used,,,,,,,,,,owner,,York Centre (6),32 Division,York University Heights,TRUE,FALSE,FALSE,FALSE,FALSE,FALSE,FALSE,FALSE,FALSE,FALSE,"{""coordinates"": [[-79.46649084482318, 43.76684426084086]], ""type"": ""MultiPoint""}"
864,2007:951120,2007-02-02T13:55:00,4544 DUFFERIN ST,,,3,Non-Fatal Injury,,No Control,Turning Movement,Clear,Daylight,Dry,Major Arterial,FALSE,-79.46649084,43.76684426,1,Automobile or Station Wagon,South,2,38,Minor,Other Safety Equipment Used,Driving properly,Normal,,,Going Ahead,,,,,driver,,York Centre (6),32 Division,York University Heights,TRUE,FALSE,FALSE,FALSE,FALSE,FALSE,FALSE,FALSE,FALSE,FALSE,"{""coordinates"": [[-79.46649084482318, 43.76684426084086]], ""type"": ""MultiPoint""}"