_id,collision_id,accdate,stname1,stname2,stname3,per_inv,acclass,accloc,traffictl,impactype,visible,light,rdsfcond,road_class,failtorem,longitude,latitude,veh_no,vehtype,initdir,per_no,invage,injury,safequip,drivact,drivcond,pedact,pedcond,manoeuvre,pedtype,cyclistype,cycact,cyccond,road_user,fatal_no,wardname,division,neighbourhood,aggressive,distracted,cyclist,motorcyclist,other_micromobility,older_adult,pedestrian,red_light,school_child,heavy_truck,geometry
921,2007:954852,2007-02-21T14:05:00,16 HISCOCK BLVD,,,6,Non-Fatal Injury,,No Control,Approaching Head On,Clear,Daylight,Dry,Collector,FALSE,-79.22209045,43.76234397,2,,,2,,None,Other Safety Equipment Used,,,,,,,,,,owner,,Scarborough-Guildwood (24),43 Division,Golfdale-Cedarbrae-Woburn,TRUE,FALSE,FALSE,FALSE,FALSE,TRUE,FALSE,FALSE,FALSE,FALSE,"{""coordinates"": [[-79.22209045135607, 43.76234396740868]], ""type"": ""MultiPoint""}"
922,2007:954852,2007-02-21T14:05:00,16 HISCOCK BLVD,,,6,Non-Fatal Injury,,No Control,Approaching Head On,Clear,Daylight,Dry,Collector,FALSE,-79.22209045,43.76234397,3,,,3,49,None,Other Safety Equipment Used,,,,,,,,,,owner,,Scarborough-Guildwood (24),43 Division,Golfdale-Cedarbrae-Woburn,TRUE,FALSE,FALSE,FALSE,FALSE,TRUE,FALSE,FALSE,FALSE,FALSE,"{""coordinates"": [[-79.22209045135607, 43.76234396740868]], ""type"": ""MultiPoint""}"
923,2007:954852,2007-02-21T14:05:00,16 HISCOCK BLVD,,,6,Non-Fatal Injury,,No Control,Approaching Head On,Clear,Daylight,Dry,Collector,FALSE,-79.22209045,43.76234397,5,,,6,,None,Other Safety Equipment Used,,,,,,,,,,owner,,Scarborough-Guildwood (24),43 Division,Golfdale-Cedarbrae-Woburn,TRUE,FALSE,FALSE,FALSE,FALSE,TRUE,FALSE,FALSE,FALSE,FALSE,"{""coordinates"": [[-79.22209045135607, 43.76234396740868]], ""type"": ""MultiPoint""}"
924,2007:954852,2007-02-21T14:05:00,16 HISCOCK BLVD,,,6,Non-Fatal Injury,,No Control,Approaching Head On,Clear,Daylight,Dry,Collector,FALSE,-79.22209045,43.76234397,1,,,1,,None,Other Safety Equipment Used,,,,,,,,,,owner,,Scarborough-Guildwood (24),43 Division,Golfdale-Cedarbrae-Woburn,TRUE,FALSE,FALSE,FALSE,FALSE,TRUE,FALSE,FALSE,FALSE,FALSE,"{""coordinates"": [[-79.22209045135607, 43.76234396740868]], ""type"": ""MultiPoint""}"
925,2007:955425,2007-02-25T03:34:00,GARDINER X W 427 X N RAMP E,HIGHWAY 427 X Ramp N,,3,Non-Fatal Injury,,No Control,SMV Other,Clear,Dark,Dry,,FALSE,-79.54639123,43.61454443,1,,,2,,,Other Safety Equipment Used,,,,,,,,,,owner,,Etobicoke-Lakeshore (3),22 Division,Etobicoke City Centre,FALSE,FALSE,FALSE,FALSE,FALSE,FALSE,FALSE,FALSE,FALSE,FALSE,"{""coordinates"": [[-79.54639123224491, 43.61454443162315]], ""type"": ""MultiPoint""}"
926,2007:955425,2007-02-25T03:34:00,GARDINER X W 427 X N RAMP E,HIGHWAY 427 X Ramp N,,3,Non-Fatal Injury,,No Control,SMV Other,Clear,Dark,Dry,,FALSE,-79.54639123,43.61454443,1,,,3,33,Major,Other Safety Equipment Used,,,,,Other,,,,,passenger,,Etobicoke-Lakeshore (3),22 Division,Etobicoke City Centre,FALSE,FALSE,FALSE,FALSE,FALSE,FALSE,FALSE,FALSE,FALSE,FALSE,"{""coordinates"": [[-79.54639123224491, 43.61454443162315]], ""type"": ""MultiPoint""}"
927,2007:955425,2007-02-25T03:34:00,GARDINER X W 427 X N RAMP E,HIGHWAY 427 X Ramp N,,3,Non-Fatal Injury,,No Control,SMV Other,Clear,Dark,Dry,,FALSE,-79.54639123,43.61454443,1,Automobile or Station Wagon,West,1,21,Major,Other Safety Equipment Used,Lost control,Had Been Drinking,,,Going Ahead,,,,,driver,,Etobicoke-Lakeshore (3),22 Division,Etobicoke City Centre,FALSE,FALSE,FALSE,FALSE,FALSE,FALSE,FALSE,FALSE,FALSE,FALSE,"{""coordinates"": [[-79.54639123224491, 43.61454443162315]], ""type"": ""MultiPoint""}"
928,2007:960612,2007-02-25T18:01:00,STRACHAN AVE,FLEET ST,,4,Non-Fatal Injury,,Traffic Signal,Angle,Snow,Dark,Loose Snow,Minor Arterial,FALSE,-79.40959095,43.63624423,2,Automobile or Station Wagon,North,4,25,Major,Air Bag Deployed,Disobeyed traffic control,Normal,,,Going Ahead,,,,,driver,,Spadina-Fort York (10),14 Division,Fort York-Liberty Village,TRUE,FALSE,FALSE,FALSE,FALSE,FALSE,FALSE,TRUE,FALSE,FALSE,"{""coordinates"": [[-79.40959095091088, 43.63624422531178]], ""type"": ""MultiPoint""}"
929,2007:960612,2007-02-25T18:01:00,STRACHAN AVE,FLEET ST,,4,Non-Fatal Injury,,Traffic Signal,Angle,Snow,Dark,Loose Snow,Minor Arterial,FALSE,-79.40959095,43.63624423,1,Automobile or Station Wagon,East,2,32,None,Lap and Shoulder Belt,Driving properly,Normal,,,Going Ahead,,,,,driver,,Spadina-Fort York (10),14 Division,Fort York-Liberty Village,TRUE,FALSE,FALSE,FALSE,FALSE,FALSE,FALSE,TRUE,FALSE,FALSE,"{""coordinates"": [[-79.40959095091088, 43.63624422531178]], ""type"": ""MultiPoint""}"
930,2007:960612,2007-02-25T18:01:00,STRACHAN AVE,FLEET ST,,4,Non-Fatal Injury,,Traffic Signal,Angle,Snow,Dark,Loose Snow,Minor Arterial,FALSE,-79.40959095,43.63624423,1,,,1,,None,Other Safety Equipment Used,,,,,Unknown,,,,,owner,,Spadina-Fort York (10),14 Division,Fort York-Liberty Village,TRUE,FALSE,FALSE,FALSE,FALSE,FALSE,FALSE,TRUE,FALSE,FALSE,"{""coordinates"": [[-79.40959095091088, 43.63624422531178]], ""type"": ""MultiPoint""}"
931,2007:964573,2007-02-25T21:29:00,SHEPPARD AVE E,NEILSON RD,,2,Non-Fatal Injury,,No Control,SMV Other,Snow,Dark,Packed Snow,Major Arterial,FALSE,-79.21699042,43.79824397,1,Automobile or Station Wagon,East,1,58,Major,Other Safety Equipment Used,Speed too fast for conditions,Normal,,,Going Ahead,,,,,driver,,Scarborough-Rouge Park (25),42 Division,Malvern East,TRUE,FALSE,FALSE,FALSE,FALSE,FALSE,FALSE,FALSE,FALSE,FALSE,"{""coordinates"": [[-79.21699041759403, 43.79824396953646]], ""type"": ""MultiPoint""}"
932,2007:964573,2007-02-25T21:29:00,SHEPPARD AVE E,NEILSON RD,,2,Non-Fatal Injury,,No Control,SMV Other,Snow,Dark,Packed Snow,Major Arterial,FALSE,-79.21699042,43.79824397,2,,,2,,None,Other Safety Equipment Used,,,,,,,,,,owner,,Scarborough-Rouge Park (25),42 Division,Malvern East,TRUE,FALSE,FALSE,FALSE,FALSE,FALSE,FALSE,FALSE,FALSE,FALSE,"{""coordinates"": [[-79.21699041759403, 43.79824396953646]], ""type"": ""MultiPoint""}"
933,2007:961100,2007-02-28T22:25:00,ALBION RD,ARCOT BLVD,,6,Non-Fatal Injury,At Intersection,Traffic Controller,Rear End,Clear,Dark,Dry,Major Arterial,TRUE,-79.55209103,43.72674438,1,Automobile or Station Wagon,North,5,24,Minimal,Lap and Shoulder Belt,Driving properly,Normal,,,Slowing or Stopping,,,,,driver,,Etobicoke North (1),23 Division,Elms-Old Rexdale,TRUE,TRUE,FALSE,FALSE,FALSE,FALSE,FALSE,FALSE,FALSE,FALSE,"{""coordinates"": [[-79.55209103030754, 43.72674437659866]], ""type"": ""MultiPoint""}"
934,2007:961100,2007-02-28T22:25:00,ALBION RD,ARCOT BLVD,,6,Non-Fatal Injury,At Intersection,Traffic Controller,Rear End,Clear,Dark,Dry,Major Arterial,TRUE,-79.55209103,43.72674438,1,,,3,28,Minimal,Equipment Not Used But Available,,,,,,,,,,passenger,,Etobicoke North (1),23 Division,Elms-Old Rexdale,TRUE,TRUE,FALSE,FALSE,FALSE,FALSE,FALSE,FALSE,FALSE,FALSE,"{""coordinates"": [[-79.55209103030754, 43.72674437659866]], ""type"": ""MultiPoint""}"
935,2007:961100,2007-02-28T22:25:00,ALBION RD,ARCOT BLVD,,6,Non-Fatal Injury,At Intersection,Traffic Controller,Rear End,Clear,Dark,Dry,Major Arterial,TRUE,-79.55209103,43.72674438,1,,,1,,None,Other Safety Equipment Used,,,,,,,,,,owner,,Etobicoke North (1),23 Division,Elms-Old Rexdale,TRUE,TRUE,FALSE,FALSE,FALSE,FALSE,FALSE,FALSE,FALSE,FALSE,"{""coordinates"": [[-79.55209103030754, 43.72674437659866]], ""type"": ""MultiPoint""}"
936,2007:961100,2007-02-28T22:25:00,ALBION RD,ARCOT BLVD,,6,Non-Fatal Injury,At Intersection,Traffic Controller,Rear End,Clear,Dark,Dry,Major Arterial,TRUE,-79.55209103,43.72674438,1,,,2,32,Major,Lap and Shoulder Belt,,,,,,,,,,passenger,,Etobicoke North (1),23 Division,Elms-Old Rexdale,TRUE,TRUE,FALSE,FALSE,FALSE,FALSE,FALSE,FALSE,FALSE,FALSE,"{""coordinates"": [[-79.55209103030754, 43.72674437659866]], ""type"": ""MultiPoint""}"
937,2007:961100,2007-02-28T22:25:00,ALBION RD,ARCOT BLVD,,6,Non-Fatal Injury,At Intersection,Traffic Controller,Rear End,Clear,Dark,Dry,Major Arterial,TRUE,-79.55209103,43.72674438,2,Automobile or Station Wagon,North,6,,None,Other Safety Equipment Used,Following too closely,Inattentive,,,Going Ahead,,,,,driver,,Etobicoke North (1),23 Division,Elms-Old Rexdale,TRUE,TRUE,FALSE,FALSE,FALSE,FALSE,FALSE,FALSE,FALSE,FALSE,"{""coordinates"": [[-79.55209103030754, 43.72674437659866]], ""type"": ""MultiPoint""}"
938,2007:961100,2007-02-28T22:25:00,ALBION RD,ARCOT BLVD,,6,Non-Fatal Injury,At Intersection,Traffic Controller,Rear End,Clear,Dark,Dry,Major Arterial,TRUE,-79.55209103,43.72674438,1,,,4,25,Major,Lap and Shoulder Belt,,,,,,,,,,passenger,,Etobicoke North (1),23 Division,Elms-Old Rexdale,TRUE,TRUE,FALSE,FALSE,FALSE,FALSE,FALSE,FALSE,FALSE,FALSE,"{""coordinates"": [[-79.55209103030754, 43.72674437659866]], ""type"": ""MultiPoint""}"
939,2007:961264,2007-03-01T14:26:00,DON MILLS RD,DON MILLS N DVP S RAMP RD S,,5,Non-Fatal Injury,,No Control,Approaching Head On,Snow,Daylight,Loose Snow,Major Arterial,FALSE,-79.33769072,43.69964411,2,Automobile or Station Wagon,North,2,39,Major,Lap and Shoulder Belt,Speed too fast for conditions,Normal,,,Going Ahead,,,,,driver,,Toronto-Danforth (14),55 Division,Old East York,TRUE,FALSE,FALSE,FALSE,FALSE,FALSE,FALSE,FALSE,FALSE,TRUE,"{""coordinates"": [[-79.33769071860002, 43.69964410906745]], ""type"": ""MultiPoint""}"
940,2007:961264,2007-03-01T14:26:00,DON MILLS RD,DON MILLS N DVP S RAMP RD S,,5,Non-Fatal Injury,,No Control,Approaching Head On,Snow,Daylight,Loose Snow,Major Arterial,FALSE,-79.33769072,43.69964411,3,,,3,,None,Other Safety Equipment Used,,,,,,,,,,owner,,Toronto-Danforth (14),55 Division,Old East York,TRUE,FALSE,FALSE,FALSE,FALSE,FALSE,FALSE,FALSE,FALSE,TRUE,"{""coordinates"": [[-79.33769071860002, 43.69964410906745]], ""type"": ""MultiPoint""}"
941,2007:961264,2007-03-01T14:26:00,DON MILLS RD,DON MILLS N DVP S RAMP RD S,,5,Non-Fatal Injury,,No Control,Approaching Head On,Snow,Daylight,Loose Snow,Major Arterial,FALSE,-79.33769072,43.69964411,1,Automobile or Station Wagon,South,1,63,None,Lap and Shoulder Belt,Driving properly,Normal,,,Going Ahead,,,,,driver,,Toronto-Danforth (14),55 Division,Old East York,TRUE,FALSE,FALSE,FALSE,FALSE,FALSE,FALSE,FALSE,FALSE,TRUE,"{""coordinates"": [[-79.33769071860002, 43.69964410906745]], ""type"": ""MultiPoint""}"
942,2007:961264,2007-03-01T14:26:00,DON MILLS RD,DON MILLS N DVP S RAMP RD S,,5,Non-Fatal Injury,,No Control,Approaching Head On,Snow,Daylight,Loose Snow,Major Arterial,FALSE,-79.33769072,43.69964411,3,Truck - Open (Flatbed),South,4,36,None,Lap and Shoulder Belt,Driving properly,Normal,,,Going Ahead,,,,,driver,,Toronto-Danforth (14),55 Division,Old East York,TRUE,FALSE,FALSE,FALSE,FALSE,FALSE,FALSE,FALSE,FALSE,TRUE,"{""coordinates"": [[-79.33769071860002, 43.69964410906745]], ""type"": ""MultiPoint""}"
943,2007:961264,2007-03-01T14:26:00,DON MILLS RD,DON MILLS N DVP S RAMP RD S,,5,Non-Fatal Injury,,No Control,Approaching Head On,Snow,Daylight,Loose Snow,Major Arterial,FALSE,-79.33769072,43.69964411,4,,,5,,None,Other Safety Equipment Used,,,,,,,,,,owner,,Toronto-Danforth (14),55 Division,Old East York,TRUE,FALSE,FALSE,FALSE,FALSE,FALSE,FALSE,FALSE,FALSE,TRUE,"{""coordinates"": [[-79.33769071860002, 43.69964410906745]], ""type"": ""MultiPoint""}"
944,2007:958417,2007-03-03T03:26:00,DANFORTH Aven,CEDARVALE Aven,,4,Non-Fatal Injury,,No Control,Approaching Head On,Clear,Dark,Ice,Major Arterial,TRUE,-79.31069069,43.68614407,2,,,3,,None,Other Safety Equipment Used,,,,,,,,,,owner,,Beaches-East York (19),55 Division,East End-Danforth,FALSE,FALSE,FALSE,FALSE,FALSE,FALSE,FALSE,FALSE,FALSE,FALSE,"{""coordinates"": [[-79.31069068736988, 43.68614407287662]], ""type"": ""MultiPoint""}"
945,2007:958417,2007-03-03T03:26:00,DANFORTH Aven,CEDARVALE Aven,,4,Non-Fatal Injury,,No Control,Approaching Head On,Clear,Dark,Ice,Major Arterial,TRUE,-79.31069069,43.68614407,2,,,2,30,Major,Use Unknown,,,,,,,,,,passenger,,Beaches-East York (19),55 Division,East End-Danforth,FALSE,FALSE,FALSE,FALSE,FALSE,FALSE,FALSE,FALSE,FALSE,FALSE,"{""coordinates"": [[-79.31069068736988, 43.68614407287662]], ""type"": ""MultiPoint""}"
946,2007:958417,2007-03-03T03:26:00,DANFORTH Aven,CEDARVALE Aven,,4,Non-Fatal Injury,,No Control,Approaching Head On,Clear,Dark,Ice,Major Arterial,TRUE,-79.31069069,43.68614407,2,Automobile or Station Wagon,West,4,47,Major,Air Bag Deployed,Other,Normal,,,Going Ahead,,,,,driver,,Beaches-East York (19),55 Division,East End-Danforth,FALSE,FALSE,FALSE,FALSE,FALSE,FALSE,FALSE,FALSE,FALSE,FALSE,"{""coordinates"": [[-79.31069068736988, 43.68614407287662]], ""type"": ""MultiPoint""}"
947,2007:958417,2007-03-03T03:26:00,DANFORTH Aven,CEDARVALE Aven,,4,Non-Fatal Injury,,No Control,Approaching Head On,Clear,Dark,Ice,Major Arterial,TRUE,-79.31069069,43.68614407,1,Automobile or Station Wagon,East,1,43,Major,Air Bag Deployed,Other,Had Been Drinking,,,Going Ahead,,,,,driver,,Beaches-East York (19),55 Division,East End-Danforth,FALSE,FALSE,FALSE,FALSE,FALSE,FALSE,FALSE,FALSE,FALSE,FALSE,"{""coordinates"": [[-79.31069068736988, 43.68614407287662]], ""type"": ""MultiPoint""}"
948,2007:956782,2007-03-04T03:00:00,DON VALLEY PARKWAY N,SPANBRIDGE RD,,3,Non-Fatal Injury,,No Control,SMV Other,Clear,Dark,Dry,,FALSE,-79.32519067,43.71534409,1,,,1,28,Major,Lap and Shoulder Belt,,,,,,,,,,passenger,,Don Valley East (16),55 Division,Flemingdon Park,TRUE,FALSE,FALSE,FALSE,FALSE,FALSE,FALSE,FALSE,FALSE,FALSE,"{""coordinates"": [[-79.32519067430783, 43.715344090613506]], ""type"": ""MultiPoint""}"
949,2007:956782,2007-03-04T03:00:00,DON VALLEY PARKWAY N,SPANBRIDGE RD,,3,Non-Fatal Injury,,No Control,SMV Other,Clear,Dark,Dry,,FALSE,-79.32519067,43.71534409,1,Automobile or Station Wagon,North,2,32,Major,Lap and Shoulder Belt,Exceeding speed limit,Had Been Drinking,,,Overtaking,,,,,driver,,Don Valley East (16),55 Division,Flemingdon Park,TRUE,FALSE,FALSE,FALSE,FALSE,FALSE,FALSE,FALSE,FALSE,FALSE,"{""coordinates"": [[-79.32519067430783, 43.715344090613506]], ""type"": ""MultiPoint""}"
950,2007:956782,2007-03-04T03:00:00,DON VALLEY PARKWAY N,SPANBRIDGE RD,,3,Non-Fatal Injury,,No Control,SMV Other,Clear,Dark,Dry,,FALSE,-79.32519067,43.71534409,2,,,3,,,Other Safety Equipment Used,,,,,,,,,,owner,,Don Valley East (16),55 Division,Flemingdon Park,TRUE,FALSE,FALSE,FALSE,FALSE,FALSE,FALSE,FALSE,FALSE,FALSE,"{""coordinates"": [[-79.32519067430783, 43.715344090613506]], ""type"": ""MultiPoint""}"
951,2007:961628,2007-03-05T08:53:00,ADELAIDE ST E,BERKELEY ST,,3,Non-Fatal Injury,At Intersection,Traffic Signal,Sideswipe,Clear,Daylight,Wet,Major Arterial,FALSE,-79.36479084,43.65294415,1,Automobile or Station Wagon,East,2,30,Major,Lap and Shoulder Belt,Driving properly,Normal,,,Going Ahead,,,,,driver,,Toronto Centre (13),51 Division,Moss Park,FALSE,FALSE,FALSE,FALSE,FALSE,FALSE,FALSE,FALSE,FALSE,FALSE,"{""coordinates"": [[-79.36479083695738, 43.65294415447584]], ""type"": ""MultiPoint""}"
952,2007:961628,2007-03-05T08:53:00,ADELAIDE ST E,BERKELEY ST,,3,Non-Fatal Injury,At Intersection,Traffic Signal,Sideswipe,Clear,Daylight,Wet,Major Arterial,FALSE,-79.36479084,43.65294415,2,Automobile or Station Wagon,East,3,53,Minor,Lap and Shoulder Belt,Improper lane change,Normal,,,Changing Lanes,,,,,driver,,Toronto Centre (13),51 Division,Moss Park,FALSE,FALSE,FALSE,FALSE,FALSE,FALSE,FALSE,FALSE,FALSE,FALSE,"{""coordinates"": [[-79.36479083695738, 43.65294415447584]], ""type"": ""MultiPoint""}"
953,2007:961628,2007-03-05T08:53:00,ADELAIDE ST E,BERKELEY ST,,3,Non-Fatal Injury,At Intersection,Traffic Signal,Sideswipe,Clear,Daylight,Wet,Major Arterial,FALSE,-79.36479084,43.65294415,1,,,1,,None,Other Safety Equipment Used,,,,,,,,,,owner,,Toronto Centre (13),51 Division,Moss Park,FALSE,FALSE,FALSE,FALSE,FALSE,FALSE,FALSE,FALSE,FALSE,FALSE,"{""coordinates"": [[-79.36479083695738, 43.65294415447584]], ""type"": ""MultiPoint""}"
954,2007:961761,2007-03-05T21:45:00,STEELES AVE W,ALNESS ST,,4,Non-Fatal Injury,At Intersection,Traffic Signal,Turning Movement,Clear,Dark,Loose Snow,Major Arterial,FALSE,-79.48109085,43.78464427,1,Truck - Open (Flatbed),North,2,29,None,Lap and Shoulder Belt,Following too closely,Normal,,,Turning Left,,,,,driver,,York Centre (6),32 Division,York University Heights,TRUE,FALSE,FALSE,FALSE,FALSE,FALSE,FALSE,TRUE,FALSE,TRUE,"{""coordinates"": [[-79.48109084703114, 43.78464427467328]], ""type"": ""MultiPoint""}"
955,2007:961761,2007-03-05T21:45:00,STEELES AVE W,ALNESS ST,,4,Non-Fatal Injury,At Intersection,Traffic Signal,Turning Movement,Clear,Dark,Loose Snow,Major Arterial,FALSE,-79.48109085,43.78464427,2,Automobile or Station Wagon,East,3,53,Major,Other Safety Equipment Used,Disobeyed traffic control,Medical or Physical Disability,,,Turning Left,,,,,driver,,York Centre (6),32 Division,York University Heights,TRUE,FALSE,FALSE,FALSE,FALSE,FALSE,FALSE,TRUE,FALSE,TRUE,"{""coordinates"": [[-79.48109084703114, 43.78464427467328]], ""type"": ""MultiPoint""}"
956,2007:961761,2007-03-05T21:45:00,STEELES AVE W,ALNESS ST,,4,Non-Fatal Injury,At Intersection,Traffic Signal,Turning Movement,Clear,Dark,Loose Snow,Major Arterial,FALSE,-79.48109085,43.78464427,1,,,1,,None,Other Safety Equipment Used,,,,,,,,,,owner,,York Centre (6),32 Division,York University Heights,TRUE,FALSE,FALSE,FALSE,FALSE,FALSE,FALSE,TRUE,FALSE,TRUE,"{""coordinates"": [[-79.48109084703114, 43.78464427467328]], ""type"": ""MultiPoint""}"
957,2007:961761,2007-03-05T21:45:00,STEELES AVE W,ALNESS ST,,4,Non-Fatal Injury,At Intersection,Traffic Signal,Turning Movement,Clear,Dark,Loose Snow,Major Arterial,FALSE,-79.48109085,43.78464427,3,,,4,,None,Other Safety Equipment Used,,,,,,,,,,other,,York Centre (6),32 Division,York University Heights,TRUE,FALSE,FALSE,FALSE,FALSE,FALSE,FALSE,TRUE,FALSE,TRUE,"{""coordinates"": [[-79.48109084703114, 43.78464427467328]], ""type"": ""MultiPoint""}"
968,2007:958634,2007-03-14T03:05:00,BATHURST ST,COLLEGE ST,,5,Non-Fatal Injury,,Pedestrian Crossover,Sideswipe,Clear,Dark,Wet,Major Arterial,FALSE,-79.40819091,43.65764422,1,Automobile or Station Wagon,North,3,48,None,Lap and Shoulder Belt,Driving properly,Normal,,,Going Ahead,,,,,driver,,University-Rosedale (11),14 Division,University,FALSE,FALSE,FALSE,FALSE,FALSE,FALSE,FALSE,FALSE,FALSE,FALSE,"{""coordinates"": [[-79.40819091401252, 43.657644217201174]], ""type"": ""MultiPoint""}"
969,2007:958634,2007-03-14T03:05:00,BATHURST ST,COLLEGE ST,,5,Non-Fatal Injury,,Pedestrian Crossover,Sideswipe,Clear,Dark,Wet,Major Arterial,FALSE,-79.40819091,43.65764422,2,,,4,22,Major,Lap and Shoulder Belt,,,,,,,,,,passenger,,University-Rosedale (11),14 Division,University,FALSE,FALSE,FALSE,FALSE,FALSE,FALSE,FALSE,FALSE,FALSE,FALSE,"{""coordinates"": [[-79.40819091401252, 43.657644217201174]], ""type"": ""MultiPoint""}"
970,2007:958634,2007-03-14T03:05:00,BATHURST ST,COLLEGE ST,,5,Non-Fatal Injury,,Pedestrian Crossover,Sideswipe,Clear,Dark,Wet,Major Arterial,FALSE,-79.40819091,43.65764422,1,Automobile or Station Wagon,,2,,None,Other Safety Equipment Used,,,,,,,,,,owner,,University-Rosedale (11),14 Division,University,FALSE,FALSE,FALSE,FALSE,FALSE,FALSE,FALSE,FALSE,FALSE,FALSE,"{""coordinates"": [[-79.40819091401252, 43.657644217201174]], ""type"": ""MultiPoint""}"
971,2007:958634,2007-03-14T03:05:00,BATHURST ST,COLLEGE ST,,5,Non-Fatal Injury,,Pedestrian Crossover,Sideswipe,Clear,Dark,Wet,Major Arterial,FALSE,-79.40819091,43.65764422,2,Automobile or Station Wagon,North,5,29,Minimal,Lap and Shoulder Belt,Lost control,Ability Impaired - Alcohol,,,Overtaking,,,,,driver,,University-Rosedale (11),14 Division,University,FALSE,FALSE,FALSE,FALSE,FALSE,FALSE,FALSE,FALSE,FALSE,FALSE,"{""coordinates"": [[-79.40819091401252, 43.657644217201174]], ""type"": ""MultiPoint""}"
972,2007:958634,2007-03-14T03:05:00,BATHURST ST,COLLEGE ST,,5,Non-Fatal Injury,,Pedestrian Crossover,Sideswipe,Clear,Dark,Wet,Major Arterial,FALSE,-79.40819091,43.65764422,1,,,1,35,None,Lap and Shoulder Belt,,,,,,,,,,passenger,,University-Rosedale (11),14 Division,University,FALSE,FALSE,FALSE,FALSE,FALSE,FALSE,FALSE,FALSE,FALSE,FALSE,"{""coordinates"": [[-79.40819091401252, 43.657644217201174]], ""type"": ""MultiPoint""}"
973,2007:958821,2007-03-14T15:50:00,HIGHWAY 27 N,ROYALCREST RD,,7,Non-Fatal Injury,At Intersection,Traffic Signal,Turning Movement,Clear,Daylight,Dry,Major Arterial,FALSE,-79.61049106,43.74974443,3,Automobile or Station Wagon,West,4,70,None,Other Safety Equipment Used,Driving properly,Normal,,,Turning Right,,,,,driver,,Etobicoke North (1),23 Division,West Humber-Clairville,FALSE,FALSE,FALSE,FALSE,FALSE,TRUE,FALSE,FALSE,FALSE,TRUE,"{""coordinates"": [[-79.61049106050808, 43.749744428422915]], ""type"": ""MultiPoint""}"
974,2007:958821,2007-03-14T15:50:00,HIGHWAY 27 N,ROYALCREST RD,,7,Non-Fatal Injury,At Intersection,Traffic Signal,Turning Movement,Clear,Daylight,Dry,Major Arterial,FALSE,-79.61049106,43.74974443,4,Municipal Transit Bus (TTC),South,7,57,None,Other Safety Equipment Used,Driving properly,Normal,,,Turning Left,,,,,driver,,Etobicoke North (1),23 Division,West Humber-Clairville,FALSE,FALSE,FALSE,FALSE,FALSE,TRUE,FALSE,FALSE,FALSE,TRUE,"{""coordinates"": [[-79.61049106050808, 43.749744428422915]], ""type"": ""MultiPoint""}"
975,2007:958821,2007-03-14T15:50:00,HIGHWAY 27 N,ROYALCREST RD,,7,Non-Fatal Injury,At Intersection,Traffic Signal,Turning Movement,Clear,Daylight,Dry,Major Arterial,FALSE,-79.61049106,43.74974443,2,,,2,39,Minimal,Other Safety Equipment Used,,,,,,,,,,passenger,,Etobicoke North (1),23 Division,West Humber-Clairville,FALSE,FALSE,FALSE,FALSE,FALSE,TRUE,FALSE,FALSE,FALSE,TRUE,"{""coordinates"": [[-79.61049106050808, 43.749744428422915]], ""type"": ""MultiPoint""}"
976,2007:958821,2007-03-14T15:50:00,HIGHWAY 27 N,ROYALCREST RD,,7,Non-Fatal Injury,At Intersection,Traffic Signal,Turning Movement,Clear,Daylight,Dry,Major Arterial,FALSE,-79.61049106,43.74974443,2,Automobile or Station Wagon,West,3,50,Major,Other Safety Equipment Used,Driving properly,Normal,,,Turning Right,,,,,driver,,Etobicoke North (1),23 Division,West Humber-Clairville,FALSE,FALSE,FALSE,FALSE,FALSE,TRUE,FALSE,FALSE,FALSE,TRUE,"{""coordinates"": [[-79.61049106050808, 43.749744428422915]], ""type"": ""MultiPoint""}"
977,2007:958821,2007-03-14T15:50:00,HIGHWAY 27 N,ROYALCREST RD,,7,Non-Fatal Injury,At Intersection,Traffic Signal,Turning Movement,Clear,Daylight,Dry,Major Arterial,FALSE,-79.61049106,43.74974443,4,,,6,,,Other Safety Equipment Used,,,,,,,,,,owner,,Etobicoke North (1),23 Division,West Humber-Clairville,FALSE,FALSE,FALSE,FALSE,FALSE,TRUE,FALSE,FALSE,FALSE,TRUE,"{""coordinates"": [[-79.61049106050808, 43.749744428422915]], ""type"": ""MultiPoint""}"
978,2007:958821,2007-03-14T15:50:00,HIGHWAY 27 N,ROYALCREST RD,,7,Non-Fatal Injury,At Intersection,Traffic Signal,Turning Movement,Clear,Daylight,Dry,Major Arterial,FALSE,-79.61049106,43.74974443,1,,,5,,,Other Safety Equipment Used,,,,,,,,,,owner,,Etobicoke North (1),23 Division,West Humber-Clairville,FALSE,FALSE,FALSE,FALSE,FALSE,TRUE,FALSE,FALSE,FALSE,TRUE,"{""coordinates"": [[-79.61049106050808, 43.749744428422915]], ""type"": ""MultiPoint""}"
979,2007:958821,2007-03-14T15:50:00,HIGHWAY 27 N,ROYALCREST RD,,7,Non-Fatal Injury,At Intersection,Traffic Signal,Turning Movement,Clear,Daylight,Dry,Major Arterial,FALSE,-79.61049106,43.74974443,1,Automobile or Station Wagon,North,1,38,None,Other Safety Equipment Used,Lost control,Normal,,,Going Ahead,,,,,driver,,Etobicoke North (1),23 Division,West Humber-Clairville,FALSE,FALSE,FALSE,FALSE,FALSE,TRUE,FALSE,FALSE,FALSE,TRUE,"{""coordinates"": [[-79.61049106050808, 43.749744428422915]], ""type"": ""MultiPoint""}"
980,2007:963700,2007-03-17T04:00:00,EASTERN DIVERSION AVE,BROADVIEW AVE,,4,Non-Fatal Injury,,Traffic Signal,SMV Other,Snow,Dark,Loose Snow,Major Arterial,FALSE,-79.3488908,43.65664413,1,,,1,34,Major,Lap and Shoulder Belt,,,,,,,,,,passenger,,Toronto-Danforth (14),55 Division,South Riverdale,FALSE,FALSE,FALSE,FALSE,FALSE,FALSE,FALSE,FALSE,FALSE,FALSE,"{""coordinates"": [[-79.34889080067688, 43.65664413048809]], ""type"": ""MultiPoint""}"
981,2007:963700,2007-03-17T04:00:00,EASTERN DIVERSION AVE,BROADVIEW AVE,,4,Non-Fatal Injury,,Traffic Signal,SMV Other,Snow,Dark,Loose Snow,Major Arterial,FALSE,-79.3488908,43.65664413,1,,,2,,None,Other Safety Equipment Used,,,,,,,,,,owner,,Toronto-Danforth (14),55 Division,South Riverdale,FALSE,FALSE,FALSE,FALSE,FALSE,FALSE,FALSE,FALSE,FALSE,FALSE,"{""coordinates"": [[-79.34889080067688, 43.65664413048809]], ""type"": ""MultiPoint""}"