_id,collision_id,accdate,stname1,stname2,stname3,per_inv,acclass,accloc,traffictl,impactype,visible,light,rdsfcond,road_class,failtorem,longitude,latitude,veh_no,vehtype,initdir,per_no,invage,injury,safequip,drivact,drivcond,pedact,pedcond,manoeuvre,pedtype,cyclistype,cycact,cyccond,road_user,fatal_no,wardname,division,neighbourhood,aggressive,distracted,cyclist,motorcyclist,other_micromobility,older_adult,pedestrian,red_light,school_child,heavy_truck,geometry
1041,2007:969646,2007-04-17T18:36:00,DUNDAS SQ,OKEEFE LANE,,4,Non-Fatal Injury,,No Control,SMV Other,Clear,Daylight,Dry,Collector,FALSE,-79.37979086,43.65594418,1,Motorcycle,West,2,20,Major,Equipment Not Used But Available,Other,Inattentive,,,Going Ahead,,,,,motorcyclist,,Toronto Centre (13),51 Division,Downtown Yonge East,FALSE,TRUE,FALSE,TRUE,FALSE,FALSE,FALSE,FALSE,FALSE,FALSE,"{""coordinates"": [[-79.37979086162638, 43.65594417596809]], ""type"": ""MultiPoint""}"
1042,2007:969646,2007-04-17T18:36:00,DUNDAS SQ,OKEEFE LANE,,4,Non-Fatal Injury,,No Control,SMV Other,Clear,Daylight,Dry,Collector,FALSE,-79.37979086,43.65594418,1,,,1,,None,Other Safety Equipment Used,,,,,,,,,,owner,,Toronto Centre (13),51 Division,Downtown Yonge East,FALSE,TRUE,FALSE,TRUE,FALSE,FALSE,FALSE,FALSE,FALSE,FALSE,"{""coordinates"": [[-79.37979086162638, 43.65594417596809]], ""type"": ""MultiPoint""}"
1043,2007:969646,2007-04-17T18:36:00,DUNDAS SQ,OKEEFE LANE,,4,Non-Fatal Injury,,No Control,SMV Other,Clear,Daylight,Dry,Collector,FALSE,-79.37979086,43.65594418,2,,,4,,None,Other Safety Equipment Used,,,,,,,,,,owner,,Toronto Centre (13),51 Division,Downtown Yonge East,FALSE,TRUE,FALSE,TRUE,FALSE,FALSE,FALSE,FALSE,FALSE,FALSE,"{""coordinates"": [[-79.37979086162638, 43.65594417596809]], ""type"": ""MultiPoint""}"
1044,2007:968070,2007-04-17T22:57:00,BATHURST ST,MARKDALE AVE,,8,Non-Fatal Injury,,No Control,SMV Unattended Vehicle,Clear,Dark,Dry,Major Arterial,FALSE,-79.42289088,43.69434423,3,Automobile or Station Wagon,North,3,35,None,Lap and Shoulder Belt,Driving properly,Normal,,,Going Ahead,,,,,driver,,Toronto-St. Paul's (12),13 Division,Humewood-Cedarvale,TRUE,FALSE,FALSE,FALSE,FALSE,FALSE,FALSE,FALSE,FALSE,FALSE,"{""coordinates"": [[-79.42289088251623, 43.69434422720458]], ""type"": ""MultiPoint""}"
1045,2007:968070,2007-04-17T22:57:00,BATHURST ST,MARKDALE AVE,,8,Non-Fatal Injury,,No Control,SMV Unattended Vehicle,Clear,Dark,Dry,Major Arterial,FALSE,-79.42289088,43.69434423,4,,,4,,None,Other Safety Equipment Used,,,,,Parked,,,,,owner,,Toronto-St. Paul's (12),13 Division,Humewood-Cedarvale,TRUE,FALSE,FALSE,FALSE,FALSE,FALSE,FALSE,FALSE,FALSE,FALSE,"{""coordinates"": [[-79.42289088251623, 43.69434422720458]], ""type"": ""MultiPoint""}"
1046,2007:968070,2007-04-17T22:57:00,BATHURST ST,MARKDALE AVE,,8,Non-Fatal Injury,,No Control,SMV Unattended Vehicle,Clear,Dark,Dry,Major Arterial,FALSE,-79.42289088,43.69434423,5,,,6,22,Minor,Use Unknown,,,,,,,,,,passenger,,Toronto-St. Paul's (12),13 Division,Humewood-Cedarvale,TRUE,FALSE,FALSE,FALSE,FALSE,FALSE,FALSE,FALSE,FALSE,FALSE,"{""coordinates"": [[-79.42289088251623, 43.69434422720458]], ""type"": ""MultiPoint""}"
1047,2007:968070,2007-04-17T22:57:00,BATHURST ST,MARKDALE AVE,,8,Non-Fatal Injury,,No Control,SMV Unattended Vehicle,Clear,Dark,Dry,Major Arterial,FALSE,-79.42289088,43.69434423,1,,,1,,None,Other Safety Equipment Used,,,,,Parked,,,,,owner,,Toronto-St. Paul's (12),13 Division,Humewood-Cedarvale,TRUE,FALSE,FALSE,FALSE,FALSE,FALSE,FALSE,FALSE,FALSE,FALSE,"{""coordinates"": [[-79.42289088251623, 43.69434422720458]], ""type"": ""MultiPoint""}"
1048,2007:968070,2007-04-17T22:57:00,BATHURST ST,MARKDALE AVE,,8,Non-Fatal Injury,,No Control,SMV Unattended Vehicle,Clear,Dark,Dry,Major Arterial,FALSE,-79.42289088,43.69434423,6,,,8,,None,Other Safety Equipment Used,,,,,,,,,,owner,,Toronto-St. Paul's (12),13 Division,Humewood-Cedarvale,TRUE,FALSE,FALSE,FALSE,FALSE,FALSE,FALSE,FALSE,FALSE,FALSE,"{""coordinates"": [[-79.42289088251623, 43.69434422720458]], ""type"": ""MultiPoint""}"
1049,2007:968070,2007-04-17T22:57:00,BATHURST ST,MARKDALE AVE,,8,Non-Fatal Injury,,No Control,SMV Unattended Vehicle,Clear,Dark,Dry,Major Arterial,FALSE,-79.42289088,43.69434423,5,,,5,24,Minor,Use Unknown,,,,,,,,,,passenger,,Toronto-St. Paul's (12),13 Division,Humewood-Cedarvale,TRUE,FALSE,FALSE,FALSE,FALSE,FALSE,FALSE,FALSE,FALSE,FALSE,"{""coordinates"": [[-79.42289088251623, 43.69434422720458]], ""type"": ""MultiPoint""}"
1050,2007:968070,2007-04-17T22:57:00,BATHURST ST,MARKDALE AVE,,8,Non-Fatal Injury,,No Control,SMV Unattended Vehicle,Clear,Dark,Dry,Major Arterial,FALSE,-79.42289088,43.69434423,5,Automobile or Station Wagon,North,7,24,Major,Use Unknown,Failed to yield right-of-way,Ability Impaired - Alcohol,,,Changing Lanes,,,,,driver,,Toronto-St. Paul's (12),13 Division,Humewood-Cedarvale,TRUE,FALSE,FALSE,FALSE,FALSE,FALSE,FALSE,FALSE,FALSE,FALSE,"{""coordinates"": [[-79.42289088251623, 43.69434422720458]], ""type"": ""MultiPoint""}"
1051,2007:971237,2007-04-28T19:05:00,EGLINTON AVE E,BRIMLEY RD,,4,Non-Fatal Injury,,Traffic Signal,Angle,Clear,Daylight,Dry,Major Arterial,FALSE,-79.24809051,43.73664399,1,,,1,4,Minor,Lap and Shoulder Belt,,,,,,,,,,passenger,,Scarborough Southwest (20),41 Division,Kennedy Park,TRUE,FALSE,FALSE,FALSE,FALSE,FALSE,FALSE,TRUE,TRUE,FALSE,"{""coordinates"": [[-79.24809051282219, 43.73664399042041]], ""type"": ""MultiPoint""}"
1052,2007:968070,2007-04-17T22:57:00,BATHURST ST,MARKDALE AVE,,8,Non-Fatal Injury,,No Control,SMV Unattended Vehicle,Clear,Dark,Dry,Major Arterial,FALSE,-79.42289088,43.69434423,2,Automobile or Station Wagon,South,2,35,Minor,Lap and Shoulder Belt,Driving properly,Normal,,,Going Ahead,,,,,driver,,Toronto-St. Paul's (12),13 Division,Humewood-Cedarvale,TRUE,FALSE,FALSE,FALSE,FALSE,FALSE,FALSE,FALSE,FALSE,FALSE,"{""coordinates"": [[-79.42289088251623, 43.69434422720458]], ""type"": ""MultiPoint""}"
1053,2007:965074,2007-04-18T17:05:00,SHEPPARD Ave W,LAURA Rd,,1,Non-Fatal Injury,,No Control,Approaching Head On,Clear,Daylight,Dry,Major Arterial,FALSE,-79.51899097,43.73804433,2,Automobile or Station Wagon,East,4,30,Major,Other Safety Equipment Used,Failed to yield right-of-way,Normal,,,Overtaking,,,,,driver,,Humber River-Black Creek (7),31 Division,Oakdale-Beverley Heights,TRUE,FALSE,FALSE,FALSE,FALSE,TRUE,FALSE,FALSE,FALSE,FALSE,"{""coordinates"": [[-79.51899096756883, 43.73804433327079]], ""type"": ""MultiPoint""}"
1054,2007:965074,2007-04-18T17:05:00,SHEPPARD Ave W,LAURA Rd,,1,Non-Fatal Injury,,No Control,Approaching Head On,Clear,Daylight,Dry,Major Arterial,FALSE,-79.51899097,43.73804433,1,,,2,30,Minor,Other Safety Equipment Used,,,,,,,,,,passenger,,Humber River-Black Creek (7),31 Division,Oakdale-Beverley Heights,TRUE,FALSE,FALSE,FALSE,FALSE,TRUE,FALSE,FALSE,FALSE,FALSE,"{""coordinates"": [[-79.51899096756883, 43.73804433327079]], ""type"": ""MultiPoint""}"
1055,2007:965074,2007-04-18T17:05:00,SHEPPARD Ave W,LAURA Rd,,1,Non-Fatal Injury,,No Control,Approaching Head On,Clear,Daylight,Dry,Major Arterial,FALSE,-79.51899097,43.73804433,1,,,1,78,Minor,Other Safety Equipment Used,,,,,,,,,,passenger,,Humber River-Black Creek (7),31 Division,Oakdale-Beverley Heights,TRUE,FALSE,FALSE,FALSE,FALSE,TRUE,FALSE,FALSE,FALSE,FALSE,"{""coordinates"": [[-79.51899096756883, 43.73804433327079]], ""type"": ""MultiPoint""}"
1056,2007:965074,2007-04-18T17:05:00,SHEPPARD Ave W,LAURA Rd,,1,Non-Fatal Injury,,No Control,Approaching Head On,Clear,Daylight,Dry,Major Arterial,FALSE,-79.51899097,43.73804433,1,Automobile or Station Wagon,West,3,39,Minor,Other Safety Equipment Used,Driving properly,Normal,,,Going Ahead,,,,,driver,,Humber River-Black Creek (7),31 Division,Oakdale-Beverley Heights,TRUE,FALSE,FALSE,FALSE,FALSE,TRUE,FALSE,FALSE,FALSE,FALSE,"{""coordinates"": [[-79.51899096756883, 43.73804433327079]], ""type"": ""MultiPoint""}"
1057,2007:965365,2007-04-20T14:30:00,KIPLING AVE,NAMCO RD,,2,Non-Fatal Injury,,No Control,SMV Other,Clear,Daylight,Dry,Major Arterial,FALSE,-79.56519108,43.7084444,1,Automobile or Station Wagon,South,2,23,Major,Lap and Shoulder Belt,Lost control,Normal,,,Going Ahead,,,,,driver,,Etobicoke North (1),23 Division,West Humber-Clairville,FALSE,FALSE,FALSE,FALSE,FALSE,FALSE,FALSE,FALSE,FALSE,FALSE,"{""coordinates"": [[-79.56519108114281, 43.7084444018733]], ""type"": ""MultiPoint""}"
1058,2007:965365,2007-04-20T14:30:00,KIPLING AVE,NAMCO RD,,2,Non-Fatal Injury,,No Control,SMV Other,Clear,Daylight,Dry,Major Arterial,FALSE,-79.56519108,43.7084444,1,,,1,,None,Other Safety Equipment Used,,,,,,,,,,owner,,Etobicoke North (1),23 Division,West Humber-Clairville,FALSE,FALSE,FALSE,FALSE,FALSE,FALSE,FALSE,FALSE,FALSE,FALSE,"{""coordinates"": [[-79.56519108114281, 43.7084444018733]], ""type"": ""MultiPoint""}"
1059,2007:969841,2007-04-21T17:41:00,BLOOR ST W,HURON ST,,3,Non-Fatal Injury,At Intersection,Traffic Signal,Turning Movement,Clear,Daylight,Dry,Major Arterial,TRUE,-79.40149089,43.6671442,3,Automobile or Station Wagon,East,3,,None,Other Safety Equipment Used,Failed to yield right-of-way,,,,Turning Left,,,,,driver,,University-Rosedale (11),52 Division,University,TRUE,FALSE,FALSE,TRUE,FALSE,FALSE,FALSE,FALSE,FALSE,FALSE,"{""coordinates"": [[-79.40149088607527, 43.66714420487651]], ""type"": ""MultiPoint""}"
1060,2007:969841,2007-04-21T17:41:00,BLOOR ST W,HURON ST,,3,Non-Fatal Injury,At Intersection,Traffic Signal,Turning Movement,Clear,Daylight,Dry,Major Arterial,TRUE,-79.40149089,43.6671442,1,Automobile or Station Wagon,West,1,26,None,Lap and Shoulder Belt,Driving properly,Normal,,,Going Ahead,,,,,driver,,University-Rosedale (11),52 Division,University,TRUE,FALSE,FALSE,TRUE,FALSE,FALSE,FALSE,FALSE,FALSE,FALSE,"{""coordinates"": [[-79.40149088607527, 43.66714420487651]], ""type"": ""MultiPoint""}"
1061,2007:969841,2007-04-21T17:41:00,BLOOR ST W,HURON ST,,3,Non-Fatal Injury,At Intersection,Traffic Signal,Turning Movement,Clear,Daylight,Dry,Major Arterial,TRUE,-79.40149089,43.6671442,2,Moped,West,2,54,Major,Helmet,Driving properly,Normal,,,Going Ahead,,,,,motorcyclist,,University-Rosedale (11),52 Division,University,TRUE,FALSE,FALSE,TRUE,FALSE,FALSE,FALSE,FALSE,FALSE,FALSE,"{""coordinates"": [[-79.40149088607527, 43.66714420487651]], ""type"": ""MultiPoint""}"
1065,2007:968739,2007-04-22T12:10:00,KEELE ST,JACKSON PL,,5,Non-Fatal Injury,,Stop Sign,Angle,Clear,Daylight,Dry,Major Arterial,FALSE,-79.46489101,43.6663443,1,,,1,,,Other Safety Equipment Used,,,,,,,,,,owner,,Parkdale-High Park (4),11 Division,Junction Area,TRUE,FALSE,FALSE,FALSE,FALSE,FALSE,FALSE,FALSE,FALSE,FALSE,"{""coordinates"": [[-79.46489100855527, 43.66634429666622]], ""type"": ""MultiPoint""}"
1066,2007:968739,2007-04-22T12:10:00,KEELE ST,JACKSON PL,,5,Non-Fatal Injury,,Stop Sign,Angle,Clear,Daylight,Dry,Major Arterial,FALSE,-79.46489101,43.6663443,3,Automobile or Station Wagon,West,5,62,None,Lap and Shoulder Belt,Failed to yield right-of-way,Ability Impaired - Alcohol Over .08,,,Going Ahead,,,,,driver,,Parkdale-High Park (4),11 Division,Junction Area,TRUE,FALSE,FALSE,FALSE,FALSE,FALSE,FALSE,FALSE,FALSE,FALSE,"{""coordinates"": [[-79.46489100855527, 43.66634429666622]], ""type"": ""MultiPoint""}"
1067,2007:968739,2007-04-22T12:10:00,KEELE ST,JACKSON PL,,5,Non-Fatal Injury,,Stop Sign,Angle,Clear,Daylight,Dry,Major Arterial,FALSE,-79.46489101,43.6663443,1,Automobile or Station Wagon,South,2,51,Major,Lap and Shoulder Belt,Driving properly,Normal,,,Going Ahead,,,,,driver,,Parkdale-High Park (4),11 Division,Junction Area,TRUE,FALSE,FALSE,FALSE,FALSE,FALSE,FALSE,FALSE,FALSE,FALSE,"{""coordinates"": [[-79.46489100855527, 43.66634429666622]], ""type"": ""MultiPoint""}"
1068,2007:968739,2007-04-22T12:10:00,KEELE ST,JACKSON PL,,5,Non-Fatal Injury,,Stop Sign,Angle,Clear,Daylight,Dry,Major Arterial,FALSE,-79.46489101,43.6663443,2,,,3,20,Minimal,Lap and Shoulder Belt,,,,,,,,,,passenger,,Parkdale-High Park (4),11 Division,Junction Area,TRUE,FALSE,FALSE,FALSE,FALSE,FALSE,FALSE,FALSE,FALSE,FALSE,"{""coordinates"": [[-79.46489100855527, 43.66634429666622]], ""type"": ""MultiPoint""}"
1069,2007:968739,2007-04-22T12:10:00,KEELE ST,JACKSON PL,,5,Non-Fatal Injury,,Stop Sign,Angle,Clear,Daylight,Dry,Major Arterial,FALSE,-79.46489101,43.6663443,2,Automobile or Station Wagon,South,4,50,None,Lap and Shoulder Belt,Driving properly,Normal,,,Going Ahead,,,,,driver,,Parkdale-High Park (4),11 Division,Junction Area,TRUE,FALSE,FALSE,FALSE,FALSE,FALSE,FALSE,FALSE,FALSE,FALSE,"{""coordinates"": [[-79.46489100855527, 43.66634429666622]], ""type"": ""MultiPoint""}"
1070,2007:971237,2007-04-28T19:05:00,EGLINTON AVE E,BRIMLEY RD,,4,Non-Fatal Injury,,Traffic Signal,Angle,Clear,Daylight,Dry,Major Arterial,FALSE,-79.24809051,43.73664399,1,Automobile or Station Wagon,East,3,46,Major,Lap and Shoulder Belt,Driving properly,Normal,,,Going Ahead,,,,,driver,,Scarborough Southwest (20),41 Division,Kennedy Park,TRUE,FALSE,FALSE,FALSE,FALSE,FALSE,FALSE,TRUE,TRUE,FALSE,"{""coordinates"": [[-79.24809051282219, 43.73664399042041]], ""type"": ""MultiPoint""}"
1071,2007:971237,2007-04-28T19:05:00,EGLINTON AVE E,BRIMLEY RD,,4,Non-Fatal Injury,,Traffic Signal,Angle,Clear,Daylight,Dry,Major Arterial,FALSE,-79.24809051,43.73664399,2,Automobile or Station Wagon,South,4,18,Minor,Lap and Shoulder Belt,Disobeyed traffic control,Normal,,,Going Ahead,,,,,driver,,Scarborough Southwest (20),41 Division,Kennedy Park,TRUE,FALSE,FALSE,FALSE,FALSE,FALSE,FALSE,TRUE,TRUE,FALSE,"{""coordinates"": [[-79.24809051282219, 43.73664399042041]], ""type"": ""MultiPoint""}"
1072,2007:971237,2007-04-28T19:05:00,EGLINTON AVE E,BRIMLEY RD,,4,Non-Fatal Injury,,Traffic Signal,Angle,Clear,Daylight,Dry,Major Arterial,FALSE,-79.24809051,43.73664399,1,,,2,14,Minor,Lap and Shoulder Belt,,,,,,,,,,passenger,,Scarborough Southwest (20),41 Division,Kennedy Park,TRUE,FALSE,FALSE,FALSE,FALSE,FALSE,FALSE,TRUE,TRUE,FALSE,"{""coordinates"": [[-79.24809051282219, 43.73664399042041]], ""type"": ""MultiPoint""}"
1073,2007:971246,2007-04-29T15:20:00,DANFORTH AVE,GILLARD AVE,,2,Non-Fatal Injury,,Traffic Signal,Rear End,Clear,Daylight,Dry,Major Arterial,FALSE,-79.32829073,43.6823441,1,Automobile or Station Wagon,West,1,47,None,Lap and Shoulder Belt,Driving properly,Normal,,,Stopped,,,,,driver,,Toronto-Danforth (14),55 Division,Greenwood-Coxwell,TRUE,FALSE,FALSE,TRUE,FALSE,FALSE,FALSE,FALSE,FALSE,FALSE,"{""coordinates"": [[-79.32829072532094, 43.68234409784691]], ""type"": ""MultiPoint""}"
1074,2007:971246,2007-04-29T15:20:00,DANFORTH AVE,GILLARD AVE,,2,Non-Fatal Injury,,Traffic Signal,Rear End,Clear,Daylight,Dry,Major Arterial,FALSE,-79.32829073,43.6823441,2,Motorcycle,West,2,46,Major,Helmet,Following too closely,Normal,,,Going Ahead,,,,,motorcyclist,,Toronto-Danforth (14),55 Division,Greenwood-Coxwell,TRUE,FALSE,FALSE,TRUE,FALSE,FALSE,FALSE,FALSE,FALSE,FALSE,"{""coordinates"": [[-79.32829072532094, 43.68234409784691]], ""type"": ""MultiPoint""}"
1075,2007:969857,2007-04-30T18:41:00,MARLEE AVE,WHITMORE AVE,,3,Non-Fatal Injury,At Intersection,Stop Sign,Turning Movement,Clear,Daylight,Dry,Minor Arterial,FALSE,-79.4400909,43.69994425,1,Motorcycle,North,2,21,Major,Helmet,Exceeding speed limit,Normal,,,Going Ahead,,,,,motorcyclist,,Eglinton-Lawrence (8),13 Division,Briar Hill-Belgravia,TRUE,FALSE,FALSE,TRUE,FALSE,FALSE,FALSE,FALSE,FALSE,FALSE,"{""coordinates"": [[-79.4400909046985, 43.69994424894687]], ""type"": ""MultiPoint""}"
1076,2007:969857,2007-04-30T18:41:00,MARLEE AVE,WHITMORE AVE,,3,Non-Fatal Injury,At Intersection,Stop Sign,Turning Movement,Clear,Daylight,Dry,Minor Arterial,FALSE,-79.4400909,43.69994425,2,Automobile or Station Wagon,West,3,45,Minor,Lap and Shoulder Belt,Failed to yield right-of-way,Normal,,,Turning Left,,,,,driver,,Eglinton-Lawrence (8),13 Division,Briar Hill-Belgravia,TRUE,FALSE,FALSE,TRUE,FALSE,FALSE,FALSE,FALSE,FALSE,FALSE,"{""coordinates"": [[-79.4400909046985, 43.69994424894687]], ""type"": ""MultiPoint""}"
1077,2007:969857,2007-04-30T18:41:00,MARLEE AVE,WHITMORE AVE,,3,Non-Fatal Injury,At Intersection,Stop Sign,Turning Movement,Clear,Daylight,Dry,Minor Arterial,FALSE,-79.4400909,43.69994425,1,,,1,,None,Other Safety Equipment Used,,,,,,,,,,owner,,Eglinton-Lawrence (8),13 Division,Briar Hill-Belgravia,TRUE,FALSE,FALSE,TRUE,FALSE,FALSE,FALSE,FALSE,FALSE,FALSE,"{""coordinates"": [[-79.4400909046985, 43.69994424894687]], ""type"": ""MultiPoint""}"
1078,2007:969872,2007-05-01T21:08:00,LAWRENCE AVE W,BRUCEWOOD CRES,,4,Non-Fatal Injury,At Intersection,Traffic Signal,Turning Movement,Clear,Dark,Wet,Major Arterial,FALSE,-79.43299086,43.71844423,2,,,3,19,Major,Lap and Shoulder Belt,,,,,,,,,,passenger,,Eglinton-Lawrence (8),13 Division,Englemount-Lawrence,FALSE,FALSE,FALSE,FALSE,FALSE,FALSE,FALSE,FALSE,TRUE,FALSE,"{""coordinates"": [[-79.4329908610443, 43.71844423300071]], ""type"": ""MultiPoint""}"
1079,2007:969872,2007-05-01T21:08:00,LAWRENCE AVE W,BRUCEWOOD CRES,,4,Non-Fatal Injury,At Intersection,Traffic Signal,Turning Movement,Clear,Dark,Wet,Major Arterial,FALSE,-79.43299086,43.71844423,1,Automobile or Station Wagon,West,2,24,Minor,Lap and Shoulder Belt,Driving properly,Normal,,,Going Ahead,,,,,driver,,Eglinton-Lawrence (8),13 Division,Englemount-Lawrence,FALSE,FALSE,FALSE,FALSE,FALSE,FALSE,FALSE,FALSE,TRUE,FALSE,"{""coordinates"": [[-79.4329908610443, 43.71844423300071]], ""type"": ""MultiPoint""}"
1080,2007:969872,2007-05-01T21:08:00,LAWRENCE AVE W,BRUCEWOOD CRES,,4,Non-Fatal Injury,At Intersection,Traffic Signal,Turning Movement,Clear,Dark,Wet,Major Arterial,FALSE,-79.43299086,43.71844423,2,Automobile or Station Wagon,East,4,23,Minor,Lap and Shoulder Belt,Improper turn,Normal,,,Turning Left,,,,,driver,,Eglinton-Lawrence (8),13 Division,Englemount-Lawrence,FALSE,FALSE,FALSE,FALSE,FALSE,FALSE,FALSE,FALSE,TRUE,FALSE,"{""coordinates"": [[-79.4329908610443, 43.71844423300071]], ""type"": ""MultiPoint""}"
1081,2007:969872,2007-05-01T21:08:00,LAWRENCE AVE W,BRUCEWOOD CRES,,4,Non-Fatal Injury,At Intersection,Traffic Signal,Turning Movement,Clear,Dark,Wet,Major Arterial,FALSE,-79.43299086,43.71844423,1,,,1,21,Minor,Lap and Shoulder Belt,,,,,,,,,,passenger,,Eglinton-Lawrence (8),13 Division,Englemount-Lawrence,FALSE,FALSE,FALSE,FALSE,FALSE,FALSE,FALSE,FALSE,TRUE,FALSE,"{""coordinates"": [[-79.4329908610443, 43.71844423300071]], ""type"": ""MultiPoint""}"
1082,2007:967864,2007-05-06T16:15:00,QUEEN ST E,CARLAW AVE,,3,Non-Fatal Injury,At Intersection,Traffic Signal,Turning Movement,Clear,Daylight,Dry,Minor Arterial,FALSE,-79.34009078,43.66104412,2,Automobile or Station Wagon,West,3,54,None,Lap and Shoulder Belt,Improper turn,Normal,,,Turning Left,,,,,driver,,Toronto-Danforth (14),55 Division,South Riverdale,FALSE,FALSE,FALSE,TRUE,FALSE,FALSE,FALSE,FALSE,TRUE,FALSE,"{""coordinates"": [[-79.34009077741571, 43.66104411704333]], ""type"": ""MultiPoint""}"
1083,2007:967864,2007-05-06T16:15:00,QUEEN ST E,CARLAW AVE,,3,Non-Fatal Injury,At Intersection,Traffic Signal,Turning Movement,Clear,Daylight,Dry,Minor Arterial,FALSE,-79.34009078,43.66104412,2,,,2,15,None,Lap and Shoulder Belt,,,,,,,,,,passenger,,Toronto-Danforth (14),55 Division,South Riverdale,FALSE,FALSE,FALSE,TRUE,FALSE,FALSE,FALSE,FALSE,TRUE,FALSE,"{""coordinates"": [[-79.34009077741571, 43.66104411704333]], ""type"": ""MultiPoint""}"
1084,2007:967864,2007-05-06T16:15:00,QUEEN ST E,CARLAW AVE,,3,Non-Fatal Injury,At Intersection,Traffic Signal,Turning Movement,Clear,Daylight,Dry,Minor Arterial,FALSE,-79.34009078,43.66104412,1,Motorcycle,East,1,25,Major,Other Safety Equipment Used,Driving properly,Normal,,,Going Ahead,,,,,motorcyclist,,Toronto-Danforth (14),55 Division,South Riverdale,FALSE,FALSE,FALSE,TRUE,FALSE,FALSE,FALSE,FALSE,TRUE,FALSE,"{""coordinates"": [[-79.34009077741571, 43.66104411704333]], ""type"": ""MultiPoint""}"
1085,2007:968131,2007-05-07T06:45:00,330 PROGRESS AVE,,,5,Non-Fatal Injury,,No Control,Rear End,Clear,Daylight,Dry,Minor Arterial,FALSE,-79.26839051,43.77394402,2,,,4,,None,Other Safety Equipment Used,,,,,,,,,,owner,,Scarborough Centre (21),41 Division,Bendale-Glen Andrew,FALSE,FALSE,FALSE,FALSE,FALSE,FALSE,FALSE,FALSE,FALSE,FALSE,"{""coordinates"": [[-79.26839051096196, 43.77394401969591]], ""type"": ""MultiPoint""}"
1086,2007:968131,2007-05-07T06:45:00,330 PROGRESS AVE,,,5,Non-Fatal Injury,,No Control,Rear End,Clear,Daylight,Dry,Minor Arterial,FALSE,-79.26839051,43.77394402,1,,,2,45,Minor,Other Safety Equipment Used,,,,,,,,,,passenger,,Scarborough Centre (21),41 Division,Bendale-Glen Andrew,FALSE,FALSE,FALSE,FALSE,FALSE,FALSE,FALSE,FALSE,FALSE,FALSE,"{""coordinates"": [[-79.26839051096196, 43.77394401969591]], ""type"": ""MultiPoint""}"
1087,2007:968131,2007-05-07T06:45:00,330 PROGRESS AVE,,,5,Non-Fatal Injury,,No Control,Rear End,Clear,Daylight,Dry,Minor Arterial,FALSE,-79.26839051,43.77394402,1,Automobile or Station Wagon,East,3,41,Minor,Other Safety Equipment Used,Driving properly,Normal,,,Stopped,,,,,driver,,Scarborough Centre (21),41 Division,Bendale-Glen Andrew,FALSE,FALSE,FALSE,FALSE,FALSE,FALSE,FALSE,FALSE,FALSE,FALSE,"{""coordinates"": [[-79.26839051096196, 43.77394401969591]], ""type"": ""MultiPoint""}"
1088,2007:968131,2007-05-07T06:45:00,330 PROGRESS AVE,,,5,Non-Fatal Injury,,No Control,Rear End,Clear,Daylight,Dry,Minor Arterial,FALSE,-79.26839051,43.77394402,2,Automobile or Station Wagon,East,5,26,Major,Other Safety Equipment Used,Lost control,Ability Impaired - Alcohol,,,Going Ahead,,,,,driver,,Scarborough Centre (21),41 Division,Bendale-Glen Andrew,FALSE,FALSE,FALSE,FALSE,FALSE,FALSE,FALSE,FALSE,FALSE,FALSE,"{""coordinates"": [[-79.26839051096196, 43.77394401969591]], ""type"": ""MultiPoint""}"
1089,2007:968131,2007-05-07T06:45:00,330 PROGRESS AVE,,,5,Non-Fatal Injury,,No Control,Rear End,Clear,Daylight,Dry,Minor Arterial,FALSE,-79.26839051,43.77394402,1,,,1,,None,Other Safety Equipment Used,,,,,,,,,,owner,,Scarborough Centre (21),41 Division,Bendale-Glen Andrew,FALSE,FALSE,FALSE,FALSE,FALSE,FALSE,FALSE,FALSE,FALSE,FALSE,"{""coordinates"": [[-79.26839051096196, 43.77394401969591]], ""type"": ""MultiPoint""}"
1090,2007:970485,2007-05-07T23:00:00,BIRCHMOUNT RD,MACK AVE,,8,Non-Fatal Injury,At Intersection,Stop Sign,Turning Movement,Clear,Dark,Dry,Minor Arterial,FALSE,-79.26589059,43.70154401,2,,,7,18,Minor,Lap and Shoulder Belt,,,,,,,,,,passenger,,Scarborough Southwest (20),41 Division,Clairlea-Birchmount,FALSE,FALSE,FALSE,FALSE,FALSE,FALSE,FALSE,FALSE,TRUE,FALSE,"{""coordinates"": [[-79.26589058545953, 43.70154401101005]], ""type"": ""MultiPoint""}"
1091,2007:970485,2007-05-07T23:00:00,BIRCHMOUNT RD,MACK AVE,,8,Non-Fatal Injury,At Intersection,Stop Sign,Turning Movement,Clear,Dark,Dry,Minor Arterial,FALSE,-79.26589059,43.70154401,2,,,6,17,Major,Lap and Shoulder Belt,,,,,,,,,,passenger,,Scarborough Southwest (20),41 Division,Clairlea-Birchmount,FALSE,FALSE,FALSE,FALSE,FALSE,FALSE,FALSE,FALSE,TRUE,FALSE,"{""coordinates"": [[-79.26589058545953, 43.70154401101005]], ""type"": ""MultiPoint""}"
1092,2007:970485,2007-05-07T23:00:00,BIRCHMOUNT RD,MACK AVE,,8,Non-Fatal Injury,At Intersection,Stop Sign,Turning Movement,Clear,Dark,Dry,Minor Arterial,FALSE,-79.26589059,43.70154401,2,,,5,17,Minimal,Lap and Shoulder Belt,,,,,,,,,,passenger,,Scarborough Southwest (20),41 Division,Clairlea-Birchmount,FALSE,FALSE,FALSE,FALSE,FALSE,FALSE,FALSE,FALSE,TRUE,FALSE,"{""coordinates"": [[-79.26589058545953, 43.70154401101005]], ""type"": ""MultiPoint""}"
1093,2007:970485,2007-05-07T23:00:00,BIRCHMOUNT RD,MACK AVE,,8,Non-Fatal Injury,At Intersection,Stop Sign,Turning Movement,Clear,Dark,Dry,Minor Arterial,FALSE,-79.26589059,43.70154401,1,Automobile or Station Wagon,South,2,42,Minimal,Lap and Shoulder Belt,Driving properly,Normal,,,Going Ahead,,,,,driver,,Scarborough Southwest (20),41 Division,Clairlea-Birchmount,FALSE,FALSE,FALSE,FALSE,FALSE,FALSE,FALSE,FALSE,TRUE,FALSE,"{""coordinates"": [[-79.26589058545953, 43.70154401101005]], ""type"": ""MultiPoint""}"
1094,2007:970485,2007-05-07T23:00:00,BIRCHMOUNT RD,MACK AVE,,8,Non-Fatal Injury,At Intersection,Stop Sign,Turning Movement,Clear,Dark,Dry,Minor Arterial,FALSE,-79.26589059,43.70154401,2,,,4,17,Minimal,Lap and Shoulder Belt,,,,,,,,,,passenger,,Scarborough Southwest (20),41 Division,Clairlea-Birchmount,FALSE,FALSE,FALSE,FALSE,FALSE,FALSE,FALSE,FALSE,TRUE,FALSE,"{""coordinates"": [[-79.26589058545953, 43.70154401101005]], ""type"": ""MultiPoint""}"