_id,collision_id,accdate,stname1,stname2,stname3,per_inv,acclass,accloc,traffictl,impactype,visible,light,rdsfcond,road_class,failtorem,longitude,latitude,veh_no,vehtype,initdir,per_no,invage,injury,safequip,drivact,drivcond,pedact,pedcond,manoeuvre,pedtype,cyclistype,cycact,cyccond,road_user,fatal_no,wardname,division,neighbourhood,aggressive,distracted,cyclist,motorcyclist,other_micromobility,older_adult,pedestrian,red_light,school_child,heavy_truck,geometry
1377,2007:990178,2007-08-17T09:28:00,LAWRENCE Aven E,CENTENNIAL Road,,2,Non-Fatal Injury,At Intersection,Traffic Signal,Angle,Clear,Daylight,Dry,Minor Arterial,FALSE,-79.14659034,43.7773439,1,Automobile or Station Wagon,West,1,43,Minor,Lap and Shoulder Belt,Disobeyed traffic control,Normal,,,Going Ahead,,,,,driver,,Scarborough-Rouge Park (25),43 Division,Centennial Scarborough,TRUE,FALSE,FALSE,FALSE,FALSE,FALSE,FALSE,TRUE,FALSE,FALSE,"{""coordinates"": [[-79.14659033736496, 43.777343895590825]], ""type"": ""MultiPoint""}"
1378,2007:990139,2007-08-17T14:25:00,OSSINGTON Aven,LEEDS Stre,,6,Non-Fatal Injury,,Pedestrian Crossover,Rear End,Clear,Daylight,Dry,Minor Arterial,FALSE,-79.42649094,43.66404424,2,Automobile or Station Wagon,North,4,38,None,Other Safety Equipment Used,Other,Normal,,,Stopped,,,,,driver,,University-Rosedale (11),14 Division,Dovercourt Village,TRUE,TRUE,FALSE,FALSE,FALSE,FALSE,FALSE,FALSE,FALSE,TRUE,"{""coordinates"": [[-79.42649093891451, 43.66404424194094]], ""type"": ""MultiPoint""}"
1379,2007:990139,2007-08-17T14:25:00,OSSINGTON Aven,LEEDS Stre,,6,Non-Fatal Injury,,Pedestrian Crossover,Rear End,Clear,Daylight,Dry,Minor Arterial,FALSE,-79.42649094,43.66404424,1,,,1,,None,Other Safety Equipment Used,,,,,,,,,,owner,,University-Rosedale (11),14 Division,Dovercourt Village,TRUE,TRUE,FALSE,FALSE,FALSE,FALSE,FALSE,FALSE,FALSE,TRUE,"{""coordinates"": [[-79.42649093891451, 43.66404424194094]], ""type"": ""MultiPoint""}"
1380,2007:990139,2007-08-17T14:25:00,OSSINGTON Aven,LEEDS Stre,,6,Non-Fatal Injury,,Pedestrian Crossover,Rear End,Clear,Daylight,Dry,Minor Arterial,FALSE,-79.42649094,43.66404424,3,Municipal Transit Bus (TTC),North,6,45,None,Use Unknown,Other,Normal,,,Stopped,,,,,driver,,University-Rosedale (11),14 Division,Dovercourt Village,TRUE,TRUE,FALSE,FALSE,FALSE,FALSE,FALSE,FALSE,FALSE,TRUE,"{""coordinates"": [[-79.42649093891451, 43.66404424194094]], ""type"": ""MultiPoint""}"
1381,2007:990139,2007-08-17T14:25:00,OSSINGTON Aven,LEEDS Stre,,6,Non-Fatal Injury,,Pedestrian Crossover,Rear End,Clear,Daylight,Dry,Minor Arterial,FALSE,-79.42649094,43.66404424,2,,,3,,None,Other Safety Equipment Used,,,,,,,,,,owner,,University-Rosedale (11),14 Division,Dovercourt Village,TRUE,TRUE,FALSE,FALSE,FALSE,FALSE,FALSE,FALSE,FALSE,TRUE,"{""coordinates"": [[-79.42649093891451, 43.66404424194094]], ""type"": ""MultiPoint""}"
1382,2007:990139,2007-08-17T14:25:00,OSSINGTON Aven,LEEDS Stre,,6,Non-Fatal Injury,,Pedestrian Crossover,Rear End,Clear,Daylight,Dry,Minor Arterial,FALSE,-79.42649094,43.66404424,1,Automobile or Station Wagon,North,2,49,Major,Air Bag Deployed,Following too closely,Inattentive,,,Going Ahead,,,,,driver,,University-Rosedale (11),14 Division,Dovercourt Village,TRUE,TRUE,FALSE,FALSE,FALSE,FALSE,FALSE,FALSE,FALSE,TRUE,"{""coordinates"": [[-79.42649093891451, 43.66404424194094]], ""type"": ""MultiPoint""}"
1383,2007:990139,2007-08-17T14:25:00,OSSINGTON Aven,LEEDS Stre,,6,Non-Fatal Injury,,Pedestrian Crossover,Rear End,Clear,Daylight,Dry,Minor Arterial,FALSE,-79.42649094,43.66404424,3,,,5,,None,Other Safety Equipment Used,,,,,,,,,,owner,,University-Rosedale (11),14 Division,Dovercourt Village,TRUE,TRUE,FALSE,FALSE,FALSE,FALSE,FALSE,FALSE,FALSE,TRUE,"{""coordinates"": [[-79.42649093891451, 43.66404424194094]], ""type"": ""MultiPoint""}"
1384,2007:991252,2007-08-22T12:04:00,ST CLAIR AVE W,CALEDONIA RD,,2,Non-Fatal Injury,,Traffic Signal,Rear End,Clear,Daylight,Dry,Major Arterial,FALSE,-79.45479097,43.67534428,2,Automobile or Station Wagon,West,2,44,Major,Lap and Shoulder Belt,Driving properly,Normal,,,Stopped,,,,,driver,,Davenport (9),13 Division,Corso Italia-Davenport,TRUE,FALSE,FALSE,FALSE,FALSE,TRUE,FALSE,FALSE,FALSE,FALSE,"{""coordinates"": [[-79.45479097377017, 43.675344278583054]], ""type"": ""MultiPoint""}"
1385,2007:991252,2007-08-22T12:04:00,ST CLAIR AVE W,CALEDONIA RD,,2,Non-Fatal Injury,,Traffic Signal,Rear End,Clear,Daylight,Dry,Major Arterial,FALSE,-79.45479097,43.67534428,1,Automobile or Station Wagon,West,1,92,None,Lap and Shoulder Belt,Following too closely,Normal,,,Slowing or Stopping,,,,,driver,,Davenport (9),13 Division,Corso Italia-Davenport,TRUE,FALSE,FALSE,FALSE,FALSE,TRUE,FALSE,FALSE,FALSE,FALSE,"{""coordinates"": [[-79.45479097377017, 43.675344278583054]], ""type"": ""MultiPoint""}"
1386,2007:991193,2007-08-23T19:39:00,26 GLEN EVEREST RD,,,3,Non-Fatal Injury,,No Control,SMV Other,Clear,Daylight,Dry,Local,FALSE,-79.25329056,43.70034399,1,,,1,,None,Other Safety Equipment Used,,,,,,,,,,owner,,Scarborough Southwest (20),41 Division,Birchcliffe-Cliffside,FALSE,FALSE,FALSE,FALSE,FALSE,FALSE,FALSE,FALSE,FALSE,FALSE,"{""coordinates"": [[-79.25329056397514, 43.700343993744745]], ""type"": ""MultiPoint""}"
1387,2007:991193,2007-08-23T19:39:00,26 GLEN EVEREST RD,,,3,Non-Fatal Injury,,No Control,SMV Other,Clear,Daylight,Dry,Local,FALSE,-79.25329056,43.70034399,1,,,2,,None,Other Safety Equipment Used,,,,,,,,,,other,,Scarborough Southwest (20),41 Division,Birchcliffe-Cliffside,FALSE,FALSE,FALSE,FALSE,FALSE,FALSE,FALSE,FALSE,FALSE,FALSE,"{""coordinates"": [[-79.25329056397514, 43.700343993744745]], ""type"": ""MultiPoint""}"
1388,2007:991193,2007-08-23T19:39:00,26 GLEN EVEREST RD,,,3,Non-Fatal Injury,,No Control,SMV Other,Clear,Daylight,Dry,Local,FALSE,-79.25329056,43.70034399,2,,North,3,58,Major,Other Safety Equipment Used,Other,Normal,,,Reversing,,,,,driver,,Scarborough Southwest (20),41 Division,Birchcliffe-Cliffside,FALSE,FALSE,FALSE,FALSE,FALSE,FALSE,FALSE,FALSE,FALSE,FALSE,"{""coordinates"": [[-79.25329056397514, 43.700343993744745]], ""type"": ""MultiPoint""}"
1389,2007:986950,2007-08-28T07:14:00,BISHOP Aven,YONGE Stre,,6,Non-Fatal Injury,,Traffic Signal,Sideswipe,Clear,Daylight,Dry,Major Arterial,FALSE,-79.41599074,43.7816442,4,Automobile or Station Wagon,,6,89,Major,Other Safety Equipment Used,,,,,Going Ahead,,,,,driver,,Willowdale (18),32 Division,Newtonbrook East,FALSE,FALSE,FALSE,FALSE,FALSE,TRUE,FALSE,FALSE,FALSE,FALSE,"{""coordinates"": [[-79.4159907447665, 43.78164419740722]], ""type"": ""MultiPoint""}"
1390,2007:986950,2007-08-28T07:14:00,BISHOP Aven,YONGE Stre,,6,Non-Fatal Injury,,Traffic Signal,Sideswipe,Clear,Daylight,Dry,Major Arterial,FALSE,-79.41599074,43.7816442,1,,,1,,None,Other Safety Equipment Used,,,,,Other,,,,,owner,,Willowdale (18),32 Division,Newtonbrook East,FALSE,FALSE,FALSE,FALSE,FALSE,TRUE,FALSE,FALSE,FALSE,FALSE,"{""coordinates"": [[-79.4159907447665, 43.78164419740722]], ""type"": ""MultiPoint""}"
1391,2007:986950,2007-08-28T07:14:00,BISHOP Aven,YONGE Stre,,6,Non-Fatal Injury,,Traffic Signal,Sideswipe,Clear,Daylight,Dry,Major Arterial,FALSE,-79.41599074,43.7816442,1,Automobile or Station Wagon,,2,55,None,Other Safety Equipment Used,,,,,Stopped,,,,,driver,,Willowdale (18),32 Division,Newtonbrook East,FALSE,FALSE,FALSE,FALSE,FALSE,TRUE,FALSE,FALSE,FALSE,FALSE,"{""coordinates"": [[-79.4159907447665, 43.78164419740722]], ""type"": ""MultiPoint""}"
1392,2007:986950,2007-08-28T07:14:00,BISHOP Aven,YONGE Stre,,6,Non-Fatal Injury,,Traffic Signal,Sideswipe,Clear,Daylight,Dry,Major Arterial,FALSE,-79.41599074,43.7816442,2,Automobile or Station Wagon,,3,36,None,Other Safety Equipment Used,,,,,Parked,,,,,driver,,Willowdale (18),32 Division,Newtonbrook East,FALSE,FALSE,FALSE,FALSE,FALSE,TRUE,FALSE,FALSE,FALSE,FALSE,"{""coordinates"": [[-79.4159907447665, 43.78164419740722]], ""type"": ""MultiPoint""}"
1393,2007:986950,2007-08-28T07:14:00,BISHOP Aven,YONGE Stre,,6,Non-Fatal Injury,,Traffic Signal,Sideswipe,Clear,Daylight,Dry,Major Arterial,FALSE,-79.41599074,43.7816442,3,Automobile or Station Wagon,,5,59,None,Other Safety Equipment Used,,,,,Stopped,,,,,driver,,Willowdale (18),32 Division,Newtonbrook East,FALSE,FALSE,FALSE,FALSE,FALSE,TRUE,FALSE,FALSE,FALSE,FALSE,"{""coordinates"": [[-79.4159907447665, 43.78164419740722]], ""type"": ""MultiPoint""}"
1394,2007:986950,2007-08-28T07:14:00,BISHOP Aven,YONGE Stre,,6,Non-Fatal Injury,,Traffic Signal,Sideswipe,Clear,Daylight,Dry,Major Arterial,FALSE,-79.41599074,43.7816442,3,,,4,,None,Other Safety Equipment Used,,,,,Other,,,,,owner,,Willowdale (18),32 Division,Newtonbrook East,FALSE,FALSE,FALSE,FALSE,FALSE,TRUE,FALSE,FALSE,FALSE,FALSE,"{""coordinates"": [[-79.4159907447665, 43.78164419740722]], ""type"": ""MultiPoint""}"
1395,2007:986957,2007-08-28T20:27:00,371 ORTON PARK Rd,,,2,Non-Fatal Injury,,No Control,Sideswipe,Clear,Dark,Dry,Other,FALSE,-79.21469043,43.77864396,1,Motorcycle,North,1,,None,Other Safety Equipment Used,Other,Unknown,,,Going Ahead,,,,,motorcyclist,,Scarborough-Guildwood (24),43 Division,Morningside,FALSE,FALSE,FALSE,TRUE,FALSE,FALSE,FALSE,FALSE,FALSE,FALSE,"{""coordinates"": [[-79.21469042904002, 43.778643963290094]], ""type"": ""MultiPoint""}"
1396,2007:986957,2007-08-28T20:27:00,371 ORTON PARK Rd,,,2,Non-Fatal Injury,,No Control,Sideswipe,Clear,Dark,Dry,Other,FALSE,-79.21469043,43.77864396,1,Motorcycle,North,2,59,Major,Other Safety Equipment Used,Other,Unknown,,,Going Ahead,,,,,motorcyclist,,Scarborough-Guildwood (24),43 Division,Morningside,FALSE,FALSE,FALSE,TRUE,FALSE,FALSE,FALSE,FALSE,FALSE,FALSE,"{""coordinates"": [[-79.21469042904002, 43.778643963290094]], ""type"": ""MultiPoint""}"
1398,2007:995439,2007-08-31T11:29:00,227 EGLINTON AVE W,,,3,Non-Fatal Injury,,No Control,Angle,Clear,Daylight,Dry,Major Arterial,FALSE,-79.40559083,43.7052442,2,,,2,,None,Other Safety Equipment Used,,,,,,,,,,owner,,Eglinton-Lawrence (8),53 Division,Yonge-Eglinton,FALSE,FALSE,FALSE,FALSE,FALSE,FALSE,FALSE,FALSE,FALSE,FALSE,"{""coordinates"": [[-79.40559083344718, 43.70524420035622]], ""type"": ""MultiPoint""}"
1399,2007:995439,2007-08-31T11:29:00,227 EGLINTON AVE W,,,3,Non-Fatal Injury,,No Control,Angle,Clear,Daylight,Dry,Major Arterial,FALSE,-79.40559083,43.7052442,2,Automobile or Station Wagon,North,3,43,Major,Lap and Shoulder Belt,Driving properly,Normal,,,Going Ahead,,,,,driver,,Eglinton-Lawrence (8),53 Division,Yonge-Eglinton,FALSE,FALSE,FALSE,FALSE,FALSE,FALSE,FALSE,FALSE,FALSE,FALSE,"{""coordinates"": [[-79.40559083344718, 43.70524420035622]], ""type"": ""MultiPoint""}"
1400,2007:995439,2007-08-31T11:29:00,227 EGLINTON AVE W,,,3,Non-Fatal Injury,,No Control,Angle,Clear,Daylight,Dry,Major Arterial,FALSE,-79.40559083,43.7052442,1,Automobile or Station Wagon,East,1,40,Minor,Lap and Shoulder Belt,Other,Normal,,,Going Ahead,,,,,driver,,Eglinton-Lawrence (8),53 Division,Yonge-Eglinton,FALSE,FALSE,FALSE,FALSE,FALSE,FALSE,FALSE,FALSE,FALSE,FALSE,"{""coordinates"": [[-79.40559083344718, 43.70524420035622]], ""type"": ""MultiPoint""}"
1401,2007:987443,2007-08-31T14:09:00,EGLINTON AVE W,MARTIN GROVE RD,,14,Non-Fatal Injury,,Traffic Signal,Turning Movement,Clear,Daylight,Dry,Major Arterial,FALSE,-79.56319114,43.67444442,5,Automobile or Station Wagon,East,11,30,None,Other Safety Equipment Used,Driving properly,Normal,,,Turning Left,,,,,driver,,Etobicoke Centre (2),22 Division,Eringate-Centennial-West Deane,FALSE,FALSE,FALSE,FALSE,FALSE,TRUE,FALSE,FALSE,FALSE,TRUE,"{""coordinates"": [[-79.56319114225505, 43.67444441886804]], ""type"": ""MultiPoint""}"
1402,2007:987443,2007-08-31T14:09:00,EGLINTON AVE W,MARTIN GROVE RD,,14,Non-Fatal Injury,,Traffic Signal,Turning Movement,Clear,Daylight,Dry,Major Arterial,FALSE,-79.56319114,43.67444442,4,,,8,,None,Other Safety Equipment Used,,,,,,,,,,owner,,Etobicoke Centre (2),22 Division,Eringate-Centennial-West Deane,FALSE,FALSE,FALSE,FALSE,FALSE,TRUE,FALSE,FALSE,FALSE,TRUE,"{""coordinates"": [[-79.56319114225505, 43.67444441886804]], ""type"": ""MultiPoint""}"
1403,2007:987443,2007-08-31T14:09:00,EGLINTON AVE W,MARTIN GROVE RD,,14,Non-Fatal Injury,,Traffic Signal,Turning Movement,Clear,Daylight,Dry,Major Arterial,FALSE,-79.56319114,43.67444442,1,Truck - Open (Flatbed),West,1,49,None,Other Safety Equipment Used,Driving properly,Normal,,,Slowing or Stopping,,,,,driver,,Etobicoke Centre (2),22 Division,Eringate-Centennial-West Deane,FALSE,FALSE,FALSE,FALSE,FALSE,TRUE,FALSE,FALSE,FALSE,TRUE,"{""coordinates"": [[-79.56319114225505, 43.67444441886804]], ""type"": ""MultiPoint""}"
1404,2007:987443,2007-08-31T14:09:00,EGLINTON AVE W,MARTIN GROVE RD,,14,Non-Fatal Injury,,Traffic Signal,Turning Movement,Clear,Daylight,Dry,Major Arterial,FALSE,-79.56319114,43.67444442,4,Automobile or Station Wagon,East,9,27,None,Other Safety Equipment Used,Driving properly,Normal,,,Turning Left,,,,,driver,,Etobicoke Centre (2),22 Division,Eringate-Centennial-West Deane,FALSE,FALSE,FALSE,FALSE,FALSE,TRUE,FALSE,FALSE,FALSE,TRUE,"{""coordinates"": [[-79.56319114225505, 43.67444441886804]], ""type"": ""MultiPoint""}"
1405,2007:987443,2007-08-31T14:09:00,EGLINTON AVE W,MARTIN GROVE RD,,14,Non-Fatal Injury,,Traffic Signal,Turning Movement,Clear,Daylight,Dry,Major Arterial,FALSE,-79.56319114,43.67444442,7,,,13,,None,Other Safety Equipment Used,,,,,,,,,,owner,,Etobicoke Centre (2),22 Division,Eringate-Centennial-West Deane,FALSE,FALSE,FALSE,FALSE,FALSE,TRUE,FALSE,FALSE,FALSE,TRUE,"{""coordinates"": [[-79.56319114225505, 43.67444441886804]], ""type"": ""MultiPoint""}"
1406,2007:987443,2007-08-31T14:09:00,EGLINTON AVE W,MARTIN GROVE RD,,14,Non-Fatal Injury,,Traffic Signal,Turning Movement,Clear,Daylight,Dry,Major Arterial,FALSE,-79.56319114,43.67444442,3,Automobile or Station Wagon,East,7,54,Major,Other Safety Equipment Used,Driving properly,Normal,,,Slowing or Stopping,,,,,driver,,Etobicoke Centre (2),22 Division,Eringate-Centennial-West Deane,FALSE,FALSE,FALSE,FALSE,FALSE,TRUE,FALSE,FALSE,FALSE,TRUE,"{""coordinates"": [[-79.56319114225505, 43.67444441886804]], ""type"": ""MultiPoint""}"
1407,2007:987443,2007-08-31T14:09:00,EGLINTON AVE W,MARTIN GROVE RD,,14,Non-Fatal Injury,,Traffic Signal,Turning Movement,Clear,Daylight,Dry,Major Arterial,FALSE,-79.56319114,43.67444442,7,Automobile or Station Wagon,East,14,23,Minor,Other Safety Equipment Used,Improper turn,Normal,,,Turning Left,,,,,driver,,Etobicoke Centre (2),22 Division,Eringate-Centennial-West Deane,FALSE,FALSE,FALSE,FALSE,FALSE,TRUE,FALSE,FALSE,FALSE,TRUE,"{""coordinates"": [[-79.56319114225505, 43.67444441886804]], ""type"": ""MultiPoint""}"
1408,2007:987443,2007-08-31T14:09:00,EGLINTON AVE W,MARTIN GROVE RD,,14,Non-Fatal Injury,,Traffic Signal,Turning Movement,Clear,Daylight,Dry,Major Arterial,FALSE,-79.56319114,43.67444442,2,,,2,31,None,Other Safety Equipment Used,,,,,,,,,,passenger,,Etobicoke Centre (2),22 Division,Eringate-Centennial-West Deane,FALSE,FALSE,FALSE,FALSE,FALSE,TRUE,FALSE,FALSE,FALSE,TRUE,"{""coordinates"": [[-79.56319114225505, 43.67444441886804]], ""type"": ""MultiPoint""}"
1409,2007:987443,2007-08-31T14:09:00,EGLINTON AVE W,MARTIN GROVE RD,,14,Non-Fatal Injury,,Traffic Signal,Turning Movement,Clear,Daylight,Dry,Major Arterial,FALSE,-79.56319114,43.67444442,6,Automobile or Station Wagon,East,12,27,None,Other Safety Equipment Used,Driving properly,Normal,,,Slowing or Stopping,,,,,driver,,Etobicoke Centre (2),22 Division,Eringate-Centennial-West Deane,FALSE,FALSE,FALSE,FALSE,FALSE,TRUE,FALSE,FALSE,FALSE,TRUE,"{""coordinates"": [[-79.56319114225505, 43.67444441886804]], ""type"": ""MultiPoint""}"
1410,2007:987443,2007-08-31T14:09:00,EGLINTON AVE W,MARTIN GROVE RD,,14,Non-Fatal Injury,,Traffic Signal,Turning Movement,Clear,Daylight,Dry,Major Arterial,FALSE,-79.56319114,43.67444442,3,,,6,68,Minor,Other Safety Equipment Used,,,,,,,,,,passenger,,Etobicoke Centre (2),22 Division,Eringate-Centennial-West Deane,FALSE,FALSE,FALSE,FALSE,FALSE,TRUE,FALSE,FALSE,FALSE,TRUE,"{""coordinates"": [[-79.56319114225505, 43.67444441886804]], ""type"": ""MultiPoint""}"
1411,2007:987443,2007-08-31T14:09:00,EGLINTON AVE W,MARTIN GROVE RD,,14,Non-Fatal Injury,,Traffic Signal,Turning Movement,Clear,Daylight,Dry,Major Arterial,FALSE,-79.56319114,43.67444442,3,,,4,47,Minor,Other Safety Equipment Used,,,,,,,,,,passenger,,Etobicoke Centre (2),22 Division,Eringate-Centennial-West Deane,FALSE,FALSE,FALSE,FALSE,FALSE,TRUE,FALSE,FALSE,FALSE,TRUE,"{""coordinates"": [[-79.56319114225505, 43.67444441886804]], ""type"": ""MultiPoint""}"
1412,2007:987443,2007-08-31T14:09:00,EGLINTON AVE W,MARTIN GROVE RD,,14,Non-Fatal Injury,,Traffic Signal,Turning Movement,Clear,Daylight,Dry,Major Arterial,FALSE,-79.56319114,43.67444442,2,Automobile or Station Wagon,East,3,43,None,Other Safety Equipment Used,Driving properly,Normal,,,Turning Left,,,,,driver,,Etobicoke Centre (2),22 Division,Eringate-Centennial-West Deane,FALSE,FALSE,FALSE,FALSE,FALSE,TRUE,FALSE,FALSE,FALSE,TRUE,"{""coordinates"": [[-79.56319114225505, 43.67444441886804]], ""type"": ""MultiPoint""}"
1413,2007:987443,2007-08-31T14:09:00,EGLINTON AVE W,MARTIN GROVE RD,,14,Non-Fatal Injury,,Traffic Signal,Turning Movement,Clear,Daylight,Dry,Major Arterial,FALSE,-79.56319114,43.67444442,4,Automobile or Station Wagon,East,10,27,None,Other Safety Equipment Used,Driving properly,Normal,,,Slowing or Stopping,,,,,driver,,Etobicoke Centre (2),22 Division,Eringate-Centennial-West Deane,FALSE,FALSE,FALSE,FALSE,FALSE,TRUE,FALSE,FALSE,FALSE,TRUE,"{""coordinates"": [[-79.56319114225505, 43.67444441886804]], ""type"": ""MultiPoint""}"
1414,2007:987443,2007-08-31T14:09:00,EGLINTON AVE W,MARTIN GROVE RD,,14,Non-Fatal Injury,,Traffic Signal,Turning Movement,Clear,Daylight,Dry,Major Arterial,FALSE,-79.56319114,43.67444442,3,,,5,50,Minor,Other Safety Equipment Used,,,,,,,,,,passenger,,Etobicoke Centre (2),22 Division,Eringate-Centennial-West Deane,FALSE,FALSE,FALSE,FALSE,FALSE,TRUE,FALSE,FALSE,FALSE,TRUE,"{""coordinates"": [[-79.56319114225505, 43.67444441886804]], ""type"": ""MultiPoint""}"
1415,2007:992979,2007-09-01T14:33:00,UNIVERSITY AVE,GERRARD ST W,,6,Non-Fatal Injury,At Intersection,Traffic Signal,Turning Movement,Clear,Daylight,Dry,Major Arterial,FALSE,-79.38949088,43.65754419,3,Automobile or Station Wagon,North,6,52,Minimal,Lap and Shoulder Belt,Driving properly,Normal,,,Going Ahead,,,,,driver,,University-Rosedale (11),52 Division,Yonge-Bay Corridor,TRUE,TRUE,FALSE,FALSE,FALSE,FALSE,FALSE,FALSE,FALSE,FALSE,"{""coordinates"": [[-79.38949087797472, 43.65754418983542]], ""type"": ""MultiPoint""}"
1416,2007:992979,2007-09-01T14:33:00,UNIVERSITY AVE,GERRARD ST W,,6,Non-Fatal Injury,At Intersection,Traffic Signal,Turning Movement,Clear,Daylight,Dry,Major Arterial,FALSE,-79.38949088,43.65754419,2,,,3,,None,Other Safety Equipment Used,,,,,,,,,,owner,,University-Rosedale (11),52 Division,Yonge-Bay Corridor,TRUE,TRUE,FALSE,FALSE,FALSE,FALSE,FALSE,FALSE,FALSE,FALSE,"{""coordinates"": [[-79.38949087797472, 43.65754418983542]], ""type"": ""MultiPoint""}"
1417,2007:992979,2007-09-01T14:33:00,UNIVERSITY AVE,GERRARD ST W,,6,Non-Fatal Injury,At Intersection,Traffic Signal,Turning Movement,Clear,Daylight,Dry,Major Arterial,FALSE,-79.38949088,43.65754419,2,,,2,27,Major,Equipment Not Used But Available,,,,,,,,,,passenger,,University-Rosedale (11),52 Division,Yonge-Bay Corridor,TRUE,TRUE,FALSE,FALSE,FALSE,FALSE,FALSE,FALSE,FALSE,FALSE,"{""coordinates"": [[-79.38949087797472, 43.65754418983542]], ""type"": ""MultiPoint""}"
1418,2007:992979,2007-09-01T14:33:00,UNIVERSITY AVE,GERRARD ST W,,6,Non-Fatal Injury,At Intersection,Traffic Signal,Turning Movement,Clear,Daylight,Dry,Major Arterial,FALSE,-79.38949088,43.65754419,3,,,5,39,Major,Lap and Shoulder Belt,,,,,,,,,,passenger,,University-Rosedale (11),52 Division,Yonge-Bay Corridor,TRUE,TRUE,FALSE,FALSE,FALSE,FALSE,FALSE,FALSE,FALSE,FALSE,"{""coordinates"": [[-79.38949087797472, 43.65754418983542]], ""type"": ""MultiPoint""}"
1419,2007:992979,2007-09-01T14:33:00,UNIVERSITY AVE,GERRARD ST W,,6,Non-Fatal Injury,At Intersection,Traffic Signal,Turning Movement,Clear,Daylight,Dry,Major Arterial,FALSE,-79.38949088,43.65754419,1,Automobile or Station Wagon,North,1,29,None,Lap and Shoulder Belt,Driving properly,Normal,,,Going Ahead,,,,,driver,,University-Rosedale (11),52 Division,Yonge-Bay Corridor,TRUE,TRUE,FALSE,FALSE,FALSE,FALSE,FALSE,FALSE,FALSE,FALSE,"{""coordinates"": [[-79.38949087797472, 43.65754418983542]], ""type"": ""MultiPoint""}"
1420,2007:992979,2007-09-01T14:33:00,UNIVERSITY AVE,GERRARD ST W,,6,Non-Fatal Injury,At Intersection,Traffic Signal,Turning Movement,Clear,Daylight,Dry,Major Arterial,FALSE,-79.38949088,43.65754419,2,Automobile or Station Wagon,South,4,32,Minimal,Equipment Not Used But Available,Failed to yield right-of-way,Inattentive,,,Turning Left,,,,,driver,,University-Rosedale (11),52 Division,Yonge-Bay Corridor,TRUE,TRUE,FALSE,FALSE,FALSE,FALSE,FALSE,FALSE,FALSE,FALSE,"{""coordinates"": [[-79.38949087797472, 43.65754418983542]], ""type"": ""MultiPoint""}"
1421,2007:987506,2007-09-01T16:05:00,STEELES Aven E,MARKHAM Road,,9,Non-Fatal Injury,At Intersection,Traffic Signal,Angle,Clear,Daylight,Dry,Major Arterial,FALSE,-79.25119043,43.83654401,1,,,1,,None,Other Safety Equipment Used,,,,,,,,,,owner,,Scarborough North (23),42 Division,Milliken,TRUE,FALSE,FALSE,FALSE,FALSE,FALSE,FALSE,TRUE,TRUE,FALSE,"{""coordinates"": [[-79.25119043229087, 43.836544008774176]], ""type"": ""MultiPoint""}"
1422,2007:987506,2007-09-01T16:05:00,STEELES Aven E,MARKHAM Road,,9,Non-Fatal Injury,At Intersection,Traffic Signal,Angle,Clear,Daylight,Dry,Major Arterial,FALSE,-79.25119043,43.83654401,3,,,6,15,Minor,Other Safety Equipment Used,,,,,,,,,,passenger,,Scarborough North (23),42 Division,Milliken,TRUE,FALSE,FALSE,FALSE,FALSE,FALSE,FALSE,TRUE,TRUE,FALSE,"{""coordinates"": [[-79.25119043229087, 43.836544008774176]], ""type"": ""MultiPoint""}"
1423,2007:987506,2007-09-01T16:05:00,STEELES Aven E,MARKHAM Road,,9,Non-Fatal Injury,At Intersection,Traffic Signal,Angle,Clear,Daylight,Dry,Major Arterial,FALSE,-79.25119043,43.83654401,5,,,10,6,None,Other Safety Equipment Used,,,,,,,,,,passenger,,Scarborough North (23),42 Division,Milliken,TRUE,FALSE,FALSE,FALSE,FALSE,FALSE,FALSE,TRUE,TRUE,FALSE,"{""coordinates"": [[-79.25119043229087, 43.836544008774176]], ""type"": ""MultiPoint""}"
1424,2007:987506,2007-09-01T16:05:00,STEELES Aven E,MARKHAM Road,,9,Non-Fatal Injury,At Intersection,Traffic Signal,Angle,Clear,Daylight,Dry,Major Arterial,FALSE,-79.25119043,43.83654401,5,,,11,3,None,Other Safety Equipment Used,,,,,,,,,,passenger,,Scarborough North (23),42 Division,Milliken,TRUE,FALSE,FALSE,FALSE,FALSE,FALSE,FALSE,TRUE,TRUE,FALSE,"{""coordinates"": [[-79.25119043229087, 43.836544008774176]], ""type"": ""MultiPoint""}"
1425,2007:987506,2007-09-01T16:05:00,STEELES Aven E,MARKHAM Road,,9,Non-Fatal Injury,At Intersection,Traffic Signal,Angle,Clear,Daylight,Dry,Major Arterial,FALSE,-79.25119043,43.83654401,5,Automobile or Station Wagon,North,14,32,None,Other Safety Equipment Used,Driving properly,Normal,,,Going Ahead,,,,,driver,,Scarborough North (23),42 Division,Milliken,TRUE,FALSE,FALSE,FALSE,FALSE,FALSE,FALSE,TRUE,TRUE,FALSE,"{""coordinates"": [[-79.25119043229087, 43.836544008774176]], ""type"": ""MultiPoint""}"
1426,2007:987506,2007-09-01T16:05:00,STEELES Aven E,MARKHAM Road,,9,Non-Fatal Injury,At Intersection,Traffic Signal,Angle,Clear,Daylight,Dry,Major Arterial,FALSE,-79.25119043,43.83654401,5,,,12,6,None,Other Safety Equipment Used,,,,,,,,,,passenger,,Scarborough North (23),42 Division,Milliken,TRUE,FALSE,FALSE,FALSE,FALSE,FALSE,FALSE,TRUE,TRUE,FALSE,"{""coordinates"": [[-79.25119043229087, 43.836544008774176]], ""type"": ""MultiPoint""}"
1427,2007:987506,2007-09-01T16:05:00,STEELES Aven E,MARKHAM Road,,9,Non-Fatal Injury,At Intersection,Traffic Signal,Angle,Clear,Daylight,Dry,Major Arterial,FALSE,-79.25119043,43.83654401,4,,,8,40,Minor,Other Safety Equipment Used,,,,,,,,,,passenger,,Scarborough North (23),42 Division,Milliken,TRUE,FALSE,FALSE,FALSE,FALSE,FALSE,FALSE,TRUE,TRUE,FALSE,"{""coordinates"": [[-79.25119043229087, 43.836544008774176]], ""type"": ""MultiPoint""}"
1428,2007:987506,2007-09-01T16:05:00,STEELES Aven E,MARKHAM Road,,9,Non-Fatal Injury,At Intersection,Traffic Signal,Angle,Clear,Daylight,Dry,Major Arterial,FALSE,-79.25119043,43.83654401,5,,,13,31,Minor,Other Safety Equipment Used,,,,,,,,,,passenger,,Scarborough North (23),42 Division,Milliken,TRUE,FALSE,FALSE,FALSE,FALSE,FALSE,FALSE,TRUE,TRUE,FALSE,"{""coordinates"": [[-79.25119043229087, 43.836544008774176]], ""type"": ""MultiPoint""}"