_id,collision_id,accdate,stname1,stname2,stname3,per_inv,acclass,accloc,traffictl,impactype,visible,light,rdsfcond,road_class,failtorem,longitude,latitude,veh_no,vehtype,initdir,per_no,invage,injury,safequip,drivact,drivcond,pedact,pedcond,manoeuvre,pedtype,cyclistype,cycact,cyccond,road_user,fatal_no,wardname,division,neighbourhood,aggressive,distracted,cyclist,motorcyclist,other_micromobility,older_adult,pedestrian,red_light,school_child,heavy_truck,geometry
1484,2007:990885,2007-09-18T16:37:00,FINCH AVE W,WESTON RD,,4,Non-Fatal Injury,At Intersection,No Control,Rear End,Clear,Daylight,Dry,Major Arterial,FALSE,-79.54149097,43.75214435,2,,,2,6,Major,Other Safety Equipment Used,,,,,,,,,,passenger,,Humber River-Black Creek (7),31 Division,Humbermede,FALSE,TRUE,FALSE,FALSE,FALSE,FALSE,FALSE,FALSE,TRUE,FALSE,"{""coordinates"": [[-79.54149097083315, 43.75214435131495]], ""type"": ""MultiPoint""}"
1485,2007:990885,2007-09-18T16:37:00,FINCH AVE W,WESTON RD,,4,Non-Fatal Injury,At Intersection,No Control,Rear End,Clear,Daylight,Dry,Major Arterial,FALSE,-79.54149097,43.75214435,2,Automobile or Station Wagon,East,3,23,Minimal,Other Safety Equipment Used,Lost control,Inattentive,,,Going Ahead,,,,,driver,,Humber River-Black Creek (7),31 Division,Humbermede,FALSE,TRUE,FALSE,FALSE,FALSE,FALSE,FALSE,FALSE,TRUE,FALSE,"{""coordinates"": [[-79.54149097083315, 43.75214435131495]], ""type"": ""MultiPoint""}"
1486,2007:990885,2007-09-18T16:37:00,FINCH AVE W,WESTON RD,,4,Non-Fatal Injury,At Intersection,No Control,Rear End,Clear,Daylight,Dry,Major Arterial,FALSE,-79.54149097,43.75214435,1,Automobile or Station Wagon,East,1,35,None,Other Safety Equipment Used,Driving properly,Normal,,,Stopped,,,,,driver,,Humber River-Black Creek (7),31 Division,Humbermede,FALSE,TRUE,FALSE,FALSE,FALSE,FALSE,FALSE,FALSE,TRUE,FALSE,"{""coordinates"": [[-79.54149097083315, 43.75214435131495]], ""type"": ""MultiPoint""}"
1487,2007:990885,2007-09-18T16:37:00,FINCH AVE W,WESTON RD,,4,Non-Fatal Injury,At Intersection,No Control,Rear End,Clear,Daylight,Dry,Major Arterial,FALSE,-79.54149097,43.75214435,3,Automobile or Station Wagon,East,4,20,None,Other Safety Equipment Used,Driving properly,Normal,,,Stopped,,,,,driver,,Humber River-Black Creek (7),31 Division,Humbermede,FALSE,TRUE,FALSE,FALSE,FALSE,FALSE,FALSE,FALSE,TRUE,FALSE,"{""coordinates"": [[-79.54149097083315, 43.75214435131495]], ""type"": ""MultiPoint""}"
1488,2007:1004530,2007-09-20T10:30:00,MCCOWAN RD,PITFIELD RD,,2,Non-Fatal Injury,At Intersection,Traffic Signal,Rear End,Clear,Daylight,Dry,Major Arterial,FALSE,-79.25729048,43.78734401,2,Automobile or Station Wagon,North,2,50,Major,Lap and Shoulder Belt,Driving properly,Normal,,,Stopped,,,,,driver,,Scarborough North (23),42 Division,Agincourt South-Malvern West,TRUE,FALSE,FALSE,FALSE,FALSE,TRUE,FALSE,TRUE,FALSE,FALSE,"{""coordinates"": [[-79.25729048178833, 43.787344008245086]], ""type"": ""MultiPoint""}"
1489,2007:1004530,2007-09-20T10:30:00,MCCOWAN RD,PITFIELD RD,,2,Non-Fatal Injury,At Intersection,Traffic Signal,Rear End,Clear,Daylight,Dry,Major Arterial,FALSE,-79.25729048,43.78734401,1,Automobile or Station Wagon,North,1,79,Major,Lap and Shoulder Belt,Disobeyed traffic control,Normal,,,Going Ahead,,,,,driver,,Scarborough North (23),42 Division,Agincourt South-Malvern West,TRUE,FALSE,FALSE,FALSE,FALSE,TRUE,FALSE,TRUE,FALSE,FALSE,"{""coordinates"": [[-79.25729048178833, 43.787344008245086]], ""type"": ""MultiPoint""}"
1501,2007:997046,2007-09-22T04:57:00,ST CLAIR AVE W,DUFFERIN ST,,5,Non-Fatal Injury,At Intersection,Traffic Signal,Angle,Clear,Dark,Dry,Major Arterial,FALSE,-79.44309095,43.67794426,2,Automobile or Station Wagon,West,4,32,Major,Lap and Shoulder Belt,Driving properly,Unknown,,,Going Ahead,,,,,driver,,Davenport (9),13 Division,Corso Italia-Davenport,FALSE,FALSE,FALSE,FALSE,FALSE,FALSE,FALSE,FALSE,FALSE,TRUE,"{""coordinates"": [[-79.44309094729527, 43.67794426098901]], ""type"": ""MultiPoint""}"
1502,2007:997046,2007-09-22T04:57:00,ST CLAIR AVE W,DUFFERIN ST,,5,Non-Fatal Injury,At Intersection,Traffic Signal,Angle,Clear,Dark,Dry,Major Arterial,FALSE,-79.44309095,43.67794426,1,Truck - Open (Flatbed),North,2,33,None,Lap and Shoulder Belt,Driving properly,Normal,,,Going Ahead,,,,,driver,,Davenport (9),13 Division,Corso Italia-Davenport,FALSE,FALSE,FALSE,FALSE,FALSE,FALSE,FALSE,FALSE,FALSE,TRUE,"{""coordinates"": [[-79.44309094729527, 43.67794426098901]], ""type"": ""MultiPoint""}"
1503,2007:997046,2007-09-22T04:57:00,ST CLAIR AVE W,DUFFERIN ST,,5,Non-Fatal Injury,At Intersection,Traffic Signal,Angle,Clear,Dark,Dry,Major Arterial,FALSE,-79.44309095,43.67794426,1,,,1,,None,Other Safety Equipment Used,,,,,,,,,,owner,,Davenport (9),13 Division,Corso Italia-Davenport,FALSE,FALSE,FALSE,FALSE,FALSE,FALSE,FALSE,FALSE,FALSE,TRUE,"{""coordinates"": [[-79.44309094729527, 43.67794426098901]], ""type"": ""MultiPoint""}"
1504,2007:997046,2007-09-22T04:57:00,ST CLAIR AVE W,DUFFERIN ST,,5,Non-Fatal Injury,At Intersection,Traffic Signal,Angle,Clear,Dark,Dry,Major Arterial,FALSE,-79.44309095,43.67794426,2,,,3,,None,Other Safety Equipment Used,,,,,,,,,,owner,,Davenport (9),13 Division,Corso Italia-Davenport,FALSE,FALSE,FALSE,FALSE,FALSE,FALSE,FALSE,FALSE,FALSE,TRUE,"{""coordinates"": [[-79.44309094729527, 43.67794426098901]], ""type"": ""MultiPoint""}"
1505,2007:997046,2007-09-22T04:57:00,ST CLAIR AVE W,DUFFERIN ST,,5,Non-Fatal Injury,At Intersection,Traffic Signal,Angle,Clear,Dark,Dry,Major Arterial,FALSE,-79.44309095,43.67794426,3,,,5,,None,Other Safety Equipment Used,,,,,,,,,,other,,Davenport (9),13 Division,Corso Italia-Davenport,FALSE,FALSE,FALSE,FALSE,FALSE,FALSE,FALSE,FALSE,FALSE,TRUE,"{""coordinates"": [[-79.44309094729527, 43.67794426098901]], ""type"": ""MultiPoint""}"
1506,2007:995372,2007-09-24T02:35:00,BROADVIEW AVE,VICTOR AVE,,2,Non-Fatal Injury,,No Control,SMV Other,Clear,Dark,Dry,Minor Arterial,FALSE,-79.35339079,43.66734414,2,,,2,,,Other Safety Equipment Used,,,,,,,,,,owner,,Toronto-Danforth (14),55 Division,North Riverdale,FALSE,FALSE,FALSE,FALSE,FALSE,FALSE,FALSE,FALSE,TRUE,FALSE,"{""coordinates"": [[-79.35339079392355, 43.667344135457334]], ""type"": ""MultiPoint""}"
1507,2007:995372,2007-09-24T02:35:00,BROADVIEW AVE,VICTOR AVE,,2,Non-Fatal Injury,,No Control,SMV Other,Clear,Dark,Dry,Minor Arterial,FALSE,-79.35339079,43.66734414,1,Automobile or Station Wagon,South,1,19,Major,Use Unknown,Lost control,Ability Impaired - Alcohol,,,Going Ahead,,,,,driver,,Toronto-Danforth (14),55 Division,North Riverdale,FALSE,FALSE,FALSE,FALSE,FALSE,FALSE,FALSE,FALSE,TRUE,FALSE,"{""coordinates"": [[-79.35339079392355, 43.667344135457334]], ""type"": ""MultiPoint""}"
1508,2007:992577,2007-09-24T17:11:00,HOWLAND AVE,BRUNSWICK AVE,,4,Non-Fatal Injury,,No Control,SMV Unattended Vehicle,Clear,Daylight,Dry,Major Arterial,FALSE,-79.41089089,43.67384422,4,,,4,,None,Other Safety Equipment Used,,,,,,,,,,owner,,University-Rosedale (11),14 Division,Annex,FALSE,FALSE,FALSE,FALSE,FALSE,TRUE,FALSE,FALSE,FALSE,FALSE,"{""coordinates"": [[-79.41089089330018, 43.67384421651932]], ""type"": ""MultiPoint""}"
1509,2007:992577,2007-09-24T17:11:00,HOWLAND AVE,BRUNSWICK AVE,,4,Non-Fatal Injury,,No Control,SMV Unattended Vehicle,Clear,Daylight,Dry,Major Arterial,FALSE,-79.41089089,43.67384422,2,,,2,,None,Other Safety Equipment Used,,,,,,,,,,owner,,University-Rosedale (11),14 Division,Annex,FALSE,FALSE,FALSE,FALSE,FALSE,TRUE,FALSE,FALSE,FALSE,FALSE,"{""coordinates"": [[-79.41089089330018, 43.67384421651932]], ""type"": ""MultiPoint""}"
1510,2007:992577,2007-09-24T17:11:00,HOWLAND AVE,BRUNSWICK AVE,,4,Non-Fatal Injury,,No Control,SMV Unattended Vehicle,Clear,Daylight,Dry,Major Arterial,FALSE,-79.41089089,43.67384422,3,Automobile or Station Wagon,West,3,78,Major,Other Safety Equipment Used,Lost control,Normal,,,Reversing,,,,,driver,,University-Rosedale (11),14 Division,Annex,FALSE,FALSE,FALSE,FALSE,FALSE,TRUE,FALSE,FALSE,FALSE,FALSE,"{""coordinates"": [[-79.41089089330018, 43.67384421651932]], ""type"": ""MultiPoint""}"
1511,2007:992577,2007-09-24T17:11:00,HOWLAND AVE,BRUNSWICK AVE,,4,Non-Fatal Injury,,No Control,SMV Unattended Vehicle,Clear,Daylight,Dry,Major Arterial,FALSE,-79.41089089,43.67384422,1,,,1,,None,Other Safety Equipment Used,,,,,,,,,,owner,,University-Rosedale (11),14 Division,Annex,FALSE,FALSE,FALSE,FALSE,FALSE,TRUE,FALSE,FALSE,FALSE,FALSE,"{""coordinates"": [[-79.41089089330018, 43.67384421651932]], ""type"": ""MultiPoint""}"
1512,2007:994265,2007-09-26T15:55:00,ALBION RD,CALSTOCK DR,,3,Non-Fatal Injury,At Intersection,No Control,Approaching Head On,Clear,Daylight,Dry,Major Arterial,FALSE,-79.55789102,43.73394438,1,Automobile or Station Wagon,East,2,52,None,Lap and Shoulder Belt,Driving properly,Normal,,,Going Ahead,,,,,driver,,Etobicoke North (1),23 Division,Thistletown-Beaumond Heights,FALSE,FALSE,FALSE,FALSE,FALSE,FALSE,FALSE,FALSE,FALSE,FALSE,"{""coordinates"": [[-79.55789102417535, 43.73394437912683]], ""type"": ""MultiPoint""}"
1513,2007:994265,2007-09-26T15:55:00,ALBION RD,CALSTOCK DR,,3,Non-Fatal Injury,At Intersection,No Control,Approaching Head On,Clear,Daylight,Dry,Major Arterial,FALSE,-79.55789102,43.73394438,2,Automobile or Station Wagon,West,3,33,Major,Equipment Not Used But Available,Lost control,Normal,,,Going Ahead,,,,,driver,,Etobicoke North (1),23 Division,Thistletown-Beaumond Heights,FALSE,FALSE,FALSE,FALSE,FALSE,FALSE,FALSE,FALSE,FALSE,FALSE,"{""coordinates"": [[-79.55789102417535, 43.73394437912683]], ""type"": ""MultiPoint""}"
1514,2007:994265,2007-09-26T15:55:00,ALBION RD,CALSTOCK DR,,3,Non-Fatal Injury,At Intersection,No Control,Approaching Head On,Clear,Daylight,Dry,Major Arterial,FALSE,-79.55789102,43.73394438,1,,,1,,,Other Safety Equipment Used,,,,,,,,,,owner,,Etobicoke North (1),23 Division,Thistletown-Beaumond Heights,FALSE,FALSE,FALSE,FALSE,FALSE,FALSE,FALSE,FALSE,FALSE,FALSE,"{""coordinates"": [[-79.55789102417535, 43.73394437912683]], ""type"": ""MultiPoint""}"
1515,2007:992854,2007-09-27T16:40:00,DON MILLS RD,EGLINTON AVE E,,4,Non-Fatal Injury,,No Control,Rear End,Clear,Daylight,Dry,Major Arterial,FALSE,-79.33899069,43.72094411,2,Automobile or Station Wagon,South,2,61,Major,Use Unknown,Failed to yield right-of-way,Inattentive,,,Going Ahead,,,,,driver,,Don Valley East (16),33 Division,Banbury-Don Mills,TRUE,TRUE,FALSE,FALSE,FALSE,FALSE,FALSE,FALSE,FALSE,FALSE,"{""coordinates"": [[-79.33899069099014, 43.72094410830833]], ""type"": ""MultiPoint""}"
1516,2007:992854,2007-09-27T16:40:00,DON MILLS RD,EGLINTON AVE E,,4,Non-Fatal Injury,,No Control,Rear End,Clear,Daylight,Dry,Major Arterial,FALSE,-79.33899069,43.72094411,1,Automobile or Station Wagon,South,1,47,None,Use Unknown,Driving properly,Normal,,,Going Ahead,,,,,driver,,Don Valley East (16),33 Division,Banbury-Don Mills,TRUE,TRUE,FALSE,FALSE,FALSE,FALSE,FALSE,FALSE,FALSE,FALSE,"{""coordinates"": [[-79.33899069099014, 43.72094410830833]], ""type"": ""MultiPoint""}"
1517,2007:992854,2007-09-27T16:40:00,DON MILLS RD,EGLINTON AVE E,,4,Non-Fatal Injury,,No Control,Rear End,Clear,Daylight,Dry,Major Arterial,FALSE,-79.33899069,43.72094411,3,Automobile or Station Wagon,South,4,28,Minimal,Lap and Shoulder Belt,Driving properly,Normal,,,Stopped,,,,,driver,,Don Valley East (16),33 Division,Banbury-Don Mills,TRUE,TRUE,FALSE,FALSE,FALSE,FALSE,FALSE,FALSE,FALSE,FALSE,"{""coordinates"": [[-79.33899069099014, 43.72094410830833]], ""type"": ""MultiPoint""}"
1518,2007:992854,2007-09-27T16:40:00,DON MILLS RD,EGLINTON AVE E,,4,Non-Fatal Injury,,No Control,Rear End,Clear,Daylight,Dry,Major Arterial,FALSE,-79.33899069,43.72094411,3,,,3,,,Other Safety Equipment Used,,,,,,,,,,owner,,Don Valley East (16),33 Division,Banbury-Don Mills,TRUE,TRUE,FALSE,FALSE,FALSE,FALSE,FALSE,FALSE,FALSE,FALSE,"{""coordinates"": [[-79.33899069099014, 43.72094410830833]], ""type"": ""MultiPoint""}"
1519,2007:997888,2007-09-28T12:25:00,QUEENS QUAY W,ROBERTSON CRES,,2,Non-Fatal Injury,At Intersection,Traffic Signal,Turning Movement,Clear,Daylight,Dry,Minor Arterial,FALSE,-79.3865909,43.63884419,2,Automobile or Station Wagon,West,2,37,None,Lap and Shoulder Belt,Driving properly,Normal,,,Turning Left,,,,,driver,,Spadina-Fort York (10),52 Division,Harbourfront-CityPlace,TRUE,TRUE,FALSE,TRUE,FALSE,FALSE,FALSE,FALSE,FALSE,FALSE,"{""coordinates"": [[-79.3865909010781, 43.63884418988292]], ""type"": ""MultiPoint""}"
1520,2007:997888,2007-09-28T12:25:00,QUEENS QUAY W,ROBERTSON CRES,,2,Non-Fatal Injury,At Intersection,Traffic Signal,Turning Movement,Clear,Daylight,Dry,Minor Arterial,FALSE,-79.3865909,43.63884419,1,Motorcycle,East,1,59,Major,Helmet,Following too closely,Inattentive,,,Going Ahead,,,,,motorcyclist,,Spadina-Fort York (10),52 Division,Harbourfront-CityPlace,TRUE,TRUE,FALSE,TRUE,FALSE,FALSE,FALSE,FALSE,FALSE,FALSE,"{""coordinates"": [[-79.3865909010781, 43.63884418988292]], ""type"": ""MultiPoint""}"
1521,2007:995821,2007-09-29T16:00:00,WESTON RD,KNOB HILL DR,,4,Non-Fatal Injury,At Intersection,Stop Sign,Angle,Clear,Daylight,Dry,Major Arterial,FALSE,-79.53519104,43.71124437,1,Automobile or Station Wagon,North,2,62,Major,Lap and Shoulder Belt,Driving properly,Normal,,,Going Ahead,,,,,driver,,York South-Weston (5),12 Division,Pelmo Park-Humberlea,TRUE,TRUE,FALSE,FALSE,FALSE,FALSE,FALSE,FALSE,FALSE,FALSE,"{""coordinates"": [[-79.5351910377574, 43.71124436574097]], ""type"": ""MultiPoint""}"
1522,2007:995821,2007-09-29T16:00:00,WESTON RD,KNOB HILL DR,,4,Non-Fatal Injury,At Intersection,Stop Sign,Angle,Clear,Daylight,Dry,Major Arterial,FALSE,-79.53519104,43.71124437,2,Automobile or Station Wagon,West,4,46,Minor,Lap and Shoulder Belt,Failed to yield right-of-way,Inattentive,,,Going Ahead,,,,,driver,,York South-Weston (5),12 Division,Pelmo Park-Humberlea,TRUE,TRUE,FALSE,FALSE,FALSE,FALSE,FALSE,FALSE,FALSE,FALSE,"{""coordinates"": [[-79.5351910377574, 43.71124436574097]], ""type"": ""MultiPoint""}"
1523,2007:995821,2007-09-29T16:00:00,WESTON RD,KNOB HILL DR,,4,Non-Fatal Injury,At Intersection,Stop Sign,Angle,Clear,Daylight,Dry,Major Arterial,FALSE,-79.53519104,43.71124437,2,,,3,55,Minor,Lap and Shoulder Belt,,,,,,,,,,passenger,,York South-Weston (5),12 Division,Pelmo Park-Humberlea,TRUE,TRUE,FALSE,FALSE,FALSE,FALSE,FALSE,FALSE,FALSE,FALSE,"{""coordinates"": [[-79.5351910377574, 43.71124436574097]], ""type"": ""MultiPoint""}"
1524,2007:995821,2007-09-29T16:00:00,WESTON RD,KNOB HILL DR,,4,Non-Fatal Injury,At Intersection,Stop Sign,Angle,Clear,Daylight,Dry,Major Arterial,FALSE,-79.53519104,43.71124437,1,,,1,,None,Other Safety Equipment Used,,,,,,,,,,owner,,York South-Weston (5),12 Division,Pelmo Park-Humberlea,TRUE,TRUE,FALSE,FALSE,FALSE,FALSE,FALSE,FALSE,FALSE,FALSE,"{""coordinates"": [[-79.5351910377574, 43.71124436574097]], ""type"": ""MultiPoint""}"
1525,2007:993300,2007-09-30T03:10:00,MARKHAM RD,PASSMORE AVE,,6,Non-Fatal Injury,At Intersection,No Control,Rear End,Clear,Dark,Dry,Major Arterial,FALSE,-79.25089044,43.83154401,1,,,1,41,Minimal,Other Safety Equipment Used,,,,,,,,,,passenger,,Scarborough North (23),42 Division,Morningside Heights,FALSE,FALSE,FALSE,FALSE,FALSE,FALSE,FALSE,FALSE,FALSE,FALSE,"{""coordinates"": [[-79.25089043585817, 43.83154400764986]], ""type"": ""MultiPoint""}"
1526,2007:993300,2007-09-30T03:10:00,MARKHAM RD,PASSMORE AVE,,6,Non-Fatal Injury,At Intersection,No Control,Rear End,Clear,Dark,Dry,Major Arterial,FALSE,-79.25089044,43.83154401,1,,,2,,None,Other Safety Equipment Used,,,,,,,,,,owner,,Scarborough North (23),42 Division,Morningside Heights,FALSE,FALSE,FALSE,FALSE,FALSE,FALSE,FALSE,FALSE,FALSE,FALSE,"{""coordinates"": [[-79.25089043585817, 43.83154400764986]], ""type"": ""MultiPoint""}"
1527,2007:993300,2007-09-30T03:10:00,MARKHAM RD,PASSMORE AVE,,6,Non-Fatal Injury,At Intersection,No Control,Rear End,Clear,Dark,Dry,Major Arterial,FALSE,-79.25089044,43.83154401,3,,,5,,None,Other Safety Equipment Used,,,,,,,,,,owner,,Scarborough North (23),42 Division,Morningside Heights,FALSE,FALSE,FALSE,FALSE,FALSE,FALSE,FALSE,FALSE,FALSE,FALSE,"{""coordinates"": [[-79.25089043585817, 43.83154400764986]], ""type"": ""MultiPoint""}"
1528,2007:993300,2007-09-30T03:10:00,MARKHAM RD,PASSMORE AVE,,6,Non-Fatal Injury,At Intersection,No Control,Rear End,Clear,Dark,Dry,Major Arterial,FALSE,-79.25089044,43.83154401,3,,North,6,52,Major,Other Safety Equipment Used,Driving properly,Normal,,,Stopped,,,,,driver,,Scarborough North (23),42 Division,Morningside Heights,FALSE,FALSE,FALSE,FALSE,FALSE,FALSE,FALSE,FALSE,FALSE,FALSE,"{""coordinates"": [[-79.25089043585817, 43.83154400764986]], ""type"": ""MultiPoint""}"
1529,2007:993300,2007-09-30T03:10:00,MARKHAM RD,PASSMORE AVE,,6,Non-Fatal Injury,At Intersection,No Control,Rear End,Clear,Dark,Dry,Major Arterial,FALSE,-79.25089044,43.83154401,2,Automobile or Station Wagon,North,4,39,Minor,Other Safety Equipment Used,Lost control,Had Been Drinking,,,Going Ahead,,,,,driver,,Scarborough North (23),42 Division,Morningside Heights,FALSE,FALSE,FALSE,FALSE,FALSE,FALSE,FALSE,FALSE,FALSE,FALSE,"{""coordinates"": [[-79.25089043585817, 43.83154400764986]], ""type"": ""MultiPoint""}"
1530,2007:993300,2007-09-30T03:10:00,MARKHAM RD,PASSMORE AVE,,6,Non-Fatal Injury,At Intersection,No Control,Rear End,Clear,Dark,Dry,Major Arterial,FALSE,-79.25089044,43.83154401,1,Automobile or Station Wagon,North,3,42,Minor,Other Safety Equipment Used,Driving properly,Normal,,,Stopped,,,,,driver,,Scarborough North (23),42 Division,Morningside Heights,FALSE,FALSE,FALSE,FALSE,FALSE,FALSE,FALSE,FALSE,FALSE,FALSE,"{""coordinates"": [[-79.25089043585817, 43.83154400764986]], ""type"": ""MultiPoint""}"
1531,2007:998487,2007-10-02T17:50:00,ADELAIDE ST W,PORTLAND ST,,4,Non-Fatal Injury,,No Control,SMV Other,Clear,Daylight,Dry,Major Arterial,FALSE,-79.39989092,43.64584421,1,Automobile or Station Wagon,North,3,33,Minor,Lap and Shoulder Belt,Lost control,Unknown,,,Pulling Onto Shoulder or Toward Curb,,,,,driver,,Spadina-Fort York (10),14 Division,Wellington Place,FALSE,FALSE,FALSE,FALSE,FALSE,FALSE,FALSE,FALSE,FALSE,FALSE,"{""coordinates"": [[-79.3998909164921, 43.645844208119854]], ""type"": ""MultiPoint""}"
1532,2007:998487,2007-10-02T17:50:00,ADELAIDE ST W,PORTLAND ST,,4,Non-Fatal Injury,,No Control,SMV Other,Clear,Daylight,Dry,Major Arterial,FALSE,-79.39989092,43.64584421,2,,,4,,,Other Safety Equipment Used,,,,,,,,,,owner,,Spadina-Fort York (10),14 Division,Wellington Place,FALSE,FALSE,FALSE,FALSE,FALSE,FALSE,FALSE,FALSE,FALSE,FALSE,"{""coordinates"": [[-79.3998909164921, 43.645844208119854]], ""type"": ""MultiPoint""}"
1533,2007:998487,2007-10-02T17:50:00,ADELAIDE ST W,PORTLAND ST,,4,Non-Fatal Injury,,No Control,SMV Other,Clear,Daylight,Dry,Major Arterial,FALSE,-79.39989092,43.64584421,1,,,1,35,Major,Equipment Not Used But Available,,,,,,,,,,passenger,,Spadina-Fort York (10),14 Division,Wellington Place,FALSE,FALSE,FALSE,FALSE,FALSE,FALSE,FALSE,FALSE,FALSE,FALSE,"{""coordinates"": [[-79.3998909164921, 43.645844208119854]], ""type"": ""MultiPoint""}"
1534,2007:998487,2007-10-02T17:50:00,ADELAIDE ST W,PORTLAND ST,,4,Non-Fatal Injury,,No Control,SMV Other,Clear,Daylight,Dry,Major Arterial,FALSE,-79.39989092,43.64584421,1,,,2,,,Other Safety Equipment Used,,,,,,,,,,owner,,Spadina-Fort York (10),14 Division,Wellington Place,FALSE,FALSE,FALSE,FALSE,FALSE,FALSE,FALSE,FALSE,FALSE,FALSE,"{""coordinates"": [[-79.3998909164921, 43.645844208119854]], ""type"": ""MultiPoint""}"
1535,2007:998090,2007-10-03T16:20:00,WARDEN Aven,FAIRFAX Cres,,2,Non-Fatal Injury,,No Control,Turning Movement,Clear,Daylight,Dry,Major Arterial,FALSE,-79.2828906,43.71664403,2,Automobile or Station Wagon,North,2,75,None,Lap and Shoulder Belt,Improper turn,Normal,,,Turning Left,,,,,driver,,Scarborough Southwest (20),41 Division,Clairlea-Birchmount,FALSE,FALSE,FALSE,TRUE,FALSE,TRUE,FALSE,FALSE,FALSE,FALSE,"{""coordinates"": [[-79.2828905973804, 43.71664403434581]], ""type"": ""MultiPoint""}"
1536,2007:998090,2007-10-03T16:20:00,WARDEN Aven,FAIRFAX Cres,,2,Non-Fatal Injury,,No Control,Turning Movement,Clear,Daylight,Dry,Major Arterial,FALSE,-79.2828906,43.71664403,1,Motorcycle,South,1,50,Major,Helmet,Driving properly,Normal,,,Going Ahead,,,,,motorcyclist,,Scarborough Southwest (20),41 Division,Clairlea-Birchmount,FALSE,FALSE,FALSE,TRUE,FALSE,TRUE,FALSE,FALSE,FALSE,FALSE,"{""coordinates"": [[-79.2828905973804, 43.71664403434581]], ""type"": ""MultiPoint""}"
1537,2007:996573,2007-10-05T18:57:00,DUPONT ST,DOVERCOURT RD,,4,Non-Fatal Injury,At Intersection,Traffic Signal,Turning Movement,Clear,Dusk,Dry,Major Arterial,FALSE,-79.43279094,43.66964425,3,Automobile or Station Wagon,West,4,52,Minimal,Lap and Shoulder Belt,Improper turn,Inattentive,,,Turning Left,,,,,driver,,Davenport (9),14 Division,Dovercourt Village,FALSE,TRUE,FALSE,FALSE,FALSE,FALSE,FALSE,FALSE,FALSE,FALSE,"{""coordinates"": [[-79.43279094170248, 43.669644249186874]], ""type"": ""MultiPoint""}"
1538,2007:996573,2007-10-05T18:57:00,DUPONT ST,DOVERCOURT RD,,4,Non-Fatal Injury,At Intersection,Traffic Signal,Turning Movement,Clear,Dusk,Dry,Major Arterial,FALSE,-79.43279094,43.66964425,1,Automobile or Station Wagon,North,1,26,None,Lap and Shoulder Belt,Driving properly,Normal,,,Stopped,,,,,driver,,Davenport (9),14 Division,Dovercourt Village,FALSE,TRUE,FALSE,FALSE,FALSE,FALSE,FALSE,FALSE,FALSE,FALSE,"{""coordinates"": [[-79.43279094170248, 43.669644249186874]], ""type"": ""MultiPoint""}"
1539,2007:996573,2007-10-05T18:57:00,DUPONT ST,DOVERCOURT RD,,4,Non-Fatal Injury,At Intersection,Traffic Signal,Turning Movement,Clear,Dusk,Dry,Major Arterial,FALSE,-79.43279094,43.66964425,2,Automobile or Station Wagon,East,3,34,Major,Air Bag Deployed,Driving properly,Normal,,,Going Ahead,,,,,driver,,Davenport (9),14 Division,Dovercourt Village,FALSE,TRUE,FALSE,FALSE,FALSE,FALSE,FALSE,FALSE,FALSE,FALSE,"{""coordinates"": [[-79.43279094170248, 43.669644249186874]], ""type"": ""MultiPoint""}"
1540,2007:996573,2007-10-05T18:57:00,DUPONT ST,DOVERCOURT RD,,4,Non-Fatal Injury,At Intersection,Traffic Signal,Turning Movement,Clear,Dusk,Dry,Major Arterial,FALSE,-79.43279094,43.66964425,2,,,2,31,Minimal,Air Bag Deployed,,,,,,,,,,passenger,,Davenport (9),14 Division,Dovercourt Village,FALSE,TRUE,FALSE,FALSE,FALSE,FALSE,FALSE,FALSE,FALSE,FALSE,"{""coordinates"": [[-79.43279094170248, 43.669644249186874]], ""type"": ""MultiPoint""}"
1541,2007:997905,2007-10-06T16:30:00,695 WILSON Ave,,,3,Non-Fatal Injury,,No Control,Rear End,Rain,Daylight,Wet,Major Arterial,TRUE,-79.45689088,43.73244426,1,Automobile or Station Wagon,East,1,84,None,Lap and Shoulder Belt,Driving properly,Normal,,,Going Ahead,,,,,driver,,York Centre (6),32 Division,Clanton Park,TRUE,TRUE,FALSE,FALSE,FALSE,TRUE,FALSE,FALSE,FALSE,FALSE,"{""coordinates"": [[-79.45689087923684, 43.73244425912495]], ""type"": ""MultiPoint""}"
1542,2007:997905,2007-10-06T16:30:00,695 WILSON Ave,,,3,Non-Fatal Injury,,No Control,Rear End,Rain,Daylight,Wet,Major Arterial,TRUE,-79.45689088,43.73244426,2,Automobile or Station Wagon,East,2,45,Major,Lap and Shoulder Belt,Following too closely,Inattentive,,,Stopped,,,,,driver,,York Centre (6),32 Division,Clanton Park,TRUE,TRUE,FALSE,FALSE,FALSE,TRUE,FALSE,FALSE,FALSE,FALSE,"{""coordinates"": [[-79.45689087923684, 43.73244425912495]], ""type"": ""MultiPoint""}"
1543,2007:997905,2007-10-06T16:30:00,695 WILSON Ave,,,3,Non-Fatal Injury,,No Control,Rear End,Rain,Daylight,Wet,Major Arterial,TRUE,-79.45689088,43.73244426,3,Automobile or Station Wagon,East,3,,None,Other Safety Equipment Used,Driving properly,Unknown,,,Unknown,,,,,driver,,York Centre (6),32 Division,Clanton Park,TRUE,TRUE,FALSE,FALSE,FALSE,TRUE,FALSE,FALSE,FALSE,FALSE,"{""coordinates"": [[-79.45689087923684, 43.73244425912495]], ""type"": ""MultiPoint""}"
1544,2007:996697,2007-10-09T18:36:00,SPADINA AVE,NASSAU ST,,4,Non-Fatal Injury,At Intersection,Traffic Signal,Turning Movement,Clear,Daylight,Dry,Major Arterial,FALSE,-79.3991909,43.6558442,1,Automobile or Station Wagon,South,2,38,Major,Lap and Shoulder Belt,Disobeyed traffic control,Inattentive,,,Making U-Turn,,,,,driver,,University-Rosedale (11),52 Division,Kensington-Chinatown,TRUE,TRUE,FALSE,FALSE,FALSE,FALSE,FALSE,TRUE,FALSE,TRUE,"{""coordinates"": [[-79.39919089941911, 43.65584420448532]], ""type"": ""MultiPoint""}"