_id,collision_id,accdate,stname1,stname2,stname3,per_inv,acclass,accloc,traffictl,impactype,visible,light,rdsfcond,road_class,failtorem,longitude,latitude,veh_no,vehtype,initdir,per_no,invage,injury,safequip,drivact,drivcond,pedact,pedcond,manoeuvre,pedtype,cyclistype,cycact,cyccond,road_user,fatal_no,wardname,division,neighbourhood,aggressive,distracted,cyclist,motorcyclist,other_micromobility,older_adult,pedestrian,red_light,school_child,heavy_truck,geometry
2356,2009:1088236,2009-01-12T08:50:00,MILNER AVE,CINEMART DR,,3,Non-Fatal Injury,,Stop Sign,Turning Movement,Clear,Daylight,Dry,Minor Arterial,FALSE,-79.2047904,43.79744396,2,,,2,,Minor,Lap and Shoulder Belt,,,,,,,,,,passenger,,Scarborough-Rouge Park (25),42 Division,Malvern East,FALSE,FALSE,FALSE,FALSE,FALSE,FALSE,FALSE,FALSE,TRUE,FALSE,"{""coordinates"": [[-79.20479040203887, 43.79744395761114]], ""type"": ""MultiPoint""}"
2357,2009:1081545,2009-01-14T11:08:00,PASSMORE AVE,MIDLAND AVE,,1,Non-Fatal Injury,At Intersection,Traffic Signal,SMV Other,Clear,Daylight,Dry,Major Arterial,FALSE,-79.29489051,43.82074406,1,Automobile or Station Wagon,East,1,82,Major,Other Safety Equipment Used,Lost control,Medical or Physical Disability,,,Going Ahead,,,,,driver,,Scarborough North (23),42 Division,Milliken,FALSE,FALSE,FALSE,FALSE,FALSE,TRUE,FALSE,FALSE,FALSE,FALSE,"{""coordinates"": [[-79.29489051296872, 43.82074405574991]], ""type"": ""MultiPoint""}"
2358,2009:1090872,2009-01-18T15:28:00,DUFFERIN ST,WINGOLD AVE,,3,Non-Fatal Injury,,Traffic Signal,Angle,Snow,Daylight,Slush,Major Arterial,FALSE,-79.45249092,43.70384426,1,Municipal Transit Bus (TTC),South,2,47,None,Other Safety Equipment Used,Driving properly,Normal,,,Going Ahead,,,,,driver,,Eglinton-Lawrence (8),13 Division,Yorkdale-Glen Park,TRUE,TRUE,FALSE,FALSE,FALSE,FALSE,FALSE,TRUE,FALSE,TRUE,"{""coordinates"": [[-79.45249092060357, 43.70384426439631]], ""type"": ""MultiPoint""}"
2359,2009:1090872,2009-01-18T15:28:00,DUFFERIN ST,WINGOLD AVE,,3,Non-Fatal Injury,,Traffic Signal,Angle,Snow,Daylight,Slush,Major Arterial,FALSE,-79.45249092,43.70384426,1,,,1,,,Other Safety Equipment Used,,,,,,,,,,owner,,Eglinton-Lawrence (8),13 Division,Yorkdale-Glen Park,TRUE,TRUE,FALSE,FALSE,FALSE,FALSE,FALSE,TRUE,FALSE,TRUE,"{""coordinates"": [[-79.45249092060357, 43.70384426439631]], ""type"": ""MultiPoint""}"
2360,2009:1090872,2009-01-18T15:28:00,DUFFERIN ST,WINGOLD AVE,,3,Non-Fatal Injury,,Traffic Signal,Angle,Snow,Daylight,Slush,Major Arterial,FALSE,-79.45249092,43.70384426,2,Automobile or Station Wagon,East,3,49,Major,Lap and Shoulder Belt,Disobeyed traffic control,Inattentive,,,Going Ahead,,,,,driver,,Eglinton-Lawrence (8),13 Division,Yorkdale-Glen Park,TRUE,TRUE,FALSE,FALSE,FALSE,FALSE,FALSE,TRUE,FALSE,TRUE,"{""coordinates"": [[-79.45249092060357, 43.70384426439631]], ""type"": ""MultiPoint""}"
2361,2009:1094623,2009-01-19T18:05:00,EGLINTON AVE E,RUMSEY RD,,3,Non-Fatal Injury,At Intersection,Traffic Signal,Turning Movement,Snow,Dark,Ice,Major Arterial,FALSE,-79.36969076,43.71254415,1,,,1,69,Major,Air Bag Deployed,,,,,,,,,,passenger,,Don Valley West (15),53 Division,Leaside-Bennington,FALSE,TRUE,FALSE,FALSE,FALSE,TRUE,FALSE,FALSE,FALSE,FALSE,"{""coordinates"": [[-79.36969075769042, 43.71254415035635]], ""type"": ""MultiPoint""}"
2362,2009:1094623,2009-01-19T18:05:00,EGLINTON AVE E,RUMSEY RD,,3,Non-Fatal Injury,At Intersection,Traffic Signal,Turning Movement,Snow,Dark,Ice,Major Arterial,FALSE,-79.36969076,43.71254415,1,Automobile or Station Wagon,East,2,58,None,Air Bag Deployed,Driving properly,Normal,,,Going Ahead,,,,,driver,,Don Valley West (15),53 Division,Leaside-Bennington,FALSE,TRUE,FALSE,FALSE,FALSE,TRUE,FALSE,FALSE,FALSE,FALSE,"{""coordinates"": [[-79.36969075769042, 43.71254415035635]], ""type"": ""MultiPoint""}"
2363,2009:1094623,2009-01-19T18:05:00,EGLINTON AVE E,RUMSEY RD,,3,Non-Fatal Injury,At Intersection,Traffic Signal,Turning Movement,Snow,Dark,Ice,Major Arterial,FALSE,-79.36969076,43.71254415,2,Automobile or Station Wagon,West,3,36,Minor,Lap and Shoulder Belt,Improper turn,Inattentive,,,Turning Left,,,,,driver,,Don Valley West (15),53 Division,Leaside-Bennington,FALSE,TRUE,FALSE,FALSE,FALSE,TRUE,FALSE,FALSE,FALSE,FALSE,"{""coordinates"": [[-79.36969075769042, 43.71254415035635]], ""type"": ""MultiPoint""}"
2364,2009:1090599,2009-01-20T13:20:00,LAKE SHORE Boul E,LOWER SHERBOURNE Stre,,4,Non-Fatal Injury,At Intersection,Traffic Signal,Sideswipe,Clear,Daylight,Wet,Major Arterial,FALSE,-79.36609085,43.64624416,1,,,1,34,Minimal,Lap and Shoulder Belt,,,,,,,,,,passenger,,Spadina-Fort York (10),51 Division,St Lawrence-East Bayfront-The Islands,FALSE,FALSE,FALSE,FALSE,FALSE,FALSE,FALSE,FALSE,FALSE,TRUE,"{""coordinates"": [[-79.36609084940888, 43.646244157613964]], ""type"": ""MultiPoint""}"
2365,2009:1090599,2009-01-20T13:20:00,LAKE SHORE Boul E,LOWER SHERBOURNE Stre,,4,Non-Fatal Injury,At Intersection,Traffic Signal,Sideswipe,Clear,Daylight,Wet,Major Arterial,FALSE,-79.36609085,43.64624416,2,Automobile or Station Wagon,West,4,29,Major,Lap and Shoulder Belt,Improper turn,Normal,,,Turning Left,,,,,driver,,Spadina-Fort York (10),51 Division,St Lawrence-East Bayfront-The Islands,FALSE,FALSE,FALSE,FALSE,FALSE,FALSE,FALSE,FALSE,FALSE,TRUE,"{""coordinates"": [[-79.36609084940888, 43.646244157613964]], ""type"": ""MultiPoint""}"
2366,2009:1090599,2009-01-20T13:20:00,LAKE SHORE Boul E,LOWER SHERBOURNE Stre,,4,Non-Fatal Injury,At Intersection,Traffic Signal,Sideswipe,Clear,Daylight,Wet,Major Arterial,FALSE,-79.36609085,43.64624416,1,Truck - Open (Flatbed),West,3,51,Minor,Lap and Shoulder Belt,Driving properly,Normal,,,Going Ahead,,,,,driver,,Spadina-Fort York (10),51 Division,St Lawrence-East Bayfront-The Islands,FALSE,FALSE,FALSE,FALSE,FALSE,FALSE,FALSE,FALSE,FALSE,TRUE,"{""coordinates"": [[-79.36609084940888, 43.646244157613964]], ""type"": ""MultiPoint""}"
2367,2009:1090599,2009-01-20T13:20:00,LAKE SHORE Boul E,LOWER SHERBOURNE Stre,,4,Non-Fatal Injury,At Intersection,Traffic Signal,Sideswipe,Clear,Daylight,Wet,Major Arterial,FALSE,-79.36609085,43.64624416,1,,,2,,,Other Safety Equipment Used,,,,,,,,,,owner,,Spadina-Fort York (10),51 Division,St Lawrence-East Bayfront-The Islands,FALSE,FALSE,FALSE,FALSE,FALSE,FALSE,FALSE,FALSE,FALSE,TRUE,"{""coordinates"": [[-79.36609084940888, 43.646244157613964]], ""type"": ""MultiPoint""}"
2368,2009:1083196,2009-01-21T15:32:00,1317 PAPE Ave,,,3,Non-Fatal Injury,,No Control,Approaching Head On,Clear,Dusk,Loose Snow,Major Arterial,FALSE,-79.35103275,43.69532213,2,Automobile or Station Wagon,South,3,71,Minor,Lap and Shoulder Belt,Lost control,Normal,,,Going Ahead,,,,,driver,,Toronto-Danforth (14),55 Division,Old East York,FALSE,FALSE,FALSE,FALSE,FALSE,TRUE,FALSE,FALSE,FALSE,FALSE,"{""coordinates"": [[-79.35103274913621, 43.69532212794221]], ""type"": ""MultiPoint""}"
2369,2009:1083196,2009-01-21T15:32:00,1317 PAPE Ave,,,3,Non-Fatal Injury,,No Control,Approaching Head On,Clear,Dusk,Loose Snow,Major Arterial,FALSE,-79.35103275,43.69532213,1,,,1,52,Major,Lap and Shoulder Belt,,,,,,,,,,passenger,,Toronto-Danforth (14),55 Division,Old East York,FALSE,FALSE,FALSE,FALSE,FALSE,TRUE,FALSE,FALSE,FALSE,FALSE,"{""coordinates"": [[-79.35103274913621, 43.69532212794221]], ""type"": ""MultiPoint""}"
2370,2009:1083196,2009-01-21T15:32:00,1317 PAPE Ave,,,3,Non-Fatal Injury,,No Control,Approaching Head On,Clear,Dusk,Loose Snow,Major Arterial,FALSE,-79.35103275,43.69532213,1,Automobile or Station Wagon,North,2,69,Minor,Lap and Shoulder Belt,Driving properly,Normal,,,Going Ahead,,,,,driver,,Toronto-Danforth (14),55 Division,Old East York,FALSE,FALSE,FALSE,FALSE,FALSE,TRUE,FALSE,FALSE,FALSE,FALSE,"{""coordinates"": [[-79.35103274913621, 43.69532212794221]], ""type"": ""MultiPoint""}"
2371,2009:1083896,2009-01-24T14:20:00,COMMISSIONERS Stre,DON ROADWAY,,1,Non-Fatal Injury,,No Control,SMV Other,Clear,Daylight,Dry,Collector,FALSE,-79.3449908,43.64854413,1,,,2,25,Major,Other Safety Equipment Used,,,,,Other,,,,,passenger,,Toronto-Danforth (14),55 Division,South Riverdale,FALSE,FALSE,FALSE,FALSE,FALSE,FALSE,FALSE,FALSE,FALSE,FALSE,"{""coordinates"": [[-79.34499080464958, 43.64854412584426]], ""type"": ""MultiPoint""}"
2372,2009:1083896,2009-01-24T14:20:00,COMMISSIONERS Stre,DON ROADWAY,,1,Non-Fatal Injury,,No Control,SMV Other,Clear,Daylight,Dry,Collector,FALSE,-79.3449908,43.64854413,1,Automobile or Station Wagon,West,1,26,None,Other Safety Equipment Used,,,,,Going Ahead,,,,,driver,,Toronto-Danforth (14),55 Division,South Riverdale,FALSE,FALSE,FALSE,FALSE,FALSE,FALSE,FALSE,FALSE,FALSE,FALSE,"{""coordinates"": [[-79.34499080464958, 43.64854412584426]], ""type"": ""MultiPoint""}"
2373,2009:1094875,2009-01-26T00:17:00,LAKE SHORE Boul E,CARLAW Aven,,2,Non-Fatal Injury,At Intersection,Traffic Signal,Turning Movement,Clear,Dark,Dry,Major Arterial,FALSE,-79.33739078,43.65494411,1,Automobile or Station Wagon,West,1,58,Major,Lap and Shoulder Belt,Driving properly,Normal,,,Going Ahead,,,,,driver,,Toronto-Danforth (14),55 Division,South Riverdale,TRUE,TRUE,FALSE,FALSE,FALSE,FALSE,FALSE,FALSE,FALSE,FALSE,"{""coordinates"": [[-79.33739078077404, 43.654944113813706]], ""type"": ""MultiPoint""}"
2374,2009:1094875,2009-01-26T00:17:00,LAKE SHORE Boul E,CARLAW Aven,,2,Non-Fatal Injury,At Intersection,Traffic Signal,Turning Movement,Clear,Dark,Dry,Major Arterial,FALSE,-79.33739078,43.65494411,2,Automobile or Station Wagon,East,2,21,Minimal,Lap and Shoulder Belt,Failed to yield right-of-way,Inattentive,,,Turning Left,,,,,driver,,Toronto-Danforth (14),55 Division,South Riverdale,TRUE,TRUE,FALSE,FALSE,FALSE,FALSE,FALSE,FALSE,FALSE,FALSE,"{""coordinates"": [[-79.33739078077404, 43.654944113813706]], ""type"": ""MultiPoint""}"
2375,2009:1092716,2009-01-28T13:52:00,GERRARD St E,YONGE St,,4,Non-Fatal Injury,,No Control,Rear End,Snow,Daylight,Packed Snow,Major Arterial,FALSE,-79.38209086,43.65904418,1,,,1,,,Other Safety Equipment Used,,,,,,,,,,owner,,Toronto Centre (13),51 Division,Downtown Yonge East,FALSE,FALSE,FALSE,FALSE,FALSE,FALSE,FALSE,FALSE,FALSE,FALSE,"{""coordinates"": [[-79.38209086136538, 43.65904417866623]], ""type"": ""MultiPoint""}"
2376,2009:1092716,2009-01-28T13:52:00,GERRARD St E,YONGE St,,4,Non-Fatal Injury,,No Control,Rear End,Snow,Daylight,Packed Snow,Major Arterial,FALSE,-79.38209086,43.65904418,1,,,2,,,Other Safety Equipment Used,,,,,,,,,,owner,,Toronto Centre (13),51 Division,Downtown Yonge East,FALSE,FALSE,FALSE,FALSE,FALSE,FALSE,FALSE,FALSE,FALSE,FALSE,"{""coordinates"": [[-79.38209086136538, 43.65904417866623]], ""type"": ""MultiPoint""}"
2377,2009:1092716,2009-01-28T13:52:00,GERRARD St E,YONGE St,,4,Non-Fatal Injury,,No Control,Rear End,Snow,Daylight,Packed Snow,Major Arterial,FALSE,-79.38209086,43.65904418,2,Automobile or Station Wagon,East,4,21,Major,Lap and Shoulder Belt,Lost control,Normal,,,Slowing or Stopping,,,,,driver,,Toronto Centre (13),51 Division,Downtown Yonge East,FALSE,FALSE,FALSE,FALSE,FALSE,FALSE,FALSE,FALSE,FALSE,FALSE,"{""coordinates"": [[-79.38209086136538, 43.65904417866623]], ""type"": ""MultiPoint""}"
2378,2009:1092716,2009-01-28T13:52:00,GERRARD St E,YONGE St,,4,Non-Fatal Injury,,No Control,Rear End,Snow,Daylight,Packed Snow,Major Arterial,FALSE,-79.38209086,43.65904418,1,Automobile or Station Wagon,East,3,48,None,Lap and Shoulder Belt,Driving properly,Normal,,,Stopped,,,,,driver,,Toronto Centre (13),51 Division,Downtown Yonge East,FALSE,FALSE,FALSE,FALSE,FALSE,FALSE,FALSE,FALSE,FALSE,FALSE,"{""coordinates"": [[-79.38209086136538, 43.65904417866623]], ""type"": ""MultiPoint""}"
2379,2009:1092227,2009-01-31T17:00:00,BLACK CREEK DR,EGLINTON AVE W,,3,Non-Fatal Injury,At Intersection,Traffic Signal,Rear End,Clear,Dusk,Dry,Major Arterial,FALSE,-79.482891,43.68834431,2,Automobile or Station Wagon,North,3,37,None,Lap and Shoulder Belt,Failed to yield right-of-way,Inattentive,,,Going Ahead,,,,,driver,,York South-Weston (5),12 Division,Keelesdale-Eglinton West,TRUE,TRUE,FALSE,FALSE,FALSE,FALSE,FALSE,FALSE,FALSE,FALSE,"{""coordinates"": [[-79.48289100348022, 43.688344312687974]], ""type"": ""MultiPoint""}"
2380,2009:1092886,2009-03-04T21:41:00,DANFORTH Aven,MAIN Stre,,7,Non-Fatal Injury,,,Other,Other,Dark,Other,Major Arterial,FALSE,-79.30179067,43.68814406,2,Automobile or Station Wagon,,6,52,Minor,Other Safety Equipment Used,,,,,Unknown,,,,,driver,,Beaches-East York (19),55 Division,East End-Danforth,FALSE,FALSE,FALSE,FALSE,FALSE,FALSE,FALSE,FALSE,FALSE,FALSE,"{""coordinates"": [[-79.30179066821337, 43.6881440603654]], ""type"": ""MultiPoint""}"
2381,2009:1092227,2009-01-31T17:00:00,BLACK CREEK DR,EGLINTON AVE W,,3,Non-Fatal Injury,At Intersection,Traffic Signal,Rear End,Clear,Dusk,Dry,Major Arterial,FALSE,-79.482891,43.68834431,1,Automobile or Station Wagon,North,1,40,Major,Lap and Shoulder Belt,Driving properly,Normal,,,Stopped,,,,,driver,,York South-Weston (5),12 Division,Keelesdale-Eglinton West,TRUE,TRUE,FALSE,FALSE,FALSE,FALSE,FALSE,FALSE,FALSE,FALSE,"{""coordinates"": [[-79.48289100348022, 43.688344312687974]], ""type"": ""MultiPoint""}"
2382,2009:1092227,2009-01-31T17:00:00,BLACK CREEK DR,EGLINTON AVE W,,3,Non-Fatal Injury,At Intersection,Traffic Signal,Rear End,Clear,Dusk,Dry,Major Arterial,FALSE,-79.482891,43.68834431,2,,,2,,,Other Safety Equipment Used,,,,,,,,,,owner,,York South-Weston (5),12 Division,Keelesdale-Eglinton West,TRUE,TRUE,FALSE,FALSE,FALSE,FALSE,FALSE,FALSE,FALSE,FALSE,"{""coordinates"": [[-79.48289100348022, 43.688344312687974]], ""type"": ""MultiPoint""}"
2383,2009:1092795,2009-02-02T13:45:00,3372 KEELE ST,,,8,Non-Fatal Injury,,No Control,Turning Movement,Clear,Daylight,Dry,Major Arterial,FALSE,-79.4870909,43.74754429,1,,,1,,,Other Safety Equipment Used,,,,,,,,,,owner,,York Centre (6),31 Division,York University Heights,FALSE,FALSE,FALSE,FALSE,FALSE,FALSE,FALSE,FALSE,FALSE,FALSE,"{""coordinates"": [[-79.48709090432635, 43.74754429111107]], ""type"": ""MultiPoint""}"
2384,2009:1092795,2009-02-02T13:45:00,3372 KEELE ST,,,8,Non-Fatal Injury,,No Control,Turning Movement,Clear,Daylight,Dry,Major Arterial,FALSE,-79.4870909,43.74754429,3,,,7,48,Minor,Lap and Shoulder Belt,,,,,,,,,,passenger,,York Centre (6),31 Division,York University Heights,FALSE,FALSE,FALSE,FALSE,FALSE,FALSE,FALSE,FALSE,FALSE,FALSE,"{""coordinates"": [[-79.48709090432635, 43.74754429111107]], ""type"": ""MultiPoint""}"
2385,2009:1092795,2009-02-02T13:45:00,3372 KEELE ST,,,8,Non-Fatal Injury,,No Control,Turning Movement,Clear,Daylight,Dry,Major Arterial,FALSE,-79.4870909,43.74754429,3,Automobile or Station Wagon,North,8,33,None,Lap and Shoulder Belt,Improper turn,Normal,,,Turning Left,,,,,driver,,York Centre (6),31 Division,York University Heights,FALSE,FALSE,FALSE,FALSE,FALSE,FALSE,FALSE,FALSE,FALSE,FALSE,"{""coordinates"": [[-79.48709090432635, 43.74754429111107]], ""type"": ""MultiPoint""}"
2386,2009:1092795,2009-02-02T13:45:00,3372 KEELE ST,,,8,Non-Fatal Injury,,No Control,Turning Movement,Clear,Daylight,Dry,Major Arterial,FALSE,-79.4870909,43.74754429,2,,,3,,Major,Lap and Shoulder Belt,,,,,,,,,,passenger,,York Centre (6),31 Division,York University Heights,FALSE,FALSE,FALSE,FALSE,FALSE,FALSE,FALSE,FALSE,FALSE,FALSE,"{""coordinates"": [[-79.48709090432635, 43.74754429111107]], ""type"": ""MultiPoint""}"
2387,2009:1092795,2009-02-02T13:45:00,3372 KEELE ST,,,8,Non-Fatal Injury,,No Control,Turning Movement,Clear,Daylight,Dry,Major Arterial,FALSE,-79.4870909,43.74754429,3,,,5,1,Minor,Child Safety Seat Used Correctly,,,,,,,,,,passenger,,York Centre (6),31 Division,York University Heights,FALSE,FALSE,FALSE,FALSE,FALSE,FALSE,FALSE,FALSE,FALSE,FALSE,"{""coordinates"": [[-79.48709090432635, 43.74754429111107]], ""type"": ""MultiPoint""}"
2388,2009:1092795,2009-02-02T13:45:00,3372 KEELE ST,,,8,Non-Fatal Injury,,No Control,Turning Movement,Clear,Daylight,Dry,Major Arterial,FALSE,-79.4870909,43.74754429,2,Automobile or Station Wagon,East,4,23,None,Lap and Shoulder Belt,Driving properly,Normal,,,Stopped,,,,,driver,,York Centre (6),31 Division,York University Heights,FALSE,FALSE,FALSE,FALSE,FALSE,FALSE,FALSE,FALSE,FALSE,FALSE,"{""coordinates"": [[-79.48709090432635, 43.74754429111107]], ""type"": ""MultiPoint""}"
2389,2009:1092795,2009-02-02T13:45:00,3372 KEELE ST,,,8,Non-Fatal Injury,,No Control,Turning Movement,Clear,Daylight,Dry,Major Arterial,FALSE,-79.4870909,43.74754429,3,,,6,,Minor,Lap and Shoulder Belt,,,,,,,,,,passenger,,York Centre (6),31 Division,York University Heights,FALSE,FALSE,FALSE,FALSE,FALSE,FALSE,FALSE,FALSE,FALSE,FALSE,"{""coordinates"": [[-79.48709090432635, 43.74754429111107]], ""type"": ""MultiPoint""}"
2390,2009:1092795,2009-02-02T13:45:00,3372 KEELE ST,,,8,Non-Fatal Injury,,No Control,Turning Movement,Clear,Daylight,Dry,Major Arterial,FALSE,-79.4870909,43.74754429,1,Automobile or Station Wagon,South,2,22,Minor,Lap and Shoulder Belt,Driving properly,Normal,,,Going Ahead,,,,,driver,,York Centre (6),31 Division,York University Heights,FALSE,FALSE,FALSE,FALSE,FALSE,FALSE,FALSE,FALSE,FALSE,FALSE,"{""coordinates"": [[-79.48709090432635, 43.74754429111107]], ""type"": ""MultiPoint""}"
2391,2009:1093891,2009-02-12T00:01:00,MIDDLEFIELD Road,PASSMORE Aven,,2,Non-Fatal Injury,,No Control,SMV Other,Rain,Dark,Wet,Minor Arterial,FALSE,-79.26519046,43.82734402,1,,South,1,0,Major,Air Bag Deployed,Lost control,Normal,,,Going Ahead,,,,,driver,,Scarborough North (23),42 Division,Milliken,FALSE,FALSE,FALSE,FALSE,FALSE,FALSE,FALSE,FALSE,FALSE,FALSE,"{""coordinates"": [[-79.26519046129879, 43.8273440230157]], ""type"": ""MultiPoint""}"
2392,2009:1093891,2009-02-12T00:01:00,MIDDLEFIELD Road,PASSMORE Aven,,2,Non-Fatal Injury,,No Control,SMV Other,Rain,Dark,Wet,Minor Arterial,FALSE,-79.26519046,43.82734402,2,,,2,,,Other Safety Equipment Used,,,,,,,,,,owner,,Scarborough North (23),42 Division,Milliken,FALSE,FALSE,FALSE,FALSE,FALSE,FALSE,FALSE,FALSE,FALSE,FALSE,"{""coordinates"": [[-79.26519046129879, 43.8273440230157]], ""type"": ""MultiPoint""}"
2393,2009:1093852,2009-02-12T14:44:00,DUFFERIN ST,BANK ST,,3,Non-Fatal Injury,,No Control,Approaching Head On,Clear,Daylight,Dry,Minor Arterial,FALSE,-79.43069097,43.64774425,1,Automobile or Station Wagon,North,1,39,Major,Lap and Shoulder Belt,Lost control,Inattentive,,,Going Ahead,,,,,driver,,Davenport (9),14 Division,Little Portugal,FALSE,TRUE,FALSE,FALSE,FALSE,FALSE,FALSE,FALSE,FALSE,TRUE,"{""coordinates"": [[-79.43069097393814, 43.64774425344538]], ""type"": ""MultiPoint""}"
2394,2009:1093852,2009-02-12T14:44:00,DUFFERIN ST,BANK ST,,3,Non-Fatal Injury,,No Control,Approaching Head On,Clear,Daylight,Dry,Minor Arterial,FALSE,-79.43069097,43.64774425,2,,,2,,,Other Safety Equipment Used,,,,,,,,,,owner,,Davenport (9),14 Division,Little Portugal,FALSE,TRUE,FALSE,FALSE,FALSE,FALSE,FALSE,FALSE,FALSE,TRUE,"{""coordinates"": [[-79.43069097393814, 43.64774425344538]], ""type"": ""MultiPoint""}"
2395,2009:1093852,2009-02-12T14:44:00,DUFFERIN ST,BANK ST,,3,Non-Fatal Injury,,No Control,Approaching Head On,Clear,Daylight,Dry,Minor Arterial,FALSE,-79.43069097,43.64774425,3,Municipal Transit Bus (TTC),South,3,49,None,Other Safety Equipment Used,Driving properly,Normal,,,Going Ahead,,,,,driver,,Davenport (9),14 Division,Little Portugal,FALSE,TRUE,FALSE,FALSE,FALSE,FALSE,FALSE,FALSE,FALSE,TRUE,"{""coordinates"": [[-79.43069097393814, 43.64774425344538]], ""type"": ""MultiPoint""}"
2398,2009:1090380,2009-02-17T09:55:00,DON MILLS RD,OVERLEA BLVD,,2,Non-Fatal Injury,,No Control,Other,Clear,Daylight,Dry,Major Arterial,FALSE,-79.3341867,43.7094441,1,Automobile or Station Wagon,South,1,54,None,Lap and Shoulder Belt,Driving properly,Normal,,,Slowing or Stopping,,,,,driver,,Don Valley West (15),55 Division,Flemingdon Park,FALSE,FALSE,FALSE,FALSE,FALSE,TRUE,FALSE,FALSE,FALSE,FALSE,"{""coordinates"": [[-79.33418669854842, 43.709444103219816]], ""type"": ""MultiPoint""}"
2399,2009:1090380,2009-02-17T09:55:00,DON MILLS RD,OVERLEA BLVD,,2,Non-Fatal Injury,,No Control,Other,Clear,Daylight,Dry,Major Arterial,FALSE,-79.3341867,43.7094441,1,,,2,79,Major,Other Safety Equipment Used,,,,,,,,,,passenger,,Don Valley West (15),55 Division,Flemingdon Park,FALSE,FALSE,FALSE,FALSE,FALSE,TRUE,FALSE,FALSE,FALSE,FALSE,"{""coordinates"": [[-79.33418669854842, 43.709444103219816]], ""type"": ""MultiPoint""}"
2400,2009:1090371,2009-02-21T11:05:00,BROADWAY Aven,MOUNT PLEASANT Road,,1,Non-Fatal Injury,At Intersection,Traffic Signal,SMV Other,Clear,Daylight,Dry,Major Arterial,FALSE,-79.3911908,43.71114418,1,Automobile or Station Wagon,West,1,80,Major,Other Safety Equipment Used,Lost control,Medical or Physical Disability,,,Going Ahead,,,,,driver,,Don Valley West (15),53 Division,Mount Pleasant East,FALSE,FALSE,FALSE,FALSE,FALSE,TRUE,FALSE,FALSE,FALSE,FALSE,"{""coordinates"": [[-79.39119079828993, 43.71114417943976]], ""type"": ""MultiPoint""}"
2401,2009:1090381,2009-02-21T20:01:00,YORK MILLS RD,DON MILLS RD,,2,Non-Fatal Injury,At Intersection,Traffic Signal,Approaching Head On,Snow,Dark,Loose Snow,Major Arterial,FALSE,-79.34699066,43.75584411,1,Automobile or Station Wagon,East,1,86,Major,Other Safety Equipment Used,Lost control,Medical or Physical Disability,,,Going Ahead,,,,,driver,,Don Valley East (16),33 Division,St.Andrew-Windfields,FALSE,FALSE,FALSE,FALSE,FALSE,TRUE,FALSE,FALSE,FALSE,FALSE,"{""coordinates"": [[-79.3469906578386, 43.75584411483898]], ""type"": ""MultiPoint""}"
2402,2009:1090381,2009-02-21T20:01:00,YORK MILLS RD,DON MILLS RD,,2,Non-Fatal Injury,At Intersection,Traffic Signal,Approaching Head On,Snow,Dark,Loose Snow,Major Arterial,FALSE,-79.34699066,43.75584411,2,Automobile or Station Wagon,West,2,39,Minimal,Other Safety Equipment Used,Driving properly,Normal,,,Slowing or Stopping,,,,,driver,,Don Valley East (16),33 Division,St.Andrew-Windfields,FALSE,FALSE,FALSE,FALSE,FALSE,TRUE,FALSE,FALSE,FALSE,FALSE,"{""coordinates"": [[-79.3469906578386, 43.75584411483898]], ""type"": ""MultiPoint""}"
2403,2009:1090810,2009-02-23T16:35:00,F G GARDINER XY E,YONGE ST,,4,Non-Fatal Injury,,No Control,Rear End,Clear,Daylight,Dry,Major Arterial,FALSE,-79.37469087,43.64464417,3,Automobile or Station Wagon,East,4,60,None,Lap and Shoulder Belt,Following too closely,Had Been Drinking,,,Going Ahead,,,,,driver,,Spadina-Fort York (10),51 Division,St Lawrence-East Bayfront-The Islands,TRUE,FALSE,FALSE,FALSE,FALSE,FALSE,FALSE,FALSE,FALSE,FALSE,"{""coordinates"": [[-79.37469086872323, 43.64464417076133]], ""type"": ""MultiPoint""}"
2404,2009:1090810,2009-02-23T16:35:00,F G GARDINER XY E,YONGE ST,,4,Non-Fatal Injury,,No Control,Rear End,Clear,Daylight,Dry,Major Arterial,FALSE,-79.37469087,43.64464417,1,Automobile or Station Wagon,East,2,29,Major,Lap and Shoulder Belt,Driving properly,Normal,,,Stopped,,,,,driver,,Spadina-Fort York (10),51 Division,St Lawrence-East Bayfront-The Islands,TRUE,FALSE,FALSE,FALSE,FALSE,FALSE,FALSE,FALSE,FALSE,FALSE,"{""coordinates"": [[-79.37469086872323, 43.64464417076133]], ""type"": ""MultiPoint""}"
2405,2009:1090810,2009-02-23T16:35:00,F G GARDINER XY E,YONGE ST,,4,Non-Fatal Injury,,No Control,Rear End,Clear,Daylight,Dry,Major Arterial,FALSE,-79.37469087,43.64464417,1,,,1,,,Other Safety Equipment Used,,,,,,,,,,owner,,Spadina-Fort York (10),51 Division,St Lawrence-East Bayfront-The Islands,TRUE,FALSE,FALSE,FALSE,FALSE,FALSE,FALSE,FALSE,FALSE,FALSE,"{""coordinates"": [[-79.37469086872323, 43.64464417076133]], ""type"": ""MultiPoint""}"
2406,2009:1090810,2009-02-23T16:35:00,F G GARDINER XY E,YONGE ST,,4,Non-Fatal Injury,,No Control,Rear End,Clear,Daylight,Dry,Major Arterial,FALSE,-79.37469087,43.64464417,2,Automobile or Station Wagon,East,3,56,None,Lap and Shoulder Belt,Driving properly,Normal,,,Stopped,,,,,driver,,Spadina-Fort York (10),51 Division,St Lawrence-East Bayfront-The Islands,TRUE,FALSE,FALSE,FALSE,FALSE,FALSE,FALSE,FALSE,FALSE,FALSE,"{""coordinates"": [[-79.37469086872323, 43.64464417076133]], ""type"": ""MultiPoint""}"
2407,2009:1095466,2009-02-26T07:30:00,KENNEDY RD,401 C W KENNEDY S RAMP RD,,4,Non-Fatal Injury,At Intersection,Traffic Signal,Angle,Clear,Daylight,Dry,Major Arterial,FALSE,-79.28515954,43.77630404,2,Automobile or Station Wagon,West,4,58,Minor,Lap and Shoulder Belt,Lost control,Unknown,,,Going Ahead,,,,,driver,,Scarborough-Agincourt (22),42 Division,Agincourt South-Malvern West,FALSE,FALSE,FALSE,FALSE,FALSE,FALSE,FALSE,FALSE,FALSE,FALSE,"{""coordinates"": [[-79.28515953644754, 43.776304040227245]], ""type"": ""MultiPoint""}"