_id,collision_id,accdate,stname1,stname2,stname3,per_inv,acclass,accloc,traffictl,impactype,visible,light,rdsfcond,road_class,failtorem,longitude,latitude,veh_no,vehtype,initdir,per_no,invage,injury,safequip,drivact,drivcond,pedact,pedcond,manoeuvre,pedtype,cyclistype,cycact,cyccond,road_user,fatal_no,wardname,division,neighbourhood,aggressive,distracted,cyclist,motorcyclist,other_micromobility,older_adult,pedestrian,red_light,school_child,heavy_truck,geometry
2515,2009:1101613,2009-04-28T00:24:00,ELLESMERE RD,KENNEDY RD,,4,Non-Fatal Injury,At Intersection,Traffic Signal,Angle,Clear,Dark,Dry,Major Arterial,FALSE,-79.28109054,43.76574403,2,Automobile or Station Wagon,East,4,23,Minimal,Other Safety Equipment Used,Disobeyed traffic control,Inattentive,,,Going Ahead,,,,,driver,,Scarborough Centre (21),41 Division,Dorset Park,TRUE,TRUE,FALSE,FALSE,FALSE,FALSE,FALSE,TRUE,FALSE,FALSE,"{""coordinates"": [[-79.28109053887839, 43.76574403417697]], ""type"": ""MultiPoint""}"
2516,2009:1101613,2009-04-28T00:24:00,ELLESMERE RD,KENNEDY RD,,4,Non-Fatal Injury,At Intersection,Traffic Signal,Angle,Clear,Dark,Dry,Major Arterial,FALSE,-79.28109054,43.76574403,1,,,2,,,Other Safety Equipment Used,,,,,,,,,,owner,,Scarborough Centre (21),41 Division,Dorset Park,TRUE,TRUE,FALSE,FALSE,FALSE,FALSE,FALSE,TRUE,FALSE,FALSE,"{""coordinates"": [[-79.28109053887839, 43.76574403417697]], ""type"": ""MultiPoint""}"
2517,2009:1101613,2009-04-28T00:24:00,ELLESMERE RD,KENNEDY RD,,4,Non-Fatal Injury,At Intersection,Traffic Signal,Angle,Clear,Dark,Dry,Major Arterial,FALSE,-79.28109054,43.76574403,1,,,1,24,Major,Other Safety Equipment Used,,,,,,,,,,passenger,,Scarborough Centre (21),41 Division,Dorset Park,TRUE,TRUE,FALSE,FALSE,FALSE,FALSE,FALSE,TRUE,FALSE,FALSE,"{""coordinates"": [[-79.28109053887839, 43.76574403417697]], ""type"": ""MultiPoint""}"
2518,2009:1101613,2009-04-28T00:24:00,ELLESMERE RD,KENNEDY RD,,4,Non-Fatal Injury,At Intersection,Traffic Signal,Angle,Clear,Dark,Dry,Major Arterial,FALSE,-79.28109054,43.76574403,1,Automobile or Station Wagon,South,3,34,Major,Other Safety Equipment Used,Driving properly,Normal,,,Going Ahead,,,,,driver,,Scarborough Centre (21),41 Division,Dorset Park,TRUE,TRUE,FALSE,FALSE,FALSE,FALSE,FALSE,TRUE,FALSE,FALSE,"{""coordinates"": [[-79.28109053887839, 43.76574403417697]], ""type"": ""MultiPoint""}"
2519,2009:1105956,2009-04-29T20:39:00,THE QUEENSWAY Stre,NORTH QUEEN ST,,2,Non-Fatal Injury,,No Control,Turning Movement,Clear,Dark,Dry,Major Arterial,FALSE,-79.55519124,43.61434444,2,Motorcycle,West,2,25,Major,Helmet,Exceeding speed limit,Inattentive,,,Going Ahead,,,,,motorcyclist,,Etobicoke-Lakeshore (3),22 Division,Etobicoke City Centre,TRUE,TRUE,FALSE,TRUE,FALSE,FALSE,FALSE,FALSE,FALSE,FALSE,"{""coordinates"": [[-79.55519124422621, 43.614344442867626]], ""type"": ""MultiPoint""}"
2520,2009:1105956,2009-04-29T20:39:00,THE QUEENSWAY Stre,NORTH QUEEN ST,,2,Non-Fatal Injury,,No Control,Turning Movement,Clear,Dark,Dry,Major Arterial,FALSE,-79.55519124,43.61434444,1,Automobile or Station Wagon,South,1,23,None,Lap and Shoulder Belt,Improper turn,Inattentive,,,Turning Right,,,,,driver,,Etobicoke-Lakeshore (3),22 Division,Etobicoke City Centre,TRUE,TRUE,FALSE,TRUE,FALSE,FALSE,FALSE,FALSE,FALSE,FALSE,"{""coordinates"": [[-79.55519124422621, 43.614344442867626]], ""type"": ""MultiPoint""}"
2524,2009:1111516,2009-05-22T02:52:00,BARTON Ave,CHRISTIE St,,4,Non-Fatal Injury,,No Control,SMV Other,Clear,Dark,Dry,Minor Arterial,FALSE,-79.41959092,43.66654423,1,,,1,,,Other Safety Equipment Used,,,,,,,,,,owner,,University-Rosedale (11),14 Division,Annex,FALSE,FALSE,FALSE,FALSE,FALSE,FALSE,FALSE,FALSE,FALSE,FALSE,"{""coordinates"": [[-79.41959092161778, 43.66654423117128]], ""type"": ""MultiPoint""}"
2530,2009:1106355,2009-05-02T10:52:00,JAMESON AVE,GARDINER JAMESON AV RAMP,,4,Non-Fatal Injury,At Intersection,No Control,Turning Movement,Clear,Daylight,Dry,Minor Arterial,FALSE,-79.43429101,43.63244426,1,Truck - Open (Flatbed),South,3,38,None,Lap and Shoulder Belt,Driving properly,Normal,,,Going Ahead,,,,,driver,,Parkdale-High Park (4),14 Division,South Parkdale,TRUE,FALSE,FALSE,FALSE,FALSE,FALSE,FALSE,FALSE,FALSE,TRUE,"{""coordinates"": [[-79.43429100646283, 43.632444264012136]], ""type"": ""MultiPoint""}"
2531,2009:1106355,2009-05-02T10:52:00,JAMESON AVE,GARDINER JAMESON AV RAMP,,4,Non-Fatal Injury,At Intersection,No Control,Turning Movement,Clear,Daylight,Dry,Minor Arterial,FALSE,-79.43429101,43.63244426,2,Automobile or Station Wagon,East,4,22,Major,Air Bag Deployed,Failed to yield right-of-way,Normal,,,Turning Left,,,,,driver,,Parkdale-High Park (4),14 Division,South Parkdale,TRUE,FALSE,FALSE,FALSE,FALSE,FALSE,FALSE,FALSE,FALSE,TRUE,"{""coordinates"": [[-79.43429100646283, 43.632444264012136]], ""type"": ""MultiPoint""}"
2532,2009:1106355,2009-05-02T10:52:00,JAMESON AVE,GARDINER JAMESON AV RAMP,,4,Non-Fatal Injury,At Intersection,No Control,Turning Movement,Clear,Daylight,Dry,Minor Arterial,FALSE,-79.43429101,43.63244426,1,,,2,,,Other Safety Equipment Used,,,,,,,,,,owner,,Parkdale-High Park (4),14 Division,South Parkdale,TRUE,FALSE,FALSE,FALSE,FALSE,FALSE,FALSE,FALSE,FALSE,TRUE,"{""coordinates"": [[-79.43429100646283, 43.632444264012136]], ""type"": ""MultiPoint""}"
2533,2009:1106355,2009-05-02T10:52:00,JAMESON AVE,GARDINER JAMESON AV RAMP,,4,Non-Fatal Injury,At Intersection,No Control,Turning Movement,Clear,Daylight,Dry,Minor Arterial,FALSE,-79.43429101,43.63244426,3,,,1,,None,Other Safety Equipment Used,,,,,,,,,,other,,Parkdale-High Park (4),14 Division,South Parkdale,TRUE,FALSE,FALSE,FALSE,FALSE,FALSE,FALSE,FALSE,FALSE,TRUE,"{""coordinates"": [[-79.43429100646283, 43.632444264012136]], ""type"": ""MultiPoint""}"
2534,2009:1106578,2009-05-04T11:00:00,TRETHEWEY DR,BROOKHAVEN DR,,5,Non-Fatal Injury,At Intersection,No Control,Turning Movement,Clear,Daylight,Dry,Minor Arterial,FALSE,-79.49389101,43.69694432,1,Automobile or Station Wagon,East,2,47,Major,Lap and Shoulder Belt,Improper turn,Inattentive,,,Turning Left,,,,,driver,,York South-Weston (5),12 Division,Brookhaven-Amesbury,FALSE,TRUE,FALSE,FALSE,FALSE,FALSE,FALSE,FALSE,FALSE,FALSE,"{""coordinates"": [[-79.49389100816816, 43.696944323893895]], ""type"": ""MultiPoint""}"
2535,2009:1106578,2009-05-04T11:00:00,TRETHEWEY DR,BROOKHAVEN DR,,5,Non-Fatal Injury,At Intersection,No Control,Turning Movement,Clear,Daylight,Dry,Minor Arterial,FALSE,-79.49389101,43.69694432,2,,,4,,,Other Safety Equipment Used,,,,,,,,,,owner,,York South-Weston (5),12 Division,Brookhaven-Amesbury,FALSE,TRUE,FALSE,FALSE,FALSE,FALSE,FALSE,FALSE,FALSE,FALSE,"{""coordinates"": [[-79.49389100816816, 43.696944323893895]], ""type"": ""MultiPoint""}"
2536,2009:1106578,2009-05-04T11:00:00,TRETHEWEY DR,BROOKHAVEN DR,,5,Non-Fatal Injury,At Intersection,No Control,Turning Movement,Clear,Daylight,Dry,Minor Arterial,FALSE,-79.49389101,43.69694432,1,,,1,,,Other Safety Equipment Used,,,,,,,,,,owner,,York South-Weston (5),12 Division,Brookhaven-Amesbury,FALSE,TRUE,FALSE,FALSE,FALSE,FALSE,FALSE,FALSE,FALSE,FALSE,"{""coordinates"": [[-79.49389100816816, 43.696944323893895]], ""type"": ""MultiPoint""}"
2537,2009:1106578,2009-05-04T11:00:00,TRETHEWEY DR,BROOKHAVEN DR,,5,Non-Fatal Injury,At Intersection,No Control,Turning Movement,Clear,Daylight,Dry,Minor Arterial,FALSE,-79.49389101,43.69694432,2,Automobile or Station Wagon,East,5,55,None,Lap and Shoulder Belt,Driving properly,Normal,,,Going Ahead,,,,,driver,,York South-Weston (5),12 Division,Brookhaven-Amesbury,FALSE,TRUE,FALSE,FALSE,FALSE,FALSE,FALSE,FALSE,FALSE,FALSE,"{""coordinates"": [[-79.49389100816816, 43.696944323893895]], ""type"": ""MultiPoint""}"
2538,2009:1106578,2009-05-04T11:00:00,TRETHEWEY DR,BROOKHAVEN DR,,5,Non-Fatal Injury,At Intersection,No Control,Turning Movement,Clear,Daylight,Dry,Minor Arterial,FALSE,-79.49389101,43.69694432,2,,,3,54,Major,Lap and Shoulder Belt,,,,,,,,,,passenger,,York South-Weston (5),12 Division,Brookhaven-Amesbury,FALSE,TRUE,FALSE,FALSE,FALSE,FALSE,FALSE,FALSE,FALSE,FALSE,"{""coordinates"": [[-79.49389100816816, 43.696944323893895]], ""type"": ""MultiPoint""}"
2539,2009:1107097,2009-05-07T05:53:00,ANNETTE ST,KEELE ST,,4,Non-Fatal Injury,At Intersection,Traffic Signal,Angle,Rain,Dawn,Wet,Major Arterial,FALSE,-79.46379101,43.6636443,2,,,2,,,Other Safety Equipment Used,,,,,,,,,,owner,,Parkdale-High Park (4),11 Division,Junction Area,TRUE,FALSE,FALSE,FALSE,FALSE,FALSE,FALSE,TRUE,FALSE,FALSE,"{""coordinates"": [[-79.46379101115976, 43.66364429618206]], ""type"": ""MultiPoint""}"
2540,2009:1107097,2009-05-07T05:53:00,ANNETTE ST,KEELE ST,,4,Non-Fatal Injury,At Intersection,Traffic Signal,Angle,Rain,Dawn,Wet,Major Arterial,FALSE,-79.46379101,43.6636443,2,Automobile or Station Wagon,West,3,28,None,Lap and Shoulder Belt,Disobeyed traffic control,Ability Impaired - Alcohol Over .08,,,Going Ahead,,,,,driver,,Parkdale-High Park (4),11 Division,Junction Area,TRUE,FALSE,FALSE,FALSE,FALSE,FALSE,FALSE,TRUE,FALSE,FALSE,"{""coordinates"": [[-79.46379101115976, 43.66364429618206]], ""type"": ""MultiPoint""}"
2541,2009:1107097,2009-05-07T05:53:00,ANNETTE ST,KEELE ST,,4,Non-Fatal Injury,At Intersection,Traffic Signal,Angle,Rain,Dawn,Wet,Major Arterial,FALSE,-79.46379101,43.6636443,3,,,4,,,No Equipment Available,,,,,,,,,,owner,,Parkdale-High Park (4),11 Division,Junction Area,TRUE,FALSE,FALSE,FALSE,FALSE,FALSE,FALSE,TRUE,FALSE,FALSE,"{""coordinates"": [[-79.46379101115976, 43.66364429618206]], ""type"": ""MultiPoint""}"
2542,2009:1107097,2009-05-07T05:53:00,ANNETTE ST,KEELE ST,,4,Non-Fatal Injury,At Intersection,Traffic Signal,Angle,Rain,Dawn,Wet,Major Arterial,FALSE,-79.46379101,43.6636443,1,Automobile or Station Wagon,South,1,48,Major,Lap and Shoulder Belt,Driving properly,Normal,,,Going Ahead,,,,,driver,,Parkdale-High Park (4),11 Division,Junction Area,TRUE,FALSE,FALSE,FALSE,FALSE,FALSE,FALSE,TRUE,FALSE,FALSE,"{""coordinates"": [[-79.46379101115976, 43.66364429618206]], ""type"": ""MultiPoint""}"
2543,2009:1107567,2009-05-08T17:43:00,WOODBINE AVE,DANFORTH AVE,,3,Non-Fatal Injury,At Intersection,Traffic Signal,SMV Other,Clear,Daylight,Dry,Major Arterial,FALSE,-79.31279069,43.68564408,1,Automobile or Station Wagon,West,2,22,Minor,Lap and Shoulder Belt,Lost control,Normal,,,Going Ahead,,,,,driver,,Beaches-East York (19),55 Division,Woodbine Corridor,FALSE,FALSE,FALSE,FALSE,FALSE,FALSE,FALSE,FALSE,TRUE,FALSE,"{""coordinates"": [[-79.3127906919415, 43.685644075842404]], ""type"": ""MultiPoint""}"
2544,2009:1107567,2009-05-08T17:43:00,WOODBINE AVE,DANFORTH AVE,,3,Non-Fatal Injury,At Intersection,Traffic Signal,SMV Other,Clear,Daylight,Dry,Major Arterial,FALSE,-79.31279069,43.68564408,1,,,1,18,Major,Lap and Shoulder Belt,,,,,Other,,,,,passenger,,Beaches-East York (19),55 Division,Woodbine Corridor,FALSE,FALSE,FALSE,FALSE,FALSE,FALSE,FALSE,FALSE,TRUE,FALSE,"{""coordinates"": [[-79.3127906919415, 43.685644075842404]], ""type"": ""MultiPoint""}"
2545,2009:1107567,2009-05-08T17:43:00,WOODBINE AVE,DANFORTH AVE,,3,Non-Fatal Injury,At Intersection,Traffic Signal,SMV Other,Clear,Daylight,Dry,Major Arterial,FALSE,-79.31279069,43.68564408,2,,,3,,,Other Safety Equipment Used,,,,,,,,,,owner,,Beaches-East York (19),55 Division,Woodbine Corridor,FALSE,FALSE,FALSE,FALSE,FALSE,FALSE,FALSE,FALSE,TRUE,FALSE,"{""coordinates"": [[-79.3127906919415, 43.685644075842404]], ""type"": ""MultiPoint""}"
2546,2009:1104513,2009-05-16T09:28:00,DAWES RD,BETH ST,,4,Non-Fatal Injury,,No Control,Approaching Head On,Clear,Daylight,Wet,Minor Arterial,FALSE,-79.29589064,43.70534405,1,,,1,,,Other Safety Equipment Used,,,,,,,,,,owner,,Beaches-East York (19),55 Division,O'Connor-Parkview,FALSE,FALSE,FALSE,FALSE,FALSE,TRUE,FALSE,FALSE,FALSE,FALSE,"{""coordinates"": [[-79.29589063506747, 43.70534405181719]], ""type"": ""MultiPoint""}"
2547,2009:1104513,2009-05-16T09:28:00,DAWES RD,BETH ST,,4,Non-Fatal Injury,,No Control,Approaching Head On,Clear,Daylight,Wet,Minor Arterial,FALSE,-79.29589064,43.70534405,2,,,3,,,Other Safety Equipment Used,,,,,,,,,,owner,,Beaches-East York (19),55 Division,O'Connor-Parkview,FALSE,FALSE,FALSE,FALSE,FALSE,TRUE,FALSE,FALSE,FALSE,FALSE,"{""coordinates"": [[-79.29589063506747, 43.70534405181719]], ""type"": ""MultiPoint""}"
2548,2009:1104513,2009-05-16T09:28:00,DAWES RD,BETH ST,,4,Non-Fatal Injury,,No Control,Approaching Head On,Clear,Daylight,Wet,Minor Arterial,FALSE,-79.29589064,43.70534405,2,Automobile or Station Wagon,South,4,24,Major,Other Safety Equipment Used,Lost control,Normal,,,Going Ahead,,,,,driver,,Beaches-East York (19),55 Division,O'Connor-Parkview,FALSE,FALSE,FALSE,FALSE,FALSE,TRUE,FALSE,FALSE,FALSE,FALSE,"{""coordinates"": [[-79.29589063506747, 43.70534405181719]], ""type"": ""MultiPoint""}"
2549,2009:1104513,2009-05-16T09:28:00,DAWES RD,BETH ST,,4,Non-Fatal Injury,,No Control,Approaching Head On,Clear,Daylight,Wet,Minor Arterial,FALSE,-79.29589064,43.70534405,1,Automobile or Station Wagon,North,2,75,Major,Other Safety Equipment Used,Driving properly,Normal,,,Going Ahead,,,,,driver,,Beaches-East York (19),55 Division,O'Connor-Parkview,FALSE,FALSE,FALSE,FALSE,FALSE,TRUE,FALSE,FALSE,FALSE,FALSE,"{""coordinates"": [[-79.29589063506747, 43.70534405181719]], ""type"": ""MultiPoint""}"
2550,2009:1108349,2009-05-17T16:23:00,YORK MILLS Road,CHIPSTEAD Road,,6,Non-Fatal Injury,At Intersection,Traffic Signal,Turning Movement,Clear,Daylight,Dry,Major Arterial,FALSE,-79.3704907,43.75144414,2,Automobile or Station Wagon,West,6,17,Minimal,Lap and Shoulder Belt,Improper turn,Inattentive,,,Turning Left,,,,,driver,,Don Valley West (15),33 Division,Banbury-Don Mills,FALSE,TRUE,FALSE,FALSE,FALSE,TRUE,FALSE,FALSE,TRUE,FALSE,"{""coordinates"": [[-79.3704907017414, 43.75144414416463]], ""type"": ""MultiPoint""}"
2551,2009:1108349,2009-05-17T16:23:00,YORK MILLS Road,CHIPSTEAD Road,,6,Non-Fatal Injury,At Intersection,Traffic Signal,Turning Movement,Clear,Daylight,Dry,Major Arterial,FALSE,-79.3704907,43.75144414,1,,,1,10,Major,Lap and Shoulder Belt,,,,,,,,,,passenger,,Don Valley West (15),33 Division,Banbury-Don Mills,FALSE,TRUE,FALSE,FALSE,FALSE,TRUE,FALSE,FALSE,TRUE,FALSE,"{""coordinates"": [[-79.3704907017414, 43.75144414416463]], ""type"": ""MultiPoint""}"
2552,2009:1108349,2009-05-17T16:23:00,YORK MILLS Road,CHIPSTEAD Road,,6,Non-Fatal Injury,At Intersection,Traffic Signal,Turning Movement,Clear,Daylight,Dry,Major Arterial,FALSE,-79.3704907,43.75144414,1,,,2,81,Minimal,Lap and Shoulder Belt,,,,,,,,,,passenger,,Don Valley West (15),33 Division,Banbury-Don Mills,FALSE,TRUE,FALSE,FALSE,FALSE,TRUE,FALSE,FALSE,TRUE,FALSE,"{""coordinates"": [[-79.3704907017414, 43.75144414416463]], ""type"": ""MultiPoint""}"
2553,2009:1108349,2009-05-17T16:23:00,YORK MILLS Road,CHIPSTEAD Road,,6,Non-Fatal Injury,At Intersection,Traffic Signal,Turning Movement,Clear,Daylight,Dry,Major Arterial,FALSE,-79.3704907,43.75144414,1,,,3,13,Minor,Lap and Shoulder Belt,,,,,,,,,,passenger,,Don Valley West (15),33 Division,Banbury-Don Mills,FALSE,TRUE,FALSE,FALSE,FALSE,TRUE,FALSE,FALSE,TRUE,FALSE,"{""coordinates"": [[-79.3704907017414, 43.75144414416463]], ""type"": ""MultiPoint""}"
2554,2009:1108349,2009-05-17T16:23:00,YORK MILLS Road,CHIPSTEAD Road,,6,Non-Fatal Injury,At Intersection,Traffic Signal,Turning Movement,Clear,Daylight,Dry,Major Arterial,FALSE,-79.3704907,43.75144414,1,Automobile or Station Wagon,East,4,81,None,Lap and Shoulder Belt,Driving properly,Normal,,,Going Ahead,,,,,driver,,Don Valley West (15),33 Division,Banbury-Don Mills,FALSE,TRUE,FALSE,FALSE,FALSE,TRUE,FALSE,FALSE,TRUE,FALSE,"{""coordinates"": [[-79.3704907017414, 43.75144414416463]], ""type"": ""MultiPoint""}"
2555,2009:1108349,2009-05-17T16:23:00,YORK MILLS Road,CHIPSTEAD Road,,6,Non-Fatal Injury,At Intersection,Traffic Signal,Turning Movement,Clear,Daylight,Dry,Major Arterial,FALSE,-79.3704907,43.75144414,2,,,5,,,Other Safety Equipment Used,,,,,,,,,,owner,,Don Valley West (15),33 Division,Banbury-Don Mills,FALSE,TRUE,FALSE,FALSE,FALSE,TRUE,FALSE,FALSE,TRUE,FALSE,"{""coordinates"": [[-79.3704907017414, 43.75144414416463]], ""type"": ""MultiPoint""}"
2556,2009:1104621,2009-05-18T21:41:00,AVENUE Road,LAWRENCE Aven W,,4,Non-Fatal Injury,At Intersection,Traffic Controller,Rear End,Clear,Dark,Dry,Major Arterial,FALSE,-79.41559082,43.72224421,2,Automobile or Station Wagon,East,4,19,None,Other Safety Equipment Used,Driving properly,Normal,,,Stopped,,,,,driver,,Eglinton-Lawrence (8),53 Division,Bedford Park-Nortown,FALSE,FALSE,FALSE,FALSE,FALSE,FALSE,FALSE,FALSE,TRUE,FALSE,"{""coordinates"": [[-79.41559082408521, 43.72224420884537]], ""type"": ""MultiPoint""}"
2557,2009:1104621,2009-05-18T21:41:00,AVENUE Road,LAWRENCE Aven W,,4,Non-Fatal Injury,At Intersection,Traffic Controller,Rear End,Clear,Dark,Dry,Major Arterial,FALSE,-79.41559082,43.72224421,1,,,1,31,,Other Safety Equipment Used,,,,,,,,,,owner,,Eglinton-Lawrence (8),53 Division,Bedford Park-Nortown,FALSE,FALSE,FALSE,FALSE,FALSE,FALSE,FALSE,FALSE,TRUE,FALSE,"{""coordinates"": [[-79.41559082408521, 43.72224420884537]], ""type"": ""MultiPoint""}"
2558,2009:1104621,2009-05-18T21:41:00,AVENUE Road,LAWRENCE Aven W,,4,Non-Fatal Injury,At Intersection,Traffic Controller,Rear End,Clear,Dark,Dry,Major Arterial,FALSE,-79.41559082,43.72224421,1,Automobile or Station Wagon,East,2,42,Major,Other Safety Equipment Used,Lost control,Medical or Physical Disability,,,Going Ahead,,,,,driver,,Eglinton-Lawrence (8),53 Division,Bedford Park-Nortown,FALSE,FALSE,FALSE,FALSE,FALSE,FALSE,FALSE,FALSE,TRUE,FALSE,"{""coordinates"": [[-79.41559082408521, 43.72224420884537]], ""type"": ""MultiPoint""}"
2559,2009:1104621,2009-05-18T21:41:00,AVENUE Road,LAWRENCE Aven W,,4,Non-Fatal Injury,At Intersection,Traffic Controller,Rear End,Clear,Dark,Dry,Major Arterial,FALSE,-79.41559082,43.72224421,2,,,3,,,Other Safety Equipment Used,,,,,,,,,,owner,,Eglinton-Lawrence (8),53 Division,Bedford Park-Nortown,FALSE,FALSE,FALSE,FALSE,FALSE,FALSE,FALSE,FALSE,TRUE,FALSE,"{""coordinates"": [[-79.41559082408521, 43.72224420884537]], ""type"": ""MultiPoint""}"
2560,2009:1109010,2009-05-19T16:46:00,KINGSTON Road,OLD KINGSTON Road,,3,Non-Fatal Injury,At Intersection,Traffic Signal,Turning Movement,Clear,Daylight,Dry,Minor Arterial,FALSE,-79.16879036,43.78454392,1,Automobile or Station Wagon,West,1,38,Major,Lap and Shoulder Belt,Improper turn,Normal,,,Turning Left,,,,,driver,,Scarborough-Rouge Park (25),43 Division,Highland Creek,FALSE,FALSE,FALSE,FALSE,FALSE,FALSE,FALSE,FALSE,FALSE,FALSE,"{""coordinates"": [[-79.16879036284233, 43.78454391948126]], ""type"": ""MultiPoint""}"
2561,2009:1109010,2009-05-19T16:46:00,KINGSTON Road,OLD KINGSTON Road,,3,Non-Fatal Injury,At Intersection,Traffic Signal,Turning Movement,Clear,Daylight,Dry,Minor Arterial,FALSE,-79.16879036,43.78454392,2,,,2,22,Minor,Lap and Shoulder Belt,,,,,,,,,,passenger,,Scarborough-Rouge Park (25),43 Division,Highland Creek,FALSE,FALSE,FALSE,FALSE,FALSE,FALSE,FALSE,FALSE,FALSE,FALSE,"{""coordinates"": [[-79.16879036284233, 43.78454391948126]], ""type"": ""MultiPoint""}"
2562,2009:1109010,2009-05-19T16:46:00,KINGSTON Road,OLD KINGSTON Road,,3,Non-Fatal Injury,At Intersection,Traffic Signal,Turning Movement,Clear,Daylight,Dry,Minor Arterial,FALSE,-79.16879036,43.78454392,2,Automobile or Station Wagon,East,3,23,Minor,Lap and Shoulder Belt,Driving properly,Normal,,,Going Ahead,,,,,driver,,Scarborough-Rouge Park (25),43 Division,Highland Creek,FALSE,FALSE,FALSE,FALSE,FALSE,FALSE,FALSE,FALSE,FALSE,FALSE,"{""coordinates"": [[-79.16879036284233, 43.78454391948126]], ""type"": ""MultiPoint""}"
2563,2009:1110059,2009-05-21T21:59:00,KING ST W,SHAW ST,,2,Non-Fatal Injury,,No Control,SMV Unattended Vehicle,Clear,Dark,Dry,Major Arterial,FALSE,-79.41519095,43.64134423,1,Automobile or Station Wagon,West,1,44,Major,Lap and Shoulder Belt,Lost control,Medical or Physical Disability,,,Going Ahead,,,,,driver,,Spadina-Fort York (10),14 Division,West Queen West,FALSE,FALSE,FALSE,FALSE,FALSE,FALSE,FALSE,FALSE,FALSE,FALSE,"{""coordinates"": [[-79.41519095384723, 43.6413442322819]], ""type"": ""MultiPoint""}"
2564,2009:1110059,2009-05-21T21:59:00,KING ST W,SHAW ST,,2,Non-Fatal Injury,,No Control,SMV Unattended Vehicle,Clear,Dark,Dry,Major Arterial,FALSE,-79.41519095,43.64134423,2,,West,2,,None,Other Safety Equipment Used,,,,,Parked,,,,,other,,Spadina-Fort York (10),14 Division,West Queen West,FALSE,FALSE,FALSE,FALSE,FALSE,FALSE,FALSE,FALSE,FALSE,FALSE,"{""coordinates"": [[-79.41519095384723, 43.6413442322819]], ""type"": ""MultiPoint""}"
2565,2009:1111516,2009-05-22T02:52:00,BARTON Ave,CHRISTIE St,,4,Non-Fatal Injury,,No Control,SMV Other,Clear,Dark,Dry,Minor Arterial,FALSE,-79.41959092,43.66654423,2,,,4,,,Other Safety Equipment Used,,,,,,,,,,owner,,University-Rosedale (11),14 Division,Annex,FALSE,FALSE,FALSE,FALSE,FALSE,FALSE,FALSE,FALSE,FALSE,FALSE,"{""coordinates"": [[-79.41959092161778, 43.66654423117128]], ""type"": ""MultiPoint""}"
2566,2009:1111516,2009-05-22T02:52:00,BARTON Ave,CHRISTIE St,,4,Non-Fatal Injury,,No Control,SMV Other,Clear,Dark,Dry,Minor Arterial,FALSE,-79.41959092,43.66654423,1,Automobile or Station Wagon,West,2,32,Major,Lap and Shoulder Belt,Lost control,Normal,,,Pulling Onto Shoulder or Toward Curb,,,,,driver,,University-Rosedale (11),14 Division,Annex,FALSE,FALSE,FALSE,FALSE,FALSE,FALSE,FALSE,FALSE,FALSE,FALSE,"{""coordinates"": [[-79.41959092161778, 43.66654423117128]], ""type"": ""MultiPoint""}"
2567,2009:1110609,2009-05-22T18:45:00,JANE Stre,ALLIANCE Aven,,5,Non-Fatal Injury,At Intersection,Traffic Signal,Rear End,Clear,Daylight,Dry,Major Arterial,FALSE,-79.49569105,43.67614434,2,Automobile or Station Wagon,North,3,65,None,Lap and Shoulder Belt,Driving properly,Normal,,,Stopped,,,,,driver,,York South-Weston (5),12 Division,Rockcliffe-Smythe,TRUE,TRUE,FALSE,FALSE,FALSE,TRUE,FALSE,FALSE,FALSE,FALSE,"{""coordinates"": [[-79.49569104951505, 43.67614433641883]], ""type"": ""MultiPoint""}"
2568,2009:1110609,2009-05-22T18:45:00,JANE Stre,ALLIANCE Aven,,5,Non-Fatal Injury,At Intersection,Traffic Signal,Rear End,Clear,Daylight,Dry,Major Arterial,FALSE,-79.49569105,43.67614434,3,Automobile or Station Wagon,North,5,54,None,Lap and Shoulder Belt,Following too closely,Inattentive,,,Going Ahead,,,,,driver,,York South-Weston (5),12 Division,Rockcliffe-Smythe,TRUE,TRUE,FALSE,FALSE,FALSE,TRUE,FALSE,FALSE,FALSE,FALSE,"{""coordinates"": [[-79.49569104951505, 43.67614433641883]], ""type"": ""MultiPoint""}"
2569,2009:1110609,2009-05-22T18:45:00,JANE Stre,ALLIANCE Aven,,5,Non-Fatal Injury,At Intersection,Traffic Signal,Rear End,Clear,Daylight,Dry,Major Arterial,FALSE,-79.49569105,43.67614434,3,,,4,48,Major,Lap and Shoulder Belt,,,,,,,,,,passenger,,York South-Weston (5),12 Division,Rockcliffe-Smythe,TRUE,TRUE,FALSE,FALSE,FALSE,TRUE,FALSE,FALSE,FALSE,FALSE,"{""coordinates"": [[-79.49569104951505, 43.67614433641883]], ""type"": ""MultiPoint""}"
2570,2009:1110609,2009-05-22T18:45:00,JANE Stre,ALLIANCE Aven,,5,Non-Fatal Injury,At Intersection,Traffic Signal,Rear End,Clear,Daylight,Dry,Major Arterial,FALSE,-79.49569105,43.67614434,1,,,1,,,Other Safety Equipment Used,,,,,,,,,,owner,,York South-Weston (5),12 Division,Rockcliffe-Smythe,TRUE,TRUE,FALSE,FALSE,FALSE,TRUE,FALSE,FALSE,FALSE,FALSE,"{""coordinates"": [[-79.49569104951505, 43.67614433641883]], ""type"": ""MultiPoint""}"
2571,2009:1110609,2009-05-22T18:45:00,JANE Stre,ALLIANCE Aven,,5,Non-Fatal Injury,At Intersection,Traffic Signal,Rear End,Clear,Daylight,Dry,Major Arterial,FALSE,-79.49569105,43.67614434,1,Automobile or Station Wagon,North,2,42,None,Lap and Shoulder Belt,Driving properly,Normal,,,Stopped,,,,,driver,,York South-Weston (5),12 Division,Rockcliffe-Smythe,TRUE,TRUE,FALSE,FALSE,FALSE,TRUE,FALSE,FALSE,FALSE,FALSE,"{""coordinates"": [[-79.49569104951505, 43.67614433641883]], ""type"": ""MultiPoint""}"
2572,2009:1111585,2009-05-24T13:45:00,BRIMLEY RD,ELLESMERE RD,,8,Non-Fatal Injury,At Intersection,Traffic Signal,Angle,Clear,Daylight,Dry,Major Arterial,FALSE,-79.2612905,43.77004401,3,,,6,59,Minor,Lap and Shoulder Belt,,,,,,,,,,passenger,,Scarborough Centre (21),43 Division,Bendale-Glen Andrew,TRUE,FALSE,FALSE,FALSE,FALSE,TRUE,FALSE,TRUE,TRUE,FALSE,"{""coordinates"": [[-79.26129050251821, 43.77004401055365]], ""type"": ""MultiPoint""}"
2573,2009:1111585,2009-05-24T13:45:00,BRIMLEY RD,ELLESMERE RD,,8,Non-Fatal Injury,At Intersection,Traffic Signal,Angle,Clear,Daylight,Dry,Major Arterial,FALSE,-79.2612905,43.77004401,1,Automobile or Station Wagon,East,4,49,Minor,Lap and Shoulder Belt,Driving properly,Normal,,,Going Ahead,,,,,driver,,Scarborough Centre (21),43 Division,Bendale-Glen Andrew,TRUE,FALSE,FALSE,FALSE,FALSE,TRUE,FALSE,TRUE,TRUE,FALSE,"{""coordinates"": [[-79.26129050251821, 43.77004401055365]], ""type"": ""MultiPoint""}"