_id,collision_id,accdate,stname1,stname2,stname3,per_inv,acclass,accloc,traffictl,impactype,visible,light,rdsfcond,road_class,failtorem,longitude,latitude,veh_no,vehtype,initdir,per_no,invage,injury,safequip,drivact,drivcond,pedact,pedcond,manoeuvre,pedtype,cyclistype,cycact,cyccond,road_user,fatal_no,wardname,division,neighbourhood,aggressive,distracted,cyclist,motorcyclist,other_micromobility,older_adult,pedestrian,red_light,school_child,heavy_truck,geometry
2895,2009:1141420,2009-11-13T15:58:00,DEWSON ST,DOVERCOURT RD,,2,Non-Fatal Injury,At Intersection,Traffic Signal,Turning Movement,Clear,Daylight,Dry,Minor Arterial,FALSE,-79.42739095,43.65614425,2,Automobile or Station Wagon,North,2,76,None,Other Safety Equipment Used,Improper turn,Inattentive,,,Turning Right,,,,,driver,,Davenport (9),14 Division,Palmerston-Little Italy,FALSE,TRUE,FALSE,TRUE,FALSE,TRUE,FALSE,FALSE,FALSE,FALSE,"{""coordinates"": [[-79.4273909536407, 43.656144245809756]], ""type"": ""MultiPoint""}"
2896,2009:1141420,2009-11-13T15:58:00,DEWSON ST,DOVERCOURT RD,,2,Non-Fatal Injury,At Intersection,Traffic Signal,Turning Movement,Clear,Daylight,Dry,Minor Arterial,FALSE,-79.42739095,43.65614425,1,Motorcycle,West,1,46,Major,Helmet,Driving properly,Normal,,,Stopped,,,,,motorcyclist,,Davenport (9),14 Division,Palmerston-Little Italy,FALSE,TRUE,FALSE,TRUE,FALSE,TRUE,FALSE,FALSE,FALSE,FALSE,"{""coordinates"": [[-79.4273909536407, 43.656144245809756]], ""type"": ""MultiPoint""}"
2897,2009:1141450,2009-11-14T17:07:00,WARDEN Aven,ARKONA Driv,,6,Non-Fatal Injury,At Intersection,Traffic Signal,Turning Movement,Clear,Dark,Dry,Major Arterial,FALSE,-79.30539057,43.77304406,1,,,3,60,Minor,Lap and Shoulder Belt,,,,,,,,,,passenger,,Scarborough-Agincourt (22),42 Division,Tam O'Shanter-Sullivan,FALSE,FALSE,FALSE,FALSE,FALSE,FALSE,FALSE,FALSE,FALSE,FALSE,"{""coordinates"": [[-79.30539057253458, 43.77304406440839]], ""type"": ""MultiPoint""}"
2898,2009:1141450,2009-11-14T17:07:00,WARDEN Aven,ARKONA Driv,,6,Non-Fatal Injury,At Intersection,Traffic Signal,Turning Movement,Clear,Dark,Dry,Major Arterial,FALSE,-79.30539057,43.77304406,1,,,1,55,Major,Lap and Shoulder Belt,,,,,,,,,,passenger,,Scarborough-Agincourt (22),42 Division,Tam O'Shanter-Sullivan,FALSE,FALSE,FALSE,FALSE,FALSE,FALSE,FALSE,FALSE,FALSE,FALSE,"{""coordinates"": [[-79.30539057253458, 43.77304406440839]], ""type"": ""MultiPoint""}"
2899,2009:1141450,2009-11-14T17:07:00,WARDEN Aven,ARKONA Driv,,6,Non-Fatal Injury,At Intersection,Traffic Signal,Turning Movement,Clear,Dark,Dry,Major Arterial,FALSE,-79.30539057,43.77304406,3,,,6,,,Other Safety Equipment Used,,,,,,,,,,owner,,Scarborough-Agincourt (22),42 Division,Tam O'Shanter-Sullivan,FALSE,FALSE,FALSE,FALSE,FALSE,FALSE,FALSE,FALSE,FALSE,FALSE,"{""coordinates"": [[-79.30539057253458, 43.77304406440839]], ""type"": ""MultiPoint""}"
2900,2009:1141450,2009-11-14T17:07:00,WARDEN Aven,ARKONA Driv,,6,Non-Fatal Injury,At Intersection,Traffic Signal,Turning Movement,Clear,Dark,Dry,Major Arterial,FALSE,-79.30539057,43.77304406,1,,,2,63,Minor,Air Bag Deployed,,,,,,,,,,passenger,,Scarborough-Agincourt (22),42 Division,Tam O'Shanter-Sullivan,FALSE,FALSE,FALSE,FALSE,FALSE,FALSE,FALSE,FALSE,FALSE,FALSE,"{""coordinates"": [[-79.30539057253458, 43.77304406440839]], ""type"": ""MultiPoint""}"
2901,2009:1141450,2009-11-14T17:07:00,WARDEN Aven,ARKONA Driv,,6,Non-Fatal Injury,At Intersection,Traffic Signal,Turning Movement,Clear,Dark,Dry,Major Arterial,FALSE,-79.30539057,43.77304406,2,Automobile or Station Wagon,South,5,22,None,Air Bag Deployed,Improper turn,Normal,,,Turning Left,,,,,driver,,Scarborough-Agincourt (22),42 Division,Tam O'Shanter-Sullivan,FALSE,FALSE,FALSE,FALSE,FALSE,FALSE,FALSE,FALSE,FALSE,FALSE,"{""coordinates"": [[-79.30539057253458, 43.77304406440839]], ""type"": ""MultiPoint""}"
2902,2009:1141450,2009-11-14T17:07:00,WARDEN Aven,ARKONA Driv,,6,Non-Fatal Injury,At Intersection,Traffic Signal,Turning Movement,Clear,Dark,Dry,Major Arterial,FALSE,-79.30539057,43.77304406,1,,North,4,62,None,Air Bag Deployed,Driving properly,Normal,,,Going Ahead,,,,,driver,,Scarborough-Agincourt (22),42 Division,Tam O'Shanter-Sullivan,FALSE,FALSE,FALSE,FALSE,FALSE,FALSE,FALSE,FALSE,FALSE,FALSE,"{""coordinates"": [[-79.30539057253458, 43.77304406440839]], ""type"": ""MultiPoint""}"
2903,2009:1136780,2009-11-14T23:48:00,1421 MILITARY TRL,,,2,Non-Fatal Injury,,No Control,SMV Other,Clear,Dark,Dry,Minor Arterial,FALSE,-79.17659037,43.78254393,1,Automobile or Station Wagon,West,2,30,Major,Other Safety Equipment Used,Lost control,Normal,,,Going Ahead,,,,,driver,,Scarborough-Rouge Park (25),43 Division,Highland Creek,FALSE,FALSE,FALSE,FALSE,FALSE,FALSE,FALSE,FALSE,FALSE,FALSE,"{""coordinates"": [[-79.17659037469032, 43.78254392662222]], ""type"": ""MultiPoint""}"
2904,2009:1136780,2009-11-14T23:48:00,1421 MILITARY TRL,,,2,Non-Fatal Injury,,No Control,SMV Other,Clear,Dark,Dry,Minor Arterial,FALSE,-79.17659037,43.78254393,1,,,1,,,Other Safety Equipment Used,,,,,,,,,,owner,,Scarborough-Rouge Park (25),43 Division,Highland Creek,FALSE,FALSE,FALSE,FALSE,FALSE,FALSE,FALSE,FALSE,FALSE,FALSE,"{""coordinates"": [[-79.17659037469032, 43.78254392662222]], ""type"": ""MultiPoint""}"
2905,2009:1137133,2009-11-16T11:27:00,F G GARDINER XY W,CHERRY ST,,2,Non-Fatal Injury,,No Control,Rear End,Clear,Daylight,Dry,Major Arterial,FALSE,-79.35249082,43.64904414,2,Automobile or Station Wagon,West,2,43,None,Lap and Shoulder Belt,Driving properly,Normal,,,Changing Lanes,,,,,driver,,Spadina-Fort York (10),51 Division,St Lawrence-East Bayfront-The Islands,TRUE,FALSE,FALSE,TRUE,FALSE,FALSE,FALSE,FALSE,FALSE,FALSE,"{""coordinates"": [[-79.35249081862705, 43.64904413691274]], ""type"": ""MultiPoint""}"
2906,2009:1137133,2009-11-16T11:27:00,F G GARDINER XY W,CHERRY ST,,2,Non-Fatal Injury,,No Control,Rear End,Clear,Daylight,Dry,Major Arterial,FALSE,-79.35249082,43.64904414,1,Motorcycle,West,1,41,Major,Helmet,Speed too fast for conditions,Normal,,,Going Ahead,,,,,motorcyclist,,Spadina-Fort York (10),51 Division,St Lawrence-East Bayfront-The Islands,TRUE,FALSE,FALSE,TRUE,FALSE,FALSE,FALSE,FALSE,FALSE,FALSE,"{""coordinates"": [[-79.35249081862705, 43.64904413691274]], ""type"": ""MultiPoint""}"
2907,2021:1001390189,2021-07-24T04:40:00,670 BIRCHMOUNT RD,ANACONDA AVE,139 m North of,3,Non-Fatal Injury,Non-Intersection,Traffic Signal,SMV Other,Clear,Dark with Artificial Lighting,Dry,Major Arterial,FALSE,-79.27417738,43.72108302,1,Automobile or Station Wagon,North,1,32,Minor,Lap and Shoulder Belt,Lost control,Fatigue/Fell Asleep,,,Going Ahead,,,,,driver,,Scarborough Southwest (20),41 Division,Kennedy Park,FALSE,FALSE,FALSE,FALSE,FALSE,FALSE,FALSE,FALSE,TRUE,FALSE,"{""coordinates"": [[-79.27417737642857, 43.72108302291894]], ""type"": ""MultiPoint""}"
2908,2009:1144668,2009-11-21T17:40:00,KENNEDY Rd,PARK St,,2,Non-Fatal Injury,,No Control,Rear End,Clear,Dark,Dry,Collector,FALSE,-79.25899056,43.710344,1,Moped,North,1,65,Major,Other Safety Equipment Used,Driving properly,Normal,,,Going Ahead,,,,,motorcyclist,,Scarborough Southwest (20),41 Division,Birchcliffe-Cliffside,TRUE,FALSE,FALSE,TRUE,FALSE,TRUE,FALSE,FALSE,FALSE,FALSE,"{""coordinates"": [[-79.25899056243153, 43.71034400219645]], ""type"": ""MultiPoint""}"
2909,2009:1144668,2009-11-21T17:40:00,KENNEDY Rd,PARK St,,2,Non-Fatal Injury,,No Control,Rear End,Clear,Dark,Dry,Collector,FALSE,-79.25899056,43.710344,2,Automobile or Station Wagon,North,2,37,None,Other Safety Equipment Used,Following too closely,Normal,,,Going Ahead,,,,,driver,,Scarborough Southwest (20),41 Division,Birchcliffe-Cliffside,TRUE,FALSE,FALSE,TRUE,FALSE,TRUE,FALSE,FALSE,FALSE,FALSE,"{""coordinates"": [[-79.25899056243153, 43.71034400219645]], ""type"": ""MultiPoint""}"
2910,2009:1143325,2009-11-24T13:10:00,WARDEN AVE,HUNTINGWOOD DR,,3,Non-Fatal Injury,,No Control,Turning Movement,Rain,Daylight,Wet,Major Arterial,FALSE,-79.31074157,43.78492907,2,Automobile or Station Wagon,West,3,42,Major,Lap and Shoulder Belt,Failed to yield right-of-way,Inattentive,,,Turning Right,,,,,driver,,Scarborough-Agincourt (22),42 Division,Tam O'Shanter-Sullivan,TRUE,TRUE,FALSE,FALSE,FALSE,FALSE,FALSE,FALSE,FALSE,TRUE,"{""coordinates"": [[-79.31074157043834, 43.784929071590035]], ""type"": ""MultiPoint""}"
2911,2009:1143325,2009-11-24T13:10:00,WARDEN AVE,HUNTINGWOOD DR,,3,Non-Fatal Injury,,No Control,Turning Movement,Rain,Daylight,Wet,Major Arterial,FALSE,-79.31074157,43.78492907,1,,,1,,,Other Safety Equipment Used,,,,,,,,,,owner,,Scarborough-Agincourt (22),42 Division,Tam O'Shanter-Sullivan,TRUE,TRUE,FALSE,FALSE,FALSE,FALSE,FALSE,FALSE,FALSE,TRUE,"{""coordinates"": [[-79.31074157043834, 43.784929071590035]], ""type"": ""MultiPoint""}"
2912,2009:1143325,2009-11-24T13:10:00,WARDEN AVE,HUNTINGWOOD DR,,3,Non-Fatal Injury,,No Control,Turning Movement,Rain,Daylight,Wet,Major Arterial,FALSE,-79.31074157,43.78492907,1,Truck - Open (Flatbed),North,2,39,None,Lap and Shoulder Belt,Driving properly,Normal,,,Going Ahead,,,,,driver,,Scarborough-Agincourt (22),42 Division,Tam O'Shanter-Sullivan,TRUE,TRUE,FALSE,FALSE,FALSE,FALSE,FALSE,FALSE,FALSE,TRUE,"{""coordinates"": [[-79.31074157043834, 43.784929071590035]], ""type"": ""MultiPoint""}"
2913,2009:1143343,2009-11-25T19:20:00,MAGNETIC Driv,ALNESS Stre,,4,Non-Fatal Injury,At Intersection,Stop Sign,Turning Movement,Clear,Dark,Wet,Minor Arterial,FALSE,-79.47929085,43.78254427,2,,,3,24,Minimal,Lap and Shoulder Belt,,,,,,,,,,passenger,,York Centre (6),32 Division,York University Heights,FALSE,FALSE,FALSE,FALSE,FALSE,FALSE,FALSE,FALSE,FALSE,FALSE,"{""coordinates"": [[-79.47929084669495, 43.78254427299373]], ""type"": ""MultiPoint""}"
2914,2009:1143343,2009-11-25T19:20:00,MAGNETIC Driv,ALNESS Stre,,4,Non-Fatal Injury,At Intersection,Stop Sign,Turning Movement,Clear,Dark,Wet,Minor Arterial,FALSE,-79.47929085,43.78254427,2,Automobile or Station Wagon,West,4,25,Minor,Lap and Shoulder Belt,Improper turn,Normal,,,Turning Left,,,,,driver,,York Centre (6),32 Division,York University Heights,FALSE,FALSE,FALSE,FALSE,FALSE,FALSE,FALSE,FALSE,FALSE,FALSE,"{""coordinates"": [[-79.47929084669495, 43.78254427299373]], ""type"": ""MultiPoint""}"
2915,2009:1143343,2009-11-25T19:20:00,MAGNETIC Driv,ALNESS Stre,,4,Non-Fatal Injury,At Intersection,Stop Sign,Turning Movement,Clear,Dark,Wet,Minor Arterial,FALSE,-79.47929085,43.78254427,1,,,1,23,Major,Lap Belt Only,,,,,,,,,,passenger,,York Centre (6),32 Division,York University Heights,FALSE,FALSE,FALSE,FALSE,FALSE,FALSE,FALSE,FALSE,FALSE,FALSE,"{""coordinates"": [[-79.47929084669495, 43.78254427299373]], ""type"": ""MultiPoint""}"
2916,2009:1143343,2009-11-25T19:20:00,MAGNETIC Driv,ALNESS Stre,,4,Non-Fatal Injury,At Intersection,Stop Sign,Turning Movement,Clear,Dark,Wet,Minor Arterial,FALSE,-79.47929085,43.78254427,2,,,2,22,Minimal,Lap Belt Only,,,,,,,,,,passenger,,York Centre (6),32 Division,York University Heights,FALSE,FALSE,FALSE,FALSE,FALSE,FALSE,FALSE,FALSE,FALSE,FALSE,"{""coordinates"": [[-79.47929084669495, 43.78254427299373]], ""type"": ""MultiPoint""}"
2917,2009:1144896,2009-11-26T15:43:00,BROOKMILL BLVD,LA PEER BLVD,,4,Non-Fatal Injury,,Stop Sign,Turning Movement,Clear,Daylight,Dry,Collector,FALSE,-79.31369056,43.80194408,1,Automobile or Station Wagon,East,3,42,Major,Lap and Shoulder Belt,Improper turn,Normal,,,Making U-Turn,,,,,driver,,Scarborough-Agincourt (22),42 Division,East L'Amoreaux,TRUE,FALSE,FALSE,FALSE,FALSE,FALSE,FALSE,FALSE,TRUE,FALSE,"{""coordinates"": [[-79.31369055953373, 43.80194407602086]], ""type"": ""MultiPoint""}"
2918,2009:1144896,2009-11-26T15:43:00,BROOKMILL BLVD,LA PEER BLVD,,4,Non-Fatal Injury,,Stop Sign,Turning Movement,Clear,Daylight,Dry,Collector,FALSE,-79.31369056,43.80194408,1,,,2,,,Other Safety Equipment Used,,,,,,,,,,owner,,Scarborough-Agincourt (22),42 Division,East L'Amoreaux,TRUE,FALSE,FALSE,FALSE,FALSE,FALSE,FALSE,FALSE,TRUE,FALSE,"{""coordinates"": [[-79.31369055953373, 43.80194407602086]], ""type"": ""MultiPoint""}"
2919,2009:1144896,2009-11-26T15:43:00,BROOKMILL BLVD,LA PEER BLVD,,4,Non-Fatal Injury,,Stop Sign,Turning Movement,Clear,Daylight,Dry,Collector,FALSE,-79.31369056,43.80194408,1,,,1,7,Major,Lap and Shoulder Belt,,,,,,,,,,passenger,,Scarborough-Agincourt (22),42 Division,East L'Amoreaux,TRUE,FALSE,FALSE,FALSE,FALSE,FALSE,FALSE,FALSE,TRUE,FALSE,"{""coordinates"": [[-79.31369055953373, 43.80194407602086]], ""type"": ""MultiPoint""}"
2920,2009:1144896,2009-11-26T15:43:00,BROOKMILL BLVD,LA PEER BLVD,,4,Non-Fatal Injury,,Stop Sign,Turning Movement,Clear,Daylight,Dry,Collector,FALSE,-79.31369056,43.80194408,2,Automobile or Station Wagon,East,4,39,Major,Lap and Shoulder Belt,Following too closely,Normal,,,Going Ahead,,,,,driver,,Scarborough-Agincourt (22),42 Division,East L'Amoreaux,TRUE,FALSE,FALSE,FALSE,FALSE,FALSE,FALSE,FALSE,TRUE,FALSE,"{""coordinates"": [[-79.31369055953373, 43.80194407602086]], ""type"": ""MultiPoint""}"
2921,2009:1143350,2009-11-27T15:10:00,LOWER JARVIS Stre,LAKE SHORE Boul E,,3,Non-Fatal Injury,,No Control,Rear End,Clear,Daylight,Dry,Major Arterial,FALSE,-79.37009086,43.64614416,2,Automobile or Station Wagon,South,3,22,None,Other Safety Equipment Used,Following too closely,Inattentive,,,Going Ahead,,,,,driver,,Spadina-Fort York (10),51 Division,St Lawrence-East Bayfront-The Islands,TRUE,TRUE,FALSE,FALSE,FALSE,FALSE,FALSE,FALSE,FALSE,FALSE,"{""coordinates"": [[-79.37009085742247, 43.64614416359779]], ""type"": ""MultiPoint""}"
2922,2009:1143350,2009-11-27T15:10:00,LOWER JARVIS Stre,LAKE SHORE Boul E,,3,Non-Fatal Injury,,No Control,Rear End,Clear,Daylight,Dry,Major Arterial,FALSE,-79.37009086,43.64614416,1,Automobile or Station Wagon,South,2,36,Major,Lap and Shoulder Belt,Driving properly,Normal,,,Stopped,,,,,driver,,Spadina-Fort York (10),51 Division,St Lawrence-East Bayfront-The Islands,TRUE,TRUE,FALSE,FALSE,FALSE,FALSE,FALSE,FALSE,FALSE,FALSE,"{""coordinates"": [[-79.37009085742247, 43.64614416359779]], ""type"": ""MultiPoint""}"
2923,2009:1143350,2009-11-27T15:10:00,LOWER JARVIS Stre,LAKE SHORE Boul E,,3,Non-Fatal Injury,,No Control,Rear End,Clear,Daylight,Dry,Major Arterial,FALSE,-79.37009086,43.64614416,1,,,1,,,Other Safety Equipment Used,,,,,,,,,,owner,,Spadina-Fort York (10),51 Division,St Lawrence-East Bayfront-The Islands,TRUE,TRUE,FALSE,FALSE,FALSE,FALSE,FALSE,FALSE,FALSE,FALSE,"{""coordinates"": [[-79.37009085742247, 43.64614416359779]], ""type"": ""MultiPoint""}"
2924,2009:1139528,2009-11-28T18:10:00,F G GARDINER Expr E,REES Stre,,1,Non-Fatal Injury,,No Control,SMV Other,Clear,Dark,Dry,Major Arterial,FALSE,-79.3864909,43.63954419,1,Motorcycle,East,1,27,Major,Helmet,Speed too fast for conditions,Normal,,,Going Ahead,,,,,motorcyclist,,Spadina-Fort York (10),52 Division,Harbourfront-CityPlace,TRUE,FALSE,FALSE,TRUE,FALSE,FALSE,FALSE,FALSE,FALSE,FALSE,"{""coordinates"": [[-79.38649089980471, 43.63954418957143]], ""type"": ""MultiPoint""}"
2925,2009:1143613,2009-11-28T20:02:00,KIPLING AVE,BELFIELD RD,,2,Non-Fatal Injury,At Intersection,Traffic Signal,Angle,Clear,Dark,Dry,Major Arterial,FALSE,-79.56349109,43.7048444,2,Automobile or Station Wagon,South,2,48,Major,Lap and Shoulder Belt,Driving properly,Normal,,,Going Ahead,,,,,driver,,Etobicoke North (1),23 Division,West Humber-Clairville,TRUE,FALSE,FALSE,FALSE,FALSE,FALSE,FALSE,TRUE,FALSE,FALSE,"{""coordinates"": [[-79.56349108571995, 43.70484440195585]], ""type"": ""MultiPoint""}"
2926,2009:1143613,2009-11-28T20:02:00,KIPLING AVE,BELFIELD RD,,2,Non-Fatal Injury,At Intersection,Traffic Signal,Angle,Clear,Dark,Dry,Major Arterial,FALSE,-79.56349109,43.7048444,1,Automobile or Station Wagon,West,1,62,Minor,Lap and Shoulder Belt,Disobeyed traffic control,Medical or Physical Disability,,,Going Ahead,,,,,driver,,Etobicoke North (1),23 Division,West Humber-Clairville,TRUE,FALSE,FALSE,FALSE,FALSE,FALSE,FALSE,TRUE,FALSE,FALSE,"{""coordinates"": [[-79.56349108571995, 43.70484440195585]], ""type"": ""MultiPoint""}"
2927,2009:1143968,2009-12-01T15:10:00,ALBION RD,CLAIREPORT CRES,,4,Non-Fatal Injury,At Intersection,Traffic Signal,Rear End,Clear,Daylight,Dry,Major Arterial,FALSE,-79.63249109,43.74774445,1,,,1,,,Other Safety Equipment Used,,,,,,,,,,owner,,Etobicoke North (1),23 Division,West Humber-Clairville,TRUE,FALSE,FALSE,FALSE,FALSE,FALSE,FALSE,FALSE,FALSE,FALSE,"{""coordinates"": [[-79.6324910918727, 43.74774445405051]], ""type"": ""MultiPoint""}"
2928,2009:1143968,2009-12-01T15:10:00,ALBION RD,CLAIREPORT CRES,,4,Non-Fatal Injury,At Intersection,Traffic Signal,Rear End,Clear,Daylight,Dry,Major Arterial,FALSE,-79.63249109,43.74774445,1,Automobile or Station Wagon,East,2,59,None,Lap and Shoulder Belt,Following too closely,Normal,,,Going Ahead,,,,,driver,,Etobicoke North (1),23 Division,West Humber-Clairville,TRUE,FALSE,FALSE,FALSE,FALSE,FALSE,FALSE,FALSE,FALSE,FALSE,"{""coordinates"": [[-79.6324910918727, 43.74774445405051]], ""type"": ""MultiPoint""}"
2929,2009:1143968,2009-12-01T15:10:00,ALBION RD,CLAIREPORT CRES,,4,Non-Fatal Injury,At Intersection,Traffic Signal,Rear End,Clear,Daylight,Dry,Major Arterial,FALSE,-79.63249109,43.74774445,2,Automobile or Station Wagon,East,4,39,Major,Lap and Shoulder Belt,Driving properly,Normal,,,Stopped,,,,,driver,,Etobicoke North (1),23 Division,West Humber-Clairville,TRUE,FALSE,FALSE,FALSE,FALSE,FALSE,FALSE,FALSE,FALSE,FALSE,"{""coordinates"": [[-79.6324910918727, 43.74774445405051]], ""type"": ""MultiPoint""}"
2930,2009:1143968,2009-12-01T15:10:00,ALBION RD,CLAIREPORT CRES,,4,Non-Fatal Injury,At Intersection,Traffic Signal,Rear End,Clear,Daylight,Dry,Major Arterial,FALSE,-79.63249109,43.74774445,2,,,3,,,Other Safety Equipment Used,,,,,,,,,,owner,,Etobicoke North (1),23 Division,West Humber-Clairville,TRUE,FALSE,FALSE,FALSE,FALSE,FALSE,FALSE,FALSE,FALSE,FALSE,"{""coordinates"": [[-79.6324910918727, 43.74774445405051]], ""type"": ""MultiPoint""}"
2931,2009:1143969,2009-12-01T19:20:00,HIGHWAY 27 S,QUEENS PLATE DR,,3,Non-Fatal Injury,At Intersection,Traffic Signal,Rear End,Clear,Dark,Dry,Major Arterial,FALSE,-79.5981911,43.72274443,2,,,2,16,Minor,Lap and Shoulder Belt,,,,,,,,,,passenger,,Etobicoke North (1),23 Division,West Humber-Clairville,TRUE,FALSE,FALSE,FALSE,FALSE,FALSE,FALSE,FALSE,TRUE,FALSE,"{""coordinates"": [[-79.59819109612208, 43.72274443126334]], ""type"": ""MultiPoint""}"
2932,2009:1143969,2009-12-01T19:20:00,HIGHWAY 27 S,QUEENS PLATE DR,,3,Non-Fatal Injury,At Intersection,Traffic Signal,Rear End,Clear,Dark,Dry,Major Arterial,FALSE,-79.5981911,43.72274443,2,Automobile or Station Wagon,South,3,32,Major,Lap and Shoulder Belt,Driving properly,Normal,,,Turning Left,,,,,driver,,Etobicoke North (1),23 Division,West Humber-Clairville,TRUE,FALSE,FALSE,FALSE,FALSE,FALSE,FALSE,FALSE,TRUE,FALSE,"{""coordinates"": [[-79.59819109612208, 43.72274443126334]], ""type"": ""MultiPoint""}"
2933,2009:1143969,2009-12-01T19:20:00,HIGHWAY 27 S,QUEENS PLATE DR,,3,Non-Fatal Injury,At Intersection,Traffic Signal,Rear End,Clear,Dark,Dry,Major Arterial,FALSE,-79.5981911,43.72274443,1,Automobile or Station Wagon,South,1,24,None,Lap and Shoulder Belt,Following too closely,Normal,,,Turning Left,,,,,driver,,Etobicoke North (1),23 Division,West Humber-Clairville,TRUE,FALSE,FALSE,FALSE,FALSE,FALSE,FALSE,FALSE,TRUE,FALSE,"{""coordinates"": [[-79.59819109612208, 43.72274443126334]], ""type"": ""MultiPoint""}"
2934,2009:1144951,2009-12-06T07:50:00,EGLINTON AVE W,EXPLORER DR,,4,Non-Fatal Injury,At Intersection,Traffic Signal,Rear End,Clear,Daylight,Dry,Major Arterial,FALSE,-79.59409121,43.65974446,1,Automobile or Station Wagon,West,1,58,Major,No Equipment Available,Driving properly,Normal,,,Stopped,,,,,driver,,Etobicoke Centre (2),22 Division,Eringate-Centennial-West Deane,TRUE,FALSE,FALSE,FALSE,FALSE,FALSE,FALSE,FALSE,TRUE,FALSE,"{""coordinates"": [[-79.59409120984716, 43.65974446466043]], ""type"": ""MultiPoint""}"
2935,2009:1144951,2009-12-06T07:50:00,EGLINTON AVE W,EXPLORER DR,,4,Non-Fatal Injury,At Intersection,Traffic Signal,Rear End,Clear,Daylight,Dry,Major Arterial,FALSE,-79.59409121,43.65974446,2,Automobile or Station Wagon,West,3,19,None,Other Safety Equipment Used,Following too closely,Fatigue/Fell Asleep,,,Going Ahead,,,,,driver,,Etobicoke Centre (2),22 Division,Eringate-Centennial-West Deane,TRUE,FALSE,FALSE,FALSE,FALSE,FALSE,FALSE,FALSE,TRUE,FALSE,"{""coordinates"": [[-79.59409120984716, 43.65974446466043]], ""type"": ""MultiPoint""}"
2936,2009:1144951,2009-12-06T07:50:00,EGLINTON AVE W,EXPLORER DR,,4,Non-Fatal Injury,At Intersection,Traffic Signal,Rear End,Clear,Daylight,Dry,Major Arterial,FALSE,-79.59409121,43.65974446,3,,,4,,,Other Safety Equipment Used,,,,,,,,,,owner,,Etobicoke Centre (2),22 Division,Eringate-Centennial-West Deane,TRUE,FALSE,FALSE,FALSE,FALSE,FALSE,FALSE,FALSE,TRUE,FALSE,"{""coordinates"": [[-79.59409120984716, 43.65974446466043]], ""type"": ""MultiPoint""}"
2937,2009:1144951,2009-12-06T07:50:00,EGLINTON AVE W,EXPLORER DR,,4,Non-Fatal Injury,At Intersection,Traffic Signal,Rear End,Clear,Daylight,Dry,Major Arterial,FALSE,-79.59409121,43.65974446,2,,,2,,,Other Safety Equipment Used,,,,,,,,,,owner,,Etobicoke Centre (2),22 Division,Eringate-Centennial-West Deane,TRUE,FALSE,FALSE,FALSE,FALSE,FALSE,FALSE,FALSE,TRUE,FALSE,"{""coordinates"": [[-79.59409120984716, 43.65974446466043]], ""type"": ""MultiPoint""}"
2943,2009:1147258,2009-12-08T17:32:00,PITFIELD Road,BRIMLEY Road,,3,Non-Fatal Injury,At Intersection,Traffic Signal,Turning Movement,Clear,Dark,Dry,Major Arterial,FALSE,-79.2663905,43.78344402,1,,,1,43,Major,Air Bag Deployed,,,,,,,,,,passenger,,Scarborough North (23),42 Division,Agincourt South-Malvern West,FALSE,FALSE,FALSE,FALSE,FALSE,FALSE,FALSE,FALSE,FALSE,FALSE,"{""coordinates"": [[-79.26639049975617, 43.78344401853622]], ""type"": ""MultiPoint""}"
2944,2009:1147258,2009-12-08T17:32:00,PITFIELD Road,BRIMLEY Road,,3,Non-Fatal Injury,At Intersection,Traffic Signal,Turning Movement,Clear,Dark,Dry,Major Arterial,FALSE,-79.2663905,43.78344402,1,Automobile or Station Wagon,East,2,64,Major,Air Bag Deployed,Driving properly,Normal,,,Going Ahead,,,,,driver,,Scarborough North (23),42 Division,Agincourt South-Malvern West,FALSE,FALSE,FALSE,FALSE,FALSE,FALSE,FALSE,FALSE,FALSE,FALSE,"{""coordinates"": [[-79.26639049975617, 43.78344401853622]], ""type"": ""MultiPoint""}"
2945,2009:1147258,2009-12-08T17:32:00,PITFIELD Road,BRIMLEY Road,,3,Non-Fatal Injury,At Intersection,Traffic Signal,Turning Movement,Clear,Dark,Dry,Major Arterial,FALSE,-79.2663905,43.78344402,2,Automobile or Station Wagon,West,3,46,None,Lap and Shoulder Belt,Improper turn,Normal,,,Turning Left,,,,,driver,,Scarborough North (23),42 Division,Agincourt South-Malvern West,FALSE,FALSE,FALSE,FALSE,FALSE,FALSE,FALSE,FALSE,FALSE,FALSE,"{""coordinates"": [[-79.26639049975617, 43.78344401853622]], ""type"": ""MultiPoint""}"
2946,2009:1146277,2009-12-10T06:17:00,6 QUEENS PARK CRES E,,,4,Non-Fatal Injury,,No Control,SMV Other,Snow,Dark,Ice,Major Arterial,FALSE,-79.39009087,43.66114419,1,Automobile or Station Wagon,South,3,58,Minimal,Lap and Shoulder Belt,Speed too fast for conditions,Normal,,,Going Ahead,,,,,driver,,University-Rosedale (11),52 Division,Bay-Cloverhill,TRUE,FALSE,FALSE,FALSE,FALSE,FALSE,FALSE,FALSE,FALSE,FALSE,"{""coordinates"": [[-79.39009087357381, 43.661144189858085]], ""type"": ""MultiPoint""}"
2947,2009:1146277,2009-12-10T06:17:00,6 QUEENS PARK CRES E,,,4,Non-Fatal Injury,,No Control,SMV Other,Snow,Dark,Ice,Major Arterial,FALSE,-79.39009087,43.66114419,1,,,1,40,Major,Lap and Shoulder Belt,,,,,,,,,,passenger,,University-Rosedale (11),52 Division,Bay-Cloverhill,TRUE,FALSE,FALSE,FALSE,FALSE,FALSE,FALSE,FALSE,FALSE,FALSE,"{""coordinates"": [[-79.39009087357381, 43.661144189858085]], ""type"": ""MultiPoint""}"
2948,2009:1146277,2009-12-10T06:17:00,6 QUEENS PARK CRES E,,,4,Non-Fatal Injury,,No Control,SMV Other,Snow,Dark,Ice,Major Arterial,FALSE,-79.39009087,43.66114419,2,,,4,,,Other Safety Equipment Used,,,,,,,,,,owner,,University-Rosedale (11),52 Division,Bay-Cloverhill,TRUE,FALSE,FALSE,FALSE,FALSE,FALSE,FALSE,FALSE,FALSE,FALSE,"{""coordinates"": [[-79.39009087357381, 43.661144189858085]], ""type"": ""MultiPoint""}"