_id,collision_id,accdate,stname1,stname2,stname3,per_inv,acclass,accloc,traffictl,impactype,visible,light,rdsfcond,road_class,failtorem,longitude,latitude,veh_no,vehtype,initdir,per_no,invage,injury,safequip,drivact,drivcond,pedact,pedcond,manoeuvre,pedtype,cyclistype,cycact,cyccond,road_user,fatal_no,wardname,division,neighbourhood,aggressive,distracted,cyclist,motorcyclist,other_micromobility,older_adult,pedestrian,red_light,school_child,heavy_truck,geometry
3193,2010:1174308,2010-05-17T13:25:00,KEELE ST,CALVINGTON DR,,4,Non-Fatal Injury,,Traffic Signal,Rear End,Clear,Daylight,Dry,Major Arterial,FALSE,-79.48369092,43.73354429,1,Automobile or Station Wagon,South,1,63,Minimal,Other Safety Equipment Used,Driving properly,Normal,,,Slowing or Stopping,,,,,driver,,York Centre (6),31 Division,Downsview,TRUE,TRUE,FALSE,FALSE,FALSE,FALSE,FALSE,FALSE,FALSE,FALSE,"{""coordinates"": [[-79.48369092372975, 43.73354429321757]], ""type"": ""MultiPoint""}"
3194,2010:1174308,2010-05-17T13:25:00,KEELE ST,CALVINGTON DR,,4,Non-Fatal Injury,,Traffic Signal,Rear End,Clear,Daylight,Dry,Major Arterial,FALSE,-79.48369092,43.73354429,2,Automobile or Station Wagon,South,2,46,Minimal,Other Safety Equipment Used,Driving properly,Normal,,,Stopped,,,,,driver,,York Centre (6),31 Division,Downsview,TRUE,TRUE,FALSE,FALSE,FALSE,FALSE,FALSE,FALSE,FALSE,FALSE,"{""coordinates"": [[-79.48369092372975, 43.73354429321757]], ""type"": ""MultiPoint""}"
3195,2010:1174308,2010-05-17T13:25:00,KEELE ST,CALVINGTON DR,,4,Non-Fatal Injury,,Traffic Signal,Rear End,Clear,Daylight,Dry,Major Arterial,FALSE,-79.48369092,43.73354429,3,Automobile or Station Wagon,South,3,36,Major,Air Bag Deployed,Speed too fast for conditions,Inattentive,,,Going Ahead,,,,,driver,,York Centre (6),31 Division,Downsview,TRUE,TRUE,FALSE,FALSE,FALSE,FALSE,FALSE,FALSE,FALSE,FALSE,"{""coordinates"": [[-79.48369092372975, 43.73354429321757]], ""type"": ""MultiPoint""}"
3196,2010:1174844,2010-05-19T17:32:00,BENNINGTON HEIGHTS DR,MOOREHILL DR,,2,Non-Fatal Injury,,Yield Sign,Turning Movement,Clear,Daylight,Dry,Local,FALSE,-79.37229079,43.69314416,1,Automobile or Station Wagon,North,1,17,Minimal,Lap and Shoulder Belt,Failed to yield right-of-way,Normal,,,Turning Left,,,,,driver,,Don Valley West (15),53 Division,Leaside-Bennington,TRUE,FALSE,FALSE,FALSE,FALSE,FALSE,FALSE,FALSE,TRUE,FALSE,"{""coordinates"": [[-79.37229079138265, 43.6931441576444]], ""type"": ""MultiPoint""}"
3197,2010:1174844,2010-05-19T17:32:00,BENNINGTON HEIGHTS DR,MOOREHILL DR,,2,Non-Fatal Injury,,Yield Sign,Turning Movement,Clear,Daylight,Dry,Local,FALSE,-79.37229079,43.69314416,2,Automobile or Station Wagon,West,2,32,Major,Other Safety Equipment Used,Driving properly,Normal,,,Going Ahead,,,,,driver,,Don Valley West (15),53 Division,Leaside-Bennington,TRUE,FALSE,FALSE,FALSE,FALSE,FALSE,FALSE,FALSE,TRUE,FALSE,"{""coordinates"": [[-79.37229079138265, 43.6931441576444]], ""type"": ""MultiPoint""}"
3198,2010:1176088,2010-05-20T08:55:00,MOUNT PLEASANT RD,PENROSE RD,,3,Non-Fatal Injury,At Intersection,No Control,Turning Movement,Clear,Daylight,Dry,Major Arterial,FALSE,-79.38819081,43.70324418,1,Moped,South,1,23,Major,Helmet,Driving properly,Normal,,,Going Ahead,,,,,motorcyclist,,Toronto-St. Paul's (12),53 Division,South Eglinton-Davisville,FALSE,FALSE,FALSE,TRUE,FALSE,FALSE,FALSE,FALSE,FALSE,FALSE,"{""coordinates"": [[-79.38819080508172, 43.70324417726297]], ""type"": ""MultiPoint""}"
3199,2010:1176088,2010-05-20T08:55:00,MOUNT PLEASANT RD,PENROSE RD,,3,Non-Fatal Injury,At Intersection,No Control,Turning Movement,Clear,Daylight,Dry,Major Arterial,FALSE,-79.38819081,43.70324418,2,,,2,,,Other Safety Equipment Used,,,,,,,,,,owner,,Toronto-St. Paul's (12),53 Division,South Eglinton-Davisville,FALSE,FALSE,FALSE,TRUE,FALSE,FALSE,FALSE,FALSE,FALSE,FALSE,"{""coordinates"": [[-79.38819080508172, 43.70324417726297]], ""type"": ""MultiPoint""}"
3200,2010:1176088,2010-05-20T08:55:00,MOUNT PLEASANT RD,PENROSE RD,,3,Non-Fatal Injury,At Intersection,No Control,Turning Movement,Clear,Daylight,Dry,Major Arterial,FALSE,-79.38819081,43.70324418,2,Automobile or Station Wagon,North,3,49,None,Lap and Shoulder Belt,Improper turn,Normal,,,Turning Left,,,,,driver,,Toronto-St. Paul's (12),53 Division,South Eglinton-Davisville,FALSE,FALSE,FALSE,TRUE,FALSE,FALSE,FALSE,FALSE,FALSE,FALSE,"{""coordinates"": [[-79.38819080508172, 43.70324417726297]], ""type"": ""MultiPoint""}"
3201,2010:1169356,2010-05-20T21:05:00,TWYN RIVERS DR,SHEPPARD AVE E,,2,Non-Fatal Injury,,No Control,SMV Other,Clear,Dark,Dry,Collector,FALSE,-79.16279034,43.81004392,1,Motorcycle,East,1,24,Major,Helmet,Lost control,Inattentive,,,Going Ahead,,,,,motorcyclist,,Scarborough-Rouge Park (25),42 Division,Morningside Heights,FALSE,TRUE,FALSE,TRUE,FALSE,FALSE,FALSE,FALSE,FALSE,FALSE,"{""coordinates"": [[-79.16279033831658, 43.81004392055219]], ""type"": ""MultiPoint""}"
3202,2010:1169356,2010-05-20T21:05:00,TWYN RIVERS DR,SHEPPARD AVE E,,2,Non-Fatal Injury,,No Control,SMV Other,Clear,Dark,Dry,Collector,FALSE,-79.16279034,43.81004392,2,,,2,,,Other Safety Equipment Used,,,,,,,,,,owner,,Scarborough-Rouge Park (25),42 Division,Morningside Heights,FALSE,TRUE,FALSE,TRUE,FALSE,FALSE,FALSE,FALSE,FALSE,FALSE,"{""coordinates"": [[-79.16279033831658, 43.81004392055219]], ""type"": ""MultiPoint""}"
3203,2010:1176855,2010-05-24T23:26:00,LAKE SHORE BLVD W,NEWFOUNDLAND RD,,3,Non-Fatal Injury,At Intersection,Traffic Signal,SMV Other,Clear,Dark,Dry,Major Arterial,FALSE,-79.41079096,43.63244423,1,Automobile or Station Wagon,West,3,27,Major,Lap and Shoulder Belt,Lost control,Inattentive,,,Going Ahead,,,,,driver,,Spadina-Fort York (10),14 Division,Fort York-Liberty Village,FALSE,TRUE,FALSE,FALSE,FALSE,FALSE,FALSE,FALSE,FALSE,FALSE,"{""coordinates"": [[-79.41079095938572, 43.63244422821576]], ""type"": ""MultiPoint""}"
3204,2010:1176855,2010-05-24T23:26:00,LAKE SHORE BLVD W,NEWFOUNDLAND RD,,3,Non-Fatal Injury,At Intersection,Traffic Signal,SMV Other,Clear,Dark,Dry,Major Arterial,FALSE,-79.41079096,43.63244423,1,,,1,27,Major,Lap and Shoulder Belt,,,,,,,,,,passenger,,Spadina-Fort York (10),14 Division,Fort York-Liberty Village,FALSE,TRUE,FALSE,FALSE,FALSE,FALSE,FALSE,FALSE,FALSE,FALSE,"{""coordinates"": [[-79.41079095938572, 43.63244422821576]], ""type"": ""MultiPoint""}"
3205,2010:1176855,2010-05-24T23:26:00,LAKE SHORE BLVD W,NEWFOUNDLAND RD,,3,Non-Fatal Injury,At Intersection,Traffic Signal,SMV Other,Clear,Dark,Dry,Major Arterial,FALSE,-79.41079096,43.63244423,1,,,2,,,Other Safety Equipment Used,,,,,,,,,,owner,,Spadina-Fort York (10),14 Division,Fort York-Liberty Village,FALSE,TRUE,FALSE,FALSE,FALSE,FALSE,FALSE,FALSE,FALSE,FALSE,"{""coordinates"": [[-79.41079095938572, 43.63244422821576]], ""type"": ""MultiPoint""}"
3208,2010:1177202,2010-05-25T10:30:00,BATHURST ST,EGLINTON AVE W,,9,Non-Fatal Injury,At Intersection,Traffic Signal,Turning Movement,Clear,Daylight,Dry,Major Arterial,FALSE,-79.42559088,43.70094423,1,Automobile or Station Wagon,North,3,38,Minimal,Lap and Shoulder Belt,Driving properly,Normal,,,Going Ahead,,,,,driver,,Toronto-St. Paul's (12),13 Division,Humewood-Cedarvale,FALSE,TRUE,FALSE,FALSE,FALSE,FALSE,FALSE,FALSE,TRUE,FALSE,"{""coordinates"": [[-79.42559087664633, 43.70094422881442]], ""type"": ""MultiPoint""}"
3209,2010:1177202,2010-05-25T10:30:00,BATHURST ST,EGLINTON AVE W,,9,Non-Fatal Injury,At Intersection,Traffic Signal,Turning Movement,Clear,Daylight,Dry,Major Arterial,FALSE,-79.42559088,43.70094423,2,,,6,43,Major,Lap Belt Only,,,,,,,,,,passenger,,Toronto-St. Paul's (12),13 Division,Humewood-Cedarvale,FALSE,TRUE,FALSE,FALSE,FALSE,FALSE,FALSE,FALSE,TRUE,FALSE,"{""coordinates"": [[-79.42559087664633, 43.70094422881442]], ""type"": ""MultiPoint""}"
3210,2010:1177202,2010-05-25T10:30:00,BATHURST ST,EGLINTON AVE W,,9,Non-Fatal Injury,At Intersection,Traffic Signal,Turning Movement,Clear,Daylight,Dry,Major Arterial,FALSE,-79.42559088,43.70094423,2,,,7,42,Minor,Lap and Shoulder Belt,,,,,,,,,,passenger,,Toronto-St. Paul's (12),13 Division,Humewood-Cedarvale,FALSE,TRUE,FALSE,FALSE,FALSE,FALSE,FALSE,FALSE,TRUE,FALSE,"{""coordinates"": [[-79.42559087664633, 43.70094422881442]], ""type"": ""MultiPoint""}"
3211,2010:1177202,2010-05-25T10:30:00,BATHURST ST,EGLINTON AVE W,,9,Non-Fatal Injury,At Intersection,Traffic Signal,Turning Movement,Clear,Daylight,Dry,Major Arterial,FALSE,-79.42559088,43.70094423,2,,,5,8,Major,Lap Belt Only,,,,,,,,,,passenger,,Toronto-St. Paul's (12),13 Division,Humewood-Cedarvale,FALSE,TRUE,FALSE,FALSE,FALSE,FALSE,FALSE,FALSE,TRUE,FALSE,"{""coordinates"": [[-79.42559087664633, 43.70094422881442]], ""type"": ""MultiPoint""}"
3212,2010:1177202,2010-05-25T10:30:00,BATHURST ST,EGLINTON AVE W,,9,Non-Fatal Injury,At Intersection,Traffic Signal,Turning Movement,Clear,Daylight,Dry,Major Arterial,FALSE,-79.42559088,43.70094423,1,,,2,,,Other Safety Equipment Used,,,,,,,,,,owner,,Toronto-St. Paul's (12),13 Division,Humewood-Cedarvale,FALSE,TRUE,FALSE,FALSE,FALSE,FALSE,FALSE,FALSE,TRUE,FALSE,"{""coordinates"": [[-79.42559087664633, 43.70094422881442]], ""type"": ""MultiPoint""}"
3213,2010:1177202,2010-05-25T10:30:00,BATHURST ST,EGLINTON AVE W,,9,Non-Fatal Injury,At Intersection,Traffic Signal,Turning Movement,Clear,Daylight,Dry,Major Arterial,FALSE,-79.42559088,43.70094423,2,,,8,,,Other Safety Equipment Used,,,,,,,,,,owner,,Toronto-St. Paul's (12),13 Division,Humewood-Cedarvale,FALSE,TRUE,FALSE,FALSE,FALSE,FALSE,FALSE,FALSE,TRUE,FALSE,"{""coordinates"": [[-79.42559087664633, 43.70094422881442]], ""type"": ""MultiPoint""}"
3214,2010:1177202,2010-05-25T10:30:00,BATHURST ST,EGLINTON AVE W,,9,Non-Fatal Injury,At Intersection,Traffic Signal,Turning Movement,Clear,Daylight,Dry,Major Arterial,FALSE,-79.42559088,43.70094423,2,Automobile or Station Wagon,South,9,42,Minimal,Lap and Shoulder Belt,Improper turn,Inattentive,,,Turning Left,,,,,driver,,Toronto-St. Paul's (12),13 Division,Humewood-Cedarvale,FALSE,TRUE,FALSE,FALSE,FALSE,FALSE,FALSE,FALSE,TRUE,FALSE,"{""coordinates"": [[-79.42559087664633, 43.70094422881442]], ""type"": ""MultiPoint""}"
3215,2010:1177202,2010-05-25T10:30:00,BATHURST ST,EGLINTON AVE W,,9,Non-Fatal Injury,At Intersection,Traffic Signal,Turning Movement,Clear,Daylight,Dry,Major Arterial,FALSE,-79.42559088,43.70094423,2,,,4,13,Major,Lap and Shoulder Belt,,,,,,,,,,passenger,,Toronto-St. Paul's (12),13 Division,Humewood-Cedarvale,FALSE,TRUE,FALSE,FALSE,FALSE,FALSE,FALSE,FALSE,TRUE,FALSE,"{""coordinates"": [[-79.42559087664633, 43.70094422881442]], ""type"": ""MultiPoint""}"
3216,2010:1177202,2010-05-25T10:30:00,BATHURST ST,EGLINTON AVE W,,9,Non-Fatal Injury,At Intersection,Traffic Signal,Turning Movement,Clear,Daylight,Dry,Major Arterial,FALSE,-79.42559088,43.70094423,1,,,1,11,Minor,Lap and Shoulder Belt,,,,,,,,,,passenger,,Toronto-St. Paul's (12),13 Division,Humewood-Cedarvale,FALSE,TRUE,FALSE,FALSE,FALSE,FALSE,FALSE,FALSE,TRUE,FALSE,"{""coordinates"": [[-79.42559087664633, 43.70094422881442]], ""type"": ""MultiPoint""}"
3217,2010:1178296,2010-05-28T15:08:00,QUEENS QUAY W,LOWER SIMCOE ST,,4,Non-Fatal Injury,,No Control,Turning Movement,Clear,Daylight,Dry,Minor Arterial,FALSE,-79.3838909,43.63924419,1,,,1,42,Major,Lap and Shoulder Belt,,,,,,,,,,passenger,,Spadina-Fort York (10),52 Division,Harbourfront-CityPlace,FALSE,TRUE,FALSE,FALSE,FALSE,FALSE,FALSE,FALSE,FALSE,TRUE,"{""coordinates"": [[-79.38389089510443, 43.63924418572093]], ""type"": ""MultiPoint""}"
3218,2010:1178296,2010-05-28T15:08:00,QUEENS QUAY W,LOWER SIMCOE ST,,4,Non-Fatal Injury,,No Control,Turning Movement,Clear,Daylight,Dry,Minor Arterial,FALSE,-79.3838909,43.63924419,1,Automobile or Station Wagon,West,2,49,Major,Lap and Shoulder Belt,Improper turn,Inattentive,,,Turning Left,,,,,driver,,Spadina-Fort York (10),52 Division,Harbourfront-CityPlace,FALSE,TRUE,FALSE,FALSE,FALSE,FALSE,FALSE,FALSE,FALSE,TRUE,"{""coordinates"": [[-79.38389089510443, 43.63924418572093]], ""type"": ""MultiPoint""}"
3219,2010:1178296,2010-05-28T15:08:00,QUEENS QUAY W,LOWER SIMCOE ST,,4,Non-Fatal Injury,,No Control,Turning Movement,Clear,Daylight,Dry,Minor Arterial,FALSE,-79.3838909,43.63924419,2,,,3,,,Other Safety Equipment Used,,,,,,,,,,owner,,Spadina-Fort York (10),52 Division,Harbourfront-CityPlace,FALSE,TRUE,FALSE,FALSE,FALSE,FALSE,FALSE,FALSE,FALSE,TRUE,"{""coordinates"": [[-79.38389089510443, 43.63924418572093]], ""type"": ""MultiPoint""}"
3220,2010:1178296,2010-05-28T15:08:00,QUEENS QUAY W,LOWER SIMCOE ST,,4,Non-Fatal Injury,,No Control,Turning Movement,Clear,Daylight,Dry,Minor Arterial,FALSE,-79.3838909,43.63924419,2,Municipal Transit Bus (TTC),West,4,45,None,Other Safety Equipment Used,Driving properly,Normal,,,Going Ahead,,,,,driver,,Spadina-Fort York (10),52 Division,Harbourfront-CityPlace,FALSE,TRUE,FALSE,FALSE,FALSE,FALSE,FALSE,FALSE,FALSE,TRUE,"{""coordinates"": [[-79.38389089510443, 43.63924418572093]], ""type"": ""MultiPoint""}"
3221,2010:1178593,2010-05-31T15:41:00,BLOOR ST W,ROYAL YORK RD,,6,Non-Fatal Injury,At Intersection,Traffic Signal,Rear End,Clear,Daylight,Dry,Major Arterial,FALSE,-79.51139113,43.64734437,3,,,5,,,Other Safety Equipment Used,,,,,,,,,,owner,,Etobicoke-Lakeshore (3),22 Division,Stonegate-Queensway,FALSE,FALSE,FALSE,FALSE,FALSE,FALSE,FALSE,FALSE,FALSE,FALSE,"{""coordinates"": [[-79.51139112550553, 43.64734437072361]], ""type"": ""MultiPoint""}"
3222,2010:1178593,2010-05-31T15:41:00,BLOOR ST W,ROYAL YORK RD,,6,Non-Fatal Injury,At Intersection,Traffic Signal,Rear End,Clear,Daylight,Dry,Major Arterial,FALSE,-79.51139113,43.64734437,1,Automobile or Station Wagon,East,2,44,None,Other Safety Equipment Used,Driving properly,Normal,,,Going Ahead,,,,,driver,,Etobicoke-Lakeshore (3),22 Division,Stonegate-Queensway,FALSE,FALSE,FALSE,FALSE,FALSE,FALSE,FALSE,FALSE,FALSE,FALSE,"{""coordinates"": [[-79.51139112550553, 43.64734437072361]], ""type"": ""MultiPoint""}"
3223,2010:1178593,2010-05-31T15:41:00,BLOOR ST W,ROYAL YORK RD,,6,Non-Fatal Injury,At Intersection,Traffic Signal,Rear End,Clear,Daylight,Dry,Major Arterial,FALSE,-79.51139113,43.64734437,3,Automobile or Station Wagon,East,6,42,None,Other Safety Equipment Used,Driving properly,Normal,,,Going Ahead,,,,,driver,,Etobicoke-Lakeshore (3),22 Division,Stonegate-Queensway,FALSE,FALSE,FALSE,FALSE,FALSE,FALSE,FALSE,FALSE,FALSE,FALSE,"{""coordinates"": [[-79.51139112550553, 43.64734437072361]], ""type"": ""MultiPoint""}"
3224,2010:1178593,2010-05-31T15:41:00,BLOOR ST W,ROYAL YORK RD,,6,Non-Fatal Injury,At Intersection,Traffic Signal,Rear End,Clear,Daylight,Dry,Major Arterial,FALSE,-79.51139113,43.64734437,1,,,1,,,Other Safety Equipment Used,,,,,,,,,,owner,,Etobicoke-Lakeshore (3),22 Division,Stonegate-Queensway,FALSE,FALSE,FALSE,FALSE,FALSE,FALSE,FALSE,FALSE,FALSE,FALSE,"{""coordinates"": [[-79.51139112550553, 43.64734437072361]], ""type"": ""MultiPoint""}"
3225,2010:1178593,2010-05-31T15:41:00,BLOOR ST W,ROYAL YORK RD,,6,Non-Fatal Injury,At Intersection,Traffic Signal,Rear End,Clear,Daylight,Dry,Major Arterial,FALSE,-79.51139113,43.64734437,2,Automobile or Station Wagon,East,4,35,Major,Lap and Shoulder Belt,Lost control,Normal,,,Going Ahead,,,,,driver,,Etobicoke-Lakeshore (3),22 Division,Stonegate-Queensway,FALSE,FALSE,FALSE,FALSE,FALSE,FALSE,FALSE,FALSE,FALSE,FALSE,"{""coordinates"": [[-79.51139112550553, 43.64734437072361]], ""type"": ""MultiPoint""}"
3226,2010:1178593,2010-05-31T15:41:00,BLOOR ST W,ROYAL YORK RD,,6,Non-Fatal Injury,At Intersection,Traffic Signal,Rear End,Clear,Daylight,Dry,Major Arterial,FALSE,-79.51139113,43.64734437,2,,,3,,,Other Safety Equipment Used,,,,,,,,,,owner,,Etobicoke-Lakeshore (3),22 Division,Stonegate-Queensway,FALSE,FALSE,FALSE,FALSE,FALSE,FALSE,FALSE,FALSE,FALSE,FALSE,"{""coordinates"": [[-79.51139112550553, 43.64734437072361]], ""type"": ""MultiPoint""}"
3227,2010:1178852,2010-06-01T01:43:00,DIXON RD,MARTIN GROVE RD,,3,Non-Fatal Injury,At Intersection,Traffic Signal,Angle,Rain,Dark,Wet,Major Arterial,FALSE,-79.57079112,43.69154442,1,Automobile or Station Wagon,South,2,22,Minimal,Lap and Shoulder Belt,Driving properly,Normal,,,Going Ahead,,,,,driver,,Etobicoke Centre (2),23 Division,West Humber-Clairville,TRUE,FALSE,FALSE,FALSE,FALSE,FALSE,FALSE,TRUE,FALSE,FALSE,"{""coordinates"": [[-79.57079111997504, 43.69154441808486]], ""type"": ""MultiPoint""}"
3228,2010:1178852,2010-06-01T01:43:00,DIXON RD,MARTIN GROVE RD,,3,Non-Fatal Injury,At Intersection,Traffic Signal,Angle,Rain,Dark,Wet,Major Arterial,FALSE,-79.57079112,43.69154442,1,,,1,,,Other Safety Equipment Used,,,,,,,,,,owner,,Etobicoke Centre (2),23 Division,West Humber-Clairville,TRUE,FALSE,FALSE,FALSE,FALSE,FALSE,FALSE,TRUE,FALSE,FALSE,"{""coordinates"": [[-79.57079111997504, 43.69154441808486]], ""type"": ""MultiPoint""}"
3229,2010:1178852,2010-06-01T01:43:00,DIXON RD,MARTIN GROVE RD,,3,Non-Fatal Injury,At Intersection,Traffic Signal,Angle,Rain,Dark,Wet,Major Arterial,FALSE,-79.57079112,43.69154442,2,Automobile or Station Wagon,East,3,60,Major,Use Unknown,Disobeyed traffic control,Unknown,,,Going Ahead,,,,,driver,,Etobicoke Centre (2),23 Division,West Humber-Clairville,TRUE,FALSE,FALSE,FALSE,FALSE,FALSE,FALSE,TRUE,FALSE,FALSE,"{""coordinates"": [[-79.57079111997504, 43.69154441808486]], ""type"": ""MultiPoint""}"
3230,2010:1179667,2010-06-01T12:39:00,KENNEDY RD,SHEPPARD AVE E,,5,Non-Fatal Injury,,No Control,Rear End,Clear,Daylight,Dry,Major Arterial,FALSE,-79.28899054,43.78464405,1,Pickup Truck,North,1,48,None,Other Safety Equipment Used,Speed too fast for conditions,Normal,,,Going Ahead,,,,,driver,,Scarborough-Agincourt (22),42 Division,Tam O'Shanter-Sullivan,TRUE,FALSE,FALSE,FALSE,FALSE,TRUE,FALSE,FALSE,FALSE,FALSE,"{""coordinates"": [[-79.28899053541615, 43.784644045640476]], ""type"": ""MultiPoint""}"
3231,2010:1179667,2010-06-01T12:39:00,KENNEDY RD,SHEPPARD AVE E,,5,Non-Fatal Injury,,No Control,Rear End,Clear,Daylight,Dry,Major Arterial,FALSE,-79.28899054,43.78464405,3,,,4,20,Minor,Lap and Shoulder Belt,,,,,,,,,,passenger,,Scarborough-Agincourt (22),42 Division,Tam O'Shanter-Sullivan,TRUE,FALSE,FALSE,FALSE,FALSE,TRUE,FALSE,FALSE,FALSE,FALSE,"{""coordinates"": [[-79.28899053541615, 43.784644045640476]], ""type"": ""MultiPoint""}"
3232,2010:1179667,2010-06-01T12:39:00,KENNEDY RD,SHEPPARD AVE E,,5,Non-Fatal Injury,,No Control,Rear End,Clear,Daylight,Dry,Major Arterial,FALSE,-79.28899054,43.78464405,3,Automobile or Station Wagon,North,5,52,Minor,Lap and Shoulder Belt,Driving properly,Normal,,,Stopped,,,,,driver,,Scarborough-Agincourt (22),42 Division,Tam O'Shanter-Sullivan,TRUE,FALSE,FALSE,FALSE,FALSE,TRUE,FALSE,FALSE,FALSE,FALSE,"{""coordinates"": [[-79.28899053541615, 43.784644045640476]], ""type"": ""MultiPoint""}"
3233,2010:1179667,2010-06-01T12:39:00,KENNEDY RD,SHEPPARD AVE E,,5,Non-Fatal Injury,,No Control,Rear End,Clear,Daylight,Dry,Major Arterial,FALSE,-79.28899054,43.78464405,2,Automobile or Station Wagon,North,3,57,Minimal,Lap and Shoulder Belt,Driving properly,Normal,,,Stopped,,,,,driver,,Scarborough-Agincourt (22),42 Division,Tam O'Shanter-Sullivan,TRUE,FALSE,FALSE,FALSE,FALSE,TRUE,FALSE,FALSE,FALSE,FALSE,"{""coordinates"": [[-79.28899053541615, 43.784644045640476]], ""type"": ""MultiPoint""}"
3234,2010:1179667,2010-06-01T12:39:00,KENNEDY RD,SHEPPARD AVE E,,5,Non-Fatal Injury,,No Control,Rear End,Clear,Daylight,Dry,Major Arterial,FALSE,-79.28899054,43.78464405,2,,,2,79,Major,Lap and Shoulder Belt,,,,,,,,,,passenger,,Scarborough-Agincourt (22),42 Division,Tam O'Shanter-Sullivan,TRUE,FALSE,FALSE,FALSE,FALSE,TRUE,FALSE,FALSE,FALSE,FALSE,"{""coordinates"": [[-79.28899053541615, 43.784644045640476]], ""type"": ""MultiPoint""}"
3235,2010:1179395,2010-06-02T11:15:00,MARKHAM RD,STEELES AVE E,,3,Non-Fatal Injury,At Intersection,Traffic Signal,Angle,Clear,Daylight,Dry,Major Arterial,FALSE,-79.25119043,43.83654401,2,Automobile or Station Wagon,North,3,38,Major,Lap and Shoulder Belt,Driving properly,Normal,,,Going Ahead,,,,,driver,,Scarborough North (23),42 Division,Milliken,TRUE,FALSE,FALSE,FALSE,FALSE,FALSE,FALSE,FALSE,FALSE,FALSE,"{""coordinates"": [[-79.25119043229087, 43.836544008774176]], ""type"": ""MultiPoint""}"
3236,2010:1179395,2010-06-02T11:15:00,MARKHAM RD,STEELES AVE E,,3,Non-Fatal Injury,At Intersection,Traffic Signal,Angle,Clear,Daylight,Dry,Major Arterial,FALSE,-79.25119043,43.83654401,1,Automobile or Station Wagon,East,2,43,None,Lap and Shoulder Belt,Failed to yield right-of-way,Normal,,,Going Ahead,,,,,driver,,Scarborough North (23),42 Division,Milliken,TRUE,FALSE,FALSE,FALSE,FALSE,FALSE,FALSE,FALSE,FALSE,FALSE,"{""coordinates"": [[-79.25119043229087, 43.836544008774176]], ""type"": ""MultiPoint""}"
3237,2010:1179395,2010-06-02T11:15:00,MARKHAM RD,STEELES AVE E,,3,Non-Fatal Injury,At Intersection,Traffic Signal,Angle,Clear,Daylight,Dry,Major Arterial,FALSE,-79.25119043,43.83654401,1,,,1,,,Other Safety Equipment Used,,,,,,,,,,owner,,Scarborough North (23),42 Division,Milliken,TRUE,FALSE,FALSE,FALSE,FALSE,FALSE,FALSE,FALSE,FALSE,FALSE,"{""coordinates"": [[-79.25119043229087, 43.836544008774176]], ""type"": ""MultiPoint""}"
3238,2010:1171639,2010-06-04T03:10:00,KING ST W,JOE SHUSTER WAY,,2,Non-Fatal Injury,At Intersection,Traffic Signal,Rear End,Clear,Dark,Dry,Major Arterial,FALSE,-79.42359097,43.63974425,2,Automobile or Station Wagon,West,2,34,Major,Other Safety Equipment Used,Other,Had Been Drinking,,,Going Ahead,,,,,motorcyclist,,Spadina-Fort York (10),14 Division,South Parkdale,FALSE,FALSE,FALSE,TRUE,FALSE,FALSE,FALSE,FALSE,FALSE,FALSE,"{""coordinates"": [[-79.42359097308993, 43.639744245408586]], ""type"": ""MultiPoint""}"
3239,2010:1171639,2010-06-04T03:10:00,KING ST W,JOE SHUSTER WAY,,2,Non-Fatal Injury,At Intersection,Traffic Signal,Rear End,Clear,Dark,Dry,Major Arterial,FALSE,-79.42359097,43.63974425,1,Automobile or Station Wagon,West,1,31,None,Other Safety Equipment Used,Other,Normal,,,Going Ahead,,,,,driver,,Spadina-Fort York (10),14 Division,South Parkdale,FALSE,FALSE,FALSE,TRUE,FALSE,FALSE,FALSE,FALSE,FALSE,FALSE,"{""coordinates"": [[-79.42359097308993, 43.639744245408586]], ""type"": ""MultiPoint""}"
3240,2010:1171946,2010-06-05T02:46:00,BAYVIEW AVE,POTTERY RD,,2,Non-Fatal Injury,,No Control,SMV Other,Rain,Dark,Wet,Major Arterial,FALSE,-79.36219078,43.69074414,1,Automobile or Station Wagon,South,1,33,Major,Lap and Shoulder Belt,Speed too fast for conditions,Normal,,,Going Ahead,,,,,driver,,Don Valley West (15),53 Division,Leaside-Bennington,TRUE,FALSE,FALSE,FALSE,FALSE,FALSE,FALSE,FALSE,FALSE,FALSE,"{""coordinates"": [[-79.36219077632857, 43.690744144099824]], ""type"": ""MultiPoint""}"
3241,2010:1171946,2010-06-05T02:46:00,BAYVIEW AVE,POTTERY RD,,2,Non-Fatal Injury,,No Control,SMV Other,Rain,Dark,Wet,Major Arterial,FALSE,-79.36219078,43.69074414,2,,,2,,,Other Safety Equipment Used,,,,,,,,,,owner,,Don Valley West (15),53 Division,Leaside-Bennington,TRUE,FALSE,FALSE,FALSE,FALSE,FALSE,FALSE,FALSE,FALSE,FALSE,"{""coordinates"": [[-79.36219077632857, 43.690744144099824]], ""type"": ""MultiPoint""}"
3242,2010:1180385,2010-06-06T00:45:00,1492 LAKE SHORE BLVD W,,,4,Non-Fatal Injury,,No Control,SMV Other,Rain,Dark,Wet,Major Arterial,FALSE,-79.45739104,43.6379443,1,Automobile or Station Wagon,East,2,41,Major,Lap and Shoulder Belt,Lost control,Normal,,,Going Ahead,,,,,driver,,Parkdale-High Park (4),11 Division,South Parkdale,FALSE,FALSE,FALSE,FALSE,FALSE,FALSE,FALSE,FALSE,TRUE,FALSE,"{""coordinates"": [[-79.45739104324372, 43.63794429703063]], ""type"": ""MultiPoint""}"
3243,2010:1180385,2010-06-06T00:45:00,1492 LAKE SHORE BLVD W,,,4,Non-Fatal Injury,,No Control,SMV Other,Rain,Dark,Wet,Major Arterial,FALSE,-79.45739104,43.6379443,1,,,1,15,Minimal,Lap and Shoulder Belt,,,,,,,,,,passenger,,Parkdale-High Park (4),11 Division,South Parkdale,FALSE,FALSE,FALSE,FALSE,FALSE,FALSE,FALSE,FALSE,TRUE,FALSE,"{""coordinates"": [[-79.45739104324372, 43.63794429703063]], ""type"": ""MultiPoint""}"
3244,2010:1180385,2010-06-06T00:45:00,1492 LAKE SHORE BLVD W,,,4,Non-Fatal Injury,,No Control,SMV Other,Rain,Dark,Wet,Major Arterial,FALSE,-79.45739104,43.6379443,2,,,3,15,Minor,Lap and Shoulder Belt,,,,,,,,,,passenger,,Parkdale-High Park (4),11 Division,South Parkdale,FALSE,FALSE,FALSE,FALSE,FALSE,FALSE,FALSE,FALSE,TRUE,FALSE,"{""coordinates"": [[-79.45739104324372, 43.63794429703063]], ""type"": ""MultiPoint""}"