_id,collision_id,accdate,stname1,stname2,stname3,per_inv,acclass,accloc,traffictl,impactype,visible,light,rdsfcond,road_class,failtorem,longitude,latitude,veh_no,vehtype,initdir,per_no,invage,injury,safequip,drivact,drivcond,pedact,pedcond,manoeuvre,pedtype,cyclistype,cycact,cyccond,road_user,fatal_no,wardname,division,neighbourhood,aggressive,distracted,cyclist,motorcyclist,other_micromobility,older_adult,pedestrian,red_light,school_child,heavy_truck,geometry
3245,2010:1180385,2010-06-06T00:45:00,1492 LAKE SHORE BLVD W,,,4,Non-Fatal Injury,,No Control,SMV Other,Rain,Dark,Wet,Major Arterial,FALSE,-79.45739104,43.6379443,2,,,4,,,Other Safety Equipment Used,,,,,,,,,,owner,,Parkdale-High Park (4),11 Division,South Parkdale,FALSE,FALSE,FALSE,FALSE,FALSE,FALSE,FALSE,FALSE,TRUE,FALSE,"{""coordinates"": [[-79.45739104324372, 43.63794429703063]], ""type"": ""MultiPoint""}"
3246,2010:1180994,2010-06-10T16:59:00,QUEEN ST W,CAMERON ST,,2,Non-Fatal Injury,,No Control,Turning Movement,Clear,Daylight,Dry,Major Arterial,FALSE,-79.39759091,43.6484442,2,Automobile or Station Wagon,West,2,22,None,Lap and Shoulder Belt,Improper turn,Normal,,,Making U-Turn,,,,,driver,,Spadina-Fort York (10),14 Division,Wellington Place,FALSE,FALSE,FALSE,TRUE,FALSE,FALSE,FALSE,FALSE,FALSE,FALSE,"{""coordinates"": [[-79.39759090789784, 43.64844420402427]], ""type"": ""MultiPoint""}"
3247,2010:1180994,2010-06-10T16:59:00,QUEEN ST W,CAMERON ST,,2,Non-Fatal Injury,,No Control,Turning Movement,Clear,Daylight,Dry,Major Arterial,FALSE,-79.39759091,43.6484442,1,Motorcycle,West,1,25,Major,Helmet,Driving properly,Normal,,,Going Ahead,,,,,motorcyclist,,Spadina-Fort York (10),14 Division,Wellington Place,FALSE,FALSE,FALSE,TRUE,FALSE,FALSE,FALSE,FALSE,FALSE,FALSE,"{""coordinates"": [[-79.39759090789784, 43.64844420402427]], ""type"": ""MultiPoint""}"
3252,2010:1181132,2010-06-13T21:45:00,124 ELLESMERE RD,,,2,Non-Fatal Injury,,No Control,Turning Movement,Clear,Dark,Dry,Major Arterial,FALSE,-79.30949059,43.75914407,2,Automobile or Station Wagon,West,2,28,None,Lap and Shoulder Belt,Driving properly,Normal,,,Going Ahead,,,,,driver,,Scarborough Centre (21),41 Division,Wexford/Maryvale,FALSE,FALSE,FALSE,FALSE,FALSE,FALSE,FALSE,FALSE,FALSE,FALSE,"{""coordinates"": [[-79.3094905919802, 43.7591440685301]], ""type"": ""MultiPoint""}"
3253,2010:1181132,2010-06-13T21:45:00,124 ELLESMERE RD,,,2,Non-Fatal Injury,,No Control,Turning Movement,Clear,Dark,Dry,Major Arterial,FALSE,-79.30949059,43.75914407,1,Automobile or Station Wagon,South,1,55,Major,Lap and Shoulder Belt,Improper turn,Unknown,,,Turning Left,,,,,driver,,Scarborough Centre (21),41 Division,Wexford/Maryvale,FALSE,FALSE,FALSE,FALSE,FALSE,FALSE,FALSE,FALSE,FALSE,FALSE,"{""coordinates"": [[-79.3094905919802, 43.7591440685301]], ""type"": ""MultiPoint""}"
3254,2010:1181194,2010-06-14T11:56:00,SCARBOROUGH GOLF CLUB RD,LAWRENCE AVE E,,3,Non-Fatal Injury,At Intersection,Traffic Signal,Angle,Clear,Daylight,Dry,Major Arterial,FALSE,-79.21579044,43.76184396,2,Automobile or Station Wagon,East,3,42,Minimal,Lap and Shoulder Belt,Driving properly,Normal,,,Going Ahead,,,,,driver,,Scarborough-Guildwood (24),43 Division,Golfdale-Cedarbrae-Woburn,TRUE,FALSE,FALSE,FALSE,FALSE,TRUE,FALSE,TRUE,FALSE,FALSE,"{""coordinates"": [[-79.21579044298501, 43.761843960946145]], ""type"": ""MultiPoint""}"
3255,2010:1181194,2010-06-14T11:56:00,SCARBOROUGH GOLF CLUB RD,LAWRENCE AVE E,,3,Non-Fatal Injury,At Intersection,Traffic Signal,Angle,Clear,Daylight,Dry,Major Arterial,FALSE,-79.21579044,43.76184396,1,,,1,,,Other Safety Equipment Used,,,,,,,,,,owner,,Scarborough-Guildwood (24),43 Division,Golfdale-Cedarbrae-Woburn,TRUE,FALSE,FALSE,FALSE,FALSE,TRUE,FALSE,TRUE,FALSE,FALSE,"{""coordinates"": [[-79.21579044298501, 43.761843960946145]], ""type"": ""MultiPoint""}"
3256,2010:1181194,2010-06-14T11:56:00,SCARBOROUGH GOLF CLUB RD,LAWRENCE AVE E,,3,Non-Fatal Injury,At Intersection,Traffic Signal,Angle,Clear,Daylight,Dry,Major Arterial,FALSE,-79.21579044,43.76184396,1,Automobile or Station Wagon,North,2,74,Major,Lap and Shoulder Belt,Disobeyed traffic control,Normal,,,Going Ahead,,,,,driver,,Scarborough-Guildwood (24),43 Division,Golfdale-Cedarbrae-Woburn,TRUE,FALSE,FALSE,FALSE,FALSE,TRUE,FALSE,TRUE,FALSE,FALSE,"{""coordinates"": [[-79.21579044298501, 43.761843960946145]], ""type"": ""MultiPoint""}"
3257,2010:1181618,2010-06-17T19:27:00,350 MIDWEST RD,,,4,Non-Fatal Injury,,No Control,Turning Movement,Clear,Dark,Dry,Collector,FALSE,-79.27159053,43.76174402,3,Truck - Open (Flatbed),South,4,25,None,Lap and Shoulder Belt,Driving properly,Normal,,,Turning Right,,,,,driver,,Scarborough Centre (21),41 Division,Dorset Park,TRUE,TRUE,FALSE,TRUE,FALSE,FALSE,FALSE,FALSE,FALSE,TRUE,"{""coordinates"": [[-79.27159052650777, 43.761744022055204]], ""type"": ""MultiPoint""}"
3258,2010:1181618,2010-06-17T19:27:00,350 MIDWEST RD,,,4,Non-Fatal Injury,,No Control,Turning Movement,Clear,Dark,Dry,Collector,FALSE,-79.27159053,43.76174402,2,,,2,,,Other Safety Equipment Used,,,,,,,,,,owner,,Scarborough Centre (21),41 Division,Dorset Park,TRUE,TRUE,FALSE,TRUE,FALSE,FALSE,FALSE,FALSE,FALSE,TRUE,"{""coordinates"": [[-79.27159052650777, 43.761744022055204]], ""type"": ""MultiPoint""}"
3259,2010:1181618,2010-06-17T19:27:00,350 MIDWEST RD,,,4,Non-Fatal Injury,,No Control,Turning Movement,Clear,Dark,Dry,Collector,FALSE,-79.27159053,43.76174402,1,Motorcycle,South,1,39,Major,Helmet,Improper passing,Inattentive,,,Going Ahead,,,,,motorcyclist,,Scarborough Centre (21),41 Division,Dorset Park,TRUE,TRUE,FALSE,TRUE,FALSE,FALSE,FALSE,FALSE,FALSE,TRUE,"{""coordinates"": [[-79.27159052650777, 43.761744022055204]], ""type"": ""MultiPoint""}"
3260,2010:1181618,2010-06-17T19:27:00,350 MIDWEST RD,,,4,Non-Fatal Injury,,No Control,Turning Movement,Clear,Dark,Dry,Collector,FALSE,-79.27159053,43.76174402,3,,,3,,,Other Safety Equipment Used,,,,,,,,,,owner,,Scarborough Centre (21),41 Division,Dorset Park,TRUE,TRUE,FALSE,TRUE,FALSE,FALSE,FALSE,FALSE,FALSE,TRUE,"{""coordinates"": [[-79.27159052650777, 43.761744022055204]], ""type"": ""MultiPoint""}"
3261,2010:1181809,2010-06-19T19:32:00,WARDEN AVE,HYMUS RD,,2,Non-Fatal Injury,At Intersection,Stop Sign,Turning Movement,Clear,Daylight,Dry,Major Arterial,TRUE,-79.2841906,43.71954404,1,Motorcycle,South,1,30,Major,Helmet,Driving properly,Normal,,,Going Ahead,,,,,motorcyclist,,Scarborough Southwest (20),41 Division,Clairlea-Birchmount,TRUE,FALSE,FALSE,TRUE,FALSE,FALSE,FALSE,FALSE,FALSE,FALSE,"{""coordinates"": [[-79.28419059603625, 43.719544036095684]], ""type"": ""MultiPoint""}"
3262,2010:1181809,2010-06-19T19:32:00,WARDEN AVE,HYMUS RD,,2,Non-Fatal Injury,At Intersection,Stop Sign,Turning Movement,Clear,Daylight,Dry,Major Arterial,TRUE,-79.2841906,43.71954404,2,Automobile or Station Wagon,East,2,25,None,Lap and Shoulder Belt,Failed to yield right-of-way,Ability Impaired - Alcohol,,,Turning Left,,,,,driver,,Scarborough Southwest (20),41 Division,Clairlea-Birchmount,TRUE,FALSE,FALSE,TRUE,FALSE,FALSE,FALSE,FALSE,FALSE,FALSE,"{""coordinates"": [[-79.28419059603625, 43.719544036095684]], ""type"": ""MultiPoint""}"
3263,2010:1182348,2010-06-22T21:26:00,36 MILVAN DR,PENN Driv,,4,Non-Fatal Injury,,No Control,Turning Movement,Clear,Dark,Dry,Collector,FALSE,-79.55369098,43.75304436,1,,,1,21,Major,Lap and Shoulder Belt,,,,,,,,,,passenger,,Humber River-Black Creek (7),31 Division,Humber Summit,TRUE,TRUE,FALSE,FALSE,FALSE,FALSE,FALSE,FALSE,FALSE,FALSE,"{""coordinates"": [[-79.55369098491262, 43.75304436447539]], ""type"": ""MultiPoint""}"
3264,2010:1182348,2010-06-22T21:26:00,36 MILVAN DR,PENN Driv,,4,Non-Fatal Injury,,No Control,Turning Movement,Clear,Dark,Dry,Collector,FALSE,-79.55369098,43.75304436,1,Automobile or Station Wagon,East,2,47,Minimal,Lap and Shoulder Belt,Failed to yield right-of-way,Inattentive,,,Turning Right,,,,,driver,,Humber River-Black Creek (7),31 Division,Humber Summit,TRUE,TRUE,FALSE,FALSE,FALSE,FALSE,FALSE,FALSE,FALSE,FALSE,"{""coordinates"": [[-79.55369098491262, 43.75304436447539]], ""type"": ""MultiPoint""}"
3265,2010:1182348,2010-06-22T21:26:00,36 MILVAN DR,PENN Driv,,4,Non-Fatal Injury,,No Control,Turning Movement,Clear,Dark,Dry,Collector,FALSE,-79.55369098,43.75304436,2,,,3,22,Minimal,Lap and Shoulder Belt,,,,,,,,,,passenger,,Humber River-Black Creek (7),31 Division,Humber Summit,TRUE,TRUE,FALSE,FALSE,FALSE,FALSE,FALSE,FALSE,FALSE,FALSE,"{""coordinates"": [[-79.55369098491262, 43.75304436447539]], ""type"": ""MultiPoint""}"
3266,2010:1182348,2010-06-22T21:26:00,36 MILVAN DR,PENN Driv,,4,Non-Fatal Injury,,No Control,Turning Movement,Clear,Dark,Dry,Collector,FALSE,-79.55369098,43.75304436,2,Automobile or Station Wagon,South,4,24,None,Lap and Shoulder Belt,Driving properly,Normal,,,Going Ahead,,,,,driver,,Humber River-Black Creek (7),31 Division,Humber Summit,TRUE,TRUE,FALSE,FALSE,FALSE,FALSE,FALSE,FALSE,FALSE,FALSE,"{""coordinates"": [[-79.55369098491262, 43.75304436447539]], ""type"": ""MultiPoint""}"
3267,2010:1175178,2010-06-24T16:00:00,DUFFERIN ST,EGLINTON AVE W,,1,Non-Fatal Injury,,Traffic Signal,Rear End,Clear,Daylight,Dry,Major Arterial,FALSE,-79.45029093,43.69564426,2,Automobile or Station Wagon,North,4,19,Major,Lap and Shoulder Belt,Driving properly,Normal,,,Slowing or Stopping,,,,,driver,,Davenport (9),13 Division,Caledonia-Fairbank,TRUE,FALSE,FALSE,FALSE,FALSE,FALSE,FALSE,FALSE,TRUE,FALSE,"{""coordinates"": [[-79.45029093061869, 43.69564426450811]], ""type"": ""MultiPoint""}"
3268,2010:1175178,2010-06-24T16:00:00,DUFFERIN ST,EGLINTON AVE W,,1,Non-Fatal Injury,,Traffic Signal,Rear End,Clear,Daylight,Dry,Major Arterial,FALSE,-79.45029093,43.69564426,1,Automobile or Station Wagon,North,1,23,Minimal,Other Safety Equipment Used,Following too closely,Normal,,,Going Ahead,,,,,driver,,Davenport (9),13 Division,Caledonia-Fairbank,TRUE,FALSE,FALSE,FALSE,FALSE,FALSE,FALSE,FALSE,TRUE,FALSE,"{""coordinates"": [[-79.45029093061869, 43.69564426450811]], ""type"": ""MultiPoint""}"
3269,2010:1175178,2010-06-24T16:00:00,DUFFERIN ST,EGLINTON AVE W,,1,Non-Fatal Injury,,Traffic Signal,Rear End,Clear,Daylight,Dry,Major Arterial,FALSE,-79.45029093,43.69564426,2,,,2,27,Minimal,Lap and Shoulder Belt,,,,,,,,,,passenger,,Davenport (9),13 Division,Caledonia-Fairbank,TRUE,FALSE,FALSE,FALSE,FALSE,FALSE,FALSE,FALSE,TRUE,FALSE,"{""coordinates"": [[-79.45029093061869, 43.69564426450811]], ""type"": ""MultiPoint""}"
3270,2010:1175178,2010-06-24T16:00:00,DUFFERIN ST,EGLINTON AVE W,,1,Non-Fatal Injury,,Traffic Signal,Rear End,Clear,Daylight,Dry,Major Arterial,FALSE,-79.45029093,43.69564426,2,,,3,28,Minimal,Lap and Shoulder Belt,,,,,,,,,,passenger,,Davenport (9),13 Division,Caledonia-Fairbank,TRUE,FALSE,FALSE,FALSE,FALSE,FALSE,FALSE,FALSE,TRUE,FALSE,"{""coordinates"": [[-79.45029093061869, 43.69564426450811]], ""type"": ""MultiPoint""}"
3271,2010:1182235,2010-06-24T23:45:00,LAWRENCE Ave W,PINE St,,4,Non-Fatal Injury,,Traffic Signal,Turning Movement,Clear,Dark,Dry,Major Arterial,FALSE,-79.50829102,43.70194434,2,,,3,61,Minor,Lap and Shoulder Belt,,,,,,,,,,passenger,,York South-Weston (5),12 Division,Weston,FALSE,TRUE,FALSE,FALSE,FALSE,TRUE,FALSE,FALSE,FALSE,FALSE,"{""coordinates"": [[-79.50829102071869, 43.701944339452496]], ""type"": ""MultiPoint""}"
3272,2010:1182235,2010-06-24T23:45:00,LAWRENCE Ave W,PINE St,,4,Non-Fatal Injury,,Traffic Signal,Turning Movement,Clear,Dark,Dry,Major Arterial,FALSE,-79.50829102,43.70194434,1,,,1,,,Other Safety Equipment Used,,,,,,,,,,owner,,York South-Weston (5),12 Division,Weston,FALSE,TRUE,FALSE,FALSE,FALSE,TRUE,FALSE,FALSE,FALSE,FALSE,"{""coordinates"": [[-79.50829102071869, 43.701944339452496]], ""type"": ""MultiPoint""}"
3273,2010:1182235,2010-06-24T23:45:00,LAWRENCE Ave W,PINE St,,4,Non-Fatal Injury,,Traffic Signal,Turning Movement,Clear,Dark,Dry,Major Arterial,FALSE,-79.50829102,43.70194434,2,Automobile or Station Wagon,East,4,66,Minor,Lap and Shoulder Belt,Driving properly,Normal,,,Going Ahead,,,,,driver,,York South-Weston (5),12 Division,Weston,FALSE,TRUE,FALSE,FALSE,FALSE,TRUE,FALSE,FALSE,FALSE,FALSE,"{""coordinates"": [[-79.50829102071869, 43.701944339452496]], ""type"": ""MultiPoint""}"
3274,2010:1182235,2010-06-24T23:45:00,LAWRENCE Ave W,PINE St,,4,Non-Fatal Injury,,Traffic Signal,Turning Movement,Clear,Dark,Dry,Major Arterial,FALSE,-79.50829102,43.70194434,1,Automobile or Station Wagon,West,2,28,Major,Lap and Shoulder Belt,Improper turn,Inattentive,,,Turning Left,,,,,driver,,York South-Weston (5),12 Division,Weston,FALSE,TRUE,FALSE,FALSE,FALSE,TRUE,FALSE,FALSE,FALSE,FALSE,"{""coordinates"": [[-79.50829102071869, 43.701944339452496]], ""type"": ""MultiPoint""}"
3275,2010:1203769,2010-06-27T17:10:00,THE QUEENSWAY,GARDINER QUEENSWAY W RAMP,,10,Non-Fatal Injury,At Intersection,Traffic Signal,Rear End,Clear,Daylight,Wet,Major Arterial,FALSE,-79.47299108,43.63594432,2,,,9,,,Other Safety Equipment Used,,,,,,,,,,owner,,Parkdale-High Park (4),11 Division,High Park-Swansea,TRUE,TRUE,FALSE,FALSE,FALSE,TRUE,FALSE,FALSE,FALSE,TRUE,"{""coordinates"": [[-79.47299107780056, 43.635944321454986]], ""type"": ""MultiPoint""}"
3276,2010:1203769,2010-06-27T17:10:00,THE QUEENSWAY,GARDINER QUEENSWAY W RAMP,,10,Non-Fatal Injury,At Intersection,Traffic Signal,Rear End,Clear,Daylight,Wet,Major Arterial,FALSE,-79.47299108,43.63594432,2,,,8,66,Major,No Equipment Available,,,,,,,,,,passenger,,Parkdale-High Park (4),11 Division,High Park-Swansea,TRUE,TRUE,FALSE,FALSE,FALSE,TRUE,FALSE,FALSE,FALSE,TRUE,"{""coordinates"": [[-79.47299107780056, 43.635944321454986]], ""type"": ""MultiPoint""}"
3277,2010:1203769,2010-06-27T17:10:00,THE QUEENSWAY,GARDINER QUEENSWAY W RAMP,,10,Non-Fatal Injury,At Intersection,Traffic Signal,Rear End,Clear,Daylight,Wet,Major Arterial,FALSE,-79.47299108,43.63594432,1,Municipal Transit Bus (TTC),West,2,31,None,Other Safety Equipment Used,Following too closely,Inattentive,,,Going Ahead,,,,,driver,,Parkdale-High Park (4),11 Division,High Park-Swansea,TRUE,TRUE,FALSE,FALSE,FALSE,TRUE,FALSE,FALSE,FALSE,TRUE,"{""coordinates"": [[-79.47299107780056, 43.635944321454986]], ""type"": ""MultiPoint""}"
3278,2010:1203769,2010-06-27T17:10:00,THE QUEENSWAY,GARDINER QUEENSWAY W RAMP,,10,Non-Fatal Injury,At Intersection,Traffic Signal,Rear End,Clear,Daylight,Wet,Major Arterial,FALSE,-79.47299108,43.63594432,1,,,1,,,Other Safety Equipment Used,,,,,,,,,,owner,,Parkdale-High Park (4),11 Division,High Park-Swansea,TRUE,TRUE,FALSE,FALSE,FALSE,TRUE,FALSE,FALSE,FALSE,TRUE,"{""coordinates"": [[-79.47299107780056, 43.635944321454986]], ""type"": ""MultiPoint""}"
3279,2010:1203769,2010-06-27T17:10:00,THE QUEENSWAY,GARDINER QUEENSWAY W RAMP,,10,Non-Fatal Injury,At Intersection,Traffic Signal,Rear End,Clear,Daylight,Wet,Major Arterial,FALSE,-79.47299108,43.63594432,2,,,6,69,Minimal,No Equipment Available,,,,,,,,,,passenger,,Parkdale-High Park (4),11 Division,High Park-Swansea,TRUE,TRUE,FALSE,FALSE,FALSE,TRUE,FALSE,FALSE,FALSE,TRUE,"{""coordinates"": [[-79.47299107780056, 43.635944321454986]], ""type"": ""MultiPoint""}"
3280,2010:1203769,2010-06-27T17:10:00,THE QUEENSWAY,GARDINER QUEENSWAY W RAMP,,10,Non-Fatal Injury,At Intersection,Traffic Signal,Rear End,Clear,Daylight,Wet,Major Arterial,FALSE,-79.47299108,43.63594432,2,,,3,,Minimal,No Equipment Available,,,,,,,,,,passenger,,Parkdale-High Park (4),11 Division,High Park-Swansea,TRUE,TRUE,FALSE,FALSE,FALSE,TRUE,FALSE,FALSE,FALSE,TRUE,"{""coordinates"": [[-79.47299107780056, 43.635944321454986]], ""type"": ""MultiPoint""}"
3281,2010:1203769,2010-06-27T17:10:00,THE QUEENSWAY,GARDINER QUEENSWAY W RAMP,,10,Non-Fatal Injury,At Intersection,Traffic Signal,Rear End,Clear,Daylight,Wet,Major Arterial,FALSE,-79.47299108,43.63594432,2,Municipal Transit Bus (TTC),West,10,35,None,Other Safety Equipment Used,Driving properly,Normal,,,Stopped,,,,,driver,,Parkdale-High Park (4),11 Division,High Park-Swansea,TRUE,TRUE,FALSE,FALSE,FALSE,TRUE,FALSE,FALSE,FALSE,TRUE,"{""coordinates"": [[-79.47299107780056, 43.635944321454986]], ""type"": ""MultiPoint""}"
3282,2010:1203769,2010-06-27T17:10:00,THE QUEENSWAY,GARDINER QUEENSWAY W RAMP,,10,Non-Fatal Injury,At Intersection,Traffic Signal,Rear End,Clear,Daylight,Wet,Major Arterial,FALSE,-79.47299108,43.63594432,2,,,4,67,Minimal,No Equipment Available,,,,,,,,,,passenger,,Parkdale-High Park (4),11 Division,High Park-Swansea,TRUE,TRUE,FALSE,FALSE,FALSE,TRUE,FALSE,FALSE,FALSE,TRUE,"{""coordinates"": [[-79.47299107780056, 43.635944321454986]], ""type"": ""MultiPoint""}"
3283,2010:1203769,2010-06-27T17:10:00,THE QUEENSWAY,GARDINER QUEENSWAY W RAMP,,10,Non-Fatal Injury,At Intersection,Traffic Signal,Rear End,Clear,Daylight,Wet,Major Arterial,FALSE,-79.47299108,43.63594432,2,,,7,53,Minimal,No Equipment Available,,,,,,,,,,passenger,,Parkdale-High Park (4),11 Division,High Park-Swansea,TRUE,TRUE,FALSE,FALSE,FALSE,TRUE,FALSE,FALSE,FALSE,TRUE,"{""coordinates"": [[-79.47299107780056, 43.635944321454986]], ""type"": ""MultiPoint""}"
3284,2010:1203769,2010-06-27T17:10:00,THE QUEENSWAY,GARDINER QUEENSWAY W RAMP,,10,Non-Fatal Injury,At Intersection,Traffic Signal,Rear End,Clear,Daylight,Wet,Major Arterial,FALSE,-79.47299108,43.63594432,2,,,5,46,Minimal,No Equipment Available,,,,,,,,,,passenger,,Parkdale-High Park (4),11 Division,High Park-Swansea,TRUE,TRUE,FALSE,FALSE,FALSE,TRUE,FALSE,FALSE,FALSE,TRUE,"{""coordinates"": [[-79.47299107780056, 43.635944321454986]], ""type"": ""MultiPoint""}"
3285,2010:1182503,2010-06-27T20:50:00,BATHURST ST,WILD GINGERWAY Aven,,5,Non-Fatal Injury,,No Control,Approaching Head On,Rain,Dark,Wet,Major Arterial,FALSE,-79.4407908,43.76494423,2,Automobile or Station Wagon,North,4,47,Minor,Lap and Shoulder Belt,Driving properly,Normal,,,Going Ahead,,,,,driver,,Willowdale (18),32 Division,Willowdale West,FALSE,FALSE,FALSE,FALSE,FALSE,FALSE,FALSE,FALSE,TRUE,FALSE,"{""coordinates"": [[-79.44079080448344, 43.764944229737544]], ""type"": ""MultiPoint""}"
3286,2010:1182503,2010-06-27T20:50:00,BATHURST ST,WILD GINGERWAY Aven,,5,Non-Fatal Injury,,No Control,Approaching Head On,Rain,Dark,Wet,Major Arterial,FALSE,-79.4407908,43.76494423,2,,,3,17,Minimal,Other Safety Equipment Used,,,,,,,,,,passenger,,Willowdale (18),32 Division,Willowdale West,FALSE,FALSE,FALSE,FALSE,FALSE,FALSE,FALSE,FALSE,TRUE,FALSE,"{""coordinates"": [[-79.44079080448344, 43.764944229737544]], ""type"": ""MultiPoint""}"
3287,2010:1182503,2010-06-27T20:50:00,BATHURST ST,WILD GINGERWAY Aven,,5,Non-Fatal Injury,,No Control,Approaching Head On,Rain,Dark,Wet,Major Arterial,FALSE,-79.4407908,43.76494423,3,Automobile or Station Wagon,South,5,23,Minor,Other Safety Equipment Used,Lost control,Ability Impaired - Alcohol,,,Going Ahead,,,,,driver,,Willowdale (18),32 Division,Willowdale West,FALSE,FALSE,FALSE,FALSE,FALSE,FALSE,FALSE,FALSE,TRUE,FALSE,"{""coordinates"": [[-79.44079080448344, 43.764944229737544]], ""type"": ""MultiPoint""}"
3288,2010:1182503,2010-06-27T20:50:00,BATHURST ST,WILD GINGERWAY Aven,,5,Non-Fatal Injury,,No Control,Approaching Head On,Rain,Dark,Wet,Major Arterial,FALSE,-79.4407908,43.76494423,1,Automobile or Station Wagon,North,2,60,Major,Lap and Shoulder Belt,Driving properly,Normal,,,Going Ahead,,,,,driver,,Willowdale (18),32 Division,Willowdale West,FALSE,FALSE,FALSE,FALSE,FALSE,FALSE,FALSE,FALSE,TRUE,FALSE,"{""coordinates"": [[-79.44079080448344, 43.764944229737544]], ""type"": ""MultiPoint""}"
3289,2010:1182503,2010-06-27T20:50:00,BATHURST ST,WILD GINGERWAY Aven,,5,Non-Fatal Injury,,No Control,Approaching Head On,Rain,Dark,Wet,Major Arterial,FALSE,-79.4407908,43.76494423,1,,,1,,,Other Safety Equipment Used,,,,,,,,,,owner,,Willowdale (18),32 Division,Willowdale West,FALSE,FALSE,FALSE,FALSE,FALSE,FALSE,FALSE,FALSE,TRUE,FALSE,"{""coordinates"": [[-79.44079080448344, 43.764944229737544]], ""type"": ""MultiPoint""}"
3290,2010:1182499,2010-06-28T21:40:00,LANSDOWNE Ave,PATON Rd,,2,Non-Fatal Injury,At Intersection,Traffic Signal,SMV Unattended Vehicle,Clear,Dark,Dry,Minor Arterial,FALSE,-79.44359098,43.66064427,2,Motorcycle,South,2,26,Major,Helmet,Lost control,Inattentive,,,Going Ahead,,,,,motorcyclist,,Davenport (9),11 Division,Junction-Wallace Emerson,FALSE,TRUE,FALSE,TRUE,FALSE,FALSE,FALSE,FALSE,FALSE,FALSE,"{""coordinates"": [[-79.44359097745847, 43.660644267964]], ""type"": ""MultiPoint""}"
3291,2010:1182499,2010-06-28T21:40:00,LANSDOWNE Ave,PATON Rd,,2,Non-Fatal Injury,At Intersection,Traffic Signal,SMV Unattended Vehicle,Clear,Dark,Dry,Minor Arterial,FALSE,-79.44359098,43.66064427,1,,,1,,None,Other Safety Equipment Used,,,,,Parked,,,,,other,,Davenport (9),11 Division,Junction-Wallace Emerson,FALSE,TRUE,FALSE,TRUE,FALSE,FALSE,FALSE,FALSE,FALSE,FALSE,"{""coordinates"": [[-79.44359097745847, 43.660644267964]], ""type"": ""MultiPoint""}"
3292,2010:1182961,2010-07-02T21:28:00,SEDGEMOUNT Dr,ROCHMAN Blvd,,2,Non-Fatal Injury,,No Control,SMV Unattended Vehicle,Clear,Dark,Dry,Local,FALSE,-79.23319047,43.76054398,1,,,1,,None,Other Safety Equipment Used,,,,,Parked,,,,,other,,Scarborough-Guildwood (24),43 Division,Woburn North,TRUE,FALSE,FALSE,FALSE,FALSE,FALSE,FALSE,FALSE,FALSE,FALSE,"{""coordinates"": [[-79.23319046814898, 43.76054397828799]], ""type"": ""MultiPoint""}"
3293,2010:1182961,2010-07-02T21:28:00,SEDGEMOUNT Dr,ROCHMAN Blvd,,2,Non-Fatal Injury,,No Control,SMV Unattended Vehicle,Clear,Dark,Dry,Local,FALSE,-79.23319047,43.76054398,2,Automobile or Station Wagon,South,2,59,Major,Lap and Shoulder Belt,Improper passing,Fatigue/Fell Asleep,,,Going Ahead,,,,,driver,,Scarborough-Guildwood (24),43 Division,Woburn North,TRUE,FALSE,FALSE,FALSE,FALSE,FALSE,FALSE,FALSE,FALSE,FALSE,"{""coordinates"": [[-79.23319046814898, 43.76054397828799]], ""type"": ""MultiPoint""}"
3294,2010:1176798,2010-07-03T21:00:00,KIPLING AVE,THE QUEENSWAY,,3,Non-Fatal Injury,At Intersection,Traffic Signal,Turning Movement,Clear,Dark,Dry,Major Arterial,FALSE,-79.52669119,43.6209444,2,Automobile or Station Wagon,South,3,46,Major,Other Safety Equipment Used,Driving properly,Normal,,,Going Ahead,,,,,driver,,Etobicoke-Lakeshore (3),22 Division,Etobicoke City Centre,FALSE,FALSE,FALSE,FALSE,FALSE,FALSE,FALSE,FALSE,FALSE,FALSE,"{""coordinates"": [[-79.52669119439231, 43.620944403342335]], ""type"": ""MultiPoint""}"
3295,2010:1176798,2010-07-03T21:00:00,KIPLING AVE,THE QUEENSWAY,,3,Non-Fatal Injury,At Intersection,Traffic Signal,Turning Movement,Clear,Dark,Dry,Major Arterial,FALSE,-79.52669119,43.6209444,1,Automobile or Station Wagon,North,2,52,None,Other Safety Equipment Used,Improper turn,Normal,,,Turning Left,,,,,driver,,Etobicoke-Lakeshore (3),22 Division,Etobicoke City Centre,FALSE,FALSE,FALSE,FALSE,FALSE,FALSE,FALSE,FALSE,FALSE,FALSE,"{""coordinates"": [[-79.52669119439231, 43.620944403342335]], ""type"": ""MultiPoint""}"
3296,2010:1176798,2010-07-03T21:00:00,KIPLING AVE,THE QUEENSWAY,,3,Non-Fatal Injury,At Intersection,Traffic Signal,Turning Movement,Clear,Dark,Dry,Major Arterial,FALSE,-79.52669119,43.6209444,1,,,1,,,Other Safety Equipment Used,,,,,,,,,,owner,,Etobicoke-Lakeshore (3),22 Division,Etobicoke City Centre,FALSE,FALSE,FALSE,FALSE,FALSE,FALSE,FALSE,FALSE,FALSE,FALSE,"{""coordinates"": [[-79.52669119439231, 43.620944403342335]], ""type"": ""MultiPoint""}"
3297,2010:1183452,2010-07-05T06:02:00,JANE St,BEXLEY Cres,,4,Non-Fatal Injury,,No Control,Approaching Head On,Clear,Daylight,Dry,Major Arterial,FALSE,-79.49759105,43.68054434,4,Automobile or Station Wagon,South,4,22,Minor,Lap and Shoulder Belt,Driving properly,Normal,,,Going Ahead,,,,,driver,,York South-Weston (5),12 Division,Rockcliffe-Smythe,FALSE,FALSE,FALSE,FALSE,FALSE,FALSE,FALSE,FALSE,FALSE,FALSE,"{""coordinates"": [[-79.49759104502532, 43.680544336973995]], ""type"": ""MultiPoint""}"
3298,2010:1183452,2010-07-05T06:02:00,JANE St,BEXLEY Cres,,4,Non-Fatal Injury,,No Control,Approaching Head On,Clear,Daylight,Dry,Major Arterial,FALSE,-79.49759105,43.68054434,1,Automobile or Station Wagon,South,1,48,Minor,Lap and Shoulder Belt,Driving properly,Normal,,,Going Ahead,,,,,driver,,York South-Weston (5),12 Division,Rockcliffe-Smythe,FALSE,FALSE,FALSE,FALSE,FALSE,FALSE,FALSE,FALSE,FALSE,FALSE,"{""coordinates"": [[-79.49759104502532, 43.680544336973995]], ""type"": ""MultiPoint""}"