_id,collision_id,accdate,stname1,stname2,stname3,per_inv,acclass,accloc,traffictl,impactype,visible,light,rdsfcond,road_class,failtorem,longitude,latitude,veh_no,vehtype,initdir,per_no,invage,injury,safequip,drivact,drivcond,pedact,pedcond,manoeuvre,pedtype,cyclistype,cycact,cyccond,road_user,fatal_no,wardname,division,neighbourhood,aggressive,distracted,cyclist,motorcyclist,other_micromobility,older_adult,pedestrian,red_light,school_child,heavy_truck,geometry
3372,2010:1187629,2010-07-30T20:15:00,THE ESPLANADE,CHURCH ST,,3,Non-Fatal Injury,At Intersection,Traffic Signal,Turning Movement,Clear,Daylight,Dry,Collector,FALSE,-79.37329086,43.64724417,1,,,1,19,Minor,Helmet,,,,,,,,,,passenger,,Spadina-Fort York (10),51 Division,St Lawrence-East Bayfront-The Islands,TRUE,FALSE,FALSE,TRUE,FALSE,FALSE,FALSE,FALSE,TRUE,FALSE,"{""coordinates"": [[-79.37329086206508, 43.6472441681516]], ""type"": ""MultiPoint""}"
3373,2010:1187629,2010-07-30T20:15:00,THE ESPLANADE,CHURCH ST,,3,Non-Fatal Injury,At Intersection,Traffic Signal,Turning Movement,Clear,Daylight,Dry,Collector,FALSE,-79.37329086,43.64724417,2,Automobile or Station Wagon,West,3,26,None,Lap and Shoulder Belt,Failed to yield right-of-way,Normal,,,Turning Left,,,,,driver,,Spadina-Fort York (10),51 Division,St Lawrence-East Bayfront-The Islands,TRUE,FALSE,FALSE,TRUE,FALSE,FALSE,FALSE,FALSE,TRUE,FALSE,"{""coordinates"": [[-79.37329086206508, 43.6472441681516]], ""type"": ""MultiPoint""}"
3381,2010:1187943,2010-08-02T08:50:00,SPADINA Rd,MACPHERSON Ave,,4,Non-Fatal Injury,At Intersection,Stop Sign,Angle,Clear,Daylight,Dry,Minor Arterial,FALSE,-79.40749088,43.67584421,1,Automobile or Station Wagon,South,3,34,None,Other Safety Equipment Used,Driving properly,Normal,,,Going Ahead,,,,,driver,,Toronto-St. Paul's (12),13 Division,Casa Loma,TRUE,TRUE,FALSE,FALSE,FALSE,FALSE,FALSE,FALSE,FALSE,FALSE,"{""coordinates"": [[-79.40749088368423, 43.675844211110864]], ""type"": ""MultiPoint""}"
3382,2010:1187943,2010-08-02T08:50:00,SPADINA Rd,MACPHERSON Ave,,4,Non-Fatal Injury,At Intersection,Stop Sign,Angle,Clear,Daylight,Dry,Minor Arterial,FALSE,-79.40749088,43.67584421,1,,,1,55,Major,Lap Belt Only of Combined Assembly,,,,,,,,,,passenger,,Toronto-St. Paul's (12),13 Division,Casa Loma,TRUE,TRUE,FALSE,FALSE,FALSE,FALSE,FALSE,FALSE,FALSE,FALSE,"{""coordinates"": [[-79.40749088368423, 43.675844211110864]], ""type"": ""MultiPoint""}"
3383,2010:1187943,2010-08-02T08:50:00,SPADINA Rd,MACPHERSON Ave,,4,Non-Fatal Injury,At Intersection,Stop Sign,Angle,Clear,Daylight,Dry,Minor Arterial,FALSE,-79.40749088,43.67584421,1,,,2,33,Minimal,Lap Belt Only of Combined Assembly,,,,,,,,,,passenger,,Toronto-St. Paul's (12),13 Division,Casa Loma,TRUE,TRUE,FALSE,FALSE,FALSE,FALSE,FALSE,FALSE,FALSE,FALSE,"{""coordinates"": [[-79.40749088368423, 43.675844211110864]], ""type"": ""MultiPoint""}"
3384,2010:1187943,2010-08-02T08:50:00,SPADINA Rd,MACPHERSON Ave,,4,Non-Fatal Injury,At Intersection,Stop Sign,Angle,Clear,Daylight,Dry,Minor Arterial,FALSE,-79.40749088,43.67584421,2,Automobile or Station Wagon,West,4,29,None,Other Safety Equipment Used,Failed to yield right-of-way,Inattentive,,,Going Ahead,,,,,driver,,Toronto-St. Paul's (12),13 Division,Casa Loma,TRUE,TRUE,FALSE,FALSE,FALSE,FALSE,FALSE,FALSE,FALSE,FALSE,"{""coordinates"": [[-79.40749088368423, 43.675844211110864]], ""type"": ""MultiPoint""}"
3385,2010:1188456,2010-08-04T15:30:00,5785 YONGE ST,,,2,Non-Fatal Injury,,No Control,Turning Movement,Clear,Daylight,Dry,Major Arterial,FALSE,-79.41659074,43.7837442,2,Automobile or Station Wagon,South,2,35,None,Other Safety Equipment Used,Improper turn,Normal,,,Turning Left,,,,,driver,,Willowdale (18),32 Division,Newtonbrook West,FALSE,FALSE,FALSE,TRUE,FALSE,FALSE,FALSE,FALSE,FALSE,FALSE,"{""coordinates"": [[-79.41659074340467, 43.78374419787851]], ""type"": ""MultiPoint""}"
3386,2010:1188456,2010-08-04T15:30:00,5785 YONGE ST,,,2,Non-Fatal Injury,,No Control,Turning Movement,Clear,Daylight,Dry,Major Arterial,FALSE,-79.41659074,43.7837442,1,Motorcycle,North,1,21,Major,Helmet,Driving properly,Normal,,,Going Ahead,,,,,motorcyclist,,Willowdale (18),32 Division,Newtonbrook West,FALSE,FALSE,FALSE,TRUE,FALSE,FALSE,FALSE,FALSE,FALSE,FALSE,"{""coordinates"": [[-79.41659074340467, 43.78374419787851]], ""type"": ""MultiPoint""}"
3387,2010:1188695,2010-08-06T15:38:00,AVENUE Rd,GLENVIEW Ave,,1,Non-Fatal Injury,,No Control,SMV Other,Rain,Daylight,Wet,Major Arterial,FALSE,-79.41449083,43.71784421,1,Moped,South,1,49,Major,Helmet,Lost control,Normal,,,Going Ahead,,,,,motorcyclist,,Eglinton-Lawrence (8),53 Division,Lawrence Park South,FALSE,FALSE,FALSE,TRUE,FALSE,FALSE,FALSE,FALSE,FALSE,FALSE,"{""coordinates"": [[-79.41449082923519, 43.71784420869551]], ""type"": ""MultiPoint""}"
3388,2010:1189642,2010-08-12T11:16:00,EGLINTON Ave E,GILDER Dr,,5,Non-Fatal Injury,At Intersection,Traffic Signal,Rear End,Clear,Daylight,Dry,Major Arterial,FALSE,-79.25319052,43.735544,2,,,3,9,Major,Other Safety Equipment Used,,,,,,,,,,passenger,,Scarborough Southwest (20),41 Division,Kennedy Park,TRUE,FALSE,FALSE,FALSE,FALSE,TRUE,FALSE,FALSE,TRUE,TRUE,"{""coordinates"": [[-79.25319052238487, 43.73554399643698]], ""type"": ""MultiPoint""}"
3389,2010:1189642,2010-08-12T11:16:00,EGLINTON Ave E,GILDER Dr,,5,Non-Fatal Injury,At Intersection,Traffic Signal,Rear End,Clear,Daylight,Dry,Major Arterial,FALSE,-79.25319052,43.735544,1,Automobile or Station Wagon,West,2,55,Major,Lap and Shoulder Belt,Driving properly,Normal,,,Stopped,,,,,driver,,Scarborough Southwest (20),41 Division,Kennedy Park,TRUE,FALSE,FALSE,FALSE,FALSE,TRUE,FALSE,FALSE,TRUE,TRUE,"{""coordinates"": [[-79.25319052238487, 43.73554399643698]], ""type"": ""MultiPoint""}"
3390,2010:1189642,2010-08-12T11:16:00,EGLINTON Ave E,GILDER Dr,,5,Non-Fatal Injury,At Intersection,Traffic Signal,Rear End,Clear,Daylight,Dry,Major Arterial,FALSE,-79.25319052,43.735544,2,Municipal Transit Bus (TTC),West,5,58,None,Other Safety Equipment Used,Following too closely,Normal,,,Slowing or Stopping,,,,,driver,,Scarborough Southwest (20),41 Division,Kennedy Park,TRUE,FALSE,FALSE,FALSE,FALSE,TRUE,FALSE,FALSE,TRUE,TRUE,"{""coordinates"": [[-79.25319052238487, 43.73554399643698]], ""type"": ""MultiPoint""}"
3391,2010:1189642,2010-08-12T11:16:00,EGLINTON Ave E,GILDER Dr,,5,Non-Fatal Injury,At Intersection,Traffic Signal,Rear End,Clear,Daylight,Dry,Major Arterial,FALSE,-79.25319052,43.735544,1,,,1,70,Minimal,No Equipment Available,,,,,,,,,,passenger,,Scarborough Southwest (20),41 Division,Kennedy Park,TRUE,FALSE,FALSE,FALSE,FALSE,TRUE,FALSE,FALSE,TRUE,TRUE,"{""coordinates"": [[-79.25319052238487, 43.73554399643698]], ""type"": ""MultiPoint""}"
3392,2010:1189642,2010-08-12T11:16:00,EGLINTON Ave E,GILDER Dr,,5,Non-Fatal Injury,At Intersection,Traffic Signal,Rear End,Clear,Daylight,Dry,Major Arterial,FALSE,-79.25319052,43.735544,2,,,4,,,Other Safety Equipment Used,,,,,,,,,,owner,,Scarborough Southwest (20),41 Division,Kennedy Park,TRUE,FALSE,FALSE,FALSE,FALSE,TRUE,FALSE,FALSE,TRUE,TRUE,"{""coordinates"": [[-79.25319052238487, 43.73554399643698]], ""type"": ""MultiPoint""}"
3393,2010:1189933,2010-08-13T09:04:00,DUNCAN ST,NELSON ST,,2,Non-Fatal Injury,At Intersection,Stop Sign,Angle,Clear,Daylight,Dry,Collector,FALSE,-79.38889089,43.64884419,2,,South,2,48,Major,Helmet,Driving properly,Unknown,,,Going Ahead,,,,,driver,,Spadina-Fort York (10),52 Division,Wellington Place,TRUE,TRUE,FALSE,FALSE,FALSE,FALSE,FALSE,FALSE,FALSE,FALSE,"{""coordinates"": [[-79.38889089022746, 43.64884419100153]], ""type"": ""MultiPoint""}"
3394,2010:1189933,2010-08-13T09:04:00,DUNCAN ST,NELSON ST,,2,Non-Fatal Injury,At Intersection,Stop Sign,Angle,Clear,Daylight,Dry,Collector,FALSE,-79.38889089,43.64884419,1,Automobile or Station Wagon,East,1,36,None,Other Safety Equipment Used,Disobeyed traffic control,Inattentive,,,Going Ahead,,,,,driver,,Spadina-Fort York (10),52 Division,Wellington Place,TRUE,TRUE,FALSE,FALSE,FALSE,FALSE,FALSE,FALSE,FALSE,FALSE,"{""coordinates"": [[-79.38889089022746, 43.64884419100153]], ""type"": ""MultiPoint""}"
3395,2010:1190214,2010-08-15T20:35:00,FINCH AVE E,MIDLAND AVE,,3,Non-Fatal Injury,At Intersection,Traffic Signal,Turning Movement,Rain,Dusk,Wet,Major Arterial,FALSE,-79.28629051,43.80374404,2,Automobile or Station Wagon,East,3,21,None,Lap and Shoulder Belt,Failed to yield right-of-way,Inattentive,,,Turning Left,,,,,driver,,Scarborough North (23),42 Division,Agincourt North,TRUE,TRUE,FALSE,FALSE,FALSE,FALSE,FALSE,FALSE,FALSE,FALSE,"{""coordinates"": [[-79.28629051440188, 43.803744044322144]], ""type"": ""MultiPoint""}"
3396,2010:1190214,2010-08-15T20:35:00,FINCH AVE E,MIDLAND AVE,,3,Non-Fatal Injury,At Intersection,Traffic Signal,Turning Movement,Rain,Dusk,Wet,Major Arterial,FALSE,-79.28629051,43.80374404,2,,,2,,,Other Safety Equipment Used,,,,,,,,,,owner,,Scarborough North (23),42 Division,Agincourt North,TRUE,TRUE,FALSE,FALSE,FALSE,FALSE,FALSE,FALSE,FALSE,FALSE,"{""coordinates"": [[-79.28629051440188, 43.803744044322144]], ""type"": ""MultiPoint""}"
3397,2010:1190214,2010-08-15T20:35:00,FINCH AVE E,MIDLAND AVE,,3,Non-Fatal Injury,At Intersection,Traffic Signal,Turning Movement,Rain,Dusk,Wet,Major Arterial,FALSE,-79.28629051,43.80374404,1,Automobile or Station Wagon,West,1,38,Major,Lap and Shoulder Belt,Driving properly,Normal,,,Going Ahead,,,,,driver,,Scarborough North (23),42 Division,Agincourt North,TRUE,TRUE,FALSE,FALSE,FALSE,FALSE,FALSE,FALSE,FALSE,FALSE,"{""coordinates"": [[-79.28629051440188, 43.803744044322144]], ""type"": ""MultiPoint""}"
3398,2010:1194863,2010-08-21T03:51:00,WARDEN AVE,HOLLIS AVE,,3,Non-Fatal Injury,At Intersection,Traffic Signal,SMV Other,Clear,Dark,Dry,Minor Arterial,FALSE,-79.27299061,43.69284402,1,Automobile or Station Wagon,East,2,25,None,Use Unknown,Lost control,Ability Impaired - Alcohol Over .08,,,Unknown,,,,,driver,,Scarborough Southwest (20),41 Division,Birchcliffe-Cliffside,FALSE,FALSE,FALSE,FALSE,FALSE,FALSE,FALSE,FALSE,FALSE,FALSE,"{""coordinates"": [[-79.27299060905983, 43.69284402038598]], ""type"": ""MultiPoint""}"
3399,2010:1194863,2010-08-21T03:51:00,WARDEN AVE,HOLLIS AVE,,3,Non-Fatal Injury,At Intersection,Traffic Signal,SMV Other,Clear,Dark,Dry,Minor Arterial,FALSE,-79.27299061,43.69284402,2,,,3,,,Other Safety Equipment Used,,,,,,,,,,owner,,Scarborough Southwest (20),41 Division,Birchcliffe-Cliffside,FALSE,FALSE,FALSE,FALSE,FALSE,FALSE,FALSE,FALSE,FALSE,FALSE,"{""coordinates"": [[-79.27299060905983, 43.69284402038598]], ""type"": ""MultiPoint""}"
3400,2010:1194863,2010-08-21T03:51:00,WARDEN AVE,HOLLIS AVE,,3,Non-Fatal Injury,At Intersection,Traffic Signal,SMV Other,Clear,Dark,Dry,Minor Arterial,FALSE,-79.27299061,43.69284402,1,,,1,27,Major,Equipment Not Used But Available,,,,,,,,,,passenger,,Scarborough Southwest (20),41 Division,Birchcliffe-Cliffside,FALSE,FALSE,FALSE,FALSE,FALSE,FALSE,FALSE,FALSE,FALSE,FALSE,"{""coordinates"": [[-79.27299060905983, 43.69284402038598]], ""type"": ""MultiPoint""}"
3401,2010:1185601,2010-08-21T13:38:00,GERRARD ST E,NASMITH AVE,,3,Non-Fatal Injury,,No Control,Rear End,Rain,Daylight,Wet,Minor Arterial,TRUE,-79.36229082,43.66294415,2,,East,2,,None,Other Safety Equipment Used,,,,,Parked,,,,,other,,Toronto Centre (13),51 Division,Regent Park,TRUE,FALSE,FALSE,TRUE,FALSE,FALSE,FALSE,FALSE,FALSE,FALSE,"{""coordinates"": [[-79.36229081738512, 43.6629441490545]], ""type"": ""MultiPoint""}"
3402,2010:1185601,2010-08-21T13:38:00,GERRARD ST E,NASMITH AVE,,3,Non-Fatal Injury,,No Control,Rear End,Rain,Daylight,Wet,Minor Arterial,TRUE,-79.36229082,43.66294415,1,Motorcycle,East,1,57,Major,Helmet,Driving properly,Normal,,,Going Ahead,,,,,motorcyclist,,Toronto Centre (13),51 Division,Regent Park,TRUE,FALSE,FALSE,TRUE,FALSE,FALSE,FALSE,FALSE,FALSE,FALSE,"{""coordinates"": [[-79.36229081738512, 43.6629441490545]], ""type"": ""MultiPoint""}"
3403,2010:1185601,2010-08-21T13:38:00,GERRARD ST E,NASMITH AVE,,3,Non-Fatal Injury,,No Control,Rear End,Rain,Daylight,Wet,Minor Arterial,TRUE,-79.36229082,43.66294415,3,Automobile or Station Wagon,East,3,,None,Other Safety Equipment Used,Following too closely,Unknown,,,Going Ahead,,,,,driver,,Toronto Centre (13),51 Division,Regent Park,TRUE,FALSE,FALSE,TRUE,FALSE,FALSE,FALSE,FALSE,FALSE,FALSE,"{""coordinates"": [[-79.36229081738512, 43.6629441490545]], ""type"": ""MultiPoint""}"
3404,2010:1192115,2010-08-25T08:55:00,BATHURST ST,SHEPPARD AVE W,,6,Non-Fatal Injury,At Intersection,Traffic Signal,Turning Movement,Clear,Daylight,Dry,Major Arterial,FALSE,-79.43849081,43.75544423,3,,,4,22,Minor,Lap and Shoulder Belt,,,,,,,,,,passenger,,York Centre (6),32 Division,Clanton Park,TRUE,FALSE,FALSE,FALSE,FALSE,FALSE,FALSE,TRUE,TRUE,FALSE,"{""coordinates"": [[-79.43849081163438, 43.75544422838427]], ""type"": ""MultiPoint""}"
3405,2010:1192115,2010-08-25T08:55:00,BATHURST ST,SHEPPARD AVE W,,6,Non-Fatal Injury,At Intersection,Traffic Signal,Turning Movement,Clear,Daylight,Dry,Major Arterial,FALSE,-79.43849081,43.75544423,2,Automobile or Station Wagon,East,3,36,None,Other Safety Equipment Used,Driving properly,Normal,,,Stopped,,,,,driver,,York Centre (6),32 Division,Clanton Park,TRUE,FALSE,FALSE,FALSE,FALSE,FALSE,FALSE,TRUE,TRUE,FALSE,"{""coordinates"": [[-79.43849081163438, 43.75544422838427]], ""type"": ""MultiPoint""}"
3406,2010:1192115,2010-08-25T08:55:00,BATHURST ST,SHEPPARD AVE W,,6,Non-Fatal Injury,At Intersection,Traffic Signal,Turning Movement,Clear,Daylight,Dry,Major Arterial,FALSE,-79.43849081,43.75544423,1,,,1,,,Other Safety Equipment Used,,,,,,,,,,owner,,York Centre (6),32 Division,Clanton Park,TRUE,FALSE,FALSE,FALSE,FALSE,FALSE,FALSE,TRUE,TRUE,FALSE,"{""coordinates"": [[-79.43849081163438, 43.75544422838427]], ""type"": ""MultiPoint""}"
3407,2010:1192115,2010-08-25T08:55:00,BATHURST ST,SHEPPARD AVE W,,6,Non-Fatal Injury,At Intersection,Traffic Signal,Turning Movement,Clear,Daylight,Dry,Major Arterial,FALSE,-79.43849081,43.75544423,3,Automobile or Station Wagon,South,6,33,Minor,Lap and Shoulder Belt,Disobeyed traffic control,Normal,,,Going Ahead,,,,,driver,,York Centre (6),32 Division,Clanton Park,TRUE,FALSE,FALSE,FALSE,FALSE,FALSE,FALSE,TRUE,TRUE,FALSE,"{""coordinates"": [[-79.43849081163438, 43.75544422838427]], ""type"": ""MultiPoint""}"
3408,2010:1192115,2010-08-25T08:55:00,BATHURST ST,SHEPPARD AVE W,,6,Non-Fatal Injury,At Intersection,Traffic Signal,Turning Movement,Clear,Daylight,Dry,Major Arterial,FALSE,-79.43849081,43.75544423,3,,,5,6,Major,Lap and Shoulder Belt,,,,,,,,,,passenger,,York Centre (6),32 Division,Clanton Park,TRUE,FALSE,FALSE,FALSE,FALSE,FALSE,FALSE,TRUE,TRUE,FALSE,"{""coordinates"": [[-79.43849081163438, 43.75544422838427]], ""type"": ""MultiPoint""}"
3409,2010:1192115,2010-08-25T08:55:00,BATHURST ST,SHEPPARD AVE W,,6,Non-Fatal Injury,At Intersection,Traffic Signal,Turning Movement,Clear,Daylight,Dry,Major Arterial,FALSE,-79.43849081,43.75544423,1,Automobile or Station Wagon,North,2,23,Minor,Lap and Shoulder Belt,Driving properly,Normal,,,Turning Left,,,,,driver,,York Centre (6),32 Division,Clanton Park,TRUE,FALSE,FALSE,FALSE,FALSE,FALSE,FALSE,TRUE,TRUE,FALSE,"{""coordinates"": [[-79.43849081163438, 43.75544422838427]], ""type"": ""MultiPoint""}"
3410,2010:1192130,2010-08-25T23:44:00,CHESSWOOD DR,CHAMPAGNE DR,,3,Non-Fatal Injury,At Intersection,Stop Sign,Angle,Clear,Dark,Dry,Minor Arterial,FALSE,-79.47659086,43.76434427,2,Automobile or Station Wagon,North,3,51,Minimal,Lap and Shoulder Belt,Other,Had Been Drinking,,,Going Ahead,,,,,driver,,York Centre (6),32 Division,York University Heights,TRUE,FALSE,FALSE,TRUE,FALSE,FALSE,FALSE,FALSE,FALSE,FALSE,"{""coordinates"": [[-79.47659086460493, 43.76434427372642]], ""type"": ""MultiPoint""}"
3411,2010:1192130,2010-08-25T23:44:00,CHESSWOOD DR,CHAMPAGNE DR,,3,Non-Fatal Injury,At Intersection,Stop Sign,Angle,Clear,Dark,Dry,Minor Arterial,FALSE,-79.47659086,43.76434427,1,Motorcycle,West,2,30,Major,Helmet,Disobeyed traffic control,Had Been Drinking,,,Going Ahead,,,,,motorcyclist,,York Centre (6),32 Division,York University Heights,TRUE,FALSE,FALSE,TRUE,FALSE,FALSE,FALSE,FALSE,FALSE,FALSE,"{""coordinates"": [[-79.47659086460493, 43.76434427372642]], ""type"": ""MultiPoint""}"
3412,2010:1192130,2010-08-25T23:44:00,CHESSWOOD DR,CHAMPAGNE DR,,3,Non-Fatal Injury,At Intersection,Stop Sign,Angle,Clear,Dark,Dry,Minor Arterial,FALSE,-79.47659086,43.76434427,1,,,1,,,Other Safety Equipment Used,,,,,,,,,,owner,,York Centre (6),32 Division,York University Heights,TRUE,FALSE,FALSE,TRUE,FALSE,FALSE,FALSE,FALSE,FALSE,FALSE,"{""coordinates"": [[-79.47659086460493, 43.76434427372642]], ""type"": ""MultiPoint""}"
3413,2010:1192624,2010-09-01T19:05:00,SHAFTESBURY ST,CODSELL AVE,,1,Non-Fatal Injury,,Stop Sign,SMV Other,Clear,Dusk,Dry,Local,FALSE,-79.45608884,43.75484225,1,Moped,South,1,58,Major,Helmet,,,,,Going Ahead,,,,,motorcyclist,,York Centre (6),32 Division,Bathurst Manor,FALSE,FALSE,FALSE,TRUE,FALSE,FALSE,FALSE,FALSE,FALSE,FALSE,"{""coordinates"": [[-79.45608884185255, 43.75484225033252]], ""type"": ""MultiPoint""}"
3414,2010:1186908,2010-09-02T10:40:00,MILLWOOD Rd,VILLAGE STATION Rd,,2,Non-Fatal Injury,At Intersection,No Control,Angle,Clear,Daylight,Dry,Major Arterial,FALSE,-79.35809075,43.70184414,1,Automobile or Station Wagon,East,1,46,Minimal,Lap and Shoulder Belt,Driving properly,Normal,,,Going Ahead,,,,,driver,,Don Valley West (15),53 Division,Leaside-Bennington,FALSE,FALSE,FALSE,FALSE,FALSE,TRUE,FALSE,FALSE,FALSE,FALSE,"{""coordinates"": [[-79.35809075256512, 43.701844136595575]], ""type"": ""MultiPoint""}"
3415,2010:1186908,2010-09-02T10:40:00,MILLWOOD Rd,VILLAGE STATION Rd,,2,Non-Fatal Injury,At Intersection,No Control,Angle,Clear,Daylight,Dry,Major Arterial,FALSE,-79.35809075,43.70184414,2,Automobile or Station Wagon,South,2,87,Major,Lap and Shoulder Belt,Lost control,Unknown,,,Going Ahead,,,,,driver,,Don Valley West (15),53 Division,Leaside-Bennington,FALSE,FALSE,FALSE,FALSE,FALSE,TRUE,FALSE,FALSE,FALSE,FALSE,"{""coordinates"": [[-79.35809075256512, 43.701844136595575]], ""type"": ""MultiPoint""}"
3416,2010:1193206,2010-09-02T17:15:00,MCLEVIN AVE,HUPFIELD TRL,,3,Non-Fatal Injury,,No Control,Rear End,Clear,Daylight,Dry,Minor Arterial,FALSE,-79.22049041,43.81004398,1,,West,1,45,Minimal,No Equipment Available,Driving properly,Unknown,,,Parked,,,,,driver,,Scarborough-Rouge Park (25),42 Division,Malvern East,TRUE,FALSE,FALSE,FALSE,FALSE,FALSE,FALSE,FALSE,FALSE,FALSE,"{""coordinates"": [[-79.22049041337573, 43.81004397524587]], ""type"": ""MultiPoint""}"
3417,2010:1193206,2010-09-02T17:15:00,MCLEVIN AVE,HUPFIELD TRL,,3,Non-Fatal Injury,,No Control,Rear End,Clear,Daylight,Dry,Minor Arterial,FALSE,-79.22049041,43.81004398,2,,,2,25,Major,Lap and Shoulder Belt,,,,,,,,,,passenger,,Scarborough-Rouge Park (25),42 Division,Malvern East,TRUE,FALSE,FALSE,FALSE,FALSE,FALSE,FALSE,FALSE,FALSE,FALSE,"{""coordinates"": [[-79.22049041337573, 43.81004397524587]], ""type"": ""MultiPoint""}"
3418,2010:1193206,2010-09-02T17:15:00,MCLEVIN AVE,HUPFIELD TRL,,3,Non-Fatal Injury,,No Control,Rear End,Clear,Daylight,Dry,Minor Arterial,FALSE,-79.22049041,43.81004398,2,Automobile or Station Wagon,West,3,23,Major,Lap and Shoulder Belt,Speed too fast for conditions,Normal,,,Going Ahead,,,,,driver,,Scarborough-Rouge Park (25),42 Division,Malvern East,TRUE,FALSE,FALSE,FALSE,FALSE,FALSE,FALSE,FALSE,FALSE,FALSE,"{""coordinates"": [[-79.22049041337573, 43.81004397524587]], ""type"": ""MultiPoint""}"
3419,2010:1198891,2010-09-03T11:40:00,KENNEDY RD,MERRIAN RD,,3,Non-Fatal Injury,At Intersection,Traffic Signal,Angle,Rain,Daylight,Wet,Major Arterial,FALSE,-79.26589055,43.72744401,2,,,2,,,Other Safety Equipment Used,,,,,,,,,,owner,,Scarborough Southwest (20),41 Division,Kennedy Park,TRUE,TRUE,FALSE,FALSE,FALSE,FALSE,FALSE,TRUE,FALSE,FALSE,"{""coordinates"": [[-79.26589055410564, 43.72744401232687]], ""type"": ""MultiPoint""}"
3420,2010:1198891,2010-09-03T11:40:00,KENNEDY RD,MERRIAN RD,,3,Non-Fatal Injury,At Intersection,Traffic Signal,Angle,Rain,Daylight,Wet,Major Arterial,FALSE,-79.26589055,43.72744401,2,Automobile or Station Wagon,West,1,49,Major,Lap and Shoulder Belt,Driving properly,Normal,,,Going Ahead,,,,,driver,,Scarborough Southwest (20),41 Division,Kennedy Park,TRUE,TRUE,FALSE,FALSE,FALSE,FALSE,FALSE,TRUE,FALSE,FALSE,"{""coordinates"": [[-79.26589055410564, 43.72744401232687]], ""type"": ""MultiPoint""}"
3421,2010:1198891,2010-09-03T11:40:00,KENNEDY RD,MERRIAN RD,,3,Non-Fatal Injury,At Intersection,Traffic Signal,Angle,Rain,Daylight,Wet,Major Arterial,FALSE,-79.26589055,43.72744401,1,Automobile or Station Wagon,South,3,26,None,Lap and Shoulder Belt,Disobeyed traffic control,Inattentive,,,Going Ahead,,,,,driver,,Scarborough Southwest (20),41 Division,Kennedy Park,TRUE,TRUE,FALSE,FALSE,FALSE,FALSE,FALSE,TRUE,FALSE,FALSE,"{""coordinates"": [[-79.26589055410564, 43.72744401232687]], ""type"": ""MultiPoint""}"
3422,2010:1199497,2010-09-11T16:09:00,QUEENS QUAY W,LOWER SIMCOE ST,,4,Non-Fatal Injury,,No Control,Sideswipe,Clear,Daylight,Dry,Minor Arterial,FALSE,-79.3878909,43.63854419,1,,,1,,,Other Safety Equipment Used,,,,,,,,,,owner,,Spadina-Fort York (10),52 Division,Harbourfront-CityPlace,FALSE,TRUE,FALSE,FALSE,FALSE,FALSE,FALSE,FALSE,FALSE,TRUE,"{""coordinates"": [[-79.3878909041217, 43.638544191913624]], ""type"": ""MultiPoint""}"
3423,2010:1199497,2010-09-11T16:09:00,QUEENS QUAY W,LOWER SIMCOE ST,,4,Non-Fatal Injury,,No Control,Sideswipe,Clear,Daylight,Dry,Minor Arterial,FALSE,-79.3878909,43.63854419,2,Municipal Transit Bus (TTC),West,4,42,None,Other Safety Equipment Used,Driving properly,Normal,,,Going Ahead,,,,,driver,,Spadina-Fort York (10),52 Division,Harbourfront-CityPlace,FALSE,TRUE,FALSE,FALSE,FALSE,FALSE,FALSE,FALSE,FALSE,TRUE,"{""coordinates"": [[-79.3878909041217, 43.638544191913624]], ""type"": ""MultiPoint""}"
3424,2010:1199497,2010-09-11T16:09:00,QUEENS QUAY W,LOWER SIMCOE ST,,4,Non-Fatal Injury,,No Control,Sideswipe,Clear,Daylight,Dry,Minor Arterial,FALSE,-79.3878909,43.63854419,2,,,3,,,Other Safety Equipment Used,,,,,,,,,,owner,,Spadina-Fort York (10),52 Division,Harbourfront-CityPlace,FALSE,TRUE,FALSE,FALSE,FALSE,FALSE,FALSE,FALSE,FALSE,TRUE,"{""coordinates"": [[-79.3878909041217, 43.638544191913624]], ""type"": ""MultiPoint""}"
3425,2010:1199497,2010-09-11T16:09:00,QUEENS QUAY W,LOWER SIMCOE ST,,4,Non-Fatal Injury,,No Control,Sideswipe,Clear,Daylight,Dry,Minor Arterial,FALSE,-79.3878909,43.63854419,1,Automobile or Station Wagon,West,2,58,Major,Use Unknown,Improper lane change,Inattentive,,,Turning Left,,,,,driver,,Spadina-Fort York (10),52 Division,Harbourfront-CityPlace,FALSE,TRUE,FALSE,FALSE,FALSE,FALSE,FALSE,FALSE,FALSE,TRUE,"{""coordinates"": [[-79.3878909041217, 43.638544191913624]], ""type"": ""MultiPoint""}"
3426,2010:1195361,2010-09-11T20:52:00,DUFFERIN ST,SHANLY ST,,4,Non-Fatal Injury,At Intersection,Traffic Signal,Turning Movement,Clear,Dark,Dry,Major Arterial,FALSE,-79.43669096,43.66294426,1,,,1,27,Minimal,Equipment Not Used But Available,,,,,,,,,,motorcyclist,,Davenport (9),11 Division,Junction-Wallace Emerson,FALSE,FALSE,FALSE,TRUE,FALSE,FALSE,FALSE,FALSE,FALSE,FALSE,"{""coordinates"": [[-79.43669096031752, 43.66294425710967]], ""type"": ""MultiPoint""}"
3427,2010:1195361,2010-09-11T20:52:00,DUFFERIN ST,SHANLY ST,,4,Non-Fatal Injury,At Intersection,Traffic Signal,Turning Movement,Clear,Dark,Dry,Major Arterial,FALSE,-79.43669096,43.66294426,2,Automobile or Station Wagon,South,4,43,None,Lap and Shoulder Belt,Improper turn,Normal,,,Turning Left,,,,,driver,,Davenport (9),11 Division,Junction-Wallace Emerson,FALSE,FALSE,FALSE,TRUE,FALSE,FALSE,FALSE,FALSE,FALSE,FALSE,"{""coordinates"": [[-79.43669096031752, 43.66294425710967]], ""type"": ""MultiPoint""}"
3428,2010:1195361,2010-09-11T20:52:00,DUFFERIN ST,SHANLY ST,,4,Non-Fatal Injury,At Intersection,Traffic Signal,Turning Movement,Clear,Dark,Dry,Major Arterial,FALSE,-79.43669096,43.66294426,2,,,3,,,Other Safety Equipment Used,,,,,,,,,,owner,,Davenport (9),11 Division,Junction-Wallace Emerson,FALSE,FALSE,FALSE,TRUE,FALSE,FALSE,FALSE,FALSE,FALSE,FALSE,"{""coordinates"": [[-79.43669096031752, 43.66294425710967]], ""type"": ""MultiPoint""}"