_id,collision_id,accdate,stname1,stname2,stname3,per_inv,acclass,accloc,traffictl,impactype,visible,light,rdsfcond,road_class,failtorem,longitude,latitude,veh_no,vehtype,initdir,per_no,invage,injury,safequip,drivact,drivcond,pedact,pedcond,manoeuvre,pedtype,cyclistype,cycact,cyccond,road_user,fatal_no,wardname,division,neighbourhood,aggressive,distracted,cyclist,motorcyclist,other_micromobility,older_adult,pedestrian,red_light,school_child,heavy_truck,geometry
3429,2010:1195361,2010-09-11T20:52:00,DUFFERIN ST,SHANLY ST,,4,Non-Fatal Injury,At Intersection,Traffic Signal,Turning Movement,Clear,Dark,Dry,Major Arterial,FALSE,-79.43669096,43.66294426,1,Motorcycle,North,2,35,Major,Helmet,Driving properly,Normal,,,Going Ahead,,,,,motorcyclist,,Davenport (9),11 Division,Junction-Wallace Emerson,FALSE,FALSE,FALSE,TRUE,FALSE,FALSE,FALSE,FALSE,FALSE,FALSE,"{""coordinates"": [[-79.43669096031752, 43.66294425710967]], ""type"": ""MultiPoint""}"
3430,2010:1189019,2010-09-14T00:20:00,LAKE SHORE Boul W,ISLINGTON Aven,,4,Non-Fatal Injury,,No Control,SMV Unattended Vehicle,Clear,Dark,Dry,Major Arterial,FALSE,-79.5046912,43.60084439,2,,,2,,,Other Safety Equipment Used,,,,,,,,,,owner,,Etobicoke-Lakeshore (3),22 Division,New Toronto,FALSE,FALSE,FALSE,FALSE,FALSE,FALSE,FALSE,FALSE,FALSE,FALSE,"{""coordinates"": [[-79.5046912024956, 43.60084438570318]], ""type"": ""MultiPoint""}"
3431,2010:1189019,2010-09-14T00:20:00,LAKE SHORE Boul W,ISLINGTON Aven,,4,Non-Fatal Injury,,No Control,SMV Unattended Vehicle,Clear,Dark,Dry,Major Arterial,FALSE,-79.5046912,43.60084439,1,,,3,25,Minor,Lap and Shoulder Belt,,,,,,,,,,passenger,,Etobicoke-Lakeshore (3),22 Division,New Toronto,FALSE,FALSE,FALSE,FALSE,FALSE,FALSE,FALSE,FALSE,FALSE,FALSE,"{""coordinates"": [[-79.5046912024956, 43.60084438570318]], ""type"": ""MultiPoint""}"
3432,2010:1189019,2010-09-14T00:20:00,LAKE SHORE Boul W,ISLINGTON Aven,,4,Non-Fatal Injury,,No Control,SMV Unattended Vehicle,Clear,Dark,Dry,Major Arterial,FALSE,-79.5046912,43.60084439,1,Automobile or Station Wagon,West,1,60,Major,Other Safety Equipment Used,Lost control,Medical or Physical Disability,,,Going Ahead,,,,,driver,,Etobicoke-Lakeshore (3),22 Division,New Toronto,FALSE,FALSE,FALSE,FALSE,FALSE,FALSE,FALSE,FALSE,FALSE,FALSE,"{""coordinates"": [[-79.5046912024956, 43.60084438570318]], ""type"": ""MultiPoint""}"
3433,2010:1189140,2010-09-14T11:00:00,KINGSTON RD,LAKESIDE AVE,,2,Non-Fatal Injury,At Intersection,Stop Sign,Turning Movement,Clear,Daylight,Dry,Major Arterial,FALSE,-79.2660906,43.69074401,2,Automobile or Station Wagon,East,2,72,None,Lap and Shoulder Belt,Driving properly,Normal,,,Going Ahead,,,,,driver,,Scarborough Southwest (20),41 Division,Birchcliffe-Cliffside,TRUE,FALSE,FALSE,TRUE,FALSE,TRUE,FALSE,FALSE,FALSE,FALSE,"{""coordinates"": [[-79.266090598903, 43.6907440107385]], ""type"": ""MultiPoint""}"
3434,2010:1189140,2010-09-14T11:00:00,KINGSTON RD,LAKESIDE AVE,,2,Non-Fatal Injury,At Intersection,Stop Sign,Turning Movement,Clear,Daylight,Dry,Major Arterial,FALSE,-79.2660906,43.69074401,1,Motorcycle,North,1,72,Major,Helmet,Failed to yield right-of-way,Normal,,,Turning Left,,,,,motorcyclist,,Scarborough Southwest (20),41 Division,Birchcliffe-Cliffside,TRUE,FALSE,FALSE,TRUE,FALSE,TRUE,FALSE,FALSE,FALSE,FALSE,"{""coordinates"": [[-79.266090598903, 43.6907440107385]], ""type"": ""MultiPoint""}"
3439,2010:1196331,2010-09-15T11:28:00,MAIN ST,DANFORTH AVE,,4,Non-Fatal Injury,,No Control,Turning Movement,Clear,Daylight,Dry,Minor Arterial,FALSE,-79.30209067,43.68874406,1,Automobile or Station Wagon,North,2,42,None,Use Unknown,Driving properly,Normal,,,Going Ahead,,,,,driver,,Beaches-East York (19),55 Division,East End-Danforth,TRUE,TRUE,FALSE,FALSE,FALSE,FALSE,FALSE,FALSE,FALSE,TRUE,"{""coordinates"": [[-79.3020906679845, 43.688744060763554]], ""type"": ""MultiPoint""}"
3440,2010:1196331,2010-09-15T11:28:00,MAIN ST,DANFORTH AVE,,4,Non-Fatal Injury,,No Control,Turning Movement,Clear,Daylight,Dry,Minor Arterial,FALSE,-79.30209067,43.68874406,1,,,1,,,Other Safety Equipment Used,,,,,,,,,,owner,,Beaches-East York (19),55 Division,East End-Danforth,TRUE,TRUE,FALSE,FALSE,FALSE,FALSE,FALSE,FALSE,FALSE,TRUE,"{""coordinates"": [[-79.3020906679845, 43.688744060763554]], ""type"": ""MultiPoint""}"
3441,2010:1196331,2010-09-15T11:28:00,MAIN ST,DANFORTH AVE,,4,Non-Fatal Injury,,No Control,Turning Movement,Clear,Daylight,Dry,Minor Arterial,FALSE,-79.30209067,43.68874406,2,Municipal Transit Bus (TTC),West,4,46,Major,Use Unknown,Failed to yield right-of-way,Inattentive,,,Turning Right,,,,,driver,,Beaches-East York (19),55 Division,East End-Danforth,TRUE,TRUE,FALSE,FALSE,FALSE,FALSE,FALSE,FALSE,FALSE,TRUE,"{""coordinates"": [[-79.3020906679845, 43.688744060763554]], ""type"": ""MultiPoint""}"
3442,2010:1196331,2010-09-15T11:28:00,MAIN ST,DANFORTH AVE,,4,Non-Fatal Injury,,No Control,Turning Movement,Clear,Daylight,Dry,Minor Arterial,FALSE,-79.30209067,43.68874406,2,,,3,,,Other Safety Equipment Used,,,,,,,,,,owner,,Beaches-East York (19),55 Division,East End-Danforth,TRUE,TRUE,FALSE,FALSE,FALSE,FALSE,FALSE,FALSE,FALSE,TRUE,"{""coordinates"": [[-79.3020906679845, 43.688744060763554]], ""type"": ""MultiPoint""}"
3443,2010:1197199,2010-09-19T15:50:00,EGLINTON AVE E,VICTORIA PARK AVE,,2,Non-Fatal Injury,At Intersection,Traffic Signal,Turning Movement,Clear,Daylight,Dry,Major Arterial,FALSE,-79.30259362,43.72474406,2,Automobile or Station Wagon,West,2,63,None,Use Unknown,Improper turn,Inattentive,,,Turning Left,,,,,driver,,Scarborough Centre (21),41 Division,Wexford/Maryvale,FALSE,TRUE,FALSE,TRUE,FALSE,FALSE,FALSE,FALSE,FALSE,FALSE,"{""coordinates"": [[-79.30259362177645, 43.72474406022295]], ""type"": ""MultiPoint""}"
3444,2010:1197199,2010-09-19T15:50:00,EGLINTON AVE E,VICTORIA PARK AVE,,2,Non-Fatal Injury,At Intersection,Traffic Signal,Turning Movement,Clear,Daylight,Dry,Major Arterial,FALSE,-79.30259362,43.72474406,1,Motorcycle,East,1,43,Major,Helmet,Driving properly,Normal,,,Going Ahead,,,,,motorcyclist,,Scarborough Centre (21),41 Division,Wexford/Maryvale,FALSE,TRUE,FALSE,TRUE,FALSE,FALSE,FALSE,FALSE,FALSE,FALSE,"{""coordinates"": [[-79.30259362177645, 43.72474406022295]], ""type"": ""MultiPoint""}"
3445,2010:1197305,2010-09-20T23:17:00,PASSMORE AVE,TAPSCOTT RD,,2,Non-Fatal Injury,At Intersection,Stop Sign,Angle,Clear,Dark,Dry,Minor Arterial,FALSE,-79.24569043,43.831644,1,Automobile or Station Wagon,North,1,32,Minor,Lap and Shoulder Belt,Driving properly,Normal,,,Going Ahead,,,,,driver,,Scarborough North (23),42 Division,Morningside Heights,TRUE,FALSE,FALSE,FALSE,FALSE,FALSE,FALSE,FALSE,FALSE,FALSE,"{""coordinates"": [[-79.24569042897443, 43.83164400270929]], ""type"": ""MultiPoint""}"
3446,2010:1197305,2010-09-20T23:17:00,PASSMORE AVE,TAPSCOTT RD,,2,Non-Fatal Injury,At Intersection,Stop Sign,Angle,Clear,Dark,Dry,Minor Arterial,FALSE,-79.24569043,43.831644,2,Automobile or Station Wagon,East,2,32,Major,Equipment Not Used But Available,Disobeyed traffic control,Ability Impaired - Alcohol,,,Going Ahead,,,,,driver,,Scarborough North (23),42 Division,Morningside Heights,TRUE,FALSE,FALSE,FALSE,FALSE,FALSE,FALSE,FALSE,FALSE,FALSE,"{""coordinates"": [[-79.24569042897443, 43.83164400270929]], ""type"": ""MultiPoint""}"
3447,2010:1198255,2010-09-22T14:48:00,YONGE ST,ELLERSLIE AVE,,2,Non-Fatal Injury,At Intersection,Stop Sign,Turning Movement,Clear,Daylight,Dry,Major Arterial,FALSE,-79.41359075,43.7719442,2,Automobile or Station Wagon,East,2,67,None,Lap and Shoulder Belt,Failed to yield right-of-way,Inattentive,,,Turning Left,,,,,driver,,Willowdale (18),32 Division,Willowdale West,TRUE,TRUE,FALSE,TRUE,FALSE,TRUE,FALSE,FALSE,FALSE,FALSE,"{""coordinates"": [[-79.41359075160729, 43.7719441956265]], ""type"": ""MultiPoint""}"
3448,2010:1198255,2010-09-22T14:48:00,YONGE ST,ELLERSLIE AVE,,2,Non-Fatal Injury,At Intersection,Stop Sign,Turning Movement,Clear,Daylight,Dry,Major Arterial,FALSE,-79.41359075,43.7719442,1,Motorcycle,South,1,30,Major,Helmet,Driving properly,Normal,,,Going Ahead,,,,,motorcyclist,,Willowdale (18),32 Division,Willowdale West,TRUE,TRUE,FALSE,TRUE,FALSE,TRUE,FALSE,FALSE,FALSE,FALSE,"{""coordinates"": [[-79.41359075160729, 43.7719441956265]], ""type"": ""MultiPoint""}"
3449,2010:1197847,2010-09-23T17:55:00,2110 KEELE ST,,,7,Non-Fatal Injury,,No Control,Approaching Head On,Clear,Daylight,Dry,Major Arterial,FALSE,-79.47609097,43.6999443,2,,,6,50,Minimal,Lap and Shoulder Belt,,,,,,,,,,passenger,,York South-Weston (5),12 Division,Brookhaven-Amesbury,FALSE,TRUE,FALSE,FALSE,FALSE,FALSE,FALSE,FALSE,TRUE,FALSE,"{""coordinates"": [[-79.47609097027183, 43.69994429813548]], ""type"": ""MultiPoint""}"
3450,2010:1197847,2010-09-23T17:55:00,2110 KEELE ST,,,7,Non-Fatal Injury,,No Control,Approaching Head On,Clear,Daylight,Dry,Major Arterial,FALSE,-79.47609097,43.6999443,1,,,2,57,Minor,Lap and Shoulder Belt,,,,,,,,,,passenger,,York South-Weston (5),12 Division,Brookhaven-Amesbury,FALSE,TRUE,FALSE,FALSE,FALSE,FALSE,FALSE,FALSE,TRUE,FALSE,"{""coordinates"": [[-79.47609097027183, 43.69994429813548]], ""type"": ""MultiPoint""}"
3451,2010:1197847,2010-09-23T17:55:00,2110 KEELE ST,,,7,Non-Fatal Injury,,No Control,Approaching Head On,Clear,Daylight,Dry,Major Arterial,FALSE,-79.47609097,43.6999443,2,,,5,12,Minimal,Lap and Shoulder Belt,,,,,,,,,,passenger,,York South-Weston (5),12 Division,Brookhaven-Amesbury,FALSE,TRUE,FALSE,FALSE,FALSE,FALSE,FALSE,FALSE,TRUE,FALSE,"{""coordinates"": [[-79.47609097027183, 43.69994429813548]], ""type"": ""MultiPoint""}"
3452,2010:1197847,2010-09-23T17:55:00,2110 KEELE ST,,,7,Non-Fatal Injury,,No Control,Approaching Head On,Clear,Daylight,Dry,Major Arterial,FALSE,-79.47609097,43.6999443,2,Automobile or Station Wagon,North,7,45,Minor,Lap and Shoulder Belt,Lost control,Inattentive,,,Going Ahead,,,,,driver,,York South-Weston (5),12 Division,Brookhaven-Amesbury,FALSE,TRUE,FALSE,FALSE,FALSE,FALSE,FALSE,FALSE,TRUE,FALSE,"{""coordinates"": [[-79.47609097027183, 43.69994429813548]], ""type"": ""MultiPoint""}"
3453,2010:1197847,2010-09-23T17:55:00,2110 KEELE ST,,,7,Non-Fatal Injury,,No Control,Approaching Head On,Clear,Daylight,Dry,Major Arterial,FALSE,-79.47609097,43.6999443,1,,,3,,,Other Safety Equipment Used,,,,,,,,,,owner,,York South-Weston (5),12 Division,Brookhaven-Amesbury,FALSE,TRUE,FALSE,FALSE,FALSE,FALSE,FALSE,FALSE,TRUE,FALSE,"{""coordinates"": [[-79.47609097027183, 43.69994429813548]], ""type"": ""MultiPoint""}"
3454,2010:1197847,2010-09-23T17:55:00,2110 KEELE ST,,,7,Non-Fatal Injury,,No Control,Approaching Head On,Clear,Daylight,Dry,Major Arterial,FALSE,-79.47609097,43.6999443,1,Pickup Truck,South,4,27,Major,Lap and Shoulder Belt,Driving properly,Normal,,,Going Ahead,,,,,driver,,York South-Weston (5),12 Division,Brookhaven-Amesbury,FALSE,TRUE,FALSE,FALSE,FALSE,FALSE,FALSE,FALSE,TRUE,FALSE,"{""coordinates"": [[-79.47609097027183, 43.69994429813548]], ""type"": ""MultiPoint""}"
3455,2010:1197847,2010-09-23T17:55:00,2110 KEELE ST,,,7,Non-Fatal Injury,,No Control,Approaching Head On,Clear,Daylight,Dry,Major Arterial,FALSE,-79.47609097,43.6999443,1,,,1,50,Minor,Lap and Shoulder Belt,,,,,,,,,,passenger,,York South-Weston (5),12 Division,Brookhaven-Amesbury,FALSE,TRUE,FALSE,FALSE,FALSE,FALSE,FALSE,FALSE,TRUE,FALSE,"{""coordinates"": [[-79.47609097027183, 43.69994429813548]], ""type"": ""MultiPoint""}"
3456,2010:1198068,2010-09-24T17:13:00,PAPE AVE,SELKIRK ST,,3,Non-Fatal Injury,,No Control,Rear End,Clear,Daylight,Dry,Major Arterial,FALSE,-79.34609076,43.68214412,1,Automobile or Station Wagon,South,1,42,Major,Lap and Shoulder Belt,Driving properly,Normal,,,Slowing or Stopping,,,,,driver,,Toronto-Danforth (14),55 Division,Playter Estates-Danforth,TRUE,TRUE,FALSE,FALSE,FALSE,FALSE,FALSE,FALSE,FALSE,TRUE,"{""coordinates"": [[-79.34609075887239, 43.682144122923255]], ""type"": ""MultiPoint""}"
3457,2010:1198068,2010-09-24T17:13:00,PAPE AVE,SELKIRK ST,,3,Non-Fatal Injury,,No Control,Rear End,Clear,Daylight,Dry,Major Arterial,FALSE,-79.34609076,43.68214412,2,Municipal Transit Bus (TTC),South,2,42,None,Other Safety Equipment Used,Following too closely,Inattentive,,,Going Ahead,,,,,driver,,Toronto-Danforth (14),55 Division,Playter Estates-Danforth,TRUE,TRUE,FALSE,FALSE,FALSE,FALSE,FALSE,FALSE,FALSE,TRUE,"{""coordinates"": [[-79.34609075887239, 43.682144122923255]], ""type"": ""MultiPoint""}"
3458,2010:1198068,2010-09-24T17:13:00,PAPE AVE,SELKIRK ST,,3,Non-Fatal Injury,,No Control,Rear End,Clear,Daylight,Dry,Major Arterial,FALSE,-79.34609076,43.68214412,3,,,3,,,Other Safety Equipment Used,,,,,,,,,,owner,,Toronto-Danforth (14),55 Division,Playter Estates-Danforth,TRUE,TRUE,FALSE,FALSE,FALSE,FALSE,FALSE,FALSE,FALSE,TRUE,"{""coordinates"": [[-79.34609075887239, 43.682144122923255]], ""type"": ""MultiPoint""}"
3459,2010:1191325,2010-09-24T22:25:00,ALBION RD,TODD BROOK DR,,2,Non-Fatal Injury,,No Control,Rear End,Clear,Dark,Dry,Major Arterial,FALSE,-79.57159103,43.73824439,2,Automobile or Station Wagon,East,2,50,None,Other Safety Equipment Used,Driving properly,Normal,,,Going Ahead,,,,,driver,,Etobicoke North (1),23 Division,Thistletown-Beaumond Heights,TRUE,FALSE,FALSE,TRUE,FALSE,FALSE,FALSE,FALSE,FALSE,FALSE,"{""coordinates"": [[-79.57159103337067, 43.73824439204811]], ""type"": ""MultiPoint""}"
3460,2010:1191325,2010-09-24T22:25:00,ALBION RD,TODD BROOK DR,,2,Non-Fatal Injury,,No Control,Rear End,Clear,Dark,Dry,Major Arterial,FALSE,-79.57159103,43.73824439,1,Motorcycle,East,1,21,Major,Helmet,Exceeding speed limit,Normal,,,Going Ahead,,,,,motorcyclist,,Etobicoke North (1),23 Division,Thistletown-Beaumond Heights,TRUE,FALSE,FALSE,TRUE,FALSE,FALSE,FALSE,FALSE,FALSE,FALSE,"{""coordinates"": [[-79.57159103337067, 43.73824439204811]], ""type"": ""MultiPoint""}"
3461,2010:1191508,2010-09-26T15:50:00,ROSEDALE VALLEY RD,BLOOR ST E,,2,Non-Fatal Injury,,No Control,SMV Other,Clear,Daylight,Dry,Minor Arterial,FALSE,-79.36419081,43.67104415,1,,,1,23,Major,Helmet,,,,,,,,,,motorcyclist,,Toronto Centre (13),51 Division,Cabbagetown-South St.James Town,TRUE,FALSE,FALSE,TRUE,FALSE,FALSE,FALSE,FALSE,FALSE,FALSE,"{""coordinates"": [[-79.36419080908512, 43.671044150374996]], ""type"": ""MultiPoint""}"
3462,2010:1191508,2010-09-26T15:50:00,ROSEDALE VALLEY RD,BLOOR ST E,,2,Non-Fatal Injury,,No Control,SMV Other,Clear,Daylight,Dry,Minor Arterial,FALSE,-79.36419081,43.67104415,1,Motorcycle,West,2,39,Major,Helmet,Improper passing,Unknown,,,Overtaking,,,,,motorcyclist,,Toronto Centre (13),51 Division,Cabbagetown-South St.James Town,TRUE,FALSE,FALSE,TRUE,FALSE,FALSE,FALSE,FALSE,FALSE,FALSE,"{""coordinates"": [[-79.36419080908512, 43.671044150374996]], ""type"": ""MultiPoint""}"
3463,2010:1198624,2010-09-26T19:37:00,DUFFERIN ST,KEYWEST AVE,,2,Non-Fatal Injury,At Intersection,No Control,Turning Movement,Clear,Dark,Dry,Major Arterial,FALSE,-79.44899093,43.69254426,1,Motorcycle,North,1,30,Major,Helmet,Driving properly,Normal,,,Going Ahead,,,,,motorcyclist,,Davenport (9),13 Division,Caledonia-Fairbank,FALSE,TRUE,FALSE,TRUE,FALSE,FALSE,FALSE,FALSE,FALSE,FALSE,"{""coordinates"": [[-79.44899093351725, 43.69254426388064]], ""type"": ""MultiPoint""}"
3464,2010:1198624,2010-09-26T19:37:00,DUFFERIN ST,KEYWEST AVE,,2,Non-Fatal Injury,At Intersection,No Control,Turning Movement,Clear,Dark,Dry,Major Arterial,FALSE,-79.44899093,43.69254426,2,Automobile or Station Wagon,South,2,43,None,Lap and Shoulder Belt,Improper turn,Inattentive,,,Turning Left,,,,,driver,,Davenport (9),13 Division,Caledonia-Fairbank,FALSE,TRUE,FALSE,TRUE,FALSE,FALSE,FALSE,FALSE,FALSE,FALSE,"{""coordinates"": [[-79.44899093351725, 43.69254426388064]], ""type"": ""MultiPoint""}"
3472,2010:1204660,2010-09-29T06:54:00,MOUNT PLEASANT RD,DAVISVILLE AVE,,4,Non-Fatal Injury,At Intersection,Traffic Signal,Turning Movement,Clear,Daylight,Dry,Major Arterial,FALSE,-79.38699081,43.70034418,1,,,1,28,Major,Air Bag Deployed,,,,,,,,,,passenger,,Toronto-St. Paul's (12),53 Division,South Eglinton-Davisville,TRUE,TRUE,FALSE,FALSE,FALSE,FALSE,FALSE,FALSE,FALSE,FALSE,"{""coordinates"": [[-79.38699080736316, 43.700344176301435]], ""type"": ""MultiPoint""}"
3473,2010:1204660,2010-09-29T06:54:00,MOUNT PLEASANT RD,DAVISVILLE AVE,,4,Non-Fatal Injury,At Intersection,Traffic Signal,Turning Movement,Clear,Daylight,Dry,Major Arterial,FALSE,-79.38699081,43.70034418,2,,,3,,,Other Safety Equipment Used,,,,,,,,,,owner,,Toronto-St. Paul's (12),53 Division,South Eglinton-Davisville,TRUE,TRUE,FALSE,FALSE,FALSE,FALSE,FALSE,FALSE,FALSE,FALSE,"{""coordinates"": [[-79.38699080736316, 43.700344176301435]], ""type"": ""MultiPoint""}"
3474,2010:1204660,2010-09-29T06:54:00,MOUNT PLEASANT RD,DAVISVILLE AVE,,4,Non-Fatal Injury,At Intersection,Traffic Signal,Turning Movement,Clear,Daylight,Dry,Major Arterial,FALSE,-79.38699081,43.70034418,2,Automobile or Station Wagon,South,4,40,Minor,Air Bag Deployed,Driving properly,Normal,,,Going Ahead,,,,,driver,,Toronto-St. Paul's (12),53 Division,South Eglinton-Davisville,TRUE,TRUE,FALSE,FALSE,FALSE,FALSE,FALSE,FALSE,FALSE,FALSE,"{""coordinates"": [[-79.38699080736316, 43.700344176301435]], ""type"": ""MultiPoint""}"
3475,2010:1204660,2010-09-29T06:54:00,MOUNT PLEASANT RD,DAVISVILLE AVE,,4,Non-Fatal Injury,At Intersection,Traffic Signal,Turning Movement,Clear,Daylight,Dry,Major Arterial,FALSE,-79.38699081,43.70034418,1,Automobile or Station Wagon,North,2,52,Minimal,Air Bag Deployed,Failed to yield right-of-way,Inattentive,,,Turning Left,,,,,driver,,Toronto-St. Paul's (12),53 Division,South Eglinton-Davisville,TRUE,TRUE,FALSE,FALSE,FALSE,FALSE,FALSE,FALSE,FALSE,FALSE,"{""coordinates"": [[-79.38699080736316, 43.700344176301435]], ""type"": ""MultiPoint""}"
3476,2010:1192613,2010-10-01T12:32:00,KING ST W,FRASER AVE,,2,Non-Fatal Injury,At Intersection,Stop Sign,Turning Movement,Clear,Daylight,Dry,Major Arterial,FALSE,-79.42479098,43.63944425,1,Motorcycle,East,1,30,Major,Helmet,Driving properly,Normal,,,Going Ahead,,,,,motorcyclist,,Spadina-Fort York (10),14 Division,South Parkdale,FALSE,TRUE,FALSE,TRUE,FALSE,FALSE,FALSE,FALSE,FALSE,FALSE,"{""coordinates"": [[-79.42479097596184, 43.63944424731168]], ""type"": ""MultiPoint""}"
3477,2010:1192613,2010-10-01T12:32:00,KING ST W,FRASER AVE,,2,Non-Fatal Injury,At Intersection,Stop Sign,Turning Movement,Clear,Daylight,Dry,Major Arterial,FALSE,-79.42479098,43.63944425,2,Automobile or Station Wagon,West,2,59,None,Other Safety Equipment Used,Improper turn,Inattentive,,,Turning Left,,,,,driver,,Spadina-Fort York (10),14 Division,South Parkdale,FALSE,TRUE,FALSE,TRUE,FALSE,FALSE,FALSE,FALSE,FALSE,FALSE,"{""coordinates"": [[-79.42479097596184, 43.63944424731168]], ""type"": ""MultiPoint""}"
3478,2010:1199427,2010-10-02T18:10:00,ADELAIDE ST E,SHERBOURNE ST,,3,Non-Fatal Injury,At Intersection,Traffic Signal,Angle,Clear,Daylight,Dry,Major Arterial,FALSE,-79.36859085,43.65214416,1,Motorcycle,South,1,41,Major,Helmet,Disobeyed traffic control,Normal,,,Going Ahead,,,,,motorcyclist,,Toronto Centre (13),51 Division,Moss Park,TRUE,FALSE,FALSE,TRUE,FALSE,FALSE,FALSE,TRUE,FALSE,FALSE,"{""coordinates"": [[-79.3685908455498, 43.652144160233405]], ""type"": ""MultiPoint""}"
3479,2010:1199427,2010-10-02T18:10:00,ADELAIDE ST E,SHERBOURNE ST,,3,Non-Fatal Injury,At Intersection,Traffic Signal,Angle,Clear,Daylight,Dry,Major Arterial,FALSE,-79.36859085,43.65214416,2,,,2,,,Other Safety Equipment Used,,,,,,,,,,owner,,Toronto Centre (13),51 Division,Moss Park,TRUE,FALSE,FALSE,TRUE,FALSE,FALSE,FALSE,TRUE,FALSE,FALSE,"{""coordinates"": [[-79.3685908455498, 43.652144160233405]], ""type"": ""MultiPoint""}"
3480,2010:1199427,2010-10-02T18:10:00,ADELAIDE ST E,SHERBOURNE ST,,3,Non-Fatal Injury,At Intersection,Traffic Signal,Angle,Clear,Daylight,Dry,Major Arterial,FALSE,-79.36859085,43.65214416,2,Automobile or Station Wagon,East,3,24,None,Lap and Shoulder Belt,Driving properly,Normal,,,Going Ahead,,,,,driver,,Toronto Centre (13),51 Division,Moss Park,TRUE,FALSE,FALSE,TRUE,FALSE,FALSE,FALSE,TRUE,FALSE,FALSE,"{""coordinates"": [[-79.3685908455498, 43.652144160233405]], ""type"": ""MultiPoint""}"
3481,2010:1193019,2010-10-04T16:19:00,FRONT ST W,BLUE JAYS WAY,,2,Non-Fatal Injury,At Intersection,Traffic Signal,Turning Movement,Rain,Daylight,Wet,Minor Arterial,FALSE,-79.3912909,43.6434442,2,Automobile or Station Wagon,West,2,37,Minimal,Lap and Shoulder Belt,Failed to yield right-of-way,Normal,,,Turning Left,,,,,driver,,Spadina-Fort York (10),52 Division,Wellington Place,TRUE,FALSE,FALSE,FALSE,FALSE,FALSE,FALSE,FALSE,FALSE,FALSE,"{""coordinates"": [[-79.39129090329023, 43.64344419586531]], ""type"": ""MultiPoint""}"
3482,2010:1193019,2010-10-04T16:19:00,FRONT ST W,BLUE JAYS WAY,,2,Non-Fatal Injury,At Intersection,Traffic Signal,Turning Movement,Rain,Daylight,Wet,Minor Arterial,FALSE,-79.3912909,43.6434442,1,Automobile or Station Wagon,East,1,32,Major,Helmet,Driving properly,Normal,,,Going Ahead,,,,,driver,,Spadina-Fort York (10),52 Division,Wellington Place,TRUE,FALSE,FALSE,FALSE,FALSE,FALSE,FALSE,FALSE,FALSE,FALSE,"{""coordinates"": [[-79.39129090329023, 43.64344419586531]], ""type"": ""MultiPoint""}"
3483,2010:1200079,2010-10-05T17:30:00,MILNER AVE,AUTO MALL DR,,2,Non-Fatal Injury,,No Control,SMV Other,Rain,Daylight,Wet,Minor Arterial,FALSE,-79.19069038,43.80044394,2,,,2,,,Other Safety Equipment Used,,,,,,,,,,owner,,Scarborough-Rouge Park (25),42 Division,Morningside Heights,TRUE,FALSE,FALSE,FALSE,FALSE,FALSE,FALSE,FALSE,FALSE,FALSE,"{""coordinates"": [[-79.19069038128734, 43.80044394472613]], ""type"": ""MultiPoint""}"
3484,2010:1200079,2010-10-05T17:30:00,MILNER AVE,AUTO MALL DR,,2,Non-Fatal Injury,,No Control,SMV Other,Rain,Daylight,Wet,Minor Arterial,FALSE,-79.19069038,43.80044394,1,Automobile or Station Wagon,East,1,34,Major,Lap and Shoulder Belt,Speed too fast for conditions,Normal,,,Going Ahead,,,,,driver,,Scarborough-Rouge Park (25),42 Division,Morningside Heights,TRUE,FALSE,FALSE,FALSE,FALSE,FALSE,FALSE,FALSE,FALSE,FALSE,"{""coordinates"": [[-79.19069038128734, 43.80044394472613]], ""type"": ""MultiPoint""}"
3485,2010:1200323,2010-10-08T11:30:00,WILSON AVE,PRIVET RD,,2,Non-Fatal Injury,,No Control,Turning Movement,Clear,Daylight,Dry,Major Arterial,FALSE,-79.49939097,43.72274432,2,Automobile or Station Wagon,West,2,75,None,Other Safety Equipment Used,Improper turn,Inattentive,,,Turning Left,,,,,driver,,York Centre (6),31 Division,Oakdale-Beverley Heights,FALSE,TRUE,FALSE,TRUE,FALSE,TRUE,FALSE,FALSE,FALSE,FALSE,"{""coordinates"": [[-79.49939097077248, 43.722744318755765]], ""type"": ""MultiPoint""}"
3486,2010:1200323,2010-10-08T11:30:00,WILSON AVE,PRIVET RD,,2,Non-Fatal Injury,,No Control,Turning Movement,Clear,Daylight,Dry,Major Arterial,FALSE,-79.49939097,43.72274432,1,Motorcycle,East,1,25,Major,Helmet,Driving properly,Normal,,,Going Ahead,,,,,motorcyclist,,York Centre (6),31 Division,Oakdale-Beverley Heights,FALSE,TRUE,FALSE,TRUE,FALSE,TRUE,FALSE,FALSE,FALSE,FALSE,"{""coordinates"": [[-79.49939097077248, 43.722744318755765]], ""type"": ""MultiPoint""}"
3487,2010:1200416,2010-10-08T22:55:00,ST CLAIR AVE E,AVOCA AVE,,4,Non-Fatal Injury,At Intersection,Traffic Signal,Rear End,Clear,Dark,Dry,Major Arterial,FALSE,-79.38989083,43.68894418,3,Automobile or Station Wagon,East,4,46,None,Other Safety Equipment Used,Following too closely,Normal,,,Going Ahead,,,,,driver,,Toronto-St. Paul's (12),53 Division,Rosedale-Moore Park,TRUE,FALSE,FALSE,FALSE,FALSE,FALSE,FALSE,FALSE,FALSE,FALSE,"{""coordinates"": [[-79.38989083025017, 43.688944182967376]], ""type"": ""MultiPoint""}"
3488,2010:1200416,2010-10-08T22:55:00,ST CLAIR AVE E,AVOCA AVE,,4,Non-Fatal Injury,At Intersection,Traffic Signal,Rear End,Clear,Dark,Dry,Major Arterial,FALSE,-79.38989083,43.68894418,2,Automobile or Station Wagon,East,3,41,Major,Lap and Shoulder Belt,Driving properly,Normal,,,Stopped,,,,,driver,,Toronto-St. Paul's (12),53 Division,Rosedale-Moore Park,TRUE,FALSE,FALSE,FALSE,FALSE,FALSE,FALSE,FALSE,FALSE,FALSE,"{""coordinates"": [[-79.38989083025017, 43.688944182967376]], ""type"": ""MultiPoint""}"
3489,2010:1200416,2010-10-08T22:55:00,ST CLAIR AVE E,AVOCA AVE,,4,Non-Fatal Injury,At Intersection,Traffic Signal,Rear End,Clear,Dark,Dry,Major Arterial,FALSE,-79.38989083,43.68894418,1,,,1,44,Minor,Lap and Shoulder Belt,,,,,,,,,,passenger,,Toronto-St. Paul's (12),53 Division,Rosedale-Moore Park,TRUE,FALSE,FALSE,FALSE,FALSE,FALSE,FALSE,FALSE,FALSE,FALSE,"{""coordinates"": [[-79.38989083025017, 43.688944182967376]], ""type"": ""MultiPoint""}"