_id,collision_id,accdate,stname1,stname2,stname3,per_inv,acclass,accloc,traffictl,impactype,visible,light,rdsfcond,road_class,failtorem,longitude,latitude,veh_no,vehtype,initdir,per_no,invage,injury,safequip,drivact,drivcond,pedact,pedcond,manoeuvre,pedtype,cyclistype,cycact,cyccond,road_user,fatal_no,wardname,division,neighbourhood,aggressive,distracted,cyclist,motorcyclist,other_micromobility,older_adult,pedestrian,red_light,school_child,heavy_truck,geometry
3540,2010:1205839,2010-11-13T14:30:00,LAKE SHORE Boul W,ONTARIO Driv,,2,Non-Fatal Injury,At Intersection,Traffic Signal,Turning Movement,Clear,Daylight,Dry,Major Arterial,FALSE,-79.41979098,43.63044424,2,Automobile or Station Wagon,East,2,70,None,Other Safety Equipment Used,Improper turn,Normal,,,Turning Left,,,,,driver,,Spadina-Fort York (10),14 Division,Fort York-Liberty Village,FALSE,FALSE,FALSE,TRUE,FALSE,TRUE,FALSE,FALSE,FALSE,FALSE,"{""coordinates"": [[-79.41979098066541, 43.63044424253879]], ""type"": ""MultiPoint""}"
3541,2010:1207434,2010-11-14T19:58:00,FALMOUTH Aven,DANFORTH Road,,4,Non-Fatal Injury,At Intersection,Stop Sign,Turning Movement,Clear,Dark,Dry,Major Arterial,FALSE,-79.25099052,43.73054399,1,Automobile or Station Wagon,West,2,53,Major,Lap and Shoulder Belt,Driving properly,Unknown,,,Going Ahead,,,,,driver,,Scarborough Southwest (20),41 Division,Kennedy Park,TRUE,TRUE,FALSE,FALSE,FALSE,TRUE,FALSE,FALSE,FALSE,FALSE,"{""coordinates"": [[-79.25099052444078, 43.73054399318568]], ""type"": ""MultiPoint""}"
3542,2010:1207434,2010-11-14T19:58:00,FALMOUTH Aven,DANFORTH Road,,4,Non-Fatal Injury,At Intersection,Stop Sign,Turning Movement,Clear,Dark,Dry,Major Arterial,FALSE,-79.25099052,43.73054399,3,Automobile or Station Wagon,South,4,85,Minimal,Lap and Shoulder Belt,Failed to yield right-of-way,Inattentive,,,Turning Left,,,,,driver,,Scarborough Southwest (20),41 Division,Kennedy Park,TRUE,TRUE,FALSE,FALSE,FALSE,TRUE,FALSE,FALSE,FALSE,FALSE,"{""coordinates"": [[-79.25099052444078, 43.73054399318568]], ""type"": ""MultiPoint""}"
3543,2010:1207434,2010-11-14T19:58:00,FALMOUTH Aven,DANFORTH Road,,4,Non-Fatal Injury,At Intersection,Stop Sign,Turning Movement,Clear,Dark,Dry,Major Arterial,FALSE,-79.25099052,43.73054399,1,,,1,46,Major,Lap and Shoulder Belt,,,,,,,,,,passenger,,Scarborough Southwest (20),41 Division,Kennedy Park,TRUE,TRUE,FALSE,FALSE,FALSE,TRUE,FALSE,FALSE,FALSE,FALSE,"{""coordinates"": [[-79.25099052444078, 43.73054399318568]], ""type"": ""MultiPoint""}"
3544,2010:1207434,2010-11-14T19:58:00,FALMOUTH Aven,DANFORTH Road,,4,Non-Fatal Injury,At Intersection,Stop Sign,Turning Movement,Clear,Dark,Dry,Major Arterial,FALSE,-79.25099052,43.73054399,2,Automobile or Station Wagon,East,3,41,Minimal,Lap and Shoulder Belt,Driving properly,Normal,,,Going Ahead,,,,,driver,,Scarborough Southwest (20),41 Division,Kennedy Park,TRUE,TRUE,FALSE,FALSE,FALSE,TRUE,FALSE,FALSE,FALSE,FALSE,"{""coordinates"": [[-79.25099052444078, 43.73054399318568]], ""type"": ""MultiPoint""}"
3545,2010:1201760,2010-11-15T23:03:00,STEELES Aven W,HIGHWAY 400 N,,2,Non-Fatal Injury,At Intersection,Traffic Signal,Turning Movement,Clear,Dark,Dry,Major Arterial,FALSE,-79.53789094,43.77204434,1,Motorcycle,West,1,23,Major,Helmet,Driving properly,Normal,,,Going Ahead,,,,,motorcyclist,,Humber River-Black Creek (7),31 Division,Humber Summit,FALSE,TRUE,FALSE,TRUE,FALSE,FALSE,FALSE,FALSE,FALSE,FALSE,"{""coordinates"": [[-79.53789094051702, 43.77204434126208]], ""type"": ""MultiPoint""}"
3546,2010:1201760,2010-11-15T23:03:00,STEELES Aven W,HIGHWAY 400 N,,2,Non-Fatal Injury,At Intersection,Traffic Signal,Turning Movement,Clear,Dark,Dry,Major Arterial,FALSE,-79.53789094,43.77204434,2,Automobile or Station Wagon,East,2,22,Minor,Lap and Shoulder Belt,Improper turn,Inattentive,,,Turning Left,,,,,driver,,Humber River-Black Creek (7),31 Division,Humber Summit,FALSE,TRUE,FALSE,TRUE,FALSE,FALSE,FALSE,FALSE,FALSE,FALSE,"{""coordinates"": [[-79.53789094051702, 43.77204434126208]], ""type"": ""MultiPoint""}"
3547,2010:1206111,2010-11-18T20:41:00,PARLIAMENT St,FRONT St E,,4,Non-Fatal Injury,At Intersection,Traffic Signal,Angle,Clear,Dark,Dry,Minor Arterial,FALSE,-79.36269083,43.65154415,1,Automobile or Station Wagon,East,1,77,Minor,Lap and Shoulder Belt,Disobeyed traffic control,Unknown,,,Going Ahead,,,,,driver,,Toronto Centre (13),51 Division,St Lawrence-East Bayfront-The Islands,TRUE,FALSE,FALSE,FALSE,FALSE,TRUE,FALSE,TRUE,FALSE,FALSE,"{""coordinates"": [[-79.36269083492627, 43.651544151620904]], ""type"": ""MultiPoint""}"
3548,2010:1206111,2010-11-18T20:41:00,PARLIAMENT St,FRONT St E,,4,Non-Fatal Injury,At Intersection,Traffic Signal,Angle,Clear,Dark,Dry,Minor Arterial,FALSE,-79.36269083,43.65154415,2,,,2,,Minimal,Lap and Shoulder Belt,,,,,,,,,,passenger,,Toronto Centre (13),51 Division,St Lawrence-East Bayfront-The Islands,TRUE,FALSE,FALSE,FALSE,FALSE,TRUE,FALSE,TRUE,FALSE,FALSE,"{""coordinates"": [[-79.36269083492627, 43.651544151620904]], ""type"": ""MultiPoint""}"
3549,2010:1206111,2010-11-18T20:41:00,PARLIAMENT St,FRONT St E,,4,Non-Fatal Injury,At Intersection,Traffic Signal,Angle,Clear,Dark,Dry,Minor Arterial,FALSE,-79.36269083,43.65154415,2,,,3,,Major,Lap and Shoulder Belt,,,,,,,,,,passenger,,Toronto Centre (13),51 Division,St Lawrence-East Bayfront-The Islands,TRUE,FALSE,FALSE,FALSE,FALSE,TRUE,FALSE,TRUE,FALSE,FALSE,"{""coordinates"": [[-79.36269083492627, 43.651544151620904]], ""type"": ""MultiPoint""}"
3550,2010:1206111,2010-11-18T20:41:00,PARLIAMENT St,FRONT St E,,4,Non-Fatal Injury,At Intersection,Traffic Signal,Angle,Clear,Dark,Dry,Minor Arterial,FALSE,-79.36269083,43.65154415,2,Automobile or Station Wagon,North,4,25,Minor,Lap and Shoulder Belt,Driving properly,Unknown,,,Going Ahead,,,,,driver,,Toronto Centre (13),51 Division,St Lawrence-East Bayfront-The Islands,TRUE,FALSE,FALSE,FALSE,FALSE,TRUE,FALSE,TRUE,FALSE,FALSE,"{""coordinates"": [[-79.36269083492627, 43.651544151620904]], ""type"": ""MultiPoint""}"
3551,2010:1204112,2010-11-25T10:51:00,KENNEDY RD,TROJAN GT,,3,Non-Fatal Injury,At Intersection,Traffic Signal,Turning Movement,Clear,Daylight,Dry,Major Arterial,FALSE,-79.29819053,43.80384406,2,,,3,30,Minimal,Lap Belt Only,,,,,,,,,,passenger,,Scarborough-Agincourt (22),42 Division,Milliken,TRUE,TRUE,FALSE,FALSE,FALSE,TRUE,FALSE,FALSE,FALSE,TRUE,"{""coordinates"": [[-79.29819053319291, 43.80384405813917]], ""type"": ""MultiPoint""}"
3552,2010:1204112,2010-11-25T10:51:00,KENNEDY RD,TROJAN GT,,3,Non-Fatal Injury,At Intersection,Traffic Signal,Turning Movement,Clear,Daylight,Dry,Major Arterial,FALSE,-79.29819053,43.80384406,1,,,1,,,Other Safety Equipment Used,,,,,,,,,,owner,,Scarborough-Agincourt (22),42 Division,Milliken,TRUE,TRUE,FALSE,FALSE,FALSE,TRUE,FALSE,FALSE,FALSE,TRUE,"{""coordinates"": [[-79.29819053319291, 43.80384405813917]], ""type"": ""MultiPoint""}"
3553,2010:1204112,2010-11-25T10:51:00,KENNEDY RD,TROJAN GT,,3,Non-Fatal Injury,At Intersection,Traffic Signal,Turning Movement,Clear,Daylight,Dry,Major Arterial,FALSE,-79.29819053,43.80384406,2,Municipal Transit Bus (TTC),North,8,62,None,Other Safety Equipment Used,Driving properly,Normal,,,Going Ahead,,,,,driver,,Scarborough-Agincourt (22),42 Division,Milliken,TRUE,TRUE,FALSE,FALSE,FALSE,TRUE,FALSE,FALSE,FALSE,TRUE,"{""coordinates"": [[-79.29819053319291, 43.80384405813917]], ""type"": ""MultiPoint""}"
3554,2010:1204112,2010-11-25T10:51:00,KENNEDY RD,TROJAN GT,,3,Non-Fatal Injury,At Intersection,Traffic Signal,Turning Movement,Clear,Daylight,Dry,Major Arterial,FALSE,-79.29819053,43.80384406,2,,,6,91,Major,Booster Seat Used,,,,,,,,,,passenger,,Scarborough-Agincourt (22),42 Division,Milliken,TRUE,TRUE,FALSE,FALSE,FALSE,TRUE,FALSE,FALSE,FALSE,TRUE,"{""coordinates"": [[-79.29819053319291, 43.80384405813917]], ""type"": ""MultiPoint""}"
3555,2010:1204112,2010-11-25T10:51:00,KENNEDY RD,TROJAN GT,,3,Non-Fatal Injury,At Intersection,Traffic Signal,Turning Movement,Clear,Daylight,Dry,Major Arterial,FALSE,-79.29819053,43.80384406,2,,,4,35,Minor,Other Safety Equipment Used,,,,,,,,,,passenger,,Scarborough-Agincourt (22),42 Division,Milliken,TRUE,TRUE,FALSE,FALSE,FALSE,TRUE,FALSE,FALSE,FALSE,TRUE,"{""coordinates"": [[-79.29819053319291, 43.80384405813917]], ""type"": ""MultiPoint""}"
3556,2010:1204112,2010-11-25T10:51:00,KENNEDY RD,TROJAN GT,,3,Non-Fatal Injury,At Intersection,Traffic Signal,Turning Movement,Clear,Daylight,Dry,Major Arterial,FALSE,-79.29819053,43.80384406,1,Automobile or Station Wagon,South,2,44,None,Other Safety Equipment Used,Failed to yield right-of-way,Inattentive,,,Turning Left,,,,,driver,,Scarborough-Agincourt (22),42 Division,Milliken,TRUE,TRUE,FALSE,FALSE,FALSE,TRUE,FALSE,FALSE,FALSE,TRUE,"{""coordinates"": [[-79.29819053319291, 43.80384405813917]], ""type"": ""MultiPoint""}"
3557,2010:1204112,2010-11-25T10:51:00,KENNEDY RD,TROJAN GT,,3,Non-Fatal Injury,At Intersection,Traffic Signal,Turning Movement,Clear,Daylight,Dry,Major Arterial,FALSE,-79.29819053,43.80384406,2,,,7,,,Other Safety Equipment Used,,,,,,,,,,owner,,Scarborough-Agincourt (22),42 Division,Milliken,TRUE,TRUE,FALSE,FALSE,FALSE,TRUE,FALSE,FALSE,FALSE,TRUE,"{""coordinates"": [[-79.29819053319291, 43.80384405813917]], ""type"": ""MultiPoint""}"
3558,2010:1204112,2010-11-25T10:51:00,KENNEDY RD,TROJAN GT,,3,Non-Fatal Injury,At Intersection,Traffic Signal,Turning Movement,Clear,Daylight,Dry,Major Arterial,FALSE,-79.29819053,43.80384406,2,,,5,37,Minor,Other Safety Equipment Used,,,,,,,,,,passenger,,Scarborough-Agincourt (22),42 Division,Milliken,TRUE,TRUE,FALSE,FALSE,FALSE,TRUE,FALSE,FALSE,FALSE,TRUE,"{""coordinates"": [[-79.29819053319291, 43.80384405813917]], ""type"": ""MultiPoint""}"
3559,2010:1204378,2010-11-28T05:45:00,BLOOR RAMP,CASTLE FRANK RD,,4,Non-Fatal Injury,,No Control,SMV Other,Clear,Dark,Dry,,FALSE,-79.36809081,43.67654415,1,Automobile or Station Wagon,South,1,26,Minimal,Lap and Shoulder Belt,Other,Ability Impaired - Alcohol Over .08,,,Going Ahead,,,,,driver,,University-Rosedale (11),53 Division,Rosedale-Moore Park,FALSE,FALSE,FALSE,FALSE,FALSE,FALSE,FALSE,FALSE,FALSE,FALSE,"{""coordinates"": [[-79.36809080832037, 43.67654415493882]], ""type"": ""MultiPoint""}"
3560,2010:1204378,2010-11-28T05:45:00,BLOOR RAMP,CASTLE FRANK RD,,4,Non-Fatal Injury,,No Control,SMV Other,Clear,Dark,Dry,,FALSE,-79.36809081,43.67654415,2,,,2,,,No Equipment Available,,,,,,,,,,owner,,University-Rosedale (11),53 Division,Rosedale-Moore Park,FALSE,FALSE,FALSE,FALSE,FALSE,FALSE,FALSE,FALSE,FALSE,FALSE,"{""coordinates"": [[-79.36809080832037, 43.67654415493882]], ""type"": ""MultiPoint""}"
3561,2010:1204378,2010-11-28T05:45:00,BLOOR RAMP,CASTLE FRANK RD,,4,Non-Fatal Injury,,No Control,SMV Other,Clear,Dark,Dry,,FALSE,-79.36809081,43.67654415,1,,,4,35,Major,Equipment Not Used But Available,,,,,,,,,,passenger,,University-Rosedale (11),53 Division,Rosedale-Moore Park,FALSE,FALSE,FALSE,FALSE,FALSE,FALSE,FALSE,FALSE,FALSE,FALSE,"{""coordinates"": [[-79.36809080832037, 43.67654415493882]], ""type"": ""MultiPoint""}"
3562,2010:1204378,2010-11-28T05:45:00,BLOOR RAMP,CASTLE FRANK RD,,4,Non-Fatal Injury,,No Control,SMV Other,Clear,Dark,Dry,,FALSE,-79.36809081,43.67654415,1,,,3,2,Major,Other Safety Equipment Used,,,,,,,,,,passenger,,University-Rosedale (11),53 Division,Rosedale-Moore Park,FALSE,FALSE,FALSE,FALSE,FALSE,FALSE,FALSE,FALSE,FALSE,FALSE,"{""coordinates"": [[-79.36809080832037, 43.67654415493882]], ""type"": ""MultiPoint""}"
3563,2010:1210705,2010-12-04T14:30:00,CARRIER Driv,WOODBINE DOWNS Boul,,5,Non-Fatal Injury,At Intersection,Stop Sign,Angle,Clear,Daylight,Dry,Collector,FALSE,-79.60759108,43.73864443,2,,,3,11,Major,Other Safety Equipment Used,,,,,,,,,,passenger,,Etobicoke North (1),23 Division,West Humber-Clairville,TRUE,TRUE,FALSE,FALSE,FALSE,TRUE,FALSE,FALSE,TRUE,FALSE,"{""coordinates"": [[-79.60759107790177, 43.738644432098496]], ""type"": ""MultiPoint""}"
3564,2010:1210705,2010-12-04T14:30:00,CARRIER Driv,WOODBINE DOWNS Boul,,5,Non-Fatal Injury,At Intersection,Stop Sign,Angle,Clear,Daylight,Dry,Collector,FALSE,-79.60759108,43.73864443,2,Automobile or Station Wagon,West,5,38,Minor,Lap and Shoulder Belt,Driving properly,Normal,,,Going Ahead,,,,,driver,,Etobicoke North (1),23 Division,West Humber-Clairville,TRUE,TRUE,FALSE,FALSE,FALSE,TRUE,FALSE,FALSE,TRUE,FALSE,"{""coordinates"": [[-79.60759107790177, 43.738644432098496]], ""type"": ""MultiPoint""}"
3565,2010:1210705,2010-12-04T14:30:00,CARRIER Driv,WOODBINE DOWNS Boul,,5,Non-Fatal Injury,At Intersection,Stop Sign,Angle,Clear,Daylight,Dry,Collector,FALSE,-79.60759108,43.73864443,2,,,4,69,Minor,Lap and Shoulder Belt,,,,,,,,,,passenger,,Etobicoke North (1),23 Division,West Humber-Clairville,TRUE,TRUE,FALSE,FALSE,FALSE,TRUE,FALSE,FALSE,TRUE,FALSE,"{""coordinates"": [[-79.60759107790177, 43.738644432098496]], ""type"": ""MultiPoint""}"
3566,2010:1210705,2010-12-04T14:30:00,CARRIER Driv,WOODBINE DOWNS Boul,,5,Non-Fatal Injury,At Intersection,Stop Sign,Angle,Clear,Daylight,Dry,Collector,FALSE,-79.60759108,43.73864443,2,,,2,9,Minor,Other Safety Equipment Used,,,,,,,,,,passenger,,Etobicoke North (1),23 Division,West Humber-Clairville,TRUE,TRUE,FALSE,FALSE,FALSE,TRUE,FALSE,FALSE,TRUE,FALSE,"{""coordinates"": [[-79.60759107790177, 43.738644432098496]], ""type"": ""MultiPoint""}"
3567,2010:1210705,2010-12-04T14:30:00,CARRIER Driv,WOODBINE DOWNS Boul,,5,Non-Fatal Injury,At Intersection,Stop Sign,Angle,Clear,Daylight,Dry,Collector,FALSE,-79.60759108,43.73864443,1,Automobile or Station Wagon,North,1,40,None,Lap and Shoulder Belt,Disobeyed traffic control,Inattentive,,,Going Ahead,,,,,driver,,Etobicoke North (1),23 Division,West Humber-Clairville,TRUE,TRUE,FALSE,FALSE,FALSE,TRUE,FALSE,FALSE,TRUE,FALSE,"{""coordinates"": [[-79.60759107790177, 43.738644432098496]], ""type"": ""MultiPoint""}"
3572,2010:1211648,2010-12-06T08:45:00,JANE ST,JOHN ST,,4,Non-Fatal Injury,At Intersection,Traffic Signal,Turning Movement,Snow,Daylight,Wet,Major Arterial,FALSE,-79.50479101,43.70664433,2,Automobile or Station Wagon,South,3,30,Minor,Lap and Shoulder Belt,Improper turn,Normal,,,Turning Left,,,,,driver,,York South-Weston (5),12 Division,Rustic,FALSE,FALSE,FALSE,FALSE,FALSE,FALSE,FALSE,FALSE,TRUE,FALSE,"{""coordinates"": [[-79.50479100758861, 43.70664433303977]], ""type"": ""MultiPoint""}"
3573,2010:1211648,2010-12-06T08:45:00,JANE ST,JOHN ST,,4,Non-Fatal Injury,At Intersection,Traffic Signal,Turning Movement,Snow,Daylight,Wet,Major Arterial,FALSE,-79.50479101,43.70664433,1,Automobile or Station Wagon,North,1,48,None,Lap and Shoulder Belt,Driving properly,Normal,,,Going Ahead,,,,,driver,,York South-Weston (5),12 Division,Rustic,FALSE,FALSE,FALSE,FALSE,FALSE,FALSE,FALSE,FALSE,TRUE,FALSE,"{""coordinates"": [[-79.50479100758861, 43.70664433303977]], ""type"": ""MultiPoint""}"
3574,2010:1211648,2010-12-06T08:45:00,JANE ST,JOHN ST,,4,Non-Fatal Injury,At Intersection,Traffic Signal,Turning Movement,Snow,Daylight,Wet,Major Arterial,FALSE,-79.50479101,43.70664433,2,,,2,,,Other Safety Equipment Used,,,,,,,,,,owner,,York South-Weston (5),12 Division,Rustic,FALSE,FALSE,FALSE,FALSE,FALSE,FALSE,FALSE,FALSE,TRUE,FALSE,"{""coordinates"": [[-79.50479100758861, 43.70664433303977]], ""type"": ""MultiPoint""}"
3575,2010:1211648,2010-12-06T08:45:00,JANE ST,JOHN ST,,4,Non-Fatal Injury,At Intersection,Traffic Signal,Turning Movement,Snow,Daylight,Wet,Major Arterial,FALSE,-79.50479101,43.70664433,3,,,4,9,Major,Other Safety Equipment Used,,,,,,,,,,passenger,,York South-Weston (5),12 Division,Rustic,FALSE,FALSE,FALSE,FALSE,FALSE,FALSE,FALSE,FALSE,TRUE,FALSE,"{""coordinates"": [[-79.50479100758861, 43.70664433303977]], ""type"": ""MultiPoint""}"
3576,2010:1206538,2010-12-08T20:55:00,SHEPPARD Aven W,JANE Stre,,2,Non-Fatal Injury,At Intersection,Traffic Signal,Rear End,Clear,Dark,Dry,Major Arterial,FALSE,-79.51319096,43.73934433,2,Automobile or Station Wagon,West,2,33,None,Other Safety Equipment Used,Driving properly,Normal,,,Stopped,,,,,driver,,York Centre (6),31 Division,Glenfield-Jane Heights,FALSE,FALSE,FALSE,FALSE,FALSE,FALSE,FALSE,FALSE,FALSE,FALSE,"{""coordinates"": [[-79.51319095786982, 43.73934432611537]], ""type"": ""MultiPoint""}"
3577,2010:1206538,2010-12-08T20:55:00,SHEPPARD Aven W,JANE Stre,,2,Non-Fatal Injury,At Intersection,Traffic Signal,Rear End,Clear,Dark,Dry,Major Arterial,FALSE,-79.51319096,43.73934433,1,Automobile or Station Wagon,West,1,41,Major,Lap and Shoulder Belt,Lost control,Medical or Physical Disability,,,Going Ahead,,,,,driver,,York Centre (6),31 Division,Glenfield-Jane Heights,FALSE,FALSE,FALSE,FALSE,FALSE,FALSE,FALSE,FALSE,FALSE,FALSE,"{""coordinates"": [[-79.51319095786982, 43.73934432611537]], ""type"": ""MultiPoint""}"
3578,2010:1206537,2010-12-08T20:55:00,SHEPPARD Aven W,JANE Stre,,1,Non-Fatal Injury,,No Control,SMV Other,Clear,Dark,Dry,Major Arterial,FALSE,-79.51179096,43.73944432,1,Automobile or Station Wagon,West,1,41,Major,Lap and Shoulder Belt,Lost control,Medical or Physical Disability,,,Going Ahead,,,,,driver,,York Centre (6),31 Division,Glenfield-Jane Heights,FALSE,FALSE,FALSE,FALSE,FALSE,FALSE,FALSE,FALSE,FALSE,FALSE,"{""coordinates"": [[-79.51179095592467, 43.73944432449931]], ""type"": ""MultiPoint""}"
3579,2010:1213166,2010-12-10T17:00:00,911 BRIMORTON Dr,,,1,Non-Fatal Injury,,No Control,SMV Other,Snow,Dark,Slush,Collector,FALSE,-79.21269043,43.77104396,1,Automobile or Station Wagon,West,1,34,Major,Use Unknown,Lost control,Unknown,,,Going Ahead,,,,,driver,,Scarborough-Guildwood (24),43 Division,Golfdale-Cedarbrae-Woburn,FALSE,FALSE,FALSE,FALSE,FALSE,FALSE,FALSE,FALSE,FALSE,FALSE,"{""coordinates"": [[-79.21269043191406, 43.771043959730356]], ""type"": ""MultiPoint""}"
3583,2010:1207898,2010-12-15T16:02:00,HORNER Aven,CONNELL Cour,,3,Non-Fatal Injury,,Stop Sign,Turning Movement,Clear,Daylight,Dry,Minor Arterial,FALSE,-79.51729119,43.6141444,1,Automobile or Station Wagon,East,1,52,Major,Lap and Shoulder Belt,Failed to yield right-of-way,Inattentive,,,Turning Left,,,,,driver,,Etobicoke-Lakeshore (3),22 Division,Mimico-Queensway,TRUE,TRUE,FALSE,FALSE,FALSE,FALSE,FALSE,FALSE,FALSE,FALSE,"{""coordinates"": [[-79.5172911946005, 43.61414439501448]], ""type"": ""MultiPoint""}"
3584,2010:1207898,2010-12-15T16:02:00,HORNER Aven,CONNELL Cour,,3,Non-Fatal Injury,,Stop Sign,Turning Movement,Clear,Daylight,Dry,Minor Arterial,FALSE,-79.51729119,43.6141444,2,,,2,,,Other Safety Equipment Used,,,,,,,,,,owner,,Etobicoke-Lakeshore (3),22 Division,Mimico-Queensway,TRUE,TRUE,FALSE,FALSE,FALSE,FALSE,FALSE,FALSE,FALSE,FALSE,"{""coordinates"": [[-79.5172911946005, 43.61414439501448]], ""type"": ""MultiPoint""}"
3585,2010:1207898,2010-12-15T16:02:00,HORNER Aven,CONNELL Cour,,3,Non-Fatal Injury,,Stop Sign,Turning Movement,Clear,Daylight,Dry,Minor Arterial,FALSE,-79.51729119,43.6141444,2,Automobile or Station Wagon,South,3,22,None,Lap and Shoulder Belt,Driving properly,Normal,,,Going Ahead,,,,,driver,,Etobicoke-Lakeshore (3),22 Division,Mimico-Queensway,TRUE,TRUE,FALSE,FALSE,FALSE,FALSE,FALSE,FALSE,FALSE,FALSE,"{""coordinates"": [[-79.5172911946005, 43.61414439501448]], ""type"": ""MultiPoint""}"
3586,2010:1215424,2010-12-15T21:15:00,1251 BRIDLETOWNE Circ,,,2,Non-Fatal Injury,,Pedestrian Crossover,SMV Other,Snow,Dark,Wet,Collector,FALSE,-79.31209056,43.79364407,2,,,2,,,Other Safety Equipment Used,,,,,,,,,,owner,,Scarborough-Agincourt (22),42 Division,East L'Amoreaux,TRUE,FALSE,FALSE,FALSE,FALSE,FALSE,FALSE,FALSE,FALSE,FALSE,"{""coordinates"": [[-79.31209056461717, 43.79364407369028]], ""type"": ""MultiPoint""}"
3587,2010:1215424,2010-12-15T21:15:00,1251 BRIDLETOWNE Circ,,,2,Non-Fatal Injury,,Pedestrian Crossover,SMV Other,Snow,Dark,Wet,Collector,FALSE,-79.31209056,43.79364407,1,Automobile or Station Wagon,North,1,43,Major,Air Bag Deployed,Speed too fast for conditions,Ability Impaired - Alcohol,,,Going Ahead,,,,,driver,,Scarborough-Agincourt (22),42 Division,East L'Amoreaux,TRUE,FALSE,FALSE,FALSE,FALSE,FALSE,FALSE,FALSE,FALSE,FALSE,"{""coordinates"": [[-79.31209056461717, 43.79364407369028]], ""type"": ""MultiPoint""}"
3591,2011:1210132,2011-01-02T01:05:00,MCCOWAN RD,ELLESMERE RD,,2,Non-Fatal Injury,At Intersection,Traffic Signal,Turning Movement,Clear,Dark,Dry,Major Arterial,FALSE,-79.25149048,43.772144,1,Automobile or Station Wagon,South,1,59,None,Lap and Shoulder Belt,Improper turn,Normal,,,Turning Left,,,,,driver,,Scarborough-Guildwood (24),43 Division,Woburn North,TRUE,FALSE,FALSE,TRUE,FALSE,FALSE,FALSE,FALSE,FALSE,FALSE,"{""coordinates"": [[-79.25149048466187, 43.77214399896183]], ""type"": ""MultiPoint""}"
3592,2011:1210132,2011-01-02T01:05:00,MCCOWAN RD,ELLESMERE RD,,2,Non-Fatal Injury,At Intersection,Traffic Signal,Turning Movement,Clear,Dark,Dry,Major Arterial,FALSE,-79.25149048,43.772144,2,Motorcycle,North,2,20,Major,Helmet,Exceeding speed limit,Normal,,,Going Ahead,,,,,motorcyclist,,Scarborough-Guildwood (24),43 Division,Woburn North,TRUE,FALSE,FALSE,TRUE,FALSE,FALSE,FALSE,FALSE,FALSE,FALSE,"{""coordinates"": [[-79.25149048466187, 43.77214399896183]], ""type"": ""MultiPoint""}"
3593,2011:1219581,2011-01-04T16:40:00,DUFFERIN ST,PRESTON RD,,3,Non-Fatal Injury,,No Control,Approaching Head On,Clear,Dusk,Dry,Major Arterial,FALSE,-79.44829093,43.69104426,1,Automobile or Station Wagon,North,1,61,Major,Lap Belt Only of Combined Assembly,Driving properly,Normal,,,Going Ahead,,,,,driver,,Toronto-St. Paul's (12),13 Division,Oakwood Village,FALSE,TRUE,FALSE,FALSE,FALSE,FALSE,FALSE,FALSE,FALSE,FALSE,"{""coordinates"": [[-79.44829093478101, 43.69104426347185]], ""type"": ""MultiPoint""}"
3594,2011:1219581,2011-01-04T16:40:00,DUFFERIN ST,PRESTON RD,,3,Non-Fatal Injury,,No Control,Approaching Head On,Clear,Dusk,Dry,Major Arterial,FALSE,-79.44829093,43.69104426,3,Automobile or Station Wagon,South,3,30,Minimal,Lap Belt Only of Combined Assembly,Lost control,Inattentive,,,Going Ahead,,,,,driver,,Toronto-St. Paul's (12),13 Division,Oakwood Village,FALSE,TRUE,FALSE,FALSE,FALSE,FALSE,FALSE,FALSE,FALSE,FALSE,"{""coordinates"": [[-79.44829093478101, 43.69104426347185]], ""type"": ""MultiPoint""}"
3595,2011:1219581,2011-01-04T16:40:00,DUFFERIN ST,PRESTON RD,,3,Non-Fatal Injury,,No Control,Approaching Head On,Clear,Dusk,Dry,Major Arterial,FALSE,-79.44829093,43.69104426,2,Automobile or Station Wagon,South,2,31,None,Other Safety Equipment Used,Lost control,Inattentive,,,Going Ahead,,,,,driver,,Toronto-St. Paul's (12),13 Division,Oakwood Village,FALSE,TRUE,FALSE,FALSE,FALSE,FALSE,FALSE,FALSE,FALSE,FALSE,"{""coordinates"": [[-79.44829093478101, 43.69104426347185]], ""type"": ""MultiPoint""}"
3596,2011:1219703,2011-01-05T19:51:00,FINCH AVE E,WARDEN AVE,,2,Non-Fatal Injury,At Intersection,No Control,Rear End,Clear,Dark,Wet,Major Arterial,FALSE,-79.31499057,43.79694408,1,Automobile or Station Wagon,West,1,72,None,Air Bag Deployed,Following too closely,Normal,,,Going Ahead,,,,,driver,,Scarborough-Agincourt (22),42 Division,East L'Amoreaux,TRUE,FALSE,FALSE,FALSE,FALSE,TRUE,FALSE,FALSE,FALSE,FALSE,"{""coordinates"": [[-79.31499056622243, 43.796944077274894]], ""type"": ""MultiPoint""}"
3597,2011:1219703,2011-01-05T19:51:00,FINCH AVE E,WARDEN AVE,,2,Non-Fatal Injury,At Intersection,No Control,Rear End,Clear,Dark,Wet,Major Arterial,FALSE,-79.31499057,43.79694408,2,Automobile or Station Wagon,West,2,41,Major,Lap and Shoulder Belt,Driving properly,Normal,,,Stopped,,,,,driver,,Scarborough-Agincourt (22),42 Division,East L'Amoreaux,TRUE,FALSE,FALSE,FALSE,FALSE,TRUE,FALSE,FALSE,FALSE,FALSE,"{""coordinates"": [[-79.31499056622243, 43.796944077274894]], ""type"": ""MultiPoint""}"
3598,2011:1220130,2011-01-06T20:30:00,ELLESMERE RD,GANDER DR,,4,Non-Fatal Injury,,Traffic Signal,Sideswipe,Snow,Dark,Loose Snow,Major Arterial,FALSE,-79.22659045,43.77754397,2,,,3,51,Major,Lap and Shoulder Belt,,,,,,,,,,passenger,,Scarborough-Guildwood (24),43 Division,Golfdale-Cedarbrae-Woburn,FALSE,FALSE,FALSE,FALSE,FALSE,FALSE,FALSE,FALSE,FALSE,FALSE,"{""coordinates"": [[-79.22659044603623, 43.77754397484405]], ""type"": ""MultiPoint""}"
3599,2011:1220130,2011-01-06T20:30:00,ELLESMERE RD,GANDER DR,,4,Non-Fatal Injury,,Traffic Signal,Sideswipe,Snow,Dark,Loose Snow,Major Arterial,FALSE,-79.22659045,43.77754397,2,Automobile or Station Wagon,East,4,54,Minimal,Lap and Shoulder Belt,Driving properly,Normal,,,Going Ahead,,,,,driver,,Scarborough-Guildwood (24),43 Division,Golfdale-Cedarbrae-Woburn,FALSE,FALSE,FALSE,FALSE,FALSE,FALSE,FALSE,FALSE,FALSE,FALSE,"{""coordinates"": [[-79.22659044603623, 43.77754397484405]], ""type"": ""MultiPoint""}"