_id,collision_id,accdate,stname1,stname2,stname3,per_inv,acclass,accloc,traffictl,impactype,visible,light,rdsfcond,road_class,failtorem,longitude,latitude,veh_no,vehtype,initdir,per_no,invage,injury,safequip,drivact,drivcond,pedact,pedcond,manoeuvre,pedtype,cyclistype,cycact,cyccond,road_user,fatal_no,wardname,division,neighbourhood,aggressive,distracted,cyclist,motorcyclist,other_micromobility,older_adult,pedestrian,red_light,school_child,heavy_truck,geometry
3651,2011:1230262,2011-02-18T12:33:00,ST CLAIR Aven W,MOULD Aven,,2,Non-Fatal Injury,,Traffic Signal,Turning Movement,Clear,Daylight,Dry,Major Arterial,FALSE,-79.48699105,43.66814433,2,Automobile or Station Wagon,East,2,50,Minor,Lap and Shoulder Belt,Improper turn,Normal,,,Turning Left,,,,,driver,,York South-Weston (5),11 Division,Rockcliffe-Smythe,TRUE,FALSE,FALSE,FALSE,FALSE,FALSE,FALSE,FALSE,FALSE,FALSE,"{""coordinates"": [[-79.48699104755904, 43.66814432775503]], ""type"": ""MultiPoint""}"
3652,2011:1230262,2011-02-18T12:33:00,ST CLAIR Aven W,MOULD Aven,,2,Non-Fatal Injury,,Traffic Signal,Turning Movement,Clear,Daylight,Dry,Major Arterial,FALSE,-79.48699105,43.66814433,1,Automobile or Station Wagon,West,1,52,Major,Lap and Shoulder Belt,Exceeding speed limit,Normal,,,Going Ahead,,,,,driver,,York South-Weston (5),11 Division,Rockcliffe-Smythe,TRUE,FALSE,FALSE,FALSE,FALSE,FALSE,FALSE,FALSE,FALSE,FALSE,"{""coordinates"": [[-79.48699104755904, 43.66814432775503]], ""type"": ""MultiPoint""}"
3653,2011:1231647,2011-02-19T03:57:00,DUFFERIN ST,HALLAM ST,,3,Non-Fatal Injury,,No Control,Rear End,Clear,Daylight,Dry,Major Arterial,FALSE,-79.43789096,43.66584426,2,,,2,,,Other Safety Equipment Used,,,,,,,,,,owner,,Davenport (9),14 Division,Dovercourt Village,FALSE,FALSE,FALSE,FALSE,FALSE,FALSE,FALSE,FALSE,FALSE,FALSE,"{""coordinates"": [[-79.43789095776879, 43.6658442578405]], ""type"": ""MultiPoint""}"
3654,2011:1231647,2011-02-19T03:57:00,DUFFERIN ST,HALLAM ST,,3,Non-Fatal Injury,,No Control,Rear End,Clear,Daylight,Dry,Major Arterial,FALSE,-79.43789096,43.66584426,3,Automobile or Station Wagon,North,3,27,None,Lap and Shoulder Belt,Driving properly,Normal,,,Going Ahead,,,,,driver,,Davenport (9),14 Division,Dovercourt Village,FALSE,FALSE,FALSE,FALSE,FALSE,FALSE,FALSE,FALSE,FALSE,FALSE,"{""coordinates"": [[-79.43789095776879, 43.6658442578405]], ""type"": ""MultiPoint""}"
3655,2011:1231647,2011-02-19T03:57:00,DUFFERIN ST,HALLAM ST,,3,Non-Fatal Injury,,No Control,Rear End,Clear,Daylight,Dry,Major Arterial,FALSE,-79.43789096,43.66584426,1,Automobile or Station Wagon,North,1,27,Major,Other Safety Equipment Used,Lost control,Ability Impaired - Alcohol Over .08,,,Going Ahead,,,,,driver,,Davenport (9),14 Division,Dovercourt Village,FALSE,FALSE,FALSE,FALSE,FALSE,FALSE,FALSE,FALSE,FALSE,FALSE,"{""coordinates"": [[-79.43789095776879, 43.6658442578405]], ""type"": ""MultiPoint""}"
3656,2011:1229092,2011-02-20T13:39:00,25 ST DENNIS DR,,,3,Non-Fatal Injury,,No Control,Turning Movement,Clear,Daylight,Dry,Collector,FALSE,-79.33409069,43.7176441,2,Automobile or Station Wagon,East,3,41,None,Other Safety Equipment Used,Failed to yield right-of-way,Inattentive,,,Making U-Turn,,,,,driver,,Don Valley East (16),55 Division,Flemingdon Park,TRUE,TRUE,FALSE,FALSE,FALSE,TRUE,FALSE,FALSE,FALSE,FALSE,"{""coordinates"": [[-79.33409068694307, 43.71764410220776]], ""type"": ""MultiPoint""}"
3657,2011:1229092,2011-02-20T13:39:00,25 ST DENNIS DR,,,3,Non-Fatal Injury,,No Control,Turning Movement,Clear,Daylight,Dry,Collector,FALSE,-79.33409069,43.7176441,1,,,1,74,Major,Lap and Shoulder Belt,,,,,,,,,,passenger,,Don Valley East (16),55 Division,Flemingdon Park,TRUE,TRUE,FALSE,FALSE,FALSE,TRUE,FALSE,FALSE,FALSE,FALSE,"{""coordinates"": [[-79.33409068694307, 43.71764410220776]], ""type"": ""MultiPoint""}"
3658,2011:1229092,2011-02-20T13:39:00,25 ST DENNIS DR,,,3,Non-Fatal Injury,,No Control,Turning Movement,Clear,Daylight,Dry,Collector,FALSE,-79.33409069,43.7176441,1,Automobile or Station Wagon,East,2,77,Minor,Lap and Shoulder Belt,Driving properly,Normal,,,Going Ahead,,,,,driver,,Don Valley East (16),55 Division,Flemingdon Park,TRUE,TRUE,FALSE,FALSE,FALSE,TRUE,FALSE,FALSE,FALSE,FALSE,"{""coordinates"": [[-79.33409068694307, 43.71764410220776]], ""type"": ""MultiPoint""}"
3659,2011:1220029,2011-02-24T11:10:00,KINGSTON RD,BRINLOOR BLVD,,5,Non-Fatal Injury,At Intersection,Stop Sign,Turning Movement,Rain,Daylight,Wet,Major Arterial,FALSE,-79.21446546,43.74114396,1,,,1,,,Other Safety Equipment Used,,,,,,,,,,owner,,Scarborough-Guildwood (24),43 Division,Scarborough Village,FALSE,FALSE,FALSE,FALSE,FALSE,TRUE,FALSE,FALSE,FALSE,FALSE,"{""coordinates"": [[-79.21446545924479, 43.741143955655126]], ""type"": ""MultiPoint""}"
3660,2011:1220029,2011-02-24T11:10:00,KINGSTON RD,BRINLOOR BLVD,,5,Non-Fatal Injury,At Intersection,Stop Sign,Turning Movement,Rain,Daylight,Wet,Major Arterial,FALSE,-79.21446546,43.74114396,1,Automobile or Station Wagon,North,2,62,None,Other Safety Equipment Used,Improper turn,Normal,,,Turning Left,,,,,driver,,Scarborough-Guildwood (24),43 Division,Scarborough Village,FALSE,FALSE,FALSE,FALSE,FALSE,TRUE,FALSE,FALSE,FALSE,FALSE,"{""coordinates"": [[-79.21446545924479, 43.741143955655126]], ""type"": ""MultiPoint""}"
3661,2011:1220029,2011-02-24T11:10:00,KINGSTON RD,BRINLOOR BLVD,,5,Non-Fatal Injury,At Intersection,Stop Sign,Turning Movement,Rain,Daylight,Wet,Major Arterial,FALSE,-79.21446546,43.74114396,2,,,3,,,Other Safety Equipment Used,,,,,,,,,,owner,,Scarborough-Guildwood (24),43 Division,Scarborough Village,FALSE,FALSE,FALSE,FALSE,FALSE,TRUE,FALSE,FALSE,FALSE,FALSE,"{""coordinates"": [[-79.21446545924479, 43.741143955655126]], ""type"": ""MultiPoint""}"
3662,2011:1220029,2011-02-24T11:10:00,KINGSTON RD,BRINLOOR BLVD,,5,Non-Fatal Injury,At Intersection,Stop Sign,Turning Movement,Rain,Daylight,Wet,Major Arterial,FALSE,-79.21446546,43.74114396,2,,,5,74,Major,Lap and Shoulder Belt,,,,,,,,,,passenger,,Scarborough-Guildwood (24),43 Division,Scarborough Village,FALSE,FALSE,FALSE,FALSE,FALSE,TRUE,FALSE,FALSE,FALSE,FALSE,"{""coordinates"": [[-79.21446545924479, 43.741143955655126]], ""type"": ""MultiPoint""}"
3663,2011:1220029,2011-02-24T11:10:00,KINGSTON RD,BRINLOOR BLVD,,5,Non-Fatal Injury,At Intersection,Stop Sign,Turning Movement,Rain,Daylight,Wet,Major Arterial,FALSE,-79.21446546,43.74114396,2,Automobile or Station Wagon,East,4,35,None,Other Safety Equipment Used,Driving properly,Normal,,,Going Ahead,,,,,driver,,Scarborough-Guildwood (24),43 Division,Scarborough Village,FALSE,FALSE,FALSE,FALSE,FALSE,TRUE,FALSE,FALSE,FALSE,FALSE,"{""coordinates"": [[-79.21446545924479, 43.741143955655126]], ""type"": ""MultiPoint""}"
3664,2011:1220060,2011-02-24T22:39:00,ROYAL YORK RD,USHER AVE,,1,Non-Fatal Injury,At Intersection,No Control,Approaching Head On,Clear,Dark,Dry,Minor Arterial,FALSE,-79.51479112,43.65504437,2,Automobile or Station Wagon,South,3,24,Major,Use Unknown,Other,Ability Impaired - Alcohol Over .08,,,Going Ahead,,,,,driver,,Etobicoke-Lakeshore (3),22 Division,Kingsway South,FALSE,FALSE,FALSE,FALSE,FALSE,FALSE,FALSE,FALSE,FALSE,FALSE,"{""coordinates"": [[-79.51479111570254, 43.65504437096079]], ""type"": ""MultiPoint""}"
3665,2011:1220060,2011-02-24T22:39:00,ROYAL YORK RD,USHER AVE,,1,Non-Fatal Injury,At Intersection,No Control,Approaching Head On,Clear,Dark,Dry,Minor Arterial,FALSE,-79.51479112,43.65504437,2,,,2,,,Other Safety Equipment Used,,,,,,,,,,owner,,Etobicoke-Lakeshore (3),22 Division,Kingsway South,FALSE,FALSE,FALSE,FALSE,FALSE,FALSE,FALSE,FALSE,FALSE,FALSE,"{""coordinates"": [[-79.51479111570254, 43.65504437096079]], ""type"": ""MultiPoint""}"
3666,2011:1220060,2011-02-24T22:39:00,ROYAL YORK RD,USHER AVE,,1,Non-Fatal Injury,At Intersection,No Control,Approaching Head On,Clear,Dark,Dry,Minor Arterial,FALSE,-79.51479112,43.65504437,1,Automobile or Station Wagon,North,1,44,Major,Lap and Shoulder Belt,Driving properly,Normal,,,Going Ahead,,,,,driver,,Etobicoke-Lakeshore (3),22 Division,Kingsway South,FALSE,FALSE,FALSE,FALSE,FALSE,FALSE,FALSE,FALSE,FALSE,FALSE,"{""coordinates"": [[-79.51479111570254, 43.65504437096079]], ""type"": ""MultiPoint""}"
3667,2011:1221095,2011-03-02T05:58:00,FOREST MANOR Road,PARKWAY FOREST Driv,,2,Non-Fatal Injury,,Stop Sign,SMV Other,Clear,Daylight,Dry,Collector,FALSE,-79.34339063,43.77504411,1,Automobile or Station Wagon,East,2,33,Major,Lap and Shoulder Belt,Lost control,Medical or Physical Disability,,,Going Ahead,,,,,driver,,Don Valley North (17),33 Division,Henry Farm,FALSE,FALSE,FALSE,FALSE,FALSE,FALSE,FALSE,FALSE,FALSE,FALSE,"{""coordinates"": [[-79.34339063304265, 43.775044110457564]], ""type"": ""MultiPoint""}"
3668,2011:1221095,2011-03-02T05:58:00,FOREST MANOR Road,PARKWAY FOREST Driv,,2,Non-Fatal Injury,,Stop Sign,SMV Other,Clear,Daylight,Dry,Collector,FALSE,-79.34339063,43.77504411,1,,,1,,,Other Safety Equipment Used,,,,,,,,,,owner,,Don Valley North (17),33 Division,Henry Farm,FALSE,FALSE,FALSE,FALSE,FALSE,FALSE,FALSE,FALSE,FALSE,FALSE,"{""coordinates"": [[-79.34339063304265, 43.775044110457564]], ""type"": ""MultiPoint""}"
3669,2011:1233009,2011-03-15T08:52:00,KING Stre E,PRINCESS Stre,,6,Non-Fatal Injury,,No Control,Turning Movement,Clear,Daylight,Dry,Major Arterial,FALSE,-79.36709084,43.65154416,2,Automobile or Station Wagon,East,5,45,None,Other Safety Equipment Used,Driving properly,Normal,,,Going Ahead,,,,,driver,,Toronto Centre (13),51 Division,Moss Park,FALSE,FALSE,FALSE,FALSE,FALSE,FALSE,FALSE,FALSE,FALSE,FALSE,"{""coordinates"": [[-79.36709084351435, 43.651544158127855]], ""type"": ""MultiPoint""}"
3670,2011:1233009,2011-03-15T08:52:00,KING Stre E,PRINCESS Stre,,6,Non-Fatal Injury,,No Control,Turning Movement,Clear,Daylight,Dry,Major Arterial,FALSE,-79.36709084,43.65154416,1,,,2,,,Other Safety Equipment Used,,,,,,,,,,owner,,Toronto Centre (13),51 Division,Moss Park,FALSE,FALSE,FALSE,FALSE,FALSE,FALSE,FALSE,FALSE,FALSE,FALSE,"{""coordinates"": [[-79.36709084351435, 43.651544158127855]], ""type"": ""MultiPoint""}"
3671,2011:1233009,2011-03-15T08:52:00,KING Stre E,PRINCESS Stre,,6,Non-Fatal Injury,,No Control,Turning Movement,Clear,Daylight,Dry,Major Arterial,FALSE,-79.36709084,43.65154416,1,Automobile or Station Wagon,West,3,48,None,Lap and Shoulder Belt,Improper turn,Normal,,,Turning Left,,,,,driver,,Toronto Centre (13),51 Division,Moss Park,FALSE,FALSE,FALSE,FALSE,FALSE,FALSE,FALSE,FALSE,FALSE,FALSE,"{""coordinates"": [[-79.36709084351435, 43.651544158127855]], ""type"": ""MultiPoint""}"
3672,2011:1233009,2011-03-15T08:52:00,KING Stre E,PRINCESS Stre,,6,Non-Fatal Injury,,No Control,Turning Movement,Clear,Daylight,Dry,Major Arterial,FALSE,-79.36709084,43.65154416,1,,,1,47,Major,Other Safety Equipment Used,,,,,,,,,,passenger,,Toronto Centre (13),51 Division,Moss Park,FALSE,FALSE,FALSE,FALSE,FALSE,FALSE,FALSE,FALSE,FALSE,FALSE,"{""coordinates"": [[-79.36709084351435, 43.651544158127855]], ""type"": ""MultiPoint""}"
3673,2011:1233009,2011-03-15T08:52:00,KING Stre E,PRINCESS Stre,,6,Non-Fatal Injury,,No Control,Turning Movement,Clear,Daylight,Dry,Major Arterial,FALSE,-79.36709084,43.65154416,3,,,6,,,Other Safety Equipment Used,,,,,,,,,,owner,,Toronto Centre (13),51 Division,Moss Park,FALSE,FALSE,FALSE,FALSE,FALSE,FALSE,FALSE,FALSE,FALSE,FALSE,"{""coordinates"": [[-79.36709084351435, 43.651544158127855]], ""type"": ""MultiPoint""}"
3674,2011:1233009,2011-03-15T08:52:00,KING Stre E,PRINCESS Stre,,6,Non-Fatal Injury,,No Control,Turning Movement,Clear,Daylight,Dry,Major Arterial,FALSE,-79.36709084,43.65154416,2,,,4,,,Other Safety Equipment Used,,,,,,,,,,owner,,Toronto Centre (13),51 Division,Moss Park,FALSE,FALSE,FALSE,FALSE,FALSE,FALSE,FALSE,FALSE,FALSE,FALSE,"{""coordinates"": [[-79.36709084351435, 43.651544158127855]], ""type"": ""MultiPoint""}"
3675,2011:1229063,2011-03-18T01:30:00,UNIVERSITY Aven,QUEEN Stre W,,3,Non-Fatal Injury,At Intersection,Traffic Signal,Angle,Clear,Dark,Dry,Major Arterial,FALSE,-79.38659088,43.65084419,2,,,2,,,Other Safety Equipment Used,,,,,,,,,,owner,,Spadina-Fort York (10),52 Division,Yonge-Bay Corridor,TRUE,TRUE,FALSE,FALSE,FALSE,FALSE,FALSE,TRUE,FALSE,FALSE,"{""coordinates"": [[-79.38659088265017, 43.65084418712629]], ""type"": ""MultiPoint""}"
3676,2011:1229063,2011-03-18T01:30:00,UNIVERSITY Aven,QUEEN Stre W,,3,Non-Fatal Injury,At Intersection,Traffic Signal,Angle,Clear,Dark,Dry,Major Arterial,FALSE,-79.38659088,43.65084419,1,Automobile or Station Wagon,North,1,48,Major,Lap and Shoulder Belt,Disobeyed traffic control,Inattentive,,,Going Ahead,,,,,driver,,Spadina-Fort York (10),52 Division,Yonge-Bay Corridor,TRUE,TRUE,FALSE,FALSE,FALSE,FALSE,FALSE,TRUE,FALSE,FALSE,"{""coordinates"": [[-79.38659088265017, 43.65084418712629]], ""type"": ""MultiPoint""}"
3677,2011:1229063,2011-03-18T01:30:00,UNIVERSITY Aven,QUEEN Stre W,,3,Non-Fatal Injury,At Intersection,Traffic Signal,Angle,Clear,Dark,Dry,Major Arterial,FALSE,-79.38659088,43.65084419,2,Automobile or Station Wagon,West,3,41,None,Other Safety Equipment Used,Driving properly,Normal,,,Going Ahead,,,,,driver,,Spadina-Fort York (10),52 Division,Yonge-Bay Corridor,TRUE,TRUE,FALSE,FALSE,FALSE,FALSE,FALSE,TRUE,FALSE,FALSE,"{""coordinates"": [[-79.38659088265017, 43.65084418712629]], ""type"": ""MultiPoint""}"
3678,2011:1233411,2011-03-19T16:00:00,LESLIE st,HARRIET st,,3,Non-Fatal Injury,,No Control,SMV Other,Clear,Daylight,Dry,Local,FALSE,-79.33389075,43.67164411,2,,,2,59,Minor,Lap and Shoulder Belt,,,,,,,,,,passenger,,Toronto-Danforth (14),55 Division,South Riverdale,FALSE,TRUE,FALSE,FALSE,FALSE,FALSE,FALSE,FALSE,FALSE,FALSE,"{""coordinates"": [[-79.33389075069951, 43.671644106874815]], ""type"": ""MultiPoint""}"
3679,2011:1233411,2011-03-19T16:00:00,LESLIE st,HARRIET st,,3,Non-Fatal Injury,,No Control,SMV Other,Clear,Daylight,Dry,Local,FALSE,-79.33389075,43.67164411,1,Automobile or Station Wagon,South,1,51,None,Other Safety Equipment Used,Other,Inattentive,,,Reversing,,,,,driver,,Toronto-Danforth (14),55 Division,South Riverdale,FALSE,TRUE,FALSE,FALSE,FALSE,FALSE,FALSE,FALSE,FALSE,FALSE,"{""coordinates"": [[-79.33389075069951, 43.671644106874815]], ""type"": ""MultiPoint""}"
3680,2011:1233411,2011-03-19T16:00:00,LESLIE st,HARRIET st,,3,Non-Fatal Injury,,No Control,SMV Other,Clear,Daylight,Dry,Local,FALSE,-79.33389075,43.67164411,2,Automobile or Station Wagon,North,3,21,Major,Lap and Shoulder Belt,Driving properly,Unknown,,,Going Ahead,,,,,driver,,Toronto-Danforth (14),55 Division,South Riverdale,FALSE,TRUE,FALSE,FALSE,FALSE,FALSE,FALSE,FALSE,FALSE,FALSE,"{""coordinates"": [[-79.33389075069951, 43.671644106874815]], ""type"": ""MultiPoint""}"
3681,2011:1223675,2011-03-20T19:53:00,BELLAMY Road N,NELSON Stre,,2,Non-Fatal Injury,At Intersection,No Control,SMV Other,Clear,Dark,Dry,Minor Arterial,FALSE,-79.23069048,43.74574397,2,,,2,31,Major,No Equipment Available,,,,,,,,,,passenger,,Scarborough-Guildwood (24),43 Division,Golfdale-Cedarbrae-Woburn,FALSE,FALSE,FALSE,FALSE,FALSE,FALSE,FALSE,FALSE,FALSE,FALSE,"{""coordinates"": [[-79.2306904774829, 43.74574397324207]], ""type"": ""MultiPoint""}"
3682,2011:1223675,2011-03-20T19:53:00,BELLAMY Road N,NELSON Stre,,2,Non-Fatal Injury,At Intersection,No Control,SMV Other,Clear,Dark,Dry,Minor Arterial,FALSE,-79.23069048,43.74574397,1,Automobile or Station Wagon,North,1,43,Major,Lap and Shoulder Belt,Driving properly,Normal,,,Going Ahead,,,,,driver,,Scarborough-Guildwood (24),43 Division,Golfdale-Cedarbrae-Woburn,FALSE,FALSE,FALSE,FALSE,FALSE,FALSE,FALSE,FALSE,FALSE,FALSE,"{""coordinates"": [[-79.2306904774829, 43.74574397324207]], ""type"": ""MultiPoint""}"
3683,2011:1235117,2011-03-24T12:34:00,LAKE SHORE Boul E,CHERRY Stre,,3,Non-Fatal Injury,At Intersection,Traffic Signal,Angle,Clear,Daylight,Wet,Major Arterial,FALSE,-79.35490782,43.64824114,2,Automobile or Station Wagon,West,3,22,Major,Lap and Shoulder Belt,Driving properly,Normal,,,Going Ahead,,,,,driver,,Spadina-Fort York (10),51 Division,St Lawrence-East Bayfront-The Islands,TRUE,FALSE,FALSE,FALSE,FALSE,FALSE,FALSE,TRUE,FALSE,FALSE,"{""coordinates"": [[-79.35490782452554, 43.6482411406265]], ""type"": ""MultiPoint""}"
3684,2011:1235117,2011-03-24T12:34:00,LAKE SHORE Boul E,CHERRY Stre,,3,Non-Fatal Injury,At Intersection,Traffic Signal,Angle,Clear,Daylight,Wet,Major Arterial,FALSE,-79.35490782,43.64824114,1,Automobile or Station Wagon,South,2,63,Minor,Lap and Shoulder Belt,Disobeyed traffic control,Other Condition,,,Going Ahead,,,,,driver,,Spadina-Fort York (10),51 Division,St Lawrence-East Bayfront-The Islands,TRUE,FALSE,FALSE,FALSE,FALSE,FALSE,FALSE,TRUE,FALSE,FALSE,"{""coordinates"": [[-79.35490782452554, 43.6482411406265]], ""type"": ""MultiPoint""}"
3685,2011:1235117,2011-03-24T12:34:00,LAKE SHORE Boul E,CHERRY Stre,,3,Non-Fatal Injury,At Intersection,Traffic Signal,Angle,Clear,Daylight,Wet,Major Arterial,FALSE,-79.35490782,43.64824114,3,,,1,,,Other Safety Equipment Used,,,,,,,,,,owner,,Spadina-Fort York (10),51 Division,St Lawrence-East Bayfront-The Islands,TRUE,FALSE,FALSE,FALSE,FALSE,FALSE,FALSE,TRUE,FALSE,FALSE,"{""coordinates"": [[-79.35490782452554, 43.6482411406265]], ""type"": ""MultiPoint""}"
3686,2011:1235812,2011-03-26T07:18:00,EGLINTON AVE W,RENFORTH DR,,2,Non-Fatal Injury,,No Control,SMV Other,Clear,Dawn,Dry,Major Arterial,FALSE,-79.58779119,43.66574445,1,Automobile or Station Wagon,East,1,60,Major,Lap and Shoulder Belt,Lost control,Inattentive,,,Going Ahead,,,,,driver,,Etobicoke Centre (2),22 Division,Eringate-Centennial-West Deane,FALSE,TRUE,FALSE,FALSE,FALSE,FALSE,FALSE,FALSE,FALSE,FALSE,"{""coordinates"": [[-79.5877911903711, 43.66574445344535]], ""type"": ""MultiPoint""}"
3687,2011:1235812,2011-03-26T07:18:00,EGLINTON AVE W,RENFORTH DR,,2,Non-Fatal Injury,,No Control,SMV Other,Clear,Dawn,Dry,Major Arterial,FALSE,-79.58779119,43.66574445,2,,,2,,,Other Safety Equipment Used,,,,,,,,,,owner,,Etobicoke Centre (2),22 Division,Eringate-Centennial-West Deane,FALSE,TRUE,FALSE,FALSE,FALSE,FALSE,FALSE,FALSE,FALSE,FALSE,"{""coordinates"": [[-79.5877911903711, 43.66574445344535]], ""type"": ""MultiPoint""}"
3692,2011:1224926,2011-03-28T15:55:00,DON VALLEY PARKWAY N,DON MILLS Road,,1,Non-Fatal Injury,,No Control,Rear End,Clear,Daylight,Dry,,FALSE,-79.33849072,43.69954411,2,Automobile or Station Wagon,North,3,20,Minimal,Use Unknown,Speed too fast for conditions,Normal,,,Going Ahead,,,,,driver,,Toronto-Danforth (14),55 Division,Old East York,TRUE,FALSE,FALSE,FALSE,FALSE,FALSE,FALSE,FALSE,FALSE,FALSE,"{""coordinates"": [[-79.33849072019845, 43.69954411017287]], ""type"": ""MultiPoint""}"
3693,2011:1224926,2011-03-28T15:55:00,DON VALLEY PARKWAY N,DON MILLS Road,,1,Non-Fatal Injury,,No Control,Rear End,Clear,Daylight,Dry,,FALSE,-79.33849072,43.69954411,1,Automobile or Station Wagon,North,1,25,Major,Lap and Shoulder Belt,Driving properly,Normal,,,Slowing or Stopping,,,,,driver,,Toronto-Danforth (14),55 Division,Old East York,TRUE,FALSE,FALSE,FALSE,FALSE,FALSE,FALSE,FALSE,FALSE,FALSE,"{""coordinates"": [[-79.33849072019845, 43.69954411017287]], ""type"": ""MultiPoint""}"
3694,2011:1224926,2011-03-28T15:55:00,DON VALLEY PARKWAY N,DON MILLS Road,,1,Non-Fatal Injury,,No Control,Rear End,Clear,Daylight,Dry,,FALSE,-79.33849072,43.69954411,2,,,2,20,Minimal,Use Unknown,,,,,,,,,,passenger,,Toronto-Danforth (14),55 Division,Old East York,TRUE,FALSE,FALSE,FALSE,FALSE,FALSE,FALSE,FALSE,FALSE,FALSE,"{""coordinates"": [[-79.33849072019845, 43.69954411017287]], ""type"": ""MultiPoint""}"
3695,2011:1237144,2011-04-02T19:30:00,WESTON Road,LANYARD Road,,7,Non-Fatal Injury,At Intersection,Traffic Signal,Sideswipe,Clear,Dark,Dry,Major Arterial,TRUE,-79.54159098,43.74824435,3,,,4,10,Minimal,Lap and Shoulder Belt,,,,,,,,,,passenger,,Humber River-Black Creek (7),31 Division,Humbermede,FALSE,FALSE,FALSE,FALSE,FALSE,FALSE,FALSE,FALSE,TRUE,FALSE,"{""coordinates"": [[-79.54159097701373, 43.74824435304292]], ""type"": ""MultiPoint""}"
3696,2011:1237144,2011-04-02T19:30:00,WESTON Road,LANYARD Road,,7,Non-Fatal Injury,At Intersection,Traffic Signal,Sideswipe,Clear,Dark,Dry,Major Arterial,TRUE,-79.54159098,43.74824435,3,Automobile or Station Wagon,South,5,35,Minor,Lap and Shoulder Belt,Driving properly,Normal,,,Going Ahead,,,,,driver,,Humber River-Black Creek (7),31 Division,Humbermede,FALSE,FALSE,FALSE,FALSE,FALSE,FALSE,FALSE,FALSE,TRUE,FALSE,"{""coordinates"": [[-79.54159097701373, 43.74824435304292]], ""type"": ""MultiPoint""}"
3697,2011:1237144,2011-04-02T19:30:00,WESTON Road,LANYARD Road,,7,Non-Fatal Injury,At Intersection,Traffic Signal,Sideswipe,Clear,Dark,Dry,Major Arterial,TRUE,-79.54159098,43.74824435,4,Automobile or Station Wagon,North,7,22,None,Lap and Shoulder Belt,Improper lane change,Normal,,,Changing Lanes,,,,,driver,,Humber River-Black Creek (7),31 Division,Humbermede,FALSE,FALSE,FALSE,FALSE,FALSE,FALSE,FALSE,FALSE,TRUE,FALSE,"{""coordinates"": [[-79.54159097701373, 43.74824435304292]], ""type"": ""MultiPoint""}"
3698,2011:1237144,2011-04-02T19:30:00,WESTON Road,LANYARD Road,,7,Non-Fatal Injury,At Intersection,Traffic Signal,Sideswipe,Clear,Dark,Dry,Major Arterial,TRUE,-79.54159098,43.74824435,3,,,3,55,Major,Lap and Shoulder Belt,,,,,,,,,,passenger,,Humber River-Black Creek (7),31 Division,Humbermede,FALSE,FALSE,FALSE,FALSE,FALSE,FALSE,FALSE,FALSE,TRUE,FALSE,"{""coordinates"": [[-79.54159097701373, 43.74824435304292]], ""type"": ""MultiPoint""}"
3699,2011:1237144,2011-04-02T19:30:00,WESTON Road,LANYARD Road,,7,Non-Fatal Injury,At Intersection,Traffic Signal,Sideswipe,Clear,Dark,Dry,Major Arterial,TRUE,-79.54159098,43.74824435,1,Automobile or Station Wagon,North,1,50,None,Lap and Shoulder Belt,Driving properly,Normal,,,Going Ahead,,,,,driver,,Humber River-Black Creek (7),31 Division,Humbermede,FALSE,FALSE,FALSE,FALSE,FALSE,FALSE,FALSE,FALSE,TRUE,FALSE,"{""coordinates"": [[-79.54159097701373, 43.74824435304292]], ""type"": ""MultiPoint""}"
3700,2011:1237144,2011-04-02T19:30:00,WESTON Road,LANYARD Road,,7,Non-Fatal Injury,At Intersection,Traffic Signal,Sideswipe,Clear,Dark,Dry,Major Arterial,TRUE,-79.54159098,43.74824435,4,,,6,,,Other Safety Equipment Used,,,,,,,,,,owner,,Humber River-Black Creek (7),31 Division,Humbermede,FALSE,FALSE,FALSE,FALSE,FALSE,FALSE,FALSE,FALSE,TRUE,FALSE,"{""coordinates"": [[-79.54159097701373, 43.74824435304292]], ""type"": ""MultiPoint""}"
3701,2011:1237144,2011-04-02T19:30:00,WESTON Road,LANYARD Road,,7,Non-Fatal Injury,At Intersection,Traffic Signal,Sideswipe,Clear,Dark,Dry,Major Arterial,TRUE,-79.54159098,43.74824435,2,Automobile or Station Wagon,North,2,42,Minor,Lap and Shoulder Belt,Driving properly,Normal,,,Going Ahead,,,,,driver,,Humber River-Black Creek (7),31 Division,Humbermede,FALSE,FALSE,FALSE,FALSE,FALSE,FALSE,FALSE,FALSE,TRUE,FALSE,"{""coordinates"": [[-79.54159097701373, 43.74824435304292]], ""type"": ""MultiPoint""}"
3702,2011:1236980,2011-04-02T22:10:00,LAWRENCE AVE W,VARNA DR,,5,Non-Fatal Injury,At Intersection,Traffic Signal,Turning Movement,Clear,Dark,Dry,Major Arterial,FALSE,-79.43769087,43.71744424,2,,,4,,,Other Safety Equipment Used,,,,,,,,,,owner,,Eglinton-Lawrence (8),13 Division,Englemount-Lawrence,TRUE,FALSE,FALSE,FALSE,FALSE,TRUE,FALSE,FALSE,FALSE,FALSE,"{""coordinates"": [[-79.43769087104438, 43.717444239568934]], ""type"": ""MultiPoint""}"
3703,2011:1236980,2011-04-02T22:10:00,LAWRENCE AVE W,VARNA DR,,5,Non-Fatal Injury,At Intersection,Traffic Signal,Turning Movement,Clear,Dark,Dry,Major Arterial,FALSE,-79.43769087,43.71744424,2,,,2,,Minor,Child Safety Seat Used Correctly,,,,,,,,,,passenger,,Eglinton-Lawrence (8),13 Division,Englemount-Lawrence,TRUE,FALSE,FALSE,FALSE,FALSE,TRUE,FALSE,FALSE,FALSE,FALSE,"{""coordinates"": [[-79.43769087104438, 43.717444239568934]], ""type"": ""MultiPoint""}"
3704,2011:1236980,2011-04-02T22:10:00,LAWRENCE AVE W,VARNA DR,,5,Non-Fatal Injury,At Intersection,Traffic Signal,Turning Movement,Clear,Dark,Dry,Major Arterial,FALSE,-79.43769087,43.71744424,2,,,3,1,Major,Lap Belt Only,,,,,,,,,,passenger,,Eglinton-Lawrence (8),13 Division,Englemount-Lawrence,TRUE,FALSE,FALSE,FALSE,FALSE,TRUE,FALSE,FALSE,FALSE,FALSE,"{""coordinates"": [[-79.43769087104438, 43.717444239568934]], ""type"": ""MultiPoint""}"