_id,collision_id,accdate,stname1,stname2,stname3,per_inv,acclass,accloc,traffictl,impactype,visible,light,rdsfcond,road_class,failtorem,longitude,latitude,veh_no,vehtype,initdir,per_no,invage,injury,safequip,drivact,drivcond,pedact,pedcond,manoeuvre,pedtype,cyclistype,cycact,cyccond,road_user,fatal_no,wardname,division,neighbourhood,aggressive,distracted,cyclist,motorcyclist,other_micromobility,older_adult,pedestrian,red_light,school_child,heavy_truck,geometry
4057,2011:1267990,2011-10-03T17:00:00,QUEEN ST E,HILTZ AVE,,4,Non-Fatal Injury,,No Control,Rear End,Clear,Daylight,Dry,Minor Arterial,FALSE,-79.32679075,43.6639441,2,,West,4,17,Minimal,Helmet,Lost control,Inattentive,,,Going Ahead,,,,,driver,,Toronto-Danforth (14),55 Division,Greenwood-Coxwell,FALSE,TRUE,FALSE,FALSE,FALSE,FALSE,FALSE,FALSE,TRUE,TRUE,"{""coordinates"": [[-79.32679074781024, 43.6639440974052]], ""type"": ""MultiPoint""}"
4058,2011:1267990,2011-10-03T17:00:00,QUEEN ST E,HILTZ AVE,,4,Non-Fatal Injury,,No Control,Rear End,Clear,Daylight,Dry,Minor Arterial,FALSE,-79.32679075,43.6639441,1,,,1,,,Other Safety Equipment Used,,,,,,,,,,owner,,Toronto-Danforth (14),55 Division,Greenwood-Coxwell,FALSE,TRUE,FALSE,FALSE,FALSE,FALSE,FALSE,FALSE,TRUE,TRUE,"{""coordinates"": [[-79.32679074781024, 43.6639440974052]], ""type"": ""MultiPoint""}"
4059,2011:1257535,2011-10-04T17:16:00,KIPLING AVE,REDWATER DR,,2,Non-Fatal Injury,,No Control,SMV Other,Clear,Daylight,Dry,Major Arterial,FALSE,-79.56819107,43.7148444,1,Automobile or Station Wagon,North,2,74,Major,Lap and Shoulder Belt,Lost control,Unknown,,,Going Ahead,,,,,driver,,Etobicoke North (1),23 Division,Rexdale-Kipling,FALSE,FALSE,FALSE,FALSE,FALSE,TRUE,FALSE,FALSE,FALSE,FALSE,"{""coordinates"": [[-79.56819107296258, 43.71484440166545]], ""type"": ""MultiPoint""}"
4060,2011:1257535,2011-10-04T17:16:00,KIPLING AVE,REDWATER DR,,2,Non-Fatal Injury,,No Control,SMV Other,Clear,Daylight,Dry,Major Arterial,FALSE,-79.56819107,43.7148444,1,,,1,74,Major,Lap and Shoulder Belt,,,,,,,,,,passenger,,Etobicoke North (1),23 Division,Rexdale-Kipling,FALSE,FALSE,FALSE,FALSE,FALSE,TRUE,FALSE,FALSE,FALSE,FALSE,"{""coordinates"": [[-79.56819107296258, 43.71484440166545]], ""type"": ""MultiPoint""}"
4061,2011:1268039,2011-10-04T20:40:00,BRIMLEY RD,PROGRESS AVE,,4,Non-Fatal Injury,,Traffic Signal,Turning Movement,Clear,Dark,Dry,Major Arterial,FALSE,-79.2631905,43.77524401,2,,,3,,,Other Safety Equipment Used,,,,,,,,,,owner,,Scarborough Centre (21),41 Division,Bendale-Glen Andrew,TRUE,FALSE,FALSE,FALSE,FALSE,FALSE,FALSE,FALSE,FALSE,FALSE,"{""coordinates"": [[-79.2631905013469, 43.775244013582856]], ""type"": ""MultiPoint""}"
4062,2011:1268039,2011-10-04T20:40:00,BRIMLEY RD,PROGRESS AVE,,4,Non-Fatal Injury,,Traffic Signal,Turning Movement,Clear,Dark,Dry,Major Arterial,FALSE,-79.2631905,43.77524401,1,Automobile or Station Wagon,South,2,20,Minimal,Air Bag Deployed,Failed to yield right-of-way,Normal,,,Turning Left,,,,,driver,,Scarborough Centre (21),41 Division,Bendale-Glen Andrew,TRUE,FALSE,FALSE,FALSE,FALSE,FALSE,FALSE,FALSE,FALSE,FALSE,"{""coordinates"": [[-79.2631905013469, 43.775244013582856]], ""type"": ""MultiPoint""}"
4063,2011:1268039,2011-10-04T20:40:00,BRIMLEY RD,PROGRESS AVE,,4,Non-Fatal Injury,,Traffic Signal,Turning Movement,Clear,Dark,Dry,Major Arterial,FALSE,-79.2631905,43.77524401,1,,,1,20,Minor,Air Bag Deployed,,,,,,,,,,passenger,,Scarborough Centre (21),41 Division,Bendale-Glen Andrew,TRUE,FALSE,FALSE,FALSE,FALSE,FALSE,FALSE,FALSE,FALSE,FALSE,"{""coordinates"": [[-79.2631905013469, 43.775244013582856]], ""type"": ""MultiPoint""}"
4064,2011:1268039,2011-10-04T20:40:00,BRIMLEY RD,PROGRESS AVE,,4,Non-Fatal Injury,,Traffic Signal,Turning Movement,Clear,Dark,Dry,Major Arterial,FALSE,-79.2631905,43.77524401,2,Automobile or Station Wagon,North,4,49,Major,Air Bag Deployed,Driving properly,Normal,,,Going Ahead,,,,,driver,,Scarborough Centre (21),41 Division,Bendale-Glen Andrew,TRUE,FALSE,FALSE,FALSE,FALSE,FALSE,FALSE,FALSE,FALSE,FALSE,"{""coordinates"": [[-79.2631905013469, 43.775244013582856]], ""type"": ""MultiPoint""}"
4065,2011:1269208,2011-10-08T13:10:00,ST GEORGES Blvd,YORK Rd,,2,Non-Fatal Injury,At Intersection,Stop Sign,SMV Other,Clear,Daylight,Dry,Local,FALSE,-79.55379108,43.70224439,1,,,1,25,Minor,No Equipment Available,,,,,,,,,,passenger,,Etobicoke North (1),23 Division,Kingsview Village-The Westway,FALSE,FALSE,FALSE,TRUE,FALSE,FALSE,FALSE,FALSE,FALSE,FALSE,"{""coordinates"": [[-79.55379107821321, 43.70224439216348]], ""type"": ""MultiPoint""}"
4066,2011:1269208,2011-10-08T13:10:00,ST GEORGES Blvd,YORK Rd,,2,Non-Fatal Injury,At Intersection,Stop Sign,SMV Other,Clear,Daylight,Dry,Local,FALSE,-79.55379108,43.70224439,1,Motorcycle,West,2,31,Major,Helmet,Lost control,Other Condition,,,Going Ahead,,,,,motorcyclist,,Etobicoke North (1),23 Division,Kingsview Village-The Westway,FALSE,FALSE,FALSE,TRUE,FALSE,FALSE,FALSE,FALSE,FALSE,FALSE,"{""coordinates"": [[-79.55379107821321, 43.70224439216348]], ""type"": ""MultiPoint""}"
4071,2011:1258190,2011-10-10T05:49:00,F G GARDINER XY Expr E,KIPLING AVE,,2,Non-Fatal Injury,,No Control,SMV Other,Clear,Dark,Dry,,FALSE,-79.51349118,43.62024439,2,Automobile or Station Wagon,East,2,41,Major,Lap and Shoulder Belt,Lost control,Inattentive,,,Going Ahead,,,,,driver,,Etobicoke-Lakeshore (3),22 Division,Mimico-Queensway,FALSE,TRUE,FALSE,FALSE,FALSE,FALSE,FALSE,FALSE,FALSE,FALSE,"{""coordinates"": [[-79.51349117831602, 43.620244387099085]], ""type"": ""MultiPoint""}"
4072,2011:1258190,2011-10-10T05:49:00,F G GARDINER XY Expr E,KIPLING AVE,,2,Non-Fatal Injury,,No Control,SMV Other,Clear,Dark,Dry,,FALSE,-79.51349118,43.62024439,1,,,1,,,Other Safety Equipment Used,,,,,,,,,,owner,,Etobicoke-Lakeshore (3),22 Division,Mimico-Queensway,FALSE,TRUE,FALSE,FALSE,FALSE,FALSE,FALSE,FALSE,FALSE,FALSE,"{""coordinates"": [[-79.51349117831602, 43.620244387099085]], ""type"": ""MultiPoint""}"
4073,2011:1269435,2011-10-11T18:15:00,DANFORTH AVE,EUSTON AVE,,2,Non-Fatal Injury,At Intersection,No Control,Turning Movement,Clear,Daylight,Dry,Major Arterial,FALSE,-79.33779075,43.68034411,2,Automobile or Station Wagon,East,2,35,None,Lap and Shoulder Belt,Driving properly,Normal,,,Going Ahead,,,,,driver,,Toronto-Danforth (14),55 Division,Danforth,TRUE,FALSE,FALSE,FALSE,FALSE,TRUE,FALSE,FALSE,FALSE,FALSE,"{""coordinates"": [[-79.3377907458838, 43.680344111448456]], ""type"": ""MultiPoint""}"
4074,2011:1269435,2011-10-11T18:15:00,DANFORTH AVE,EUSTON AVE,,2,Non-Fatal Injury,At Intersection,No Control,Turning Movement,Clear,Daylight,Dry,Major Arterial,FALSE,-79.33779075,43.68034411,1,Automobile or Station Wagon,West,1,78,Major,Lap and Shoulder Belt,Failed to yield right-of-way,Normal,,,Turning Left,,,,,driver,,Toronto-Danforth (14),55 Division,Danforth,TRUE,FALSE,FALSE,FALSE,FALSE,TRUE,FALSE,FALSE,FALSE,FALSE,"{""coordinates"": [[-79.3377907458838, 43.680344111448456]], ""type"": ""MultiPoint""}"
4075,2011:1274476,2011-10-12T02:40:00,VICTORIA ST,SHUTER ST,,3,Non-Fatal Injury,,No Control,SMV Unattended Vehicle,Clear,Dark,Dry,Minor Arterial,FALSE,-79.37879086,43.65434417,2,,North,3,,None,Other Safety Equipment Used,,,,,Parked,,,,,other,,Toronto Centre (13),51 Division,Downtown Yonge East,FALSE,TRUE,FALSE,FALSE,FALSE,FALSE,FALSE,FALSE,FALSE,FALSE,"{""coordinates"": [[-79.37879086210985, 43.654344174837995]], ""type"": ""MultiPoint""}"
4076,2011:1274476,2011-10-12T02:40:00,VICTORIA ST,SHUTER ST,,3,Non-Fatal Injury,,No Control,SMV Unattended Vehicle,Clear,Dark,Dry,Minor Arterial,FALSE,-79.37879086,43.65434417,1,Automobile or Station Wagon,North,1,57,Major,Equipment Not Used But Available,Lost control,Inattentive,,,Going Ahead,,,,,driver,,Toronto Centre (13),51 Division,Downtown Yonge East,FALSE,TRUE,FALSE,FALSE,FALSE,FALSE,FALSE,FALSE,FALSE,FALSE,"{""coordinates"": [[-79.37879086210985, 43.654344174837995]], ""type"": ""MultiPoint""}"
4077,2011:1274476,2011-10-12T02:40:00,VICTORIA ST,SHUTER ST,,3,Non-Fatal Injury,,No Control,SMV Unattended Vehicle,Clear,Dark,Dry,Minor Arterial,FALSE,-79.37879086,43.65434417,1,,,2,,,Other Safety Equipment Used,,,,,,,,,,owner,,Toronto Centre (13),51 Division,Downtown Yonge East,FALSE,TRUE,FALSE,FALSE,FALSE,FALSE,FALSE,FALSE,FALSE,FALSE,"{""coordinates"": [[-79.37879086210985, 43.654344174837995]], ""type"": ""MultiPoint""}"
4078,2012:1305695,2012-06-07T09:30:00,PARLIAMENT ST,QUEEN ST E,,3,Non-Fatal Injury,,No Control,Other,Clear,Daylight,Dry,Minor Arterial,FALSE,-79.36479083,43.65644415,1,,,1,45,Major,Lap and Shoulder Belt,,,,,,,,,,passenger,,Toronto Centre (13),51 Division,Regent Park,FALSE,FALSE,FALSE,FALSE,FALSE,FALSE,FALSE,FALSE,FALSE,TRUE,"{""coordinates"": [[-79.36479083178808, 43.65644415384917]], ""type"": ""MultiPoint""}"
4079,2011:1259641,2011-10-18T21:45:00,DON VALLEY PARKWAY S,LAWRENCE AVE E,,7,Non-Fatal Injury,,No Control,Rear End,Clear,Dark,Dry,,FALSE,-79.33229065,43.7401441,1,Truck - Open (Flatbed),South,3,38,None,Other Safety Equipment Used,Lost control,Ability Impaired - Drugs,,,Going Ahead,,,,,driver,,Don Valley East (16),33 Division,Banbury-Don Mills,FALSE,FALSE,FALSE,FALSE,FALSE,FALSE,FALSE,FALSE,FALSE,TRUE,"{""coordinates"": [[-79.33229065248844, 43.74014409749362]], ""type"": ""MultiPoint""}"
4080,2011:1259641,2011-10-18T21:45:00,DON VALLEY PARKWAY S,LAWRENCE AVE E,,7,Non-Fatal Injury,,No Control,Rear End,Clear,Dark,Dry,,FALSE,-79.33229065,43.7401441,1,,,2,,,Other Safety Equipment Used,,,,,,,,,,owner,,Don Valley East (16),33 Division,Banbury-Don Mills,FALSE,FALSE,FALSE,FALSE,FALSE,FALSE,FALSE,FALSE,FALSE,TRUE,"{""coordinates"": [[-79.33229065248844, 43.74014409749362]], ""type"": ""MultiPoint""}"
4081,2011:1259641,2011-10-18T21:45:00,DON VALLEY PARKWAY S,LAWRENCE AVE E,,7,Non-Fatal Injury,,No Control,Rear End,Clear,Dark,Dry,,FALSE,-79.33229065,43.7401441,1,,,1,61,Major,Equipment Not Used But Available,,,,,,,,,,passenger,,Don Valley East (16),33 Division,Banbury-Don Mills,FALSE,FALSE,FALSE,FALSE,FALSE,FALSE,FALSE,FALSE,FALSE,TRUE,"{""coordinates"": [[-79.33229065248844, 43.74014409749362]], ""type"": ""MultiPoint""}"
4082,2011:1259641,2011-10-18T21:45:00,DON VALLEY PARKWAY S,LAWRENCE AVE E,,7,Non-Fatal Injury,,No Control,Rear End,Clear,Dark,Dry,,FALSE,-79.33229065,43.7401441,2,Automobile or Station Wagon,South,4,38,Minor,Lap and Shoulder Belt,Driving properly,Normal,,,Going Ahead,,,,,driver,,Don Valley East (16),33 Division,Banbury-Don Mills,FALSE,FALSE,FALSE,FALSE,FALSE,FALSE,FALSE,FALSE,FALSE,TRUE,"{""coordinates"": [[-79.33229065248844, 43.74014409749362]], ""type"": ""MultiPoint""}"
4083,2011:1259641,2011-10-18T21:45:00,DON VALLEY PARKWAY S,LAWRENCE AVE E,,7,Non-Fatal Injury,,No Control,Rear End,Clear,Dark,Dry,,FALSE,-79.33229065,43.7401441,3,Automobile or Station Wagon,South,6,60,Minor,Lap and Shoulder Belt,Driving properly,Normal,,,Going Ahead,,,,,driver,,Don Valley East (16),33 Division,Banbury-Don Mills,FALSE,FALSE,FALSE,FALSE,FALSE,FALSE,FALSE,FALSE,FALSE,TRUE,"{""coordinates"": [[-79.33229065248844, 43.74014409749362]], ""type"": ""MultiPoint""}"
4084,2011:1259641,2011-10-18T21:45:00,DON VALLEY PARKWAY S,LAWRENCE AVE E,,7,Non-Fatal Injury,,No Control,Rear End,Clear,Dark,Dry,,FALSE,-79.33229065,43.7401441,3,,,5,23,Minor,Lap and Shoulder Belt,,,,,,,,,,passenger,,Don Valley East (16),33 Division,Banbury-Don Mills,FALSE,FALSE,FALSE,FALSE,FALSE,FALSE,FALSE,FALSE,FALSE,TRUE,"{""coordinates"": [[-79.33229065248844, 43.74014409749362]], ""type"": ""MultiPoint""}"
4085,2011:1259641,2011-10-18T21:45:00,DON VALLEY PARKWAY S,LAWRENCE AVE E,,7,Non-Fatal Injury,,No Control,Rear End,Clear,Dark,Dry,,FALSE,-79.33229065,43.7401441,4,,,7,,,Other Safety Equipment Used,,,,,,,,,,owner,,Don Valley East (16),33 Division,Banbury-Don Mills,FALSE,FALSE,FALSE,FALSE,FALSE,FALSE,FALSE,FALSE,FALSE,TRUE,"{""coordinates"": [[-79.33229065248844, 43.74014409749362]], ""type"": ""MultiPoint""}"
4086,2011:1271644,2011-10-29T14:05:00,ROGERS RD,SILVERTHORN AVE,,2,Non-Fatal Injury,,No Control,Rear End,Clear,Daylight,Dry,Minor Arterial,FALSE,-79.46269098,43.68294329,1,Automobile or Station Wagon,West,1,34,Minimal,Lap and Shoulder Belt,Driving properly,Normal,,,Stopped,,,,,driver,,York South-Weston (5),12 Division,Keelesdale-Eglinton West,FALSE,TRUE,FALSE,FALSE,FALSE,FALSE,FALSE,FALSE,FALSE,FALSE,"{""coordinates"": [[-79.46269097545631, 43.68294328673913]], ""type"": ""MultiPoint""}"
4087,2011:1271644,2011-10-29T14:05:00,ROGERS RD,SILVERTHORN AVE,,2,Non-Fatal Injury,,No Control,Rear End,Clear,Daylight,Dry,Minor Arterial,FALSE,-79.46269098,43.68294329,2,Automobile or Station Wagon,West,2,39,Major,Lap and Shoulder Belt,Lost control,Inattentive,,,Slowing or Stopping,,,,,driver,,York South-Weston (5),12 Division,Keelesdale-Eglinton West,FALSE,TRUE,FALSE,FALSE,FALSE,FALSE,FALSE,FALSE,FALSE,FALSE,"{""coordinates"": [[-79.46269097545631, 43.68294328673913]], ""type"": ""MultiPoint""}"
4088,2011:1265988,2011-10-31T09:15:00,LAIRD DR,MILLWOOD RD,,2,Non-Fatal Injury,At Intersection,Traffic Signal,Rear End,Clear,Daylight,Dry,Major Arterial,TRUE,-79.36059076,43.70314414,2,Automobile or Station Wagon,South,1,,None,Other Safety Equipment Used,Following too closely,Unknown,,,Going Ahead,,,,,driver,,Don Valley West (15),53 Division,Leaside-Bennington,TRUE,FALSE,FALSE,FALSE,FALSE,FALSE,FALSE,FALSE,FALSE,FALSE,"{""coordinates"": [[-79.36059075520072, 43.70314413978034]], ""type"": ""MultiPoint""}"
4089,2011:1265988,2011-10-31T09:15:00,LAIRD DR,MILLWOOD RD,,2,Non-Fatal Injury,At Intersection,Traffic Signal,Rear End,Clear,Daylight,Dry,Major Arterial,TRUE,-79.36059076,43.70314414,1,Automobile or Station Wagon,South,2,25,Major,Lap and Shoulder Belt,Driving properly,Normal,,,Stopped,,,,,driver,,Don Valley West (15),53 Division,Leaside-Bennington,TRUE,FALSE,FALSE,FALSE,FALSE,FALSE,FALSE,FALSE,FALSE,FALSE,"{""coordinates"": [[-79.36059075520072, 43.70314413978034]], ""type"": ""MultiPoint""}"
4090,2011:1269892,2011-10-31T11:54:00,LAKE SHORE BLVD W,NINTH ST,,3,Non-Fatal Injury,At Intersection,Stop Sign,Turning Movement,Clear,Daylight,Dry,Major Arterial,FALSE,-79.50759121,43.60024439,2,Automobile or Station Wagon,North,2,75,Minor,Lap and Shoulder Belt,Failed to yield right-of-way,Normal,,,Turning Left,,,,,driver,,Etobicoke-Lakeshore (3),22 Division,New Toronto,TRUE,FALSE,FALSE,TRUE,FALSE,TRUE,FALSE,FALSE,FALSE,FALSE,"{""coordinates"": [[-79.50759120744733, 43.6002443897201]], ""type"": ""MultiPoint""}"
4091,2011:1269892,2011-10-31T11:54:00,LAKE SHORE BLVD W,NINTH ST,,3,Non-Fatal Injury,At Intersection,Stop Sign,Turning Movement,Clear,Daylight,Dry,Major Arterial,FALSE,-79.50759121,43.60024439,1,,,3,,,Other Safety Equipment Used,,,,,,,,,,owner,,Etobicoke-Lakeshore (3),22 Division,New Toronto,TRUE,FALSE,FALSE,TRUE,FALSE,TRUE,FALSE,FALSE,FALSE,FALSE,"{""coordinates"": [[-79.50759120744733, 43.6002443897201]], ""type"": ""MultiPoint""}"
4092,2011:1269892,2011-10-31T11:54:00,LAKE SHORE BLVD W,NINTH ST,,3,Non-Fatal Injury,At Intersection,Stop Sign,Turning Movement,Clear,Daylight,Dry,Major Arterial,FALSE,-79.50759121,43.60024439,1,Motorcycle,East,1,55,Major,Helmet,Driving properly,Normal,,,Going Ahead,,,,,motorcyclist,,Etobicoke-Lakeshore (3),22 Division,New Toronto,TRUE,FALSE,FALSE,TRUE,FALSE,TRUE,FALSE,FALSE,FALSE,FALSE,"{""coordinates"": [[-79.50759120744733, 43.6002443897201]], ""type"": ""MultiPoint""}"
4093,2011:1272947,2011-11-02T06:25:00,OAKWOOD AVE,HOLLAND PARK AVE,,2,Non-Fatal Injury,At Intersection,Stop Sign,Turning Movement,Clear,Dark,Dry,Minor Arterial,FALSE,-79.43838992,43.68634425,1,Motorcycle,North,1,65,Major,Helmet,Driving properly,Normal,,,Going Ahead,,,,,motorcyclist,,Davenport (9),13 Division,Oakwood Village,TRUE,FALSE,FALSE,TRUE,FALSE,TRUE,FALSE,FALSE,FALSE,FALSE,"{""coordinates"": [[-79.43838992438249, 43.68634425138438]], ""type"": ""MultiPoint""}"
4094,2011:1272947,2011-11-02T06:25:00,OAKWOOD AVE,HOLLAND PARK AVE,,2,Non-Fatal Injury,At Intersection,Stop Sign,Turning Movement,Clear,Dark,Dry,Minor Arterial,FALSE,-79.43838992,43.68634425,2,Automobile or Station Wagon,West,2,39,None,Lap Belt Only,Failed to yield right-of-way,Normal,,,Turning Left,,,,,driver,,Davenport (9),13 Division,Oakwood Village,TRUE,FALSE,FALSE,TRUE,FALSE,TRUE,FALSE,FALSE,FALSE,FALSE,"{""coordinates"": [[-79.43838992438249, 43.68634425138438]], ""type"": ""MultiPoint""}"
4095,2011:1273001,2011-11-02T16:10:00,COLLEGE ST,HAVELOCK ST,,3,Non-Fatal Injury,At Intersection,Stop Sign,Turning Movement,Clear,Daylight,Dry,Major Arterial,FALSE,-79.42939096,43.65294425,1,Motorcycle,West,1,66,Major,Helmet,Driving properly,Normal,,,Going Ahead,,,,,motorcyclist,,Davenport (9),14 Division,Little Portugal,TRUE,FALSE,FALSE,TRUE,FALSE,TRUE,FALSE,FALSE,TRUE,FALSE,"{""coordinates"": [[-79.42939096280259, 43.65294424979953]], ""type"": ""MultiPoint""}"
4096,2011:1273001,2011-11-02T16:10:00,COLLEGE ST,HAVELOCK ST,,3,Non-Fatal Injury,At Intersection,Stop Sign,Turning Movement,Clear,Daylight,Dry,Major Arterial,FALSE,-79.42939096,43.65294425,2,Automobile or Station Wagon,South,3,19,None,Lap Belt Only,Failed to yield right-of-way,Normal,,,Turning Right,,,,,driver,,Davenport (9),14 Division,Little Portugal,TRUE,FALSE,FALSE,TRUE,FALSE,TRUE,FALSE,FALSE,TRUE,FALSE,"{""coordinates"": [[-79.42939096280259, 43.65294424979953]], ""type"": ""MultiPoint""}"
4097,2011:1273001,2011-11-02T16:10:00,COLLEGE ST,HAVELOCK ST,,3,Non-Fatal Injury,At Intersection,Stop Sign,Turning Movement,Clear,Daylight,Dry,Major Arterial,FALSE,-79.42939096,43.65294425,2,,,2,,,Other Safety Equipment Used,,,,,,,,,,owner,,Davenport (9),14 Division,Little Portugal,TRUE,FALSE,FALSE,TRUE,FALSE,TRUE,FALSE,FALSE,TRUE,FALSE,"{""coordinates"": [[-79.42939096280259, 43.65294424979953]], ""type"": ""MultiPoint""}"
4098,2011:1274044,2011-11-08T16:50:00,MILLWOOD RD,CLEVELAND ST,,4,Non-Fatal Injury,At Intersection,Stop Sign,Angle,Clear,Dusk,Wet,Collector,FALSE,-79.37799079,43.70354416,1,,,1,46,Major,Air Bag Deployed,,,,,,,,,,passenger,,Don Valley West (15),53 Division,Mount Pleasant East,TRUE,FALSE,FALSE,FALSE,FALSE,FALSE,FALSE,FALSE,FALSE,FALSE,"{""coordinates"": [[-79.37799078613953, 43.70354416334152]], ""type"": ""MultiPoint""}"
4099,2011:1274044,2011-11-08T16:50:00,MILLWOOD RD,CLEVELAND ST,,4,Non-Fatal Injury,At Intersection,Stop Sign,Angle,Clear,Dusk,Wet,Collector,FALSE,-79.37799079,43.70354416,1,,,2,,,Other Safety Equipment Used,,,,,,,,,,owner,,Don Valley West (15),53 Division,Mount Pleasant East,TRUE,FALSE,FALSE,FALSE,FALSE,FALSE,FALSE,FALSE,FALSE,FALSE,"{""coordinates"": [[-79.37799078613953, 43.70354416334152]], ""type"": ""MultiPoint""}"
4100,2011:1274044,2011-11-08T16:50:00,MILLWOOD RD,CLEVELAND ST,,4,Non-Fatal Injury,At Intersection,Stop Sign,Angle,Clear,Dusk,Wet,Collector,FALSE,-79.37799079,43.70354416,1,Automobile or Station Wagon,East,3,42,None,Other Safety Equipment Used,Driving properly,Normal,,,Going Ahead,,,,,driver,,Don Valley West (15),53 Division,Mount Pleasant East,TRUE,FALSE,FALSE,FALSE,FALSE,FALSE,FALSE,FALSE,FALSE,FALSE,"{""coordinates"": [[-79.37799078613953, 43.70354416334152]], ""type"": ""MultiPoint""}"
4101,2011:1274044,2011-11-08T16:50:00,MILLWOOD RD,CLEVELAND ST,,4,Non-Fatal Injury,At Intersection,Stop Sign,Angle,Clear,Dusk,Wet,Collector,FALSE,-79.37799079,43.70354416,2,Automobile or Station Wagon,North,4,49,Minimal,Air Bag Deployed,Failed to yield right-of-way,Normal,,,Going Ahead,,,,,driver,,Don Valley West (15),53 Division,Mount Pleasant East,TRUE,FALSE,FALSE,FALSE,FALSE,FALSE,FALSE,FALSE,FALSE,FALSE,"{""coordinates"": [[-79.37799078613953, 43.70354416334152]], ""type"": ""MultiPoint""}"
4109,2011:1274629,2011-11-11T13:07:00,MARKHAM Road,TUXEDO Cour,,6,Non-Fatal Injury,At Intersection,Traffic Signal,Rear End,Clear,Daylight,Dry,Major Arterial,FALSE,-79.23299045,43.77944398,4,,,4,,,Other Safety Equipment Used,,,,,,,,,,owner,,Scarborough-Guildwood (24),43 Division,Woburn North,TRUE,TRUE,FALSE,FALSE,FALSE,FALSE,FALSE,FALSE,FALSE,TRUE,"{""coordinates"": [[-79.2329904532722, 43.779443981525404]], ""type"": ""MultiPoint""}"
4110,2011:1274629,2011-11-11T13:07:00,MARKHAM Road,TUXEDO Cour,,6,Non-Fatal Injury,At Intersection,Traffic Signal,Rear End,Clear,Daylight,Dry,Major Arterial,FALSE,-79.23299045,43.77944398,1,,,6,,,Other Safety Equipment Used,,,,,,,,,,owner,,Scarborough-Guildwood (24),43 Division,Woburn North,TRUE,TRUE,FALSE,FALSE,FALSE,FALSE,FALSE,FALSE,FALSE,TRUE,"{""coordinates"": [[-79.2329904532722, 43.779443981525404]], ""type"": ""MultiPoint""}"
4111,2011:1274629,2011-11-11T13:07:00,MARKHAM Road,TUXEDO Cour,,6,Non-Fatal Injury,At Intersection,Traffic Signal,Rear End,Clear,Daylight,Dry,Major Arterial,FALSE,-79.23299045,43.77944398,1,Truck - Open (Flatbed),South,1,45,None,Other Safety Equipment Used,Driving properly,Normal,,,Stopped,,,,,driver,,Scarborough-Guildwood (24),43 Division,Woburn North,TRUE,TRUE,FALSE,FALSE,FALSE,FALSE,FALSE,FALSE,FALSE,TRUE,"{""coordinates"": [[-79.2329904532722, 43.779443981525404]], ""type"": ""MultiPoint""}"
4112,2011:1274629,2011-11-11T13:07:00,MARKHAM Road,TUXEDO Cour,,6,Non-Fatal Injury,At Intersection,Traffic Signal,Rear End,Clear,Daylight,Dry,Major Arterial,FALSE,-79.23299045,43.77944398,2,,South,2,,None,Other Safety Equipment Used,,,,,Stopped,,,,,other,,Scarborough-Guildwood (24),43 Division,Woburn North,TRUE,TRUE,FALSE,FALSE,FALSE,FALSE,FALSE,FALSE,FALSE,TRUE,"{""coordinates"": [[-79.2329904532722, 43.779443981525404]], ""type"": ""MultiPoint""}"
4113,2011:1274629,2011-11-11T13:07:00,MARKHAM Road,TUXEDO Cour,,6,Non-Fatal Injury,At Intersection,Traffic Signal,Rear End,Clear,Daylight,Dry,Major Arterial,FALSE,-79.23299045,43.77944398,4,Automobile or Station Wagon,South,5,20,None,Other Safety Equipment Used,Following too closely,Inattentive,,,Slowing or Stopping,,,,,driver,,Scarborough-Guildwood (24),43 Division,Woburn North,TRUE,TRUE,FALSE,FALSE,FALSE,FALSE,FALSE,FALSE,FALSE,TRUE,"{""coordinates"": [[-79.2329904532722, 43.779443981525404]], ""type"": ""MultiPoint""}"
4114,2011:1274629,2011-11-11T13:07:00,MARKHAM Road,TUXEDO Cour,,6,Non-Fatal Injury,At Intersection,Traffic Signal,Rear End,Clear,Daylight,Dry,Major Arterial,FALSE,-79.23299045,43.77944398,3,Automobile or Station Wagon,South,3,27,Major,Lap and Shoulder Belt,Following too closely,Inattentive,,,Going Ahead,,,,,driver,,Scarborough-Guildwood (24),43 Division,Woburn North,TRUE,TRUE,FALSE,FALSE,FALSE,FALSE,FALSE,FALSE,FALSE,TRUE,"{""coordinates"": [[-79.2329904532722, 43.779443981525404]], ""type"": ""MultiPoint""}"
4115,2011:1274299,2011-11-12T13:55:00,WESTON Road,CORDELLA Aven,,3,Non-Fatal Injury,At Intersection,No Control,Turning Movement,Clear,Daylight,Dry,Minor Arterial,FALSE,-79.48129101,43.68354431,2,Automobile or Station Wagon,West,3,56,Major,Lap and Shoulder Belt,Improper turn,Inattentive,,,Making U-Turn,,,,,driver,,York South-Weston (5),12 Division,Rockcliffe-Smythe,FALSE,TRUE,FALSE,FALSE,FALSE,TRUE,FALSE,FALSE,FALSE,FALSE,"{""coordinates"": [[-79.48129100911132, 43.68354431261792]], ""type"": ""MultiPoint""}"
4116,2011:1274299,2011-11-12T13:55:00,WESTON Road,CORDELLA Aven,,3,Non-Fatal Injury,At Intersection,No Control,Turning Movement,Clear,Daylight,Dry,Minor Arterial,FALSE,-79.48129101,43.68354431,1,Automobile or Station Wagon,East,2,75,Major,Lap and Shoulder Belt,Driving properly,Normal,,,Going Ahead,,,,,driver,,York South-Weston (5),12 Division,Rockcliffe-Smythe,FALSE,TRUE,FALSE,FALSE,FALSE,TRUE,FALSE,FALSE,FALSE,FALSE,"{""coordinates"": [[-79.48129100911132, 43.68354431261792]], ""type"": ""MultiPoint""}"
4117,2011:1274299,2011-11-12T13:55:00,WESTON Road,CORDELLA Aven,,3,Non-Fatal Injury,At Intersection,No Control,Turning Movement,Clear,Daylight,Dry,Minor Arterial,FALSE,-79.48129101,43.68354431,1,,,1,,,Other Safety Equipment Used,,,,,,,,,,owner,,York South-Weston (5),12 Division,Rockcliffe-Smythe,FALSE,TRUE,FALSE,FALSE,FALSE,TRUE,FALSE,FALSE,FALSE,FALSE,"{""coordinates"": [[-79.48129100911132, 43.68354431261792]], ""type"": ""MultiPoint""}"
4118,2011:1264317,2011-11-14T17:04:00,MILNER Aven,MORNINGSIDE Aven,,3,Non-Fatal Injury,,Traffic Signal,Rear End,Clear,Dusk with Artificial Lighting,Wet,Major Arterial,FALSE,-79.19908939,43.80024295,2,,,2,83,Major,Use Unknown,,,,,,,,,,passenger,,Scarborough-Rouge Park (25),42 Division,Malvern East,TRUE,FALSE,FALSE,FALSE,FALSE,TRUE,FALSE,FALSE,FALSE,FALSE,"{""coordinates"": [[-79.19908939250264, 43.80024295274641]], ""type"": ""MultiPoint""}"