_id,collision_id,accdate,stname1,stname2,stname3,per_inv,acclass,accloc,traffictl,impactype,visible,light,rdsfcond,road_class,failtorem,longitude,latitude,veh_no,vehtype,initdir,per_no,invage,injury,safequip,drivact,drivcond,pedact,pedcond,manoeuvre,pedtype,cyclistype,cycact,cyccond,road_user,fatal_no,wardname,division,neighbourhood,aggressive,distracted,cyclist,motorcyclist,other_micromobility,older_adult,pedestrian,red_light,school_child,heavy_truck,geometry
4388,2012:1293309,2012-05-09T15:28:00,ISLINGTON AVE,MILADY RD,,5,Non-Fatal Injury,At Intersection,Traffic Signal,Turning Movement,Other,Daylight,Other,Major Arterial,FALSE,-79.568391,43.75224438,2,Automobile or Station Wagon,West,5,22,Minor,Lap and Shoulder Belt,Driving properly,Normal,,,Turning Left,,,,,driver,,Humber River-Black Creek (7),31 Division,Humber Summit,TRUE,FALSE,FALSE,FALSE,FALSE,FALSE,FALSE,TRUE,TRUE,TRUE,"{""coordinates"": [[-79.56839100434284, 43.752244380945264]], ""type"": ""MultiPoint""}"
4389,2012:1293309,2012-05-09T15:28:00,ISLINGTON AVE,MILADY RD,,5,Non-Fatal Injury,At Intersection,Traffic Signal,Turning Movement,Other,Daylight,Other,Major Arterial,FALSE,-79.568391,43.75224438,1,Truck - Open (Flatbed),North,2,25,None,Lap and Shoulder Belt,Disobeyed traffic control,Normal,,,Going Ahead,,,,,driver,,Humber River-Black Creek (7),31 Division,Humber Summit,TRUE,FALSE,FALSE,FALSE,FALSE,FALSE,FALSE,TRUE,TRUE,TRUE,"{""coordinates"": [[-79.56839100434284, 43.752244380945264]], ""type"": ""MultiPoint""}"
4390,2012:1293309,2012-05-09T15:28:00,ISLINGTON AVE,MILADY RD,,5,Non-Fatal Injury,At Intersection,Traffic Signal,Turning Movement,Other,Daylight,Other,Major Arterial,FALSE,-79.568391,43.75224438,1,,,1,,,Other Safety Equipment Used,,,,,,,,,,owner,,Humber River-Black Creek (7),31 Division,Humber Summit,TRUE,FALSE,FALSE,FALSE,FALSE,FALSE,FALSE,TRUE,TRUE,TRUE,"{""coordinates"": [[-79.56839100434284, 43.752244380945264]], ""type"": ""MultiPoint""}"
4391,2012:1293945,2012-05-12T21:33:00,SHEPPARD AVE W,BATHURST ST W,,3,Non-Fatal Injury,At Intersection,Traffic Signal,Turning Movement,Clear,Dark with Artificial Lighting,Dry,Major Arterial,FALSE,-79.43849081,43.75544423,1,,,1,83,Minor,Lap and Shoulder Belt,,,,,,,,,,passenger,,York Centre (6),32 Division,Clanton Park,TRUE,TRUE,FALSE,FALSE,FALSE,TRUE,FALSE,FALSE,FALSE,FALSE,"{""coordinates"": [[-79.43849081163438, 43.75544422838427]], ""type"": ""MultiPoint""}"
4392,2012:1293945,2012-05-12T21:33:00,SHEPPARD AVE W,BATHURST ST W,,3,Non-Fatal Injury,At Intersection,Traffic Signal,Turning Movement,Clear,Dark with Artificial Lighting,Dry,Major Arterial,FALSE,-79.43849081,43.75544423,2,Automobile or Station Wagon,East,3,20,Minimal,Lap and Shoulder Belt,Driving properly,Unknown,,,Going Ahead,,,,,driver,,York Centre (6),32 Division,Clanton Park,TRUE,TRUE,FALSE,FALSE,FALSE,TRUE,FALSE,FALSE,FALSE,FALSE,"{""coordinates"": [[-79.43849081163438, 43.75544422838427]], ""type"": ""MultiPoint""}"
4393,2012:1293945,2012-05-12T21:33:00,SHEPPARD AVE W,BATHURST ST W,,3,Non-Fatal Injury,At Intersection,Traffic Signal,Turning Movement,Clear,Dark with Artificial Lighting,Dry,Major Arterial,FALSE,-79.43849081,43.75544423,1,Automobile or Station Wagon,West,2,84,Major,Lap and Shoulder Belt,Failed to yield right-of-way,Inattentive,,,Turning Left,,,,,driver,,York Centre (6),32 Division,Clanton Park,TRUE,TRUE,FALSE,FALSE,FALSE,TRUE,FALSE,FALSE,FALSE,FALSE,"{""coordinates"": [[-79.43849081163438, 43.75544422838427]], ""type"": ""MultiPoint""}"
4394,2012:1303045,2012-05-14T19:36:00,WARDEN AVE,HUNTINGWOOD DR,,3,Non-Fatal Injury,At Intersection,Traffic Signal,Turning Movement,Clear,Dusk,Dry,Major Arterial,FALSE,-79.31089057,43.78544407,1,,,1,,,Other Safety Equipment Used,,,,,,,,,,owner,,Scarborough-Agincourt (22),42 Division,Tam O'Shanter-Sullivan,TRUE,FALSE,FALSE,TRUE,FALSE,FALSE,FALSE,FALSE,FALSE,FALSE,"{""coordinates"": [[-79.31089057020783, 43.78544407179775]], ""type"": ""MultiPoint""}"
4395,2012:1303045,2012-05-14T19:36:00,WARDEN AVE,HUNTINGWOOD DR,,3,Non-Fatal Injury,At Intersection,Traffic Signal,Turning Movement,Clear,Dusk,Dry,Major Arterial,FALSE,-79.31089057,43.78544407,1,Motorcycle,South,2,22,Major,Helmet,Exceeding speed limit,Normal,,,Going Ahead,,,,,motorcyclist,,Scarborough-Agincourt (22),42 Division,Tam O'Shanter-Sullivan,TRUE,FALSE,FALSE,TRUE,FALSE,FALSE,FALSE,FALSE,FALSE,FALSE,"{""coordinates"": [[-79.31089057020783, 43.78544407179775]], ""type"": ""MultiPoint""}"
4396,2012:1303045,2012-05-14T19:36:00,WARDEN AVE,HUNTINGWOOD DR,,3,Non-Fatal Injury,At Intersection,Traffic Signal,Turning Movement,Clear,Dusk,Dry,Major Arterial,FALSE,-79.31089057,43.78544407,2,Automobile or Station Wagon,North,3,25,None,Other Safety Equipment Used,Driving properly,Normal,,,Turning Left,,,,,driver,,Scarborough-Agincourt (22),42 Division,Tam O'Shanter-Sullivan,TRUE,FALSE,FALSE,TRUE,FALSE,FALSE,FALSE,FALSE,FALSE,FALSE,"{""coordinates"": [[-79.31089057020783, 43.78544407179775]], ""type"": ""MultiPoint""}"
4398,2012:1303894,2012-05-23T18:35:00,QUEEN ST E,OLD BREWERY LANE,,3,Non-Fatal Injury,At Intersection,No Control,Turning Movement,Clear,Daylight,Dry,Major Arterial,FALSE,-79.35519081,43.65764414,2,Automobile or Station Wagon,West,3,64,Major,Lap and Shoulder Belt,Failed to yield right-of-way,Normal,,,Turning Left,,,,,driver,,Toronto Centre (13),51 Division,Moss Park,TRUE,FALSE,FALSE,FALSE,FALSE,FALSE,FALSE,FALSE,FALSE,FALSE,"{""coordinates"": [[-79.35519081143583, 43.65764413957345]], ""type"": ""MultiPoint""}"
4399,2012:1303894,2012-05-23T18:35:00,QUEEN ST E,OLD BREWERY LANE,,3,Non-Fatal Injury,At Intersection,No Control,Turning Movement,Clear,Daylight,Dry,Major Arterial,FALSE,-79.35519081,43.65764414,2,,,2,,,Other Safety Equipment Used,,,,,,,,,,owner,,Toronto Centre (13),51 Division,Moss Park,TRUE,FALSE,FALSE,FALSE,FALSE,FALSE,FALSE,FALSE,FALSE,FALSE,"{""coordinates"": [[-79.35519081143583, 43.65764413957345]], ""type"": ""MultiPoint""}"
4400,2012:1303894,2012-05-23T18:35:00,QUEEN ST E,OLD BREWERY LANE,,3,Non-Fatal Injury,At Intersection,No Control,Turning Movement,Clear,Daylight,Dry,Major Arterial,FALSE,-79.35519081,43.65764414,1,Automobile or Station Wagon,East,1,34,Major,Lap and Shoulder Belt,Driving properly,Normal,,,Going Ahead,,,,,driver,,Toronto Centre (13),51 Division,Moss Park,TRUE,FALSE,FALSE,FALSE,FALSE,FALSE,FALSE,FALSE,FALSE,FALSE,"{""coordinates"": [[-79.35519081143583, 43.65764413957345]], ""type"": ""MultiPoint""}"
4401,2012:1304249,2012-05-26T10:44:00,BATHURST St,BRIAR HILL Ave,,2,Non-Fatal Injury,At Intersection,Traffic Signal,Rear End,Clear,Daylight,Dry,Major Arterial,FALSE,-79.42709087,43.70794423,2,Automobile or Station Wagon,South,2,53,None,Lap Belt Only,Driving properly,Normal,,,Stopped,,,,,driver,,Eglinton-Lawrence (8),13 Division,Forest Hill North,FALSE,FALSE,FALSE,TRUE,FALSE,FALSE,FALSE,FALSE,FALSE,FALSE,"{""coordinates"": [[-79.42709086786132, 43.70794422859346]], ""type"": ""MultiPoint""}"
4402,2012:1304249,2012-05-26T10:44:00,BATHURST St,BRIAR HILL Ave,,2,Non-Fatal Injury,At Intersection,Traffic Signal,Rear End,Clear,Daylight,Dry,Major Arterial,FALSE,-79.42709087,43.70794423,1,Motorcycle,South,1,24,Major,Helmet,Lost control,Normal,,,Going Ahead,,,,,motorcyclist,,Eglinton-Lawrence (8),13 Division,Forest Hill North,FALSE,FALSE,FALSE,TRUE,FALSE,FALSE,FALSE,FALSE,FALSE,FALSE,"{""coordinates"": [[-79.42709086786132, 43.70794422859346]], ""type"": ""MultiPoint""}"
4403,2012:1304929,2012-05-29T18:36:00,HUDSON DR,INGLEWOOD DR E,,4,Non-Fatal Injury,,No Control,SMV Unattended Vehicle,Clear,Daylight,Dry,Local,FALSE,-79.3761908,43.69094416,2,,South,2,,None,Other Safety Equipment Used,,,,,Parked,,,,,other,,University-Rosedale (11),53 Division,Rosedale-Moore Park,FALSE,FALSE,FALSE,FALSE,FALSE,TRUE,FALSE,FALSE,FALSE,FALSE,"{""coordinates"": [[-79.3761908018747, 43.690944163487]], ""type"": ""MultiPoint""}"
4404,2012:1304929,2012-05-29T18:36:00,HUDSON DR,INGLEWOOD DR E,,4,Non-Fatal Injury,,No Control,SMV Unattended Vehicle,Clear,Daylight,Dry,Local,FALSE,-79.3761908,43.69094416,3,,North,3,,None,Other Safety Equipment Used,,,,,Parked,,,,,other,,University-Rosedale (11),53 Division,Rosedale-Moore Park,FALSE,FALSE,FALSE,FALSE,FALSE,TRUE,FALSE,FALSE,FALSE,FALSE,"{""coordinates"": [[-79.3761908018747, 43.690944163487]], ""type"": ""MultiPoint""}"
4405,2012:1304929,2012-05-29T18:36:00,HUDSON DR,INGLEWOOD DR E,,4,Non-Fatal Injury,,No Control,SMV Unattended Vehicle,Clear,Daylight,Dry,Local,FALSE,-79.3761908,43.69094416,1,Automobile or Station Wagon,North,1,78,Major,Lap and Shoulder Belt,Other,Normal,,,Reversing,,,,,driver,,University-Rosedale (11),53 Division,Rosedale-Moore Park,FALSE,FALSE,FALSE,FALSE,FALSE,TRUE,FALSE,FALSE,FALSE,FALSE,"{""coordinates"": [[-79.3761908018747, 43.690944163487]], ""type"": ""MultiPoint""}"
4406,2012:1304929,2012-05-29T18:36:00,HUDSON DR,INGLEWOOD DR E,,4,Non-Fatal Injury,,No Control,SMV Unattended Vehicle,Clear,Daylight,Dry,Local,FALSE,-79.3761908,43.69094416,4,,North,4,,None,Other Safety Equipment Used,,,,,Parked,,,,,other,,University-Rosedale (11),53 Division,Rosedale-Moore Park,FALSE,FALSE,FALSE,FALSE,FALSE,TRUE,FALSE,FALSE,FALSE,FALSE,"{""coordinates"": [[-79.3761908018747, 43.690944163487]], ""type"": ""MultiPoint""}"
4407,2012:1296801,2012-06-01T06:45:00,BLACK CREEK DR,EGLINTON AVE W,,6,Non-Fatal Injury,At Intersection,Traffic Signal,Angle,Rain,Daylight,Wet,Major Arterial,FALSE,-79.482838,43.68829531,1,Automobile or Station Wagon,East,4,50,None,Other Safety Equipment Used,Driving properly,Normal,,,Going Ahead,,,,,driver,,York South-Weston (5),12 Division,Keelesdale-Eglinton West,TRUE,FALSE,FALSE,FALSE,FALSE,FALSE,FALSE,TRUE,FALSE,FALSE,"{""coordinates"": [[-79.48283800346998, 43.68829531263635]], ""type"": ""MultiPoint""}"
4408,2012:1296801,2012-06-01T06:45:00,BLACK CREEK DR,EGLINTON AVE W,,6,Non-Fatal Injury,At Intersection,Traffic Signal,Angle,Rain,Daylight,Wet,Major Arterial,FALSE,-79.482838,43.68829531,4,Automobile or Station Wagon,East,2,41,Minor,Other Safety Equipment Used,Driving properly,Normal,,,Going Ahead,,,,,driver,,York South-Weston (5),12 Division,Keelesdale-Eglinton West,TRUE,FALSE,FALSE,FALSE,FALSE,FALSE,FALSE,TRUE,FALSE,FALSE,"{""coordinates"": [[-79.48283800346998, 43.68829531263635]], ""type"": ""MultiPoint""}"
4409,2012:1296801,2012-06-01T06:45:00,BLACK CREEK DR,EGLINTON AVE W,,6,Non-Fatal Injury,At Intersection,Traffic Signal,Angle,Rain,Daylight,Wet,Major Arterial,FALSE,-79.482838,43.68829531,3,,,1,,,Other Safety Equipment Used,,,,,,,,,,other,,York South-Weston (5),12 Division,Keelesdale-Eglinton West,TRUE,FALSE,FALSE,FALSE,FALSE,FALSE,FALSE,TRUE,FALSE,FALSE,"{""coordinates"": [[-79.48283800346998, 43.68829531263635]], ""type"": ""MultiPoint""}"
4410,2012:1296801,2012-06-01T06:45:00,BLACK CREEK DR,EGLINTON AVE W,,6,Non-Fatal Injury,At Intersection,Traffic Signal,Angle,Rain,Daylight,Wet,Major Arterial,FALSE,-79.482838,43.68829531,1,,,3,,,Other Safety Equipment Used,,,,,,,,,,other,,York South-Weston (5),12 Division,Keelesdale-Eglinton West,TRUE,FALSE,FALSE,FALSE,FALSE,FALSE,FALSE,TRUE,FALSE,FALSE,"{""coordinates"": [[-79.48283800346998, 43.68829531263635]], ""type"": ""MultiPoint""}"
4411,2012:1296801,2012-06-01T06:45:00,BLACK CREEK DR,EGLINTON AVE W,,6,Non-Fatal Injury,At Intersection,Traffic Signal,Angle,Rain,Daylight,Wet,Major Arterial,FALSE,-79.482838,43.68829531,2,,,5,55,Major,Lap and Shoulder Belt,,,,,,,,,,passenger,,York South-Weston (5),12 Division,Keelesdale-Eglinton West,TRUE,FALSE,FALSE,FALSE,FALSE,FALSE,FALSE,TRUE,FALSE,FALSE,"{""coordinates"": [[-79.48283800346998, 43.68829531263635]], ""type"": ""MultiPoint""}"
4412,2012:1296801,2012-06-01T06:45:00,BLACK CREEK DR,EGLINTON AVE W,,6,Non-Fatal Injury,At Intersection,Traffic Signal,Angle,Rain,Daylight,Wet,Major Arterial,FALSE,-79.482838,43.68829531,2,Automobile or Station Wagon,South,6,45,Minor,Other Safety Equipment Used,Disobeyed traffic control,Normal,,,Going Ahead,,,,,driver,,York South-Weston (5),12 Division,Keelesdale-Eglinton West,TRUE,FALSE,FALSE,FALSE,FALSE,FALSE,FALSE,TRUE,FALSE,FALSE,"{""coordinates"": [[-79.48283800346998, 43.68829531263635]], ""type"": ""MultiPoint""}"
4413,2012:1305179,2012-06-03T19:15:00,KINGSTON RD,MEADOWVALE RD,,2,Non-Fatal Injury,At Intersection,No Control,Turning Movement,Clear,Daylight,Dry,Minor Arterial,FALSE,-79.16219035,43.78874391,2,Automobile or Station Wagon,East,2,43,None,Other Safety Equipment Used,Improper turn,Medical or Physical Disability,,,Turning Left,,,,,driver,,Scarborough-Rouge Park (25),43 Division,Highland Creek,FALSE,FALSE,FALSE,TRUE,FALSE,FALSE,FALSE,FALSE,FALSE,FALSE,"{""coordinates"": [[-79.1621903512472, 43.788743914156456]], ""type"": ""MultiPoint""}"
4414,2012:1305179,2012-06-03T19:15:00,KINGSTON RD,MEADOWVALE RD,,2,Non-Fatal Injury,At Intersection,No Control,Turning Movement,Clear,Daylight,Dry,Minor Arterial,FALSE,-79.16219035,43.78874391,1,Motorcycle,West,1,42,Major,Helmet,Driving properly,Normal,,,Going Ahead,,,,,motorcyclist,,Scarborough-Rouge Park (25),43 Division,Highland Creek,FALSE,FALSE,FALSE,TRUE,FALSE,FALSE,FALSE,FALSE,FALSE,FALSE,"{""coordinates"": [[-79.1621903512472, 43.788743914156456]], ""type"": ""MultiPoint""}"
4415,2012:1305265,2012-06-04T17:39:00,O CONNOR DR,WOODMOUNT AVE,,1,Non-Fatal Injury,,No Control,Other,Rain,Daylight,Wet,Major Arterial,FALSE,-79.32139069,43.69944409,1,Automobile or Station Wagon,East,1,57,Major,Helmet,Lost control,Normal,,,Going Ahead,,,,,motorcyclist,,Beaches-East York (19),55 Division,Old East York,FALSE,FALSE,FALSE,TRUE,FALSE,FALSE,FALSE,FALSE,FALSE,FALSE,"{""coordinates"": [[-79.32139068916871, 43.699444086800206]], ""type"": ""MultiPoint""}"
4416,2012:1305424,2012-06-05T06:47:00,SHERBOURNE ST,HOWARD ST,,3,Non-Fatal Injury,At Intersection,Traffic Signal,Other,Clear,Daylight,Dry,Minor Arterial,FALSE,-79.37639083,43.67124417,1,Municipal Transit Bus (TTC),North,2,58,None,Lap and Shoulder Belt,Driving properly,Normal,,,Slowing or Stopping,,,,,driver,,Toronto Centre (13),51 Division,North St.James Town,FALSE,FALSE,FALSE,FALSE,FALSE,TRUE,FALSE,FALSE,FALSE,TRUE,"{""coordinates"": [[-79.37639083195515, 43.67124416782282]], ""type"": ""MultiPoint""}"
4417,2012:1305424,2012-06-05T06:47:00,SHERBOURNE ST,HOWARD ST,,3,Non-Fatal Injury,At Intersection,Traffic Signal,Other,Clear,Daylight,Dry,Minor Arterial,FALSE,-79.37639083,43.67124417,1,,,1,,,Other Safety Equipment Used,,,,,,,,,,owner,,Toronto Centre (13),51 Division,North St.James Town,FALSE,FALSE,FALSE,FALSE,FALSE,TRUE,FALSE,FALSE,FALSE,TRUE,"{""coordinates"": [[-79.37639083195515, 43.67124416782282]], ""type"": ""MultiPoint""}"
4418,2012:1305424,2012-06-05T06:47:00,SHERBOURNE ST,HOWARD ST,,3,Non-Fatal Injury,At Intersection,Traffic Signal,Other,Clear,Daylight,Dry,Minor Arterial,FALSE,-79.37639083,43.67124417,2,,,3,69,Major,Other Safety Equipment Used,,,,,,,,,,passenger,,Toronto Centre (13),51 Division,North St.James Town,FALSE,FALSE,FALSE,FALSE,FALSE,TRUE,FALSE,FALSE,FALSE,TRUE,"{""coordinates"": [[-79.37639083195515, 43.67124416782282]], ""type"": ""MultiPoint""}"
4419,2012:1305695,2012-06-07T09:30:00,PARLIAMENT ST,QUEEN ST E,,3,Non-Fatal Injury,,No Control,Other,Clear,Daylight,Dry,Minor Arterial,FALSE,-79.36479083,43.65644415,1,,,2,,,Other Safety Equipment Used,,,,,,,,,,owner,,Toronto Centre (13),51 Division,Regent Park,FALSE,FALSE,FALSE,FALSE,FALSE,FALSE,FALSE,FALSE,FALSE,TRUE,"{""coordinates"": [[-79.36479083178808, 43.65644415384917]], ""type"": ""MultiPoint""}"
4420,2012:1305695,2012-06-07T09:30:00,PARLIAMENT ST,QUEEN ST E,,3,Non-Fatal Injury,,No Control,Other,Clear,Daylight,Dry,Minor Arterial,FALSE,-79.36479083,43.65644415,1,Municipal Transit Bus (TTC),South,3,53,None,Other Safety Equipment Used,Driving properly,Normal,,,Going Ahead,,,,,driver,,Toronto Centre (13),51 Division,Regent Park,FALSE,FALSE,FALSE,FALSE,FALSE,FALSE,FALSE,FALSE,FALSE,TRUE,"{""coordinates"": [[-79.36479083178808, 43.65644415384917]], ""type"": ""MultiPoint""}"
4423,2012:1298041,2012-06-08T23:01:00,ST CLAIR AVE W,EARLSCOURT AVE,,3,Non-Fatal Injury,At Intersection,No Control,SMV Unattended Vehicle,Clear,Dark,Dry,Major Arterial,FALSE,-79.44679096,43.67714427,3,Motorcycle,East,4,36,Major,Helmet,Exceeding speed limit,Inattentive,,,Going Ahead,,,,,motorcyclist,,Davenport (9),13 Division,Corso Italia-Davenport,TRUE,TRUE,FALSE,TRUE,FALSE,FALSE,FALSE,FALSE,FALSE,FALSE,"{""coordinates"": [[-79.44679095561224, 43.67714426652943]], ""type"": ""MultiPoint""}"
4424,2012:1298041,2012-06-08T23:01:00,ST CLAIR AVE W,EARLSCOURT AVE,,3,Non-Fatal Injury,At Intersection,No Control,SMV Unattended Vehicle,Clear,Dark,Dry,Major Arterial,FALSE,-79.44679096,43.67714427,2,,East,2,,None,Other Safety Equipment Used,,,,,Parked,,,,,other,,Davenport (9),13 Division,Corso Italia-Davenport,TRUE,TRUE,FALSE,TRUE,FALSE,FALSE,FALSE,FALSE,FALSE,FALSE,"{""coordinates"": [[-79.44679095561224, 43.67714426652943]], ""type"": ""MultiPoint""}"
4425,2012:1298041,2012-06-08T23:01:00,ST CLAIR AVE W,EARLSCOURT AVE,,3,Non-Fatal Injury,At Intersection,No Control,SMV Unattended Vehicle,Clear,Dark,Dry,Major Arterial,FALSE,-79.44679096,43.67714427,3,,,3,,,Other Safety Equipment Used,,,,,,,,,,owner,,Davenport (9),13 Division,Corso Italia-Davenport,TRUE,TRUE,FALSE,TRUE,FALSE,FALSE,FALSE,FALSE,FALSE,FALSE,"{""coordinates"": [[-79.44679095561224, 43.67714426652943]], ""type"": ""MultiPoint""}"
4426,2012:1298041,2012-06-08T23:01:00,ST CLAIR AVE W,EARLSCOURT AVE,,3,Non-Fatal Injury,At Intersection,No Control,SMV Unattended Vehicle,Clear,Dark,Dry,Major Arterial,FALSE,-79.44679096,43.67714427,1,Automobile or Station Wagon,East,1,45,None,Lap and Shoulder Belt,Improper lane change,Normal,,,Changing Lanes,,,,,driver,,Davenport (9),13 Division,Corso Italia-Davenport,TRUE,TRUE,FALSE,TRUE,FALSE,FALSE,FALSE,FALSE,FALSE,FALSE,"{""coordinates"": [[-79.44679095561224, 43.67714426652943]], ""type"": ""MultiPoint""}"
4427,2025:5001780286,2025-08-24T20:08:00,KIPLING AVE,2116 KIPLING AVE,1 m East of,2,Non-Fatal Injury,At/Near Private Drive,No Control,Angle,Clear,Dusk,Dry,,FALSE,-79.56974507,43.7180434,1,Automobile or Station Wagon,East,1,61,None,Lap and Shoulder Belt,Failed to yield right-of-way,Normal,,,Going Ahead,,,,,driver,,Etobicoke North (1),23 Division,Rexdale-Kipling,TRUE,FALSE,FALSE,TRUE,FALSE,FALSE,FALSE,FALSE,FALSE,FALSE,"{""coordinates"": [[-79.56974506893569, 43.718043401606884]], ""type"": ""MultiPoint""}"
4428,2012:1298747,2012-06-13T09:05:00,LAWRENCE AVE E,TOWER DR,,4,Non-Fatal Injury,At Intersection,No Control,Turning Movement,Clear,Daylight,Dry,Major Arterial,FALSE,-79.29829059,43.74454405,3,,,3,23,Minor,Other Safety Equipment Used,,,,,,,,,,passenger,,Scarborough Centre (21),41 Division,Wexford/Maryvale,TRUE,TRUE,FALSE,FALSE,FALSE,FALSE,FALSE,FALSE,FALSE,TRUE,"{""coordinates"": [[-79.29829058852884, 43.7445440541071]], ""type"": ""MultiPoint""}"
4429,2012:1298747,2012-06-13T09:05:00,LAWRENCE AVE E,TOWER DR,,4,Non-Fatal Injury,At Intersection,No Control,Turning Movement,Clear,Daylight,Dry,Major Arterial,FALSE,-79.29829059,43.74454405,3,,,5,,,Other Safety Equipment Used,,,,,,,,,,owner,,Scarborough Centre (21),41 Division,Wexford/Maryvale,TRUE,TRUE,FALSE,FALSE,FALSE,FALSE,FALSE,FALSE,FALSE,TRUE,"{""coordinates"": [[-79.29829058852884, 43.7445440541071]], ""type"": ""MultiPoint""}"
4430,2012:1298747,2012-06-13T09:05:00,LAWRENCE AVE E,TOWER DR,,4,Non-Fatal Injury,At Intersection,No Control,Turning Movement,Clear,Daylight,Dry,Major Arterial,FALSE,-79.29829059,43.74454405,3,,,4,,,Other Safety Equipment Used,,,,,,,,,,owner,,Scarborough Centre (21),41 Division,Wexford/Maryvale,TRUE,TRUE,FALSE,FALSE,FALSE,FALSE,FALSE,FALSE,FALSE,TRUE,"{""coordinates"": [[-79.29829058852884, 43.7445440541071]], ""type"": ""MultiPoint""}"
4431,2012:1298747,2012-06-13T09:05:00,LAWRENCE AVE E,TOWER DR,,4,Non-Fatal Injury,At Intersection,No Control,Turning Movement,Clear,Daylight,Dry,Major Arterial,FALSE,-79.29829059,43.74454405,1,,,1,,,Other Safety Equipment Used,,,,,,,,,,owner,,Scarborough Centre (21),41 Division,Wexford/Maryvale,TRUE,TRUE,FALSE,FALSE,FALSE,FALSE,FALSE,FALSE,FALSE,TRUE,"{""coordinates"": [[-79.29829058852884, 43.7445440541071]], ""type"": ""MultiPoint""}"
4432,2012:1298747,2012-06-13T09:05:00,LAWRENCE AVE E,TOWER DR,,4,Non-Fatal Injury,At Intersection,No Control,Turning Movement,Clear,Daylight,Dry,Major Arterial,FALSE,-79.29829059,43.74454405,3,Municipal Transit Bus (TTC),West,6,52,Minor,Lap and Shoulder Belt,Driving properly,Normal,,,Going Ahead,,,,,driver,,Scarborough Centre (21),41 Division,Wexford/Maryvale,TRUE,TRUE,FALSE,FALSE,FALSE,FALSE,FALSE,FALSE,FALSE,TRUE,"{""coordinates"": [[-79.29829058852884, 43.7445440541071]], ""type"": ""MultiPoint""}"
4433,2012:1298747,2012-06-13T09:05:00,LAWRENCE AVE E,TOWER DR,,4,Non-Fatal Injury,At Intersection,No Control,Turning Movement,Clear,Daylight,Dry,Major Arterial,FALSE,-79.29829059,43.74454405,2,Automobile or Station Wagon,East,2,43,Major,Other Safety Equipment Used,Failed to yield right-of-way,Inattentive,,,Turning Left,,,,,driver,,Scarborough Centre (21),41 Division,Wexford/Maryvale,TRUE,TRUE,FALSE,FALSE,FALSE,FALSE,FALSE,FALSE,FALSE,TRUE,"{""coordinates"": [[-79.29829058852884, 43.7445440541071]], ""type"": ""MultiPoint""}"
4434,2012:1308881,2012-06-13T18:27:00,SEWELLS RD,MORNINGSIDE AVE,,3,Non-Fatal Injury,,No Control,SMV Other,Clear,Daylight,Dry,Minor Arterial,FALSE,-79.2106904,43.81674397,2,,,3,,,Other Safety Equipment Used,,,,,,,,,,owner,,Scarborough-Rouge Park (25),42 Division,Morningside Heights,FALSE,FALSE,FALSE,FALSE,FALSE,FALSE,FALSE,FALSE,FALSE,FALSE,"{""coordinates"": [[-79.2106903957238, 43.816743967369106]], ""type"": ""MultiPoint""}"
4435,2012:1308881,2012-06-13T18:27:00,SEWELLS RD,MORNINGSIDE AVE,,3,Non-Fatal Injury,,No Control,SMV Other,Clear,Daylight,Dry,Minor Arterial,FALSE,-79.2106904,43.81674397,2,,,2,,,Other Safety Equipment Used,,,,,,,,,,owner,,Scarborough-Rouge Park (25),42 Division,Morningside Heights,FALSE,FALSE,FALSE,FALSE,FALSE,FALSE,FALSE,FALSE,FALSE,FALSE,"{""coordinates"": [[-79.2106903957238, 43.816743967369106]], ""type"": ""MultiPoint""}"
4436,2012:1308881,2012-06-13T18:27:00,SEWELLS RD,MORNINGSIDE AVE,,3,Non-Fatal Injury,,No Control,SMV Other,Clear,Daylight,Dry,Minor Arterial,FALSE,-79.2106904,43.81674397,1,Automobile or Station Wagon,East,1,60,Major,Lap and Shoulder Belt,Lost control,Medical or Physical Disability,,,Going Ahead,,,,,driver,,Scarborough-Rouge Park (25),42 Division,Morningside Heights,FALSE,FALSE,FALSE,FALSE,FALSE,FALSE,FALSE,FALSE,FALSE,FALSE,"{""coordinates"": [[-79.2106903957238, 43.816743967369106]], ""type"": ""MultiPoint""}"
4437,2012:1298987,2012-06-14T15:08:00,F G GARDINER XY W,LOWER SHERBOURNE ST,,4,Non-Fatal Injury,,No Control,Sideswipe,Clear,Daylight,Dry,Major Arterial,FALSE,-79.36659085,43.64654416,1,Automobile or Station Wagon,West,1,49,Minimal,Lap and Shoulder Belt,Driving properly,Normal,,,Going Ahead,,,,,driver,,Spadina-Fort York (10),51 Division,St Lawrence-East Bayfront-The Islands,FALSE,TRUE,FALSE,FALSE,FALSE,TRUE,FALSE,FALSE,FALSE,FALSE,"{""coordinates"": [[-79.3665908499474, 43.646544158304586]], ""type"": ""MultiPoint""}"
4438,2012:1298987,2012-06-14T15:08:00,F G GARDINER XY W,LOWER SHERBOURNE ST,,4,Non-Fatal Injury,,No Control,Sideswipe,Clear,Daylight,Dry,Major Arterial,FALSE,-79.36659085,43.64654416,3,Automobile or Station Wagon,West,4,68,Major,Lap and Shoulder Belt,Improper lane change,Inattentive,,,Changing Lanes,,,,,driver,,Spadina-Fort York (10),51 Division,St Lawrence-East Bayfront-The Islands,FALSE,TRUE,FALSE,FALSE,FALSE,TRUE,FALSE,FALSE,FALSE,FALSE,"{""coordinates"": [[-79.3665908499474, 43.646544158304586]], ""type"": ""MultiPoint""}"
4439,2012:1298987,2012-06-14T15:08:00,F G GARDINER XY W,LOWER SHERBOURNE ST,,4,Non-Fatal Injury,,No Control,Sideswipe,Clear,Daylight,Dry,Major Arterial,FALSE,-79.36659085,43.64654416,2,,,2,,,Other Safety Equipment Used,,,,,,,,,,owner,,Spadina-Fort York (10),51 Division,St Lawrence-East Bayfront-The Islands,FALSE,TRUE,FALSE,FALSE,FALSE,TRUE,FALSE,FALSE,FALSE,FALSE,"{""coordinates"": [[-79.3665908499474, 43.646544158304586]], ""type"": ""MultiPoint""}"
4440,2012:1298987,2012-06-14T15:08:00,F G GARDINER XY W,LOWER SHERBOURNE ST,,4,Non-Fatal Injury,,No Control,Sideswipe,Clear,Daylight,Dry,Major Arterial,FALSE,-79.36659085,43.64654416,2,Automobile or Station Wagon,West,3,44,None,Other Safety Equipment Used,Driving properly,Normal,,,Stopped,,,,,driver,,Spadina-Fort York (10),51 Division,St Lawrence-East Bayfront-The Islands,FALSE,TRUE,FALSE,FALSE,FALSE,TRUE,FALSE,FALSE,FALSE,FALSE,"{""coordinates"": [[-79.3665908499474, 43.646544158304586]], ""type"": ""MultiPoint""}"