_id,collision_id,accdate,stname1,stname2,stname3,per_inv,acclass,accloc,traffictl,impactype,visible,light,rdsfcond,road_class,failtorem,longitude,latitude,veh_no,vehtype,initdir,per_no,invage,injury,safequip,drivact,drivcond,pedact,pedcond,manoeuvre,pedtype,cyclistype,cycact,cyccond,road_user,fatal_no,wardname,division,neighbourhood,aggressive,distracted,cyclist,motorcyclist,other_micromobility,older_adult,pedestrian,red_light,school_child,heavy_truck,geometry
4547,2012:1316631,2012-08-16T16:24:00,VICTORIA PARK AVE,CLYDESDALE DR,,6,Non-Fatal Injury,,No Control,Rear End,Clear,Daylight,Dry,Major Arterial,FALSE,-79.3270906,43.78404409,1,Automobile or Station Wagon,North,1,37,None,Lap and Shoulder Belt,Following too closely,Inattentive,,,Going Ahead,,,,,driver,,Scarborough-Agincourt (22),42 Division,L'Amoreaux West,TRUE,TRUE,FALSE,FALSE,FALSE,FALSE,FALSE,FALSE,FALSE,FALSE,"{""coordinates"": [[-79.32709059778817, 43.78404409104661]], ""type"": ""MultiPoint""}"
4548,2012:1317267,2012-08-20T19:00:00,BLACK CREEK DR,TRETHEWEY DR,,1,Non-Fatal Injury,,No Control,SMV Other,Clear,Daylight,Dry,Major Arterial,TRUE,-79.486691,43.69554431,1,,,1,,,Other Safety Equipment Used,,,,,,,,,,owner,,York South-Weston (5),12 Division,Brookhaven-Amesbury,FALSE,FALSE,FALSE,TRUE,FALSE,FALSE,FALSE,FALSE,FALSE,FALSE,"{""coordinates"": [[-79.48669099752269, 43.695544314653326]], ""type"": ""MultiPoint""}"
4549,2012:1317267,2012-08-20T19:00:00,BLACK CREEK DR,TRETHEWEY DR,,1,Non-Fatal Injury,,No Control,SMV Other,Clear,Daylight,Dry,Major Arterial,TRUE,-79.486691,43.69554431,1,Motorcycle,North,2,28,Major,Lap and Shoulder Belt,Lost control,Unknown,,,Going Ahead,,,,,motorcyclist,,York South-Weston (5),12 Division,Brookhaven-Amesbury,FALSE,FALSE,FALSE,TRUE,FALSE,FALSE,FALSE,FALSE,FALSE,FALSE,"{""coordinates"": [[-79.48669099752269, 43.695544314653326]], ""type"": ""MultiPoint""}"
4550,2012:1311376,2012-08-22T07:50:00,STEELES AVE E,TAPSCOTT RD,,7,Non-Fatal Injury,,Stop Sign,Turning Movement,Clear,Daylight,Dry,Major Arterial,FALSE,-79.24849043,43.83724401,2,Automobile or Station Wagon,West,5,40,None,Other Safety Equipment Used,Driving properly,Normal,,,Stopped,,,,,driver,,,42 Division,,TRUE,FALSE,FALSE,FALSE,FALSE,FALSE,FALSE,FALSE,FALSE,FALSE,"{""coordinates"": [[-79.24849042802356, 43.83724400619212]], ""type"": ""MultiPoint""}"
4551,2012:1311376,2012-08-22T07:50:00,STEELES AVE E,TAPSCOTT RD,,7,Non-Fatal Injury,,Stop Sign,Turning Movement,Clear,Daylight,Dry,Major Arterial,FALSE,-79.24849043,43.83724401,1,Automobile or Station Wagon,East,4,56,Minimal,Other Safety Equipment Used,Failed to yield right-of-way,Normal,,,Going Ahead,,,,,driver,,,42 Division,,TRUE,FALSE,FALSE,FALSE,FALSE,FALSE,FALSE,FALSE,FALSE,FALSE,"{""coordinates"": [[-79.24849042802356, 43.83724400619212]], ""type"": ""MultiPoint""}"
4552,2012:1311376,2012-08-22T07:50:00,STEELES AVE E,TAPSCOTT RD,,7,Non-Fatal Injury,,Stop Sign,Turning Movement,Clear,Daylight,Dry,Major Arterial,FALSE,-79.24849043,43.83724401,1,Automobile or Station Wagon,,1,21,None,Other Safety Equipment Used,,,,,,,,,,passenger,,,42 Division,,TRUE,FALSE,FALSE,FALSE,FALSE,FALSE,FALSE,FALSE,FALSE,FALSE,"{""coordinates"": [[-79.24849042802356, 43.83724400619212]], ""type"": ""MultiPoint""}"
4553,2012:1311376,2012-08-22T07:50:00,STEELES AVE E,TAPSCOTT RD,,7,Non-Fatal Injury,,Stop Sign,Turning Movement,Clear,Daylight,Dry,Major Arterial,FALSE,-79.24849043,43.83724401,1,,,3,,,Other Safety Equipment Used,,,,,,,,,,owner,,,42 Division,,TRUE,FALSE,FALSE,FALSE,FALSE,FALSE,FALSE,FALSE,FALSE,FALSE,"{""coordinates"": [[-79.24849042802356, 43.83724400619212]], ""type"": ""MultiPoint""}"
4554,2012:1311376,2012-08-22T07:50:00,STEELES AVE E,TAPSCOTT RD,,7,Non-Fatal Injury,,Stop Sign,Turning Movement,Clear,Daylight,Dry,Major Arterial,FALSE,-79.24849043,43.83724401,4,Automobile or Station Wagon,North,7,46,Major,Other Safety Equipment Used,Other,Normal,,,Turning Left,,,,,driver,,,42 Division,,TRUE,FALSE,FALSE,FALSE,FALSE,FALSE,FALSE,FALSE,FALSE,FALSE,"{""coordinates"": [[-79.24849042802356, 43.83724400619212]], ""type"": ""MultiPoint""}"
4555,2012:1311376,2012-08-22T07:50:00,STEELES AVE E,TAPSCOTT RD,,7,Non-Fatal Injury,,Stop Sign,Turning Movement,Clear,Daylight,Dry,Major Arterial,FALSE,-79.24849043,43.83724401,3,Automobile or Station Wagon,West,6,32,None,Other Safety Equipment Used,Driving properly,Normal,,,Stopped,,,,,driver,,,42 Division,,TRUE,FALSE,FALSE,FALSE,FALSE,FALSE,FALSE,FALSE,FALSE,FALSE,"{""coordinates"": [[-79.24849042802356, 43.83724400619212]], ""type"": ""MultiPoint""}"
4556,2012:1311376,2012-08-22T07:50:00,STEELES AVE E,TAPSCOTT RD,,7,Non-Fatal Injury,,Stop Sign,Turning Movement,Clear,Daylight,Dry,Major Arterial,FALSE,-79.24849043,43.83724401,1,,,2,20,Minor,Other Safety Equipment Used,,,,,,,,,,passenger,,,42 Division,,TRUE,FALSE,FALSE,FALSE,FALSE,FALSE,FALSE,FALSE,FALSE,FALSE,"{""coordinates"": [[-79.24849042802356, 43.83724400619212]], ""type"": ""MultiPoint""}"
4557,2012:1317446,2012-08-22T07:55:00,EGLINTON AVE W,BLACKTHORN AVE,,4,Non-Fatal Injury,At Intersection,Traffic Signal,Rear End,Clear,Daylight,Dry,Major Arterial,FALSE,-79.46539096,43.69194429,1,,,1,,,Other Safety Equipment Used,,,,,,,,,,owner,,York South-Weston (5),12 Division,Beechborough-Greenbrook,TRUE,TRUE,FALSE,FALSE,FALSE,FALSE,FALSE,FALSE,FALSE,FALSE,"{""coordinates"": [[-79.46539096476513, 43.6919442868186]], ""type"": ""MultiPoint""}"
4558,2012:1317446,2012-08-22T07:55:00,EGLINTON AVE W,BLACKTHORN AVE,,4,Non-Fatal Injury,At Intersection,Traffic Signal,Rear End,Clear,Daylight,Dry,Major Arterial,FALSE,-79.46539096,43.69194429,1,Automobile or Station Wagon,East,2,35,None,Lap and Shoulder Belt,Following too closely,Inattentive,,,Slowing or Stopping,,,,,driver,,York South-Weston (5),12 Division,Beechborough-Greenbrook,TRUE,TRUE,FALSE,FALSE,FALSE,FALSE,FALSE,FALSE,FALSE,FALSE,"{""coordinates"": [[-79.46539096476513, 43.6919442868186]], ""type"": ""MultiPoint""}"
4559,2012:1317446,2012-08-22T07:55:00,EGLINTON AVE W,BLACKTHORN AVE,,4,Non-Fatal Injury,At Intersection,Traffic Signal,Rear End,Clear,Daylight,Dry,Major Arterial,FALSE,-79.46539096,43.69194429,2,Automobile or Station Wagon,East,4,28,Major,Lap and Shoulder Belt,Driving properly,Normal,,,Stopped,,,,,driver,,York South-Weston (5),12 Division,Beechborough-Greenbrook,TRUE,TRUE,FALSE,FALSE,FALSE,FALSE,FALSE,FALSE,FALSE,FALSE,"{""coordinates"": [[-79.46539096476513, 43.6919442868186]], ""type"": ""MultiPoint""}"
4560,2012:1317446,2012-08-22T07:55:00,EGLINTON AVE W,BLACKTHORN AVE,,4,Non-Fatal Injury,At Intersection,Traffic Signal,Rear End,Clear,Daylight,Dry,Major Arterial,FALSE,-79.46539096,43.69194429,2,,,3,,,Other Safety Equipment Used,,,,,,,,,,owner,,York South-Weston (5),12 Division,Beechborough-Greenbrook,TRUE,TRUE,FALSE,FALSE,FALSE,FALSE,FALSE,FALSE,FALSE,FALSE,"{""coordinates"": [[-79.46539096476513, 43.6919442868186]], ""type"": ""MultiPoint""}"
4561,2012:1311482,2012-08-23T12:39:00,MIDLAND AVE,DORCOT AVE,,4,Non-Fatal Injury,,No Control,Approaching Head On,Clear,Daylight,Dry,Major Arterial,FALSE,-79.26799052,43.75944402,1,,,1,,,Other Safety Equipment Used,,,,,,,,,,owner,,Scarborough Centre (21),41 Division,Bendale-Glen Andrew,TRUE,TRUE,FALSE,FALSE,FALSE,FALSE,FALSE,FALSE,FALSE,FALSE,"{""coordinates"": [[-79.26799052243922, 43.759444017326636]], ""type"": ""MultiPoint""}"
4562,2012:1311482,2012-08-23T12:39:00,MIDLAND AVE,DORCOT AVE,,4,Non-Fatal Injury,,No Control,Approaching Head On,Clear,Daylight,Dry,Major Arterial,FALSE,-79.26799052,43.75944402,4,,,6,,,Other Safety Equipment Used,,,,,,,,,,owner,,Scarborough Centre (21),41 Division,Bendale-Glen Andrew,TRUE,TRUE,FALSE,FALSE,FALSE,FALSE,FALSE,FALSE,FALSE,FALSE,"{""coordinates"": [[-79.26799052243922, 43.759444017326636]], ""type"": ""MultiPoint""}"
4563,2012:1311482,2012-08-23T12:39:00,MIDLAND AVE,DORCOT AVE,,4,Non-Fatal Injury,,No Control,Approaching Head On,Clear,Daylight,Dry,Major Arterial,FALSE,-79.26799052,43.75944402,1,,South,2,31,Major,Equipment Not Used But Available,Driving properly,Normal,,,Going Ahead,,,,,driver,,Scarborough Centre (21),41 Division,Bendale-Glen Andrew,TRUE,TRUE,FALSE,FALSE,FALSE,FALSE,FALSE,FALSE,FALSE,FALSE,"{""coordinates"": [[-79.26799052243922, 43.759444017326636]], ""type"": ""MultiPoint""}"
4564,2012:1311482,2012-08-23T12:39:00,MIDLAND AVE,DORCOT AVE,,4,Non-Fatal Injury,,No Control,Approaching Head On,Clear,Daylight,Dry,Major Arterial,FALSE,-79.26799052,43.75944402,2,Automobile or Station Wagon,North,4,57,Major,Lap and Shoulder Belt,Failed to yield right-of-way,Inattentive,,,Changing Lanes,,,,,driver,,Scarborough Centre (21),41 Division,Bendale-Glen Andrew,TRUE,TRUE,FALSE,FALSE,FALSE,FALSE,FALSE,FALSE,FALSE,FALSE,"{""coordinates"": [[-79.26799052243922, 43.759444017326636]], ""type"": ""MultiPoint""}"
4565,2012:1311482,2012-08-23T12:39:00,MIDLAND AVE,DORCOT AVE,,4,Non-Fatal Injury,,No Control,Approaching Head On,Clear,Daylight,Dry,Major Arterial,FALSE,-79.26799052,43.75944402,3,Automobile or Station Wagon,North,5,36,None,Lap and Shoulder Belt,Driving properly,Unknown,,,Stopped,,,,,driver,,Scarborough Centre (21),41 Division,Bendale-Glen Andrew,TRUE,TRUE,FALSE,FALSE,FALSE,FALSE,FALSE,FALSE,FALSE,FALSE,"{""coordinates"": [[-79.26799052243922, 43.759444017326636]], ""type"": ""MultiPoint""}"
4566,2012:1311482,2012-08-23T12:39:00,MIDLAND AVE,DORCOT AVE,,4,Non-Fatal Injury,,No Control,Approaching Head On,Clear,Daylight,Dry,Major Arterial,FALSE,-79.26799052,43.75944402,2,,,3,,,Other Safety Equipment Used,,,,,,,,,,owner,,Scarborough Centre (21),41 Division,Bendale-Glen Andrew,TRUE,TRUE,FALSE,FALSE,FALSE,FALSE,FALSE,FALSE,FALSE,FALSE,"{""coordinates"": [[-79.26799052243922, 43.759444017326636]], ""type"": ""MultiPoint""}"
4571,2012:1329108,2012-08-24T14:10:00,ISLINGTON AVE,BERGAMOT AVE,,4,Non-Fatal Injury,At Intersection,Traffic Signal,Angle,Clear,Daylight,Dry,Major Arterial,FALSE,-79.55599105,43.71694439,1,Automobile or Station Wagon,North,2,52,Minor,Lap and Shoulder Belt,Failed to yield right-of-way,Normal,,,Going Ahead,,,,,driver,,Etobicoke North (1),23 Division,Rexdale-Kipling,TRUE,FALSE,FALSE,FALSE,FALSE,TRUE,FALSE,FALSE,FALSE,FALSE,"{""coordinates"": [[-79.55599105354953, 43.716944386498064]], ""type"": ""MultiPoint""}"
4572,2012:1329108,2012-08-24T14:10:00,ISLINGTON AVE,BERGAMOT AVE,,4,Non-Fatal Injury,At Intersection,Traffic Signal,Angle,Clear,Daylight,Dry,Major Arterial,FALSE,-79.55599105,43.71694439,1,,,1,86,Major,Lap and Shoulder Belt,,,,,,,,,,passenger,,Etobicoke North (1),23 Division,Rexdale-Kipling,TRUE,FALSE,FALSE,FALSE,FALSE,TRUE,FALSE,FALSE,FALSE,FALSE,"{""coordinates"": [[-79.55599105354953, 43.716944386498064]], ""type"": ""MultiPoint""}"
4573,2012:1329108,2012-08-24T14:10:00,ISLINGTON AVE,BERGAMOT AVE,,4,Non-Fatal Injury,At Intersection,Traffic Signal,Angle,Clear,Daylight,Dry,Major Arterial,FALSE,-79.55599105,43.71694439,2,Automobile or Station Wagon,West,4,60,Minimal,Lap and Shoulder Belt,Driving properly,Normal,,,Going Ahead,,,,,driver,,Etobicoke North (1),23 Division,Rexdale-Kipling,TRUE,FALSE,FALSE,FALSE,FALSE,TRUE,FALSE,FALSE,FALSE,FALSE,"{""coordinates"": [[-79.55599105354953, 43.716944386498064]], ""type"": ""MultiPoint""}"
4574,2012:1329108,2012-08-24T14:10:00,ISLINGTON AVE,BERGAMOT AVE,,4,Non-Fatal Injury,At Intersection,Traffic Signal,Angle,Clear,Daylight,Dry,Major Arterial,FALSE,-79.55599105,43.71694439,2,,,3,,,Other Safety Equipment Used,,,,,,,,,,owner,,Etobicoke North (1),23 Division,Rexdale-Kipling,TRUE,FALSE,FALSE,FALSE,FALSE,TRUE,FALSE,FALSE,FALSE,FALSE,"{""coordinates"": [[-79.55599105354953, 43.716944386498064]], ""type"": ""MultiPoint""}"
4577,2012:1318798,2012-08-27T13:14:00,TORBARRIE RD,SHEPPARD AVE W,,4,Non-Fatal Injury,At Intersection,No Control,Approaching Head On,Rain,Daylight,Wet,Collector,FALSE,-79.52609098,43.73734434,1,Truck - Open (Flatbed),South,2,47,None,Other Safety Equipment Used,Driving properly,Normal,,,Going Ahead,,,,,driver,,Humber River-Black Creek (7),31 Division,Glenfield-Jane Heights,TRUE,TRUE,FALSE,FALSE,FALSE,FALSE,FALSE,FALSE,FALSE,TRUE,"{""coordinates"": [[-79.52609097779927, 43.73734434158705]], ""type"": ""MultiPoint""}"
4578,2012:1318798,2012-08-27T13:14:00,TORBARRIE RD,SHEPPARD AVE W,,4,Non-Fatal Injury,At Intersection,No Control,Approaching Head On,Rain,Daylight,Wet,Collector,FALSE,-79.52609098,43.73734434,2,Automobile or Station Wagon,North,3,30,Major,No Equipment Available,Speed too fast for conditions,Inattentive,,,Going Ahead,,,,,driver,,Humber River-Black Creek (7),31 Division,Glenfield-Jane Heights,TRUE,TRUE,FALSE,FALSE,FALSE,FALSE,FALSE,FALSE,FALSE,TRUE,"{""coordinates"": [[-79.52609097779927, 43.73734434158705]], ""type"": ""MultiPoint""}"
4579,2012:1318798,2012-08-27T13:14:00,TORBARRIE RD,SHEPPARD AVE W,,4,Non-Fatal Injury,At Intersection,No Control,Approaching Head On,Rain,Daylight,Wet,Collector,FALSE,-79.52609098,43.73734434,3,,,4,,,Other Safety Equipment Used,,,,,,,,,,owner,,Humber River-Black Creek (7),31 Division,Glenfield-Jane Heights,TRUE,TRUE,FALSE,FALSE,FALSE,FALSE,FALSE,FALSE,FALSE,TRUE,"{""coordinates"": [[-79.52609097779927, 43.73734434158705]], ""type"": ""MultiPoint""}"
4580,2012:1318798,2012-08-27T13:14:00,TORBARRIE RD,SHEPPARD AVE W,,4,Non-Fatal Injury,At Intersection,No Control,Approaching Head On,Rain,Daylight,Wet,Collector,FALSE,-79.52609098,43.73734434,1,,,1,,,Other Safety Equipment Used,,,,,,,,,,owner,,Humber River-Black Creek (7),31 Division,Glenfield-Jane Heights,TRUE,TRUE,FALSE,FALSE,FALSE,FALSE,FALSE,FALSE,FALSE,TRUE,"{""coordinates"": [[-79.52609097779927, 43.73734434158705]], ""type"": ""MultiPoint""}"
4581,2012:1319075,2012-08-28T14:04:00,VICTORIA PARK AVE,SOUTHMEAD RD,,3,Non-Fatal Injury,,No Control,Other,Clear,Daylight,Dry,Major Arterial,FALSE,-79.30189062,43.72284406,1,,,1,87,Major,Use Unknown,,,,,,,,,,passenger,,Don Valley East (16),55 Division,Victoria Village,FALSE,FALSE,FALSE,FALSE,FALSE,TRUE,FALSE,FALSE,FALSE,TRUE,"{""coordinates"": [[-79.30189062302722, 43.72284405936532]], ""type"": ""MultiPoint""}"
4582,2012:1319075,2012-08-28T14:04:00,VICTORIA PARK AVE,SOUTHMEAD RD,,3,Non-Fatal Injury,,No Control,Other,Clear,Daylight,Dry,Major Arterial,FALSE,-79.30189062,43.72284406,1,,,2,,,Other Safety Equipment Used,,,,,,,,,,owner,,Don Valley East (16),55 Division,Victoria Village,FALSE,FALSE,FALSE,FALSE,FALSE,TRUE,FALSE,FALSE,FALSE,TRUE,"{""coordinates"": [[-79.30189062302722, 43.72284405936532]], ""type"": ""MultiPoint""}"
4583,2012:1319075,2012-08-28T14:04:00,VICTORIA PARK AVE,SOUTHMEAD RD,,3,Non-Fatal Injury,,No Control,Other,Clear,Daylight,Dry,Major Arterial,FALSE,-79.30189062,43.72284406,1,Municipal Transit Bus (TTC),South,3,38,None,Other Safety Equipment Used,Driving properly,Unknown,,,Slowing or Stopping,,,,,driver,,Don Valley East (16),55 Division,Victoria Village,FALSE,FALSE,FALSE,FALSE,FALSE,TRUE,FALSE,FALSE,FALSE,TRUE,"{""coordinates"": [[-79.30189062302722, 43.72284405936532]], ""type"": ""MultiPoint""}"
4584,2012:1319211,2012-08-29T01:12:00,YORKSHIRE RD,IONVIEW RD,,4,Non-Fatal Injury,At Intersection,Stop Sign,SMV Other,Clear,Dark with Artificial Lighting,Dry,Local,FALSE,-79.27479055,43.74004402,1,Automobile or Station Wagon,North,3,26,Minimal,Use Unknown,Lost control,Unknown,,,Going Ahead,,,,,driver,,Scarborough Centre (21),41 Division,Ionview,FALSE,FALSE,FALSE,FALSE,FALSE,FALSE,FALSE,FALSE,FALSE,FALSE,"{""coordinates"": [[-79.27479055410237, 43.74004402429843]], ""type"": ""MultiPoint""}"
4585,2012:1319211,2012-08-29T01:12:00,YORKSHIRE RD,IONVIEW RD,,4,Non-Fatal Injury,At Intersection,Stop Sign,SMV Other,Clear,Dark with Artificial Lighting,Dry,Local,FALSE,-79.27479055,43.74004402,1,,,2,,,Other Safety Equipment Used,,,,,,,,,,owner,,Scarborough Centre (21),41 Division,Ionview,FALSE,FALSE,FALSE,FALSE,FALSE,FALSE,FALSE,FALSE,FALSE,FALSE,"{""coordinates"": [[-79.27479055410237, 43.74004402429843]], ""type"": ""MultiPoint""}"
4586,2012:1319211,2012-08-29T01:12:00,YORKSHIRE RD,IONVIEW RD,,4,Non-Fatal Injury,At Intersection,Stop Sign,SMV Other,Clear,Dark with Artificial Lighting,Dry,Local,FALSE,-79.27479055,43.74004402,1,,,1,26,Major,Use Unknown,,,,,,,,,,passenger,,Scarborough Centre (21),41 Division,Ionview,FALSE,FALSE,FALSE,FALSE,FALSE,FALSE,FALSE,FALSE,FALSE,FALSE,"{""coordinates"": [[-79.27479055410237, 43.74004402429843]], ""type"": ""MultiPoint""}"
4587,2012:1319211,2012-08-29T01:12:00,YORKSHIRE RD,IONVIEW RD,,4,Non-Fatal Injury,At Intersection,Stop Sign,SMV Other,Clear,Dark with Artificial Lighting,Dry,Local,FALSE,-79.27479055,43.74004402,2,,,4,,,Other Safety Equipment Used,,,,,,,,,,owner,,Scarborough Centre (21),41 Division,Ionview,FALSE,FALSE,FALSE,FALSE,FALSE,FALSE,FALSE,FALSE,FALSE,FALSE,"{""coordinates"": [[-79.27479055410237, 43.74004402429843]], ""type"": ""MultiPoint""}"
4588,2012:1319386,2012-08-31T16:40:00,ST CLAIR AVE E,WARDEN AVE,,4,Non-Fatal Injury,At Intersection,Traffic Signal,Turning Movement,Clear,Daylight,Dry,Major Arterial,FALSE,-79.2809906,43.71204403,2,,,2,68,Major,Other Safety Equipment Used,,,,,,,,,,passenger,,Scarborough Southwest (20),41 Division,Clairlea-Birchmount,TRUE,FALSE,FALSE,FALSE,FALSE,TRUE,FALSE,TRUE,TRUE,FALSE,"{""coordinates"": [[-79.28099059976076, 43.712044031751084]], ""type"": ""MultiPoint""}"
4589,2012:1319386,2012-08-31T16:40:00,ST CLAIR AVE E,WARDEN AVE,,4,Non-Fatal Injury,At Intersection,Traffic Signal,Turning Movement,Clear,Daylight,Dry,Major Arterial,FALSE,-79.2809906,43.71204403,3,Automobile or Station Wagon,West,4,43,Minor,Lap and Shoulder Belt,Disobeyed traffic control,Normal,,,Going Ahead,,,,,driver,,Scarborough Southwest (20),41 Division,Clairlea-Birchmount,TRUE,FALSE,FALSE,FALSE,FALSE,TRUE,FALSE,TRUE,TRUE,FALSE,"{""coordinates"": [[-79.28099059976076, 43.712044031751084]], ""type"": ""MultiPoint""}"
4590,2012:1319386,2012-08-31T16:40:00,ST CLAIR AVE E,WARDEN AVE,,4,Non-Fatal Injury,At Intersection,Traffic Signal,Turning Movement,Clear,Daylight,Dry,Major Arterial,FALSE,-79.2809906,43.71204403,2,Automobile or Station Wagon,East,3,16,Minimal,Lap and Shoulder Belt,Driving properly,Normal,,,Turning Left,,,,,driver,,Scarborough Southwest (20),41 Division,Clairlea-Birchmount,TRUE,FALSE,FALSE,FALSE,FALSE,TRUE,FALSE,TRUE,TRUE,FALSE,"{""coordinates"": [[-79.28099059976076, 43.712044031751084]], ""type"": ""MultiPoint""}"
4591,2012:1319386,2012-08-31T16:40:00,ST CLAIR AVE E,WARDEN AVE,,4,Non-Fatal Injury,At Intersection,Traffic Signal,Turning Movement,Clear,Daylight,Dry,Major Arterial,FALSE,-79.2809906,43.71204403,1,Automobile or Station Wagon,South,1,49,None,Other Safety Equipment Used,Driving properly,Normal,,,Stopped,,,,,driver,,Scarborough Southwest (20),41 Division,Clairlea-Birchmount,TRUE,FALSE,FALSE,FALSE,FALSE,TRUE,FALSE,TRUE,TRUE,FALSE,"{""coordinates"": [[-79.28099059976076, 43.712044031751084]], ""type"": ""MultiPoint""}"
4592,2007:958563,2007-03-13T12:35:00,22 MAYALL AVE,,,1,Non-Fatal Injury,,No Control,Other,Clear,Daylight,Dry,Local,FALSE,-79.51983929,43.72461974,1,Automobile or Station Wagon,East,1,43,Major,Other Safety Equipment Used,,,,,Unknown,,,,,driver,,Humber River-Black Creek (7),31 Division,Oakdale-Beverley Heights,FALSE,FALSE,FALSE,FALSE,FALSE,FALSE,FALSE,FALSE,FALSE,FALSE,"{""coordinates"": [[-79.51983929348366, 43.72461974115705]], ""type"": ""MultiPoint""}"
4593,2012:1313728,2012-09-07T05:25:00,ROYAL YORK RD,EVANS AVE,,3,Non-Fatal Injury,At Intersection,Traffic Signal,Turning Movement,Clear,Dark with Artificial Lighting,Dry,Minor Arterial,FALSE,-79.50039116,43.62104437,1,Motorcycle,South,1,56,Major,Helmet,Other,Unknown,,,Going Ahead,,,,,motorcyclist,,Etobicoke-Lakeshore (3),22 Division,Mimico-Queensway,TRUE,TRUE,FALSE,TRUE,FALSE,FALSE,FALSE,FALSE,FALSE,FALSE,"{""coordinates"": [[-79.5003911596003, 43.621044370219295]], ""type"": ""MultiPoint""}"
4594,2012:1313728,2012-09-07T05:25:00,ROYAL YORK RD,EVANS AVE,,3,Non-Fatal Injury,At Intersection,Traffic Signal,Turning Movement,Clear,Dark with Artificial Lighting,Dry,Minor Arterial,FALSE,-79.50039116,43.62104437,2,Automobile or Station Wagon,North,3,57,None,Other Safety Equipment Used,Failed to yield right-of-way,Inattentive,,,Turning Left,,,,,driver,,Etobicoke-Lakeshore (3),22 Division,Mimico-Queensway,TRUE,TRUE,FALSE,TRUE,FALSE,FALSE,FALSE,FALSE,FALSE,FALSE,"{""coordinates"": [[-79.5003911596003, 43.621044370219295]], ""type"": ""MultiPoint""}"
4595,2012:1313728,2012-09-07T05:25:00,ROYAL YORK RD,EVANS AVE,,3,Non-Fatal Injury,At Intersection,Traffic Signal,Turning Movement,Clear,Dark with Artificial Lighting,Dry,Minor Arterial,FALSE,-79.50039116,43.62104437,2,,,2,,,Other Safety Equipment Used,,,,,,,,,,owner,,Etobicoke-Lakeshore (3),22 Division,Mimico-Queensway,TRUE,TRUE,FALSE,TRUE,FALSE,FALSE,FALSE,FALSE,FALSE,FALSE,"{""coordinates"": [[-79.5003911596003, 43.621044370219295]], ""type"": ""MultiPoint""}"
4596,2012:1320520,2012-09-09T14:38:00,1265 WILSON AVE,,,3,Non-Fatal Injury,,No Control,Turning Movement,Clear,Daylight,Dry,Major Arterial,FALSE,-79.49190195,43.72441631,2,,,2,21,Minimal,Lap and Shoulder Belt,,,,,,,,,,passenger,,York Centre (6),31 Division,Oakdale-Beverley Heights,TRUE,FALSE,FALSE,TRUE,FALSE,FALSE,FALSE,FALSE,FALSE,FALSE,"{""coordinates"": [[-79.49190195454942, 43.724416308126685]], ""type"": ""MultiPoint""}"
4597,2012:1320520,2012-09-09T14:38:00,1265 WILSON AVE,,,3,Non-Fatal Injury,,No Control,Turning Movement,Clear,Daylight,Dry,Major Arterial,FALSE,-79.49190195,43.72441631,1,Motorcycle,North,1,39,Major,Helmet,Failed to yield right-of-way,Unknown,,,Turning Left,,,,,motorcyclist,,York Centre (6),31 Division,Oakdale-Beverley Heights,TRUE,FALSE,FALSE,TRUE,FALSE,FALSE,FALSE,FALSE,FALSE,FALSE,"{""coordinates"": [[-79.49190195454942, 43.724416308126685]], ""type"": ""MultiPoint""}"
4598,2012:1320520,2012-09-09T14:38:00,1265 WILSON AVE,,,3,Non-Fatal Injury,,No Control,Turning Movement,Clear,Daylight,Dry,Major Arterial,FALSE,-79.49190195,43.72441631,2,Automobile or Station Wagon,East,3,44,Minimal,Lap and Shoulder Belt,Driving properly,Normal,,,Going Ahead,,,,,driver,,York Centre (6),31 Division,Oakdale-Beverley Heights,TRUE,FALSE,FALSE,TRUE,FALSE,FALSE,FALSE,FALSE,FALSE,FALSE,"{""coordinates"": [[-79.49190195454942, 43.724416308126685]], ""type"": ""MultiPoint""}"
4599,2012:1316023,2012-09-10T09:15:00,ALBION RD,FINCH AVE W,,2,Non-Fatal Injury,At Intersection,Traffic Signal,Rear End,Clear,Daylight,Dry,Major Arterial,TRUE,-79.58921505,43.74108341,2,Automobile or Station Wagon,East,2,,None,Other Safety Equipment Used,Following too closely,Unknown,,,Going Ahead,,,,,driver,,Etobicoke North (1),23 Division,Mount Olive-Silverstone-Jamestown,TRUE,FALSE,FALSE,FALSE,FALSE,FALSE,FALSE,FALSE,FALSE,FALSE,"{""coordinates"": [[-79.58921505019016, 43.741083410077536]], ""type"": ""MultiPoint""}"
4600,2012:1316023,2012-09-10T09:15:00,ALBION RD,FINCH AVE W,,2,Non-Fatal Injury,At Intersection,Traffic Signal,Rear End,Clear,Daylight,Dry,Major Arterial,TRUE,-79.58921505,43.74108341,1,Automobile or Station Wagon,East,1,49,Major,Other Safety Equipment Used,Driving properly,Normal,,,Stopped,,,,,driver,,Etobicoke North (1),23 Division,Mount Olive-Silverstone-Jamestown,TRUE,FALSE,FALSE,FALSE,FALSE,FALSE,FALSE,FALSE,FALSE,FALSE,"{""coordinates"": [[-79.58921505019016, 43.741083410077536]], ""type"": ""MultiPoint""}"
4601,2012:1320431,2012-09-10T18:25:00,DANFORTH Road,HUNTINGTON Aven,,2,Non-Fatal Injury,,No Control,Rear End,Clear,Daylight,Dry,Major Arterial,FALSE,-79.25249053,43.72774399,2,Automobile or Station Wagon,East,2,56,Minor,Lap and Shoulder Belt,Failed to yield right-of-way,Normal,,,Turning Right,,,,,driver,,Scarborough Southwest (20),41 Division,Kennedy Park,TRUE,FALSE,FALSE,TRUE,FALSE,FALSE,FALSE,FALSE,FALSE,FALSE,"{""coordinates"": [[-79.25249053033795, 43.72774399489893]], ""type"": ""MultiPoint""}"
4602,2012:1320431,2012-09-10T18:25:00,DANFORTH Road,HUNTINGTON Aven,,2,Non-Fatal Injury,,No Control,Rear End,Clear,Daylight,Dry,Major Arterial,FALSE,-79.25249053,43.72774399,1,Motorcycle,South,1,50,Major,Helmet,Driving properly,Normal,,,Going Ahead,,,,,motorcyclist,,Scarborough Southwest (20),41 Division,Kennedy Park,TRUE,FALSE,FALSE,TRUE,FALSE,FALSE,FALSE,FALSE,FALSE,FALSE,"{""coordinates"": [[-79.25249053033795, 43.72774399489893]], ""type"": ""MultiPoint""}"