_id,collision_id,accdate,stname1,stname2,stname3,per_inv,acclass,accloc,traffictl,impactype,visible,light,rdsfcond,road_class,failtorem,longitude,latitude,veh_no,vehtype,initdir,per_no,invage,injury,safequip,drivact,drivcond,pedact,pedcond,manoeuvre,pedtype,cyclistype,cycact,cyccond,road_user,fatal_no,wardname,division,neighbourhood,aggressive,distracted,cyclist,motorcyclist,other_micromobility,older_adult,pedestrian,red_light,school_child,heavy_truck,geometry
4820,2013:1343211,2013-01-04T06:53:00,DANFORTH Ave,SCOTIA Ave,,2,Non-Fatal Injury,,No Control,Turning Movement,Clear,Dark,Wet,Minor Arterial,FALSE,-79.27249061,43.69464402,2,Automobile or Station Wagon,East,2,50,Major,Lap and Shoulder Belt,Driving properly,Normal,,,Going Ahead,,,,,driver,,Scarborough Southwest (20),41 Division,Oakridge,FALSE,TRUE,FALSE,FALSE,FALSE,FALSE,FALSE,FALSE,FALSE,FALSE,"{""coordinates"": [[-79.2724906059285, 43.69464401975846]], ""type"": ""MultiPoint""}"
4821,2013:1343211,2013-01-04T06:53:00,DANFORTH Ave,SCOTIA Ave,,2,Non-Fatal Injury,,No Control,Turning Movement,Clear,Dark,Wet,Minor Arterial,FALSE,-79.27249061,43.69464402,1,Automobile or Station Wagon,West,1,33,Minimal,Lap and Shoulder Belt,Improper turn,Inattentive,,,Turning Left,,,,,driver,,Scarborough Southwest (20),41 Division,Oakridge,FALSE,TRUE,FALSE,FALSE,FALSE,FALSE,FALSE,FALSE,FALSE,FALSE,"{""coordinates"": [[-79.2724906059285, 43.69464401975846]], ""type"": ""MultiPoint""}"
4825,2013:1335099,2013-01-12T07:57:00,FINCH AVE W,TANGIERS RD,,3,Non-Fatal Injury,At Intersection,Traffic Signal,Angle,Clear,Daylight,Wet,Major Arterial,FALSE,-79.48829088,43.76404429,2,Automobile or Station Wagon,North,3,35,Major,Lap and Shoulder Belt,Failed to yield right-of-way,Normal,,,Going Ahead,,,,,driver,,York Centre (6),31 Division,York University Heights,TRUE,FALSE,FALSE,FALSE,FALSE,FALSE,FALSE,FALSE,FALSE,TRUE,"{""coordinates"": [[-79.48829088440051, 43.76404428814284]], ""type"": ""MultiPoint""}"
4826,2013:1335099,2013-01-12T07:57:00,FINCH AVE W,TANGIERS RD,,3,Non-Fatal Injury,At Intersection,Traffic Signal,Angle,Clear,Daylight,Wet,Major Arterial,FALSE,-79.48829088,43.76404429,2,,,2,,,Other Safety Equipment Used,,,,,,,,,,owner,,York Centre (6),31 Division,York University Heights,TRUE,FALSE,FALSE,FALSE,FALSE,FALSE,FALSE,FALSE,FALSE,TRUE,"{""coordinates"": [[-79.48829088440051, 43.76404428814284]], ""type"": ""MultiPoint""}"
4827,2013:1335099,2013-01-12T07:57:00,FINCH AVE W,TANGIERS RD,,3,Non-Fatal Injury,At Intersection,Traffic Signal,Angle,Clear,Daylight,Wet,Major Arterial,FALSE,-79.48829088,43.76404429,1,Truck - Open (Flatbed),East,1,44,None,Lap and Shoulder Belt,Driving properly,Normal,,,Going Ahead,,,,,driver,,York Centre (6),31 Division,York University Heights,TRUE,FALSE,FALSE,FALSE,FALSE,FALSE,FALSE,FALSE,FALSE,TRUE,"{""coordinates"": [[-79.48829088440051, 43.76404428814284]], ""type"": ""MultiPoint""}"
4828,2013:1344102,2013-01-16T06:42:00,DUPONT ST,EMERSON AVE,,2,Non-Fatal Injury,At Intersection,No Control,Turning Movement,Clear,Dark with Artificial Lighting,Dry,Major Arterial,FALSE,-79.44419097,43.66724427,2,Automobile or Station Wagon,West,2,53,Minimal,Lap and Shoulder Belt,Driving properly,Normal,,,Going Ahead,,,,,driver,,Davenport (9),11 Division,Junction-Wallace Emerson,FALSE,FALSE,FALSE,FALSE,FALSE,FALSE,FALSE,FALSE,FALSE,FALSE,"{""coordinates"": [[-79.44419096745561, 43.66724426643882]], ""type"": ""MultiPoint""}"
4829,2013:1344102,2013-01-16T06:42:00,DUPONT ST,EMERSON AVE,,2,Non-Fatal Injury,At Intersection,No Control,Turning Movement,Clear,Dark with Artificial Lighting,Dry,Major Arterial,FALSE,-79.44419097,43.66724427,1,Automobile or Station Wagon,East,1,62,Major,Lap and Shoulder Belt,Improper turn,Normal,,,Turning Left,,,,,driver,,Davenport (9),11 Division,Junction-Wallace Emerson,FALSE,FALSE,FALSE,FALSE,FALSE,FALSE,FALSE,FALSE,FALSE,FALSE,"{""coordinates"": [[-79.44419096745561, 43.66724426643882]], ""type"": ""MultiPoint""}"
4830,2013:1336078,2013-01-18T15:29:00,WARDEN AVE,HYMUS RD,,6,Non-Fatal Injury,,No Control,Approaching Head On,Clear,Daylight,Dry,Major Arterial,FALSE,-79.2841906,43.71954404,1,,,2,52,Minor,Equipment Not Used But Available,,,,,,,,,,passenger,,Scarborough Southwest (20),41 Division,Clairlea-Birchmount,FALSE,TRUE,FALSE,FALSE,FALSE,TRUE,FALSE,FALSE,TRUE,FALSE,"{""coordinates"": [[-79.28419059603625, 43.719544036095684]], ""type"": ""MultiPoint""}"
4831,2013:1336078,2013-01-18T15:29:00,WARDEN AVE,HYMUS RD,,6,Non-Fatal Injury,,No Control,Approaching Head On,Clear,Daylight,Dry,Major Arterial,FALSE,-79.2841906,43.71954404,2,Automobile or Station Wagon,North,6,17,Minimal,Lap and Shoulder Belt,Lost control,Inattentive,,,Changing Lanes,,,,,driver,,Scarborough Southwest (20),41 Division,Clairlea-Birchmount,FALSE,TRUE,FALSE,FALSE,FALSE,TRUE,FALSE,FALSE,TRUE,FALSE,"{""coordinates"": [[-79.28419059603625, 43.719544036095684]], ""type"": ""MultiPoint""}"
4832,2013:1336078,2013-01-18T15:29:00,WARDEN AVE,HYMUS RD,,6,Non-Fatal Injury,,No Control,Approaching Head On,Clear,Daylight,Dry,Major Arterial,FALSE,-79.2841906,43.71954404,1,,,3,75,Major,Equipment Not Used But Available,,,,,,,,,,passenger,,Scarborough Southwest (20),41 Division,Clairlea-Birchmount,FALSE,TRUE,FALSE,FALSE,FALSE,TRUE,FALSE,FALSE,TRUE,FALSE,"{""coordinates"": [[-79.28419059603625, 43.719544036095684]], ""type"": ""MultiPoint""}"
4833,2013:1336078,2013-01-18T15:29:00,WARDEN AVE,HYMUS RD,,6,Non-Fatal Injury,,No Control,Approaching Head On,Clear,Daylight,Dry,Major Arterial,FALSE,-79.2841906,43.71954404,1,,,1,54,Major,Equipment Not Used But Available,,,,,,,,,,passenger,,Scarborough Southwest (20),41 Division,Clairlea-Birchmount,FALSE,TRUE,FALSE,FALSE,FALSE,TRUE,FALSE,FALSE,TRUE,FALSE,"{""coordinates"": [[-79.28419059603625, 43.719544036095684]], ""type"": ""MultiPoint""}"
4834,2013:1336078,2013-01-18T15:29:00,WARDEN AVE,HYMUS RD,,6,Non-Fatal Injury,,No Control,Approaching Head On,Clear,Daylight,Dry,Major Arterial,FALSE,-79.2841906,43.71954404,1,Automobile or Station Wagon,South,4,81,Minor,Lap and Shoulder Belt,Driving properly,Normal,,,Going Ahead,,,,,driver,,Scarborough Southwest (20),41 Division,Clairlea-Birchmount,FALSE,TRUE,FALSE,FALSE,FALSE,TRUE,FALSE,FALSE,TRUE,FALSE,"{""coordinates"": [[-79.28419059603625, 43.719544036095684]], ""type"": ""MultiPoint""}"
4835,2013:1336078,2013-01-18T15:29:00,WARDEN AVE,HYMUS RD,,6,Non-Fatal Injury,,No Control,Approaching Head On,Clear,Daylight,Dry,Major Arterial,FALSE,-79.2841906,43.71954404,2,,,5,,,Other Safety Equipment Used,,,,,,,,,,owner,,Scarborough Southwest (20),41 Division,Clairlea-Birchmount,FALSE,TRUE,FALSE,FALSE,FALSE,TRUE,FALSE,FALSE,TRUE,FALSE,"{""coordinates"": [[-79.28419059603625, 43.719544036095684]], ""type"": ""MultiPoint""}"
4836,2013:1345231,2013-01-25T09:20:00,ALBION RD,HIGHWAY 27 S,,4,Non-Fatal Injury,,No Control,Rear End,Clear,Daylight,Dry,Major Arterial,FALSE,-79.60999107,43.74464443,3,,,4,,,Other Safety Equipment Used,,,,,,,,,,owner,,Etobicoke North (1),23 Division,West Humber-Clairville,TRUE,TRUE,FALSE,FALSE,FALSE,FALSE,FALSE,FALSE,FALSE,TRUE,"{""coordinates"": [[-79.60999106954833, 43.744644431046666]], ""type"": ""MultiPoint""}"
4837,2013:1345231,2013-01-25T09:20:00,ALBION RD,HIGHWAY 27 S,,4,Non-Fatal Injury,,No Control,Rear End,Clear,Daylight,Dry,Major Arterial,FALSE,-79.60999107,43.74464443,2,,,2,,,Other Safety Equipment Used,,,,,,,,,,owner,,Etobicoke North (1),23 Division,West Humber-Clairville,TRUE,TRUE,FALSE,FALSE,FALSE,FALSE,FALSE,FALSE,FALSE,TRUE,"{""coordinates"": [[-79.60999106954833, 43.744644431046666]], ""type"": ""MultiPoint""}"
4838,2013:1345231,2013-01-25T09:20:00,ALBION RD,HIGHWAY 27 S,,4,Non-Fatal Injury,,No Control,Rear End,Clear,Daylight,Dry,Major Arterial,FALSE,-79.60999107,43.74464443,1,Truck - Open (Flatbed),East,1,64,None,Lap and Shoulder Belt,Driving properly,Normal,,,Stopped,,,,,driver,,Etobicoke North (1),23 Division,West Humber-Clairville,TRUE,TRUE,FALSE,FALSE,FALSE,FALSE,FALSE,FALSE,FALSE,TRUE,"{""coordinates"": [[-79.60999106954833, 43.744644431046666]], ""type"": ""MultiPoint""}"
4839,2013:1345231,2013-01-25T09:20:00,ALBION RD,HIGHWAY 27 S,,4,Non-Fatal Injury,,No Control,Rear End,Clear,Daylight,Dry,Major Arterial,FALSE,-79.60999107,43.74464443,2,Automobile or Station Wagon,East,3,27,Major,Lap and Shoulder Belt,Speed too fast for conditions,Inattentive,,,Going Ahead,,,,,driver,,Etobicoke North (1),23 Division,West Humber-Clairville,TRUE,TRUE,FALSE,FALSE,FALSE,FALSE,FALSE,FALSE,FALSE,TRUE,"{""coordinates"": [[-79.60999106954833, 43.744644431046666]], ""type"": ""MultiPoint""}"
4840,2013:1337952,2013-01-25T14:09:00,BLOOR ST W,OLD MILL TER,,5,Non-Fatal Injury,At Intersection,Stop Sign,Rear End,Snow,Daylight,Loose Snow,Major Arterial,FALSE,-79.4984101,43.65004535,3,,East,5,63,None,Other Safety Equipment Used,,,,,Slowing or Stopping,,,,,driver,,Etobicoke-Lakeshore (3),22 Division,Stonegate-Queensway,TRUE,FALSE,FALSE,FALSE,FALSE,FALSE,FALSE,FALSE,FALSE,FALSE,"{""coordinates"": [[-79.49841010258126, 43.65004535306335]], ""type"": ""MultiPoint""}"
4841,2013:1337952,2013-01-25T14:09:00,BLOOR ST W,OLD MILL TER,,5,Non-Fatal Injury,At Intersection,Stop Sign,Rear End,Snow,Daylight,Loose Snow,Major Arterial,FALSE,-79.4984101,43.65004535,2,Automobile or Station Wagon,East,3,36,None,Lap and Shoulder Belt,Following too closely,,,,Going Ahead,,,,,driver,,Etobicoke-Lakeshore (3),22 Division,Stonegate-Queensway,TRUE,FALSE,FALSE,FALSE,FALSE,FALSE,FALSE,FALSE,FALSE,FALSE,"{""coordinates"": [[-79.49841010258126, 43.65004535306335]], ""type"": ""MultiPoint""}"
4842,2013:1337952,2013-01-25T14:09:00,BLOOR ST W,OLD MILL TER,,5,Non-Fatal Injury,At Intersection,Stop Sign,Rear End,Snow,Daylight,Loose Snow,Major Arterial,FALSE,-79.4984101,43.65004535,1,Automobile or Station Wagon,East,1,45,Major,Other Safety Equipment Used,,,,,Going Ahead,,,,,driver,,Etobicoke-Lakeshore (3),22 Division,Stonegate-Queensway,TRUE,FALSE,FALSE,FALSE,FALSE,FALSE,FALSE,FALSE,FALSE,FALSE,"{""coordinates"": [[-79.49841010258126, 43.65004535306335]], ""type"": ""MultiPoint""}"
4843,2013:1337952,2013-01-25T14:09:00,BLOOR ST W,OLD MILL TER,,5,Non-Fatal Injury,At Intersection,Stop Sign,Rear End,Snow,Daylight,Loose Snow,Major Arterial,FALSE,-79.4984101,43.65004535,2,,,2,,Minimal,Child Safety Seat Used Correctly,,,,,,,,,,passenger,,Etobicoke-Lakeshore (3),22 Division,Stonegate-Queensway,TRUE,FALSE,FALSE,FALSE,FALSE,FALSE,FALSE,FALSE,FALSE,FALSE,"{""coordinates"": [[-79.49841010258126, 43.65004535306335]], ""type"": ""MultiPoint""}"
4844,2013:1337952,2013-01-25T14:09:00,BLOOR ST W,OLD MILL TER,,5,Non-Fatal Injury,At Intersection,Stop Sign,Rear End,Snow,Daylight,Loose Snow,Major Arterial,FALSE,-79.4984101,43.65004535,3,,,4,,,Other Safety Equipment Used,,,,,,,,,,owner,,Etobicoke-Lakeshore (3),22 Division,Stonegate-Queensway,TRUE,FALSE,FALSE,FALSE,FALSE,FALSE,FALSE,FALSE,FALSE,FALSE,"{""coordinates"": [[-79.49841010258126, 43.65004535306335]], ""type"": ""MultiPoint""}"
4845,2013:1338092,2013-01-30T17:07:00,TAPSCOTT RD,MCLEVIN AVE,,5,Non-Fatal Injury,At Intersection,No Control,Approaching Head On,Clear,Daylight,Wet,Minor Arterial,FALSE,-79.22809043,43.80584398,1,Automobile or Station Wagon,,1,49,Minor,Air Bag Deployed,,,,,,,,,,passenger,,Scarborough North (23),42 Division,Malvern West,FALSE,FALSE,FALSE,FALSE,FALSE,TRUE,FALSE,FALSE,FALSE,FALSE,"{""coordinates"": [[-79.22809042646892, 43.805843981658874]], ""type"": ""MultiPoint""}"
4846,2013:1338092,2013-01-30T17:07:00,TAPSCOTT RD,MCLEVIN AVE,,5,Non-Fatal Injury,At Intersection,No Control,Approaching Head On,Clear,Daylight,Wet,Minor Arterial,FALSE,-79.22809043,43.80584398,2,,,3,67,Major,Air Bag Deployed,,,,,,,,,,passenger,,Scarborough North (23),42 Division,Malvern West,FALSE,FALSE,FALSE,FALSE,FALSE,TRUE,FALSE,FALSE,FALSE,FALSE,"{""coordinates"": [[-79.22809042646892, 43.805843981658874]], ""type"": ""MultiPoint""}"
4847,2013:1338092,2013-01-30T17:07:00,TAPSCOTT RD,MCLEVIN AVE,,5,Non-Fatal Injury,At Intersection,No Control,Approaching Head On,Clear,Daylight,Wet,Minor Arterial,FALSE,-79.22809043,43.80584398,2,,,4,,,Other Safety Equipment Used,,,,,,,,,,owner,,Scarborough North (23),42 Division,Malvern West,FALSE,FALSE,FALSE,FALSE,FALSE,TRUE,FALSE,FALSE,FALSE,FALSE,"{""coordinates"": [[-79.22809042646892, 43.805843981658874]], ""type"": ""MultiPoint""}"
4848,2013:1338092,2013-01-30T17:07:00,TAPSCOTT RD,MCLEVIN AVE,,5,Non-Fatal Injury,At Intersection,No Control,Approaching Head On,Clear,Daylight,Wet,Minor Arterial,FALSE,-79.22809043,43.80584398,2,Automobile or Station Wagon,North,5,71,Minor,Air Bag Deployed,Other,Unknown,,,Going Ahead,,,,,driver,,Scarborough North (23),42 Division,Malvern West,FALSE,FALSE,FALSE,FALSE,FALSE,TRUE,FALSE,FALSE,FALSE,FALSE,"{""coordinates"": [[-79.22809042646892, 43.805843981658874]], ""type"": ""MultiPoint""}"
4849,2013:1338092,2013-01-30T17:07:00,TAPSCOTT RD,MCLEVIN AVE,,5,Non-Fatal Injury,At Intersection,No Control,Approaching Head On,Clear,Daylight,Wet,Minor Arterial,FALSE,-79.22809043,43.80584398,1,Automobile or Station Wagon,South,2,52,Major,Lap and Shoulder Belt,Driving properly,Normal,,,Going Ahead,,,,,driver,,Scarborough North (23),42 Division,Malvern West,FALSE,FALSE,FALSE,FALSE,FALSE,TRUE,FALSE,FALSE,FALSE,FALSE,"{""coordinates"": [[-79.22809042646892, 43.805843981658874]], ""type"": ""MultiPoint""}"
4850,2013:1347648,2013-02-13T14:47:00,MARKHAM RD,SELECT AVE,,3,Non-Fatal Injury,,Traffic Signal,Rear End,Clear,Daylight,Dry,Major Arterial,FALSE,-79.25101043,43.83344001,1,Automobile or Station Wagon,South,1,32,Major,Lap and Shoulder Belt,Driving properly,Normal,,,Slowing or Stopping,,,,,driver,,Scarborough North (23),42 Division,Morningside Heights,TRUE,TRUE,FALSE,FALSE,FALSE,FALSE,FALSE,FALSE,FALSE,FALSE,"{""coordinates"": [[-79.25101043451566, 43.83344000808372]], ""type"": ""MultiPoint""}"
4851,2013:1347648,2013-02-13T14:47:00,MARKHAM RD,SELECT AVE,,3,Non-Fatal Injury,,Traffic Signal,Rear End,Clear,Daylight,Dry,Major Arterial,FALSE,-79.25101043,43.83344001,2,Automobile or Station Wagon,South,3,38,Minor,Lap and Shoulder Belt,Following too closely,Inattentive,,,Going Ahead,,,,,driver,,Scarborough North (23),42 Division,Morningside Heights,TRUE,TRUE,FALSE,FALSE,FALSE,FALSE,FALSE,FALSE,FALSE,FALSE,"{""coordinates"": [[-79.25101043451566, 43.83344000808372]], ""type"": ""MultiPoint""}"
4852,2013:1347648,2013-02-13T14:47:00,MARKHAM RD,SELECT AVE,,3,Non-Fatal Injury,,Traffic Signal,Rear End,Clear,Daylight,Dry,Major Arterial,FALSE,-79.25101043,43.83344001,2,,,2,,,Other Safety Equipment Used,,,,,,,,,,owner,,Scarborough North (23),42 Division,Morningside Heights,TRUE,TRUE,FALSE,FALSE,FALSE,FALSE,FALSE,FALSE,FALSE,FALSE,"{""coordinates"": [[-79.25101043451566, 43.83344000808372]], ""type"": ""MultiPoint""}"
4853,2013:1340588,2013-02-13T20:55:00,15 KENFIN AVE,,,2,Non-Fatal Injury,,No Control,SMV Unattended Vehicle,Clear,Dark with Artificial Lighting,Dry,Local,FALSE,-79.29449053,43.80011105,1,,East,1,,None,Other Safety Equipment Used,,,,,Parked,,,,,other,,Scarborough-Agincourt (22),42 Division,East L'Amoreaux,FALSE,FALSE,FALSE,FALSE,FALSE,TRUE,FALSE,FALSE,FALSE,FALSE,"{""coordinates"": [[-79.29449053063138, 43.80011105352574]], ""type"": ""MultiPoint""}"
4854,2013:1340588,2013-02-13T20:55:00,15 KENFIN AVE,,,2,Non-Fatal Injury,,No Control,SMV Unattended Vehicle,Clear,Dark with Artificial Lighting,Dry,Local,FALSE,-79.29449053,43.80011105,2,Automobile or Station Wagon,East,2,73,Major,Other Safety Equipment Used,Other,Unknown,,,Going Ahead,,,,,driver,,Scarborough-Agincourt (22),42 Division,East L'Amoreaux,FALSE,FALSE,FALSE,FALSE,FALSE,TRUE,FALSE,FALSE,FALSE,FALSE,"{""coordinates"": [[-79.29449053063138, 43.80011105352574]], ""type"": ""MultiPoint""}"
4855,2009:1084902,2009-01-28T21:19:00,THE EAST MALL,EVANS AVE,,2,Non-Fatal Injury,,No Control,SMV Other,Clear,Dark,Loose Snow,Major Arterial,FALSE,-79.54379123,43.61184443,1,Automobile or Station Wagon,South,1,,Minor,Lap and Shoulder Belt,,,,,Going Ahead,,,,,passenger,,Etobicoke-Lakeshore (3),22 Division,Alderwood,FALSE,FALSE,FALSE,FALSE,FALSE,TRUE,FALSE,FALSE,FALSE,FALSE,"{""coordinates"": [[-79.54379123384471, 43.611844429805174]], ""type"": ""MultiPoint""}"
4856,2013:1340810,2013-02-14T08:38:00,TAPSCOTT RD,FINCH Ave E,,4,Non-Fatal Injury,At Intersection,Traffic Signal,Turning Movement,Clear,Daylight,Dry,Minor Arterial,FALSE,-79.23709043,43.81424399,2,Automobile or Station Wagon,North,3,42,Major,Lap and Shoulder Belt,Driving properly,Normal,,,Stopped,,,,,driver,,Scarborough North (23),42 Division,Morningside Heights,TRUE,FALSE,FALSE,FALSE,FALSE,FALSE,FALSE,FALSE,FALSE,FALSE,"{""coordinates"": [[-79.23709043169444, 43.814243991723096]], ""type"": ""MultiPoint""}"
4857,2013:1340810,2013-02-14T08:38:00,TAPSCOTT RD,FINCH Ave E,,4,Non-Fatal Injury,At Intersection,Traffic Signal,Turning Movement,Clear,Daylight,Dry,Minor Arterial,FALSE,-79.23709043,43.81424399,3,Automobile or Station Wagon,North,4,24,None,Other Safety Equipment Used,Failed to yield right-of-way,Normal,,,Turning Left,,,,,driver,,Scarborough North (23),42 Division,Morningside Heights,TRUE,FALSE,FALSE,FALSE,FALSE,FALSE,FALSE,FALSE,FALSE,FALSE,"{""coordinates"": [[-79.23709043169444, 43.814243991723096]], ""type"": ""MultiPoint""}"
4858,2013:1340810,2013-02-14T08:38:00,TAPSCOTT RD,FINCH Ave E,,4,Non-Fatal Injury,At Intersection,Traffic Signal,Turning Movement,Clear,Daylight,Dry,Minor Arterial,FALSE,-79.23709043,43.81424399,1,,,1,,,Other Safety Equipment Used,,,,,,,,,,owner,,Scarborough North (23),42 Division,Morningside Heights,TRUE,FALSE,FALSE,FALSE,FALSE,FALSE,FALSE,FALSE,FALSE,FALSE,"{""coordinates"": [[-79.23709043169444, 43.814243991723096]], ""type"": ""MultiPoint""}"
4859,2013:1340810,2013-02-14T08:38:00,TAPSCOTT RD,FINCH Ave E,,4,Non-Fatal Injury,At Intersection,Traffic Signal,Turning Movement,Clear,Daylight,Dry,Minor Arterial,FALSE,-79.23709043,43.81424399,1,Automobile or Station Wagon,South,2,31,None,Other Safety Equipment Used,Driving properly,Normal,,,Going Ahead,,,,,driver,,Scarborough North (23),42 Division,Morningside Heights,TRUE,FALSE,FALSE,FALSE,FALSE,FALSE,FALSE,FALSE,FALSE,FALSE,"{""coordinates"": [[-79.23709043169444, 43.814243991723096]], ""type"": ""MultiPoint""}"
4860,2013:1341806,2013-02-20T08:58:00,JANE St,DALRYMPLE Dr,,8,Non-Fatal Injury,At Intersection,Stop Sign,Turning Movement,Clear,Daylight,Dry,Major Arterial,FALSE,-79.49609105,43.67724434,4,,,7,23,Minor,Lap and Shoulder Belt,,,,,,,,,,passenger,,York South-Weston (5),12 Division,Rockcliffe-Smythe,TRUE,FALSE,FALSE,FALSE,FALSE,FALSE,FALSE,FALSE,TRUE,FALSE,"{""coordinates"": [[-79.49609104825564, 43.67724433645483]], ""type"": ""MultiPoint""}"
4861,2013:1341806,2013-02-20T08:58:00,JANE St,DALRYMPLE Dr,,8,Non-Fatal Injury,At Intersection,Stop Sign,Turning Movement,Clear,Daylight,Dry,Major Arterial,FALSE,-79.49609105,43.67724434,1,,,2,,,Other Safety Equipment Used,,,,,,,,,,owner,,York South-Weston (5),12 Division,Rockcliffe-Smythe,TRUE,FALSE,FALSE,FALSE,FALSE,FALSE,FALSE,FALSE,TRUE,FALSE,"{""coordinates"": [[-79.49609104825564, 43.67724433645483]], ""type"": ""MultiPoint""}"
4862,2013:1341806,2013-02-20T08:58:00,JANE St,DALRYMPLE Dr,,8,Non-Fatal Injury,At Intersection,Stop Sign,Turning Movement,Clear,Daylight,Dry,Major Arterial,FALSE,-79.49609105,43.67724434,4,Automobile or Station Wagon,North,8,19,Minor,Lap and Shoulder Belt,Driving properly,Normal,,,Going Ahead,,,,,driver,,York South-Weston (5),12 Division,Rockcliffe-Smythe,TRUE,FALSE,FALSE,FALSE,FALSE,FALSE,FALSE,FALSE,TRUE,FALSE,"{""coordinates"": [[-79.49609104825564, 43.67724433645483]], ""type"": ""MultiPoint""}"
4863,2013:1341806,2013-02-20T08:58:00,JANE St,DALRYMPLE Dr,,8,Non-Fatal Injury,At Intersection,Stop Sign,Turning Movement,Clear,Daylight,Dry,Major Arterial,FALSE,-79.49609105,43.67724434,1,Automobile or Station Wagon,West,3,54,Minor,Lap and Shoulder Belt,Failed to yield right-of-way,Normal,,,Turning Left,,,,,driver,,York South-Weston (5),12 Division,Rockcliffe-Smythe,TRUE,FALSE,FALSE,FALSE,FALSE,FALSE,FALSE,FALSE,TRUE,FALSE,"{""coordinates"": [[-79.49609104825564, 43.67724433645483]], ""type"": ""MultiPoint""}"
4864,2013:1341806,2013-02-20T08:58:00,JANE St,DALRYMPLE Dr,,8,Non-Fatal Injury,At Intersection,Stop Sign,Turning Movement,Clear,Daylight,Dry,Major Arterial,FALSE,-79.49609105,43.67724434,3,Automobile or Station Wagon,South,6,35,None,Lap and Shoulder Belt,Driving properly,Normal,,,Going Ahead,,,,,driver,,York South-Weston (5),12 Division,Rockcliffe-Smythe,TRUE,FALSE,FALSE,FALSE,FALSE,FALSE,FALSE,FALSE,TRUE,FALSE,"{""coordinates"": [[-79.49609104825564, 43.67724433645483]], ""type"": ""MultiPoint""}"
4865,2013:1341806,2013-02-20T08:58:00,JANE St,DALRYMPLE Dr,,8,Non-Fatal Injury,At Intersection,Stop Sign,Turning Movement,Clear,Daylight,Dry,Major Arterial,FALSE,-79.49609105,43.67724434,1,,,1,36,Major,Equipment Not Used But Available,,,,,,,,,,passenger,,York South-Weston (5),12 Division,Rockcliffe-Smythe,TRUE,FALSE,FALSE,FALSE,FALSE,FALSE,FALSE,FALSE,TRUE,FALSE,"{""coordinates"": [[-79.49609104825564, 43.67724433645483]], ""type"": ""MultiPoint""}"
4866,2013:1341806,2013-02-20T08:58:00,JANE St,DALRYMPLE Dr,,8,Non-Fatal Injury,At Intersection,Stop Sign,Turning Movement,Clear,Daylight,Dry,Major Arterial,FALSE,-79.49609105,43.67724434,2,,,4,,,Other Safety Equipment Used,,,,,,,,,,owner,,York South-Weston (5),12 Division,Rockcliffe-Smythe,TRUE,FALSE,FALSE,FALSE,FALSE,FALSE,FALSE,FALSE,TRUE,FALSE,"{""coordinates"": [[-79.49609104825564, 43.67724433645483]], ""type"": ""MultiPoint""}"
4867,2013:1341806,2013-02-20T08:58:00,JANE St,DALRYMPLE Dr,,8,Non-Fatal Injury,At Intersection,Stop Sign,Turning Movement,Clear,Daylight,Dry,Major Arterial,FALSE,-79.49609105,43.67724434,2,Automobile or Station Wagon,South,5,36,None,Lap and Shoulder Belt,Driving properly,Normal,,,Going Ahead,,,,,driver,,York South-Weston (5),12 Division,Rockcliffe-Smythe,TRUE,FALSE,FALSE,FALSE,FALSE,FALSE,FALSE,FALSE,TRUE,FALSE,"{""coordinates"": [[-79.49609104825564, 43.67724433645483]], ""type"": ""MultiPoint""}"
4868,2013:1348740,2013-02-26T21:19:00,ST CLAIR AVE W,KEELE ST,,2,Non-Fatal Injury,,No Control,SMV Other,Rain,Dark,Wet,Major Arterial,FALSE,-79.468491,43.6723443,1,Automobile or Station Wagon,West,1,63,Major,Air Bag Deployed,Other,Normal,,,Going Ahead,,,,,driver,,York South-Weston (5),11 Division,Junction Area,FALSE,FALSE,FALSE,FALSE,FALSE,FALSE,FALSE,FALSE,FALSE,FALSE,"{""coordinates"": [[-79.46849100490091, 43.6723442993457]], ""type"": ""MultiPoint""}"
4869,2013:1348740,2013-02-26T21:19:00,ST CLAIR AVE W,KEELE ST,,2,Non-Fatal Injury,,No Control,SMV Other,Rain,Dark,Wet,Major Arterial,FALSE,-79.468491,43.6723443,2,,,2,,,Other Safety Equipment Used,,,,,,,,,,owner,,York South-Weston (5),11 Division,Junction Area,FALSE,FALSE,FALSE,FALSE,FALSE,FALSE,FALSE,FALSE,FALSE,FALSE,"{""coordinates"": [[-79.46849100490091, 43.6723442993457]], ""type"": ""MultiPoint""}"
4870,2009:1084902,2009-01-28T21:19:00,THE EAST MALL,EVANS AVE,,2,Non-Fatal Injury,,No Control,SMV Other,Clear,Dark,Loose Snow,Major Arterial,FALSE,-79.54379123,43.61184443,1,Automobile or Station Wagon,South,2,76,Major,Lap and Shoulder Belt,,,,,Other,,,,,driver,,Etobicoke-Lakeshore (3),22 Division,Alderwood,FALSE,FALSE,FALSE,FALSE,FALSE,TRUE,FALSE,FALSE,FALSE,FALSE,"{""coordinates"": [[-79.54379123384471, 43.611844429805174]], ""type"": ""MultiPoint""}"
4871,2013:1349045,2013-03-02T05:20:00,170 FINCH AVE E,,,4,Non-Fatal Injury,,No Control,Sideswipe,Clear,Dawn,Dry,Major Arterial,FALSE,-79.40319072,43.78244418,1,Automobile or Station Wagon,West,1,48,Minimal,Lap and Shoulder Belt,Driving properly,Normal,,,Going Ahead,,,,,driver,,Willowdale (18),32 Division,East Willowdale,FALSE,FALSE,FALSE,FALSE,FALSE,FALSE,FALSE,FALSE,FALSE,FALSE,"{""coordinates"": [[-79.4031907230606, 43.78244418200607]], ""type"": ""MultiPoint""}"
4872,2013:1349045,2013-03-02T05:20:00,170 FINCH AVE E,,,4,Non-Fatal Injury,,No Control,Sideswipe,Clear,Dawn,Dry,Major Arterial,FALSE,-79.40319072,43.78244418,3,Automobile or Station Wagon,West,4,21,Major,Equipment Not Used But Available,Lost control,Unknown,,,Going Ahead,,,,,driver,,Willowdale (18),32 Division,East Willowdale,FALSE,FALSE,FALSE,FALSE,FALSE,FALSE,FALSE,FALSE,FALSE,FALSE,"{""coordinates"": [[-79.4031907230606, 43.78244418200607]], ""type"": ""MultiPoint""}"
4873,2013:1349045,2013-03-02T05:20:00,170 FINCH AVE E,,,4,Non-Fatal Injury,,No Control,Sideswipe,Clear,Dawn,Dry,Major Arterial,FALSE,-79.40319072,43.78244418,2,,,2,47,Minimal,Lap and Shoulder Belt,,,,,,,,,,passenger,,Willowdale (18),32 Division,East Willowdale,FALSE,FALSE,FALSE,FALSE,FALSE,FALSE,FALSE,FALSE,FALSE,FALSE,"{""coordinates"": [[-79.4031907230606, 43.78244418200607]], ""type"": ""MultiPoint""}"