_id,collision_id,accdate,stname1,stname2,stname3,per_inv,acclass,accloc,traffictl,impactype,visible,light,rdsfcond,road_class,failtorem,longitude,latitude,veh_no,vehtype,initdir,per_no,invage,injury,safequip,drivact,drivcond,pedact,pedcond,manoeuvre,pedtype,cyclistype,cycact,cyccond,road_user,fatal_no,wardname,division,neighbourhood,aggressive,distracted,cyclist,motorcyclist,other_micromobility,older_adult,pedestrian,red_light,school_child,heavy_truck,geometry
4874,2013:1349045,2013-03-02T05:20:00,170 FINCH AVE E,,,4,Non-Fatal Injury,,No Control,Sideswipe,Clear,Dawn,Dry,Major Arterial,FALSE,-79.40319072,43.78244418,3,,,3,,,Other Safety Equipment Used,,,,,,,,,,owner,,Willowdale (18),32 Division,East Willowdale,FALSE,FALSE,FALSE,FALSE,FALSE,FALSE,FALSE,FALSE,FALSE,FALSE,"{""coordinates"": [[-79.4031907230606, 43.78244418200607]], ""type"": ""MultiPoint""}"
4875,2013:1344050,2013-03-03T09:51:00,ROYAL YORK RD,HILLSIDE AVE,,4,Non-Fatal Injury,,Stop Sign,Angle,Clear,Daylight,Dry,Minor Arterial,FALSE,-79.49589117,43.61014437,2,Automobile or Station Wagon,West,4,54,Major,Lap and Shoulder Belt,Lost control,Unknown,,,Going Ahead,,,,,driver,,Etobicoke-Lakeshore (3),22 Division,Mimico-Queensway,FALSE,FALSE,FALSE,FALSE,FALSE,FALSE,FALSE,FALSE,TRUE,TRUE,"{""coordinates"": [[-79.49589117067488, 43.61014436863263]], ""type"": ""MultiPoint""}"
4876,2013:1344050,2013-03-03T09:51:00,ROYAL YORK RD,HILLSIDE AVE,,4,Non-Fatal Injury,,Stop Sign,Angle,Clear,Daylight,Dry,Minor Arterial,FALSE,-79.49589117,43.61014437,1,Municipal Transit Bus (TTC),South,3,47,None,Lap and Shoulder Belt,Driving properly,Normal,,,Stopped,,,,,driver,,Etobicoke-Lakeshore (3),22 Division,Mimico-Queensway,FALSE,FALSE,FALSE,FALSE,FALSE,FALSE,FALSE,FALSE,TRUE,TRUE,"{""coordinates"": [[-79.49589117067488, 43.61014436863263]], ""type"": ""MultiPoint""}"
4877,2013:1344050,2013-03-03T09:51:00,ROYAL YORK RD,HILLSIDE AVE,,4,Non-Fatal Injury,,Stop Sign,Angle,Clear,Daylight,Dry,Minor Arterial,FALSE,-79.49589117,43.61014437,1,,,1,15,Minimal,Other Safety Equipment Used,,,,,,,,,,passenger,,Etobicoke-Lakeshore (3),22 Division,Mimico-Queensway,FALSE,FALSE,FALSE,FALSE,FALSE,FALSE,FALSE,FALSE,TRUE,TRUE,"{""coordinates"": [[-79.49589117067488, 43.61014436863263]], ""type"": ""MultiPoint""}"
4878,2013:1344050,2013-03-03T09:51:00,ROYAL YORK RD,HILLSIDE AVE,,4,Non-Fatal Injury,,Stop Sign,Angle,Clear,Daylight,Dry,Minor Arterial,FALSE,-79.49589117,43.61014437,1,,,2,,,Other Safety Equipment Used,,,,,,,,,,owner,,Etobicoke-Lakeshore (3),22 Division,Mimico-Queensway,FALSE,FALSE,FALSE,FALSE,FALSE,FALSE,FALSE,FALSE,TRUE,TRUE,"{""coordinates"": [[-79.49589117067488, 43.61014436863263]], ""type"": ""MultiPoint""}"
4879,2013:1349207,2013-03-04T08:00:00,37 SIX POINT Rd,,,3,Non-Fatal Injury,,No Control,Angle,Clear,Daylight,Dry,Local,FALSE,-79.52659117,43.6355444,2,Automobile or Station Wagon,East,3,57,Major,Lap and Shoulder Belt,Other,Normal,,,Going Ahead,,,,,driver,,Etobicoke-Lakeshore (3),22 Division,Etobicoke City Centre,FALSE,FALSE,FALSE,FALSE,FALSE,FALSE,FALSE,FALSE,FALSE,TRUE,"{""coordinates"": [[-79.52659116718898, 43.63554439555669]], ""type"": ""MultiPoint""}"
4880,2013:1349207,2013-03-04T08:00:00,37 SIX POINT Rd,,,3,Non-Fatal Injury,,No Control,Angle,Clear,Daylight,Dry,Local,FALSE,-79.52659117,43.6355444,1,Truck - Open (Flatbed),South,2,24,None,Lap and Shoulder Belt,Other,Unknown,,,Reversing,,,,,driver,,Etobicoke-Lakeshore (3),22 Division,Etobicoke City Centre,FALSE,FALSE,FALSE,FALSE,FALSE,FALSE,FALSE,FALSE,FALSE,TRUE,"{""coordinates"": [[-79.52659116718898, 43.63554439555669]], ""type"": ""MultiPoint""}"
4881,2013:1349207,2013-03-04T08:00:00,37 SIX POINT Rd,,,3,Non-Fatal Injury,,No Control,Angle,Clear,Daylight,Dry,Local,FALSE,-79.52659117,43.6355444,1,,,1,,,Other Safety Equipment Used,,,,,,,,,,owner,,Etobicoke-Lakeshore (3),22 Division,Etobicoke City Centre,FALSE,FALSE,FALSE,FALSE,FALSE,FALSE,FALSE,FALSE,FALSE,TRUE,"{""coordinates"": [[-79.52659116718898, 43.63554439555669]], ""type"": ""MultiPoint""}"
4882,2013:1388642,2013-03-06T20:10:00,BRIMLEY Rd,EAGLEDANCE Dr,,3,Non-Fatal Injury,,Traffic Signal,Angle,Clear,Dark with Artificial Lighting,Dry,Major Arterial,FALSE,-79.2860445,43.82497605,1,Automobile or Station Wagon,North,1,50,Major,Lap and Shoulder Belt,Disobeyed traffic control,Inattentive,,,Going Ahead,,,,,driver,,Scarborough North (23),42 Division,Milliken,TRUE,TRUE,FALSE,FALSE,FALSE,FALSE,FALSE,TRUE,FALSE,FALSE,"{""coordinates"": [[-79.28604449553009, 43.82497604615831]], ""type"": ""MultiPoint""}"
4883,2013:1388642,2013-03-06T20:10:00,BRIMLEY Rd,EAGLEDANCE Dr,,3,Non-Fatal Injury,,Traffic Signal,Angle,Clear,Dark with Artificial Lighting,Dry,Major Arterial,FALSE,-79.2860445,43.82497605,2,,,2,,,Other Safety Equipment Used,,,,,,,,,,owner,,Scarborough North (23),42 Division,Milliken,TRUE,TRUE,FALSE,FALSE,FALSE,FALSE,FALSE,TRUE,FALSE,FALSE,"{""coordinates"": [[-79.28604449553009, 43.82497604615831]], ""type"": ""MultiPoint""}"
4884,2013:1388642,2013-03-06T20:10:00,BRIMLEY Rd,EAGLEDANCE Dr,,3,Non-Fatal Injury,,Traffic Signal,Angle,Clear,Dark with Artificial Lighting,Dry,Major Arterial,FALSE,-79.2860445,43.82497605,2,Automobile or Station Wagon,West,3,50,Minimal,Lap and Shoulder Belt,Driving properly,Normal,,,Going Ahead,,,,,driver,,Scarborough North (23),42 Division,Milliken,TRUE,TRUE,FALSE,FALSE,FALSE,FALSE,FALSE,TRUE,FALSE,FALSE,"{""coordinates"": [[-79.28604449553009, 43.82497604615831]], ""type"": ""MultiPoint""}"
4885,2013:1351724,2013-03-19T17:15:00,FINCH Ave E,VICTORIA PARK Ave,,2,Non-Fatal Injury,,No Control,Approaching Head On,Clear,Daylight,Dry,Major Arterial,FALSE,-79.32899059,43.79364409,1,Automobile or Station Wagon,West,1,55,Minor,Lap and Shoulder Belt,Lost control,Unknown,,,Going Ahead,,,,,driver,,Scarborough-Agincourt (22),42 Division,L'Amoreaux West,FALSE,FALSE,FALSE,FALSE,FALSE,FALSE,FALSE,FALSE,FALSE,FALSE,"{""coordinates"": [[-79.32899059174825, 43.793644093585954]], ""type"": ""MultiPoint""}"
4886,2013:1351724,2013-03-19T17:15:00,FINCH Ave E,VICTORIA PARK Ave,,2,Non-Fatal Injury,,No Control,Approaching Head On,Clear,Daylight,Dry,Major Arterial,FALSE,-79.32899059,43.79364409,2,Automobile or Station Wagon,East,2,50,Major,Lap and Shoulder Belt,Driving properly,Normal,,,Going Ahead,,,,,driver,,Scarborough-Agincourt (22),42 Division,L'Amoreaux West,FALSE,FALSE,FALSE,FALSE,FALSE,FALSE,FALSE,FALSE,FALSE,FALSE,"{""coordinates"": [[-79.32899059174825, 43.793644093585954]], ""type"": ""MultiPoint""}"
4887,2013:1350729,2013-03-21T18:00:00,631 SHEPPARD Ave W,,,2,Non-Fatal Injury,,No Control,Sideswipe,Clear,Daylight,Wet,Major Arterial,FALSE,-79.43939081,43.75534423,2,Automobile or Station Wagon,East,2,39,Major,Lap and Shoulder Belt,Speed too fast for conditions,Normal,,,Going Ahead,,,,,driver,,York Centre (6),32 Division,Clanton Park,TRUE,FALSE,FALSE,FALSE,FALSE,FALSE,FALSE,FALSE,FALSE,FALSE,"{""coordinates"": [[-79.43939081325885, 43.75534422951666]], ""type"": ""MultiPoint""}"
4888,2013:1350729,2013-03-21T18:00:00,631 SHEPPARD Ave W,,,2,Non-Fatal Injury,,No Control,Sideswipe,Clear,Daylight,Wet,Major Arterial,FALSE,-79.43939081,43.75534423,1,Automobile or Station Wagon,East,1,43,None,Lap and Shoulder Belt,Improper lane change,Normal,,,Changing Lanes,,,,,driver,,York Centre (6),32 Division,Clanton Park,TRUE,FALSE,FALSE,FALSE,FALSE,FALSE,FALSE,FALSE,FALSE,FALSE,"{""coordinates"": [[-79.43939081325885, 43.75534422951666]], ""type"": ""MultiPoint""}"
4889,2013:1349085,2013-03-27T19:23:00,DANFORTH Ave,LUTTRELL Ave,,6,Non-Fatal Injury,,No Control,Turning Movement,Rain,Dusk,Wet,Major Arterial,FALSE,-79.29379065,43.68994405,3,,,5,31,Minor,Lap and Shoulder Belt,,,,,,,,,,passenger,,Beaches-East York (19),55 Division,East End-Danforth,FALSE,TRUE,FALSE,FALSE,FALSE,FALSE,FALSE,FALSE,TRUE,FALSE,"{""coordinates"": [[-79.29379065107297, 43.68994404918996]], ""type"": ""MultiPoint""}"
4890,2013:1349085,2013-03-27T19:23:00,DANFORTH Ave,LUTTRELL Ave,,6,Non-Fatal Injury,,No Control,Turning Movement,Rain,Dusk,Wet,Major Arterial,FALSE,-79.29379065,43.68994405,1,Automobile or Station Wagon,,1,,,Other Safety Equipment Used,,,,,,,,,,owner,,Beaches-East York (19),55 Division,East End-Danforth,FALSE,TRUE,FALSE,FALSE,FALSE,FALSE,FALSE,FALSE,TRUE,FALSE,"{""coordinates"": [[-79.29379065107297, 43.68994404918996]], ""type"": ""MultiPoint""}"
4891,2013:1349085,2013-03-27T19:23:00,DANFORTH Ave,LUTTRELL Ave,,6,Non-Fatal Injury,,No Control,Turning Movement,Rain,Dusk,Wet,Major Arterial,FALSE,-79.29379065,43.68994405,1,Automobile or Station Wagon,West,2,60,None,Other Safety Equipment Used,Driving properly,Normal,,,Going Ahead,,,,,driver,,Beaches-East York (19),55 Division,East End-Danforth,FALSE,TRUE,FALSE,FALSE,FALSE,FALSE,FALSE,FALSE,TRUE,FALSE,"{""coordinates"": [[-79.29379065107297, 43.68994404918996]], ""type"": ""MultiPoint""}"
4892,2013:1349085,2013-03-27T19:23:00,DANFORTH Ave,LUTTRELL Ave,,6,Non-Fatal Injury,,No Control,Turning Movement,Rain,Dusk,Wet,Major Arterial,FALSE,-79.29379065,43.68994405,3,,,4,50,Minor,Lap and Shoulder Belt,,,,,,,,,,passenger,,Beaches-East York (19),55 Division,East End-Danforth,FALSE,TRUE,FALSE,FALSE,FALSE,FALSE,FALSE,FALSE,TRUE,FALSE,"{""coordinates"": [[-79.29379065107297, 43.68994404918996]], ""type"": ""MultiPoint""}"
4893,2013:1349085,2013-03-27T19:23:00,DANFORTH Ave,LUTTRELL Ave,,6,Non-Fatal Injury,,No Control,Turning Movement,Rain,Dusk,Wet,Major Arterial,FALSE,-79.29379065,43.68994405,3,,,6,6,Major,Booster Seat Used,,,,,,,,,,passenger,,Beaches-East York (19),55 Division,East End-Danforth,FALSE,TRUE,FALSE,FALSE,FALSE,FALSE,FALSE,FALSE,TRUE,FALSE,"{""coordinates"": [[-79.29379065107297, 43.68994404918996]], ""type"": ""MultiPoint""}"
4894,2013:1349085,2013-03-27T19:23:00,DANFORTH Ave,LUTTRELL Ave,,6,Non-Fatal Injury,,No Control,Turning Movement,Rain,Dusk,Wet,Major Arterial,FALSE,-79.29379065,43.68994405,2,Automobile or Station Wagon,West,3,33,Minor,Other Safety Equipment Used,Improper lane change,Inattentive,,,Making U-Turn,,,,,driver,,Beaches-East York (19),55 Division,East End-Danforth,FALSE,TRUE,FALSE,FALSE,FALSE,FALSE,FALSE,FALSE,TRUE,FALSE,"{""coordinates"": [[-79.29379065107297, 43.68994404918996]], ""type"": ""MultiPoint""}"
4895,2013:1351388,2013-03-28T14:13:00,WESTON Rd,FAIRGLEN Cres,,4,Non-Fatal Injury,,No Control,Turning Movement,Clear,Daylight,Dry,Major Arterial,FALSE,-79.53389104,43.70844437,2,Automobile or Station Wagon,South,4,54,Minor,Lap and Shoulder Belt,Improper passing,Inattentive,,,Going Ahead,,,,,driver,,York South-Weston (5),12 Division,Weston,TRUE,TRUE,FALSE,FALSE,FALSE,FALSE,FALSE,FALSE,FALSE,FALSE,"{""coordinates"": [[-79.53389104130659, 43.70844436573751]], ""type"": ""MultiPoint""}"
4896,2013:1351388,2013-03-28T14:13:00,WESTON Rd,FAIRGLEN Cres,,4,Non-Fatal Injury,,No Control,Turning Movement,Clear,Daylight,Dry,Major Arterial,FALSE,-79.53389104,43.70844437,2,,,3,,,Other Safety Equipment Used,,,,,,,,,,owner,,York South-Weston (5),12 Division,Weston,TRUE,TRUE,FALSE,FALSE,FALSE,FALSE,FALSE,FALSE,FALSE,FALSE,"{""coordinates"": [[-79.53389104130659, 43.70844436573751]], ""type"": ""MultiPoint""}"
4897,2013:1351388,2013-03-28T14:13:00,WESTON Rd,FAIRGLEN Cres,,4,Non-Fatal Injury,,No Control,Turning Movement,Clear,Daylight,Dry,Major Arterial,FALSE,-79.53389104,43.70844437,1,,,1,38,Major,Lap and Shoulder Belt,,,,,,,,,,passenger,,York South-Weston (5),12 Division,Weston,TRUE,TRUE,FALSE,FALSE,FALSE,FALSE,FALSE,FALSE,FALSE,FALSE,"{""coordinates"": [[-79.53389104130659, 43.70844436573751]], ""type"": ""MultiPoint""}"
4898,2013:1351388,2013-03-28T14:13:00,WESTON Rd,FAIRGLEN Cres,,4,Non-Fatal Injury,,No Control,Turning Movement,Clear,Daylight,Dry,Major Arterial,FALSE,-79.53389104,43.70844437,1,Automobile or Station Wagon,East,2,32,Minor,Lap and Shoulder Belt,Driving properly,Normal,,,Turning Left,,,,,driver,,York South-Weston (5),12 Division,Weston,TRUE,TRUE,FALSE,FALSE,FALSE,FALSE,FALSE,FALSE,FALSE,FALSE,"{""coordinates"": [[-79.53389104130659, 43.70844436573751]], ""type"": ""MultiPoint""}"
4906,2013:1350140,2013-04-04T12:51:00,THE EAST MALL,BLOOR St W,,2,Non-Fatal Injury,At Intersection,Traffic Signal,SMV Other,Clear,Daylight,Dry,Major Arterial,FALSE,-79.5566912,43.63694443,2,,,2,,,Other Safety Equipment Used,,,,,,,,,,owner,,Etobicoke Centre (2),22 Division,Islington,FALSE,FALSE,FALSE,FALSE,FALSE,TRUE,FALSE,FALSE,FALSE,FALSE,"{""coordinates"": [[-79.55669120396375, 43.63694443210732]], ""type"": ""MultiPoint""}"
4907,2013:1350140,2013-04-04T12:51:00,THE EAST MALL,BLOOR St W,,2,Non-Fatal Injury,At Intersection,Traffic Signal,SMV Other,Clear,Daylight,Dry,Major Arterial,FALSE,-79.5566912,43.63694443,1,Automobile or Station Wagon,North,1,86,Major,Lap and Shoulder Belt,Lost control,Unknown,,,Going Ahead,,,,,driver,,Etobicoke Centre (2),22 Division,Islington,FALSE,FALSE,FALSE,FALSE,FALSE,TRUE,FALSE,FALSE,FALSE,FALSE,"{""coordinates"": [[-79.55669120396375, 43.63694443210732]], ""type"": ""MultiPoint""}"
4908,2013:1353734,2013-04-04T20:00:00,QUEEN St W,SPADINA Ave,,4,Non-Fatal Injury,,No Control,Approaching Head On,Clear,Dusk with Artificial Lighting,Dry,Major Arterial,FALSE,-79.3955879,43.6489432,2,Moped,East,4,56,Major,Helmet,,,,,Going Ahead,,,,,motorcyclist,,Spadina-Fort York (10),52 Division,Kensington-Chinatown,FALSE,FALSE,FALSE,TRUE,FALSE,FALSE,FALSE,FALSE,FALSE,TRUE,"{""coordinates"": [[-79.39558790319317, 43.64894320092262]], ""type"": ""MultiPoint""}"
4909,2013:1353734,2013-04-04T20:00:00,QUEEN St W,SPADINA Ave,,4,Non-Fatal Injury,,No Control,Approaching Head On,Clear,Dusk with Artificial Lighting,Dry,Major Arterial,FALSE,-79.3955879,43.6489432,2,,,3,57,Minor,Helmet,,,,,,,,,,passenger,,Spadina-Fort York (10),52 Division,Kensington-Chinatown,FALSE,FALSE,FALSE,TRUE,FALSE,FALSE,FALSE,FALSE,FALSE,TRUE,"{""coordinates"": [[-79.39558790319317, 43.64894320092262]], ""type"": ""MultiPoint""}"
4910,2013:1353734,2013-04-04T20:00:00,QUEEN St W,SPADINA Ave,,4,Non-Fatal Injury,,No Control,Approaching Head On,Clear,Dusk with Artificial Lighting,Dry,Major Arterial,FALSE,-79.3955879,43.6489432,1,,,1,,,Other Safety Equipment Used,,,,,,,,,,other,,Spadina-Fort York (10),52 Division,Kensington-Chinatown,FALSE,FALSE,FALSE,TRUE,FALSE,FALSE,FALSE,FALSE,FALSE,TRUE,"{""coordinates"": [[-79.39558790319317, 43.64894320092262]], ""type"": ""MultiPoint""}"
4911,2013:1353734,2013-04-04T20:00:00,QUEEN St W,SPADINA Ave,,4,Non-Fatal Injury,,No Control,Approaching Head On,Clear,Dusk with Artificial Lighting,Dry,Major Arterial,FALSE,-79.3955879,43.6489432,1,Streetcar,West,2,27,None,Lap and Shoulder Belt,Driving properly,Normal,,,Going Ahead,,,,,driver,,Spadina-Fort York (10),52 Division,Kensington-Chinatown,FALSE,FALSE,FALSE,TRUE,FALSE,FALSE,FALSE,FALSE,FALSE,TRUE,"{""coordinates"": [[-79.39558790319317, 43.64894320092262]], ""type"": ""MultiPoint""}"
4912,2013:1350745,2013-04-07T11:45:00,DON MILLS RD,LEITH HILL RD,,3,Non-Fatal Injury,,Traffic Signal,Angle,Clear,Daylight,Dry,Major Arterial,FALSE,-79.34788864,43.77714312,1,,,1,98,Major,Lap and Shoulder Belt,,,,,,,,,,passenger,,Don Valley North (17),33 Division,Don Valley Village,TRUE,TRUE,FALSE,FALSE,FALSE,TRUE,FALSE,TRUE,FALSE,FALSE,"{""coordinates"": [[-79.34788863835067, 43.7771431158857]], ""type"": ""MultiPoint""}"
4913,2013:1350745,2013-04-07T11:45:00,DON MILLS RD,LEITH HILL RD,,3,Non-Fatal Injury,,Traffic Signal,Angle,Clear,Daylight,Dry,Major Arterial,FALSE,-79.34788864,43.77714312,2,Automobile or Station Wagon,South,3,25,None,Other Safety Equipment Used,Disobeyed traffic control,Inattentive,,,Going Ahead,,,,,driver,,Don Valley North (17),33 Division,Don Valley Village,TRUE,TRUE,FALSE,FALSE,FALSE,TRUE,FALSE,TRUE,FALSE,FALSE,"{""coordinates"": [[-79.34788863835067, 43.7771431158857]], ""type"": ""MultiPoint""}"
4914,2013:1350745,2013-04-07T11:45:00,DON MILLS RD,LEITH HILL RD,,3,Non-Fatal Injury,,Traffic Signal,Angle,Clear,Daylight,Dry,Major Arterial,FALSE,-79.34788864,43.77714312,1,Automobile or Station Wagon,East,2,60,None,Other Safety Equipment Used,Driving properly,Normal,,,Going Ahead,,,,,driver,,Don Valley North (17),33 Division,Don Valley Village,TRUE,TRUE,FALSE,FALSE,FALSE,TRUE,FALSE,TRUE,FALSE,FALSE,"{""coordinates"": [[-79.34788863835067, 43.7771431158857]], ""type"": ""MultiPoint""}"
4915,2013:1355879,2013-04-10T11:10:00,MCNICOLL Ave,WHITE HEATHER Blvd,,3,Non-Fatal Injury,At Intersection,Stop Sign,Turning Movement,Rain,Daylight,Wet,Minor Arterial,FALSE,-79.26739047,43.81894402,2,Automobile or Station Wagon,North,3,51,Minor,Lap and Shoulder Belt,Improper turn,Inattentive,,,Turning Left,,,,,driver,,Scarborough North (23),42 Division,Milliken,FALSE,TRUE,FALSE,FALSE,FALSE,FALSE,FALSE,FALSE,FALSE,FALSE,"{""coordinates"": [[-79.2673904717126, 43.81894402438156]], ""type"": ""MultiPoint""}"
4916,2013:1355879,2013-04-10T11:10:00,MCNICOLL Ave,WHITE HEATHER Blvd,,3,Non-Fatal Injury,At Intersection,Stop Sign,Turning Movement,Rain,Daylight,Wet,Minor Arterial,FALSE,-79.26739047,43.81894402,2,,,2,36,Major,Lap and Shoulder Belt,,,,,,,,,,passenger,,Scarborough North (23),42 Division,Milliken,FALSE,TRUE,FALSE,FALSE,FALSE,FALSE,FALSE,FALSE,FALSE,FALSE,"{""coordinates"": [[-79.2673904717126, 43.81894402438156]], ""type"": ""MultiPoint""}"
4917,2013:1355879,2013-04-10T11:10:00,MCNICOLL Ave,WHITE HEATHER Blvd,,3,Non-Fatal Injury,At Intersection,Stop Sign,Turning Movement,Rain,Daylight,Wet,Minor Arterial,FALSE,-79.26739047,43.81894402,1,Automobile or Station Wagon,East,1,33,None,Lap and Shoulder Belt,Driving properly,Normal,,,Going Ahead,,,,,driver,,Scarborough North (23),42 Division,Milliken,FALSE,TRUE,FALSE,FALSE,FALSE,FALSE,FALSE,FALSE,FALSE,FALSE,"{""coordinates"": [[-79.2673904717126, 43.81894402438156]], ""type"": ""MultiPoint""}"
4918,2013:1351180,2013-04-10T14:19:00,KEELE St,CALVINGTON Dr,,2,Non-Fatal Injury,At Intersection,Traffic Signal,Turning Movement,Rain,Daylight,Wet,Major Arterial,FALSE,-79.48369092,43.73354429,1,Automobile or Station Wagon,North,1,66,Major,Lap and Shoulder Belt,Exceeding speed limit,Unknown,,,Unknown,,,,,driver,,York Centre (6),31 Division,Downsview,TRUE,FALSE,FALSE,FALSE,FALSE,TRUE,FALSE,FALSE,FALSE,FALSE,"{""coordinates"": [[-79.48369092372975, 43.73354429321757]], ""type"": ""MultiPoint""}"
4919,2013:1351180,2013-04-10T14:19:00,KEELE St,CALVINGTON Dr,,2,Non-Fatal Injury,At Intersection,Traffic Signal,Turning Movement,Rain,Daylight,Wet,Major Arterial,FALSE,-79.48369092,43.73354429,2,Automobile or Station Wagon,East,2,67,Minor,Other Safety Equipment Used,Driving properly,Normal,,,Turning Right,,,,,driver,,York Centre (6),31 Division,Downsview,TRUE,FALSE,FALSE,FALSE,FALSE,TRUE,FALSE,FALSE,FALSE,FALSE,"{""coordinates"": [[-79.48369092372975, 43.73354429321757]], ""type"": ""MultiPoint""}"
4920,2013:1354807,2013-04-12T16:00:00,CRAWFORD ST,QUEEN ST W,,2,Non-Fatal Injury,At Intersection,Stop Sign,Turning Movement,Rain,Daylight,Wet,Major Arterial,FALSE,-79.41509095,43.64494423,2,Automobile or Station Wagon,North,2,22,Minimal,Lap and Shoulder Belt,Failed to yield right-of-way,Normal,,,Turning Left,,,,,driver,,Spadina-Fort York (10),14 Division,West Queen West,TRUE,FALSE,FALSE,FALSE,FALSE,FALSE,FALSE,FALSE,FALSE,FALSE,"{""coordinates"": [[-79.41509094784459, 43.64494423106618]], ""type"": ""MultiPoint""}"
4921,2013:1354807,2013-04-12T16:00:00,CRAWFORD ST,QUEEN ST W,,2,Non-Fatal Injury,At Intersection,Stop Sign,Turning Movement,Rain,Daylight,Wet,Major Arterial,FALSE,-79.41509095,43.64494423,1,Automobile or Station Wagon,East,1,25,Major,Lap and Shoulder Belt,Speed too fast for conditions,Normal,,,Going Ahead,,,,,driver,,Spadina-Fort York (10),14 Division,West Queen West,TRUE,FALSE,FALSE,FALSE,FALSE,FALSE,FALSE,FALSE,FALSE,FALSE,"{""coordinates"": [[-79.41509094784459, 43.64494423106618]], ""type"": ""MultiPoint""}"
4922,2013:1355516,2013-04-12T18:45:00,YORKLAND Blvd,CONSUMERS Rd,,1,Non-Fatal Injury,,No Control,SMV Other,Clear,Daylight,Wet,Minor Arterial,FALSE,-79.33609062,43.7729441,1,Automobile or Station Wagon,West,1,30,Major,Lap and Shoulder Belt,Speed too fast for conditions,Inattentive,,,Turning Left,,,,,driver,,Don Valley North (17),33 Division,Henry Farm,TRUE,TRUE,FALSE,FALSE,FALSE,FALSE,FALSE,FALSE,FALSE,FALSE,"{""coordinates"": [[-79.33609062309412, 43.7729441016026]], ""type"": ""MultiPoint""}"
4926,2013:1357350,2013-04-22T15:14:00,WEST TORONTO ST,KEELE ST,,3,Non-Fatal Injury,,No Control,Turning Movement,Clear,Daylight,Dry,Collector,FALSE,-79.46799101,43.6696443,1,Automobile or Station Wagon,South,2,39,None,Lap and Shoulder Belt,Failed to yield right-of-way,Normal,,,Turning Left,,,,,driver,,York South-Weston (5),11 Division,Junction Area,TRUE,FALSE,FALSE,TRUE,FALSE,FALSE,FALSE,FALSE,FALSE,FALSE,"{""coordinates"": [[-79.46799100869123, 43.66964429976155]], ""type"": ""MultiPoint""}"
4927,2013:1357350,2013-04-22T15:14:00,WEST TORONTO ST,KEELE ST,,3,Non-Fatal Injury,,No Control,Turning Movement,Clear,Daylight,Dry,Collector,FALSE,-79.46799101,43.6696443,1,,,1,,,Other Safety Equipment Used,,,,,,,,,,owner,,York South-Weston (5),11 Division,Junction Area,TRUE,FALSE,FALSE,TRUE,FALSE,FALSE,FALSE,FALSE,FALSE,FALSE,"{""coordinates"": [[-79.46799100869123, 43.66964429976155]], ""type"": ""MultiPoint""}"
4928,2013:1357350,2013-04-22T15:14:00,WEST TORONTO ST,KEELE ST,,3,Non-Fatal Injury,,No Control,Turning Movement,Clear,Daylight,Dry,Collector,FALSE,-79.46799101,43.6696443,2,Motorcycle,West,3,53,Major,Helmet,Driving properly,Normal,,,Going Ahead,,,,,motorcyclist,,York South-Weston (5),11 Division,Junction Area,TRUE,FALSE,FALSE,TRUE,FALSE,FALSE,FALSE,FALSE,FALSE,FALSE,"{""coordinates"": [[-79.46799100869123, 43.66964429976155]], ""type"": ""MultiPoint""}"
4929,2013:1352962,2013-04-24T08:43:00,MURRIE ST,ROYAL YORK RD,,2,Non-Fatal Injury,At Intersection,Stop Sign,SMV Other,Rain,Daylight,Wet,Minor Arterial,FALSE,-79.49409117,43.60584437,1,,,1,,,Other Safety Equipment Used,,,,,,,,,,owner,,Etobicoke-Lakeshore (3),22 Division,Mimico-Queensway,FALSE,FALSE,FALSE,FALSE,FALSE,TRUE,FALSE,FALSE,FALSE,FALSE,"{""coordinates"": [[-79.4940911748092, 43.605844367859746]], ""type"": ""MultiPoint""}"
4930,2013:1352962,2013-04-24T08:43:00,MURRIE ST,ROYAL YORK RD,,2,Non-Fatal Injury,At Intersection,Stop Sign,SMV Other,Rain,Daylight,Wet,Minor Arterial,FALSE,-79.49409117,43.60584437,1,Automobile or Station Wagon,East,2,79,Major,Lap and Shoulder Belt,Lost control,Normal,,,Going Ahead,,,,,driver,,Etobicoke-Lakeshore (3),22 Division,Mimico-Queensway,FALSE,FALSE,FALSE,FALSE,FALSE,TRUE,FALSE,FALSE,FALSE,FALSE,"{""coordinates"": [[-79.4940911748092, 43.605844367859746]], ""type"": ""MultiPoint""}"
4931,2013:1357499,2013-04-24T11:38:00,STEELES AVE E,DON MILLS RD,,3,Non-Fatal Injury,At Intersection,Traffic Signal,Angle,Rain,Daylight,Wet,Major Arterial,FALSE,-79.36079063,43.81114413,1,Automobile or Station Wagon,South,2,45,Minor,Lap and Shoulder Belt,Driving properly,Normal,,,Going Ahead,,,,,driver,,Don Valley North (17),33 Division,Hillcrest Village,TRUE,TRUE,FALSE,FALSE,FALSE,FALSE,FALSE,TRUE,FALSE,FALSE,"{""coordinates"": [[-79.36079062513082, 43.811144130591394]], ""type"": ""MultiPoint""}"
4932,2013:1357499,2013-04-24T11:38:00,STEELES AVE E,DON MILLS RD,,3,Non-Fatal Injury,At Intersection,Traffic Signal,Angle,Rain,Daylight,Wet,Major Arterial,FALSE,-79.36079063,43.81114413,1,,,1,45,Major,Lap and Shoulder Belt,,,,,,,,,,passenger,,Don Valley North (17),33 Division,Hillcrest Village,TRUE,TRUE,FALSE,FALSE,FALSE,FALSE,FALSE,TRUE,FALSE,FALSE,"{""coordinates"": [[-79.36079062513082, 43.811144130591394]], ""type"": ""MultiPoint""}"
4933,2013:1357499,2013-04-24T11:38:00,STEELES AVE E,DON MILLS RD,,3,Non-Fatal Injury,At Intersection,Traffic Signal,Angle,Rain,Daylight,Wet,Major Arterial,FALSE,-79.36079063,43.81114413,2,Automobile or Station Wagon,East,3,21,Minor,Lap and Shoulder Belt,Disobeyed traffic control,Inattentive,,,Going Ahead,,,,,driver,,Don Valley North (17),33 Division,Hillcrest Village,TRUE,TRUE,FALSE,FALSE,FALSE,FALSE,FALSE,TRUE,FALSE,FALSE,"{""coordinates"": [[-79.36079062513082, 43.811144130591394]], ""type"": ""MultiPoint""}"