_id,collision_id,accdate,stname1,stname2,stname3,per_inv,acclass,accloc,traffictl,impactype,visible,light,rdsfcond,road_class,failtorem,longitude,latitude,veh_no,vehtype,initdir,per_no,invage,injury,safequip,drivact,drivcond,pedact,pedcond,manoeuvre,pedtype,cyclistype,cycact,cyccond,road_user,fatal_no,wardname,division,neighbourhood,aggressive,distracted,cyclist,motorcyclist,other_micromobility,older_adult,pedestrian,red_light,school_child,heavy_truck,geometry
5037,2013:1372930,2013-06-19T22:00:00,DUFFERIN ST,SHANLY ST,,4,Non-Fatal Injury,At Intersection,Traffic Signal,Rear End,Clear,Dark with Artificial Lighting,Dry,Major Arterial,FALSE,-79.43669096,43.66294426,1,Automobile or Station Wagon,South,3,39,Minor,Lap and Shoulder Belt,Driving properly,Unknown,,,Stopped,,,,,driver,,Davenport (9),11 Division,Junction-Wallace Emerson,TRUE,FALSE,FALSE,FALSE,FALSE,FALSE,FALSE,FALSE,FALSE,FALSE,"{""coordinates"": [[-79.43669096031752, 43.66294425710967]], ""type"": ""MultiPoint""}"
5038,2013:1372930,2013-06-19T22:00:00,DUFFERIN ST,SHANLY ST,,4,Non-Fatal Injury,At Intersection,Traffic Signal,Rear End,Clear,Dark with Artificial Lighting,Dry,Major Arterial,FALSE,-79.43669096,43.66294426,1,,,1,32,Major,Lap and Shoulder Belt,,,,,,,,,,passenger,,Davenport (9),11 Division,Junction-Wallace Emerson,TRUE,FALSE,FALSE,FALSE,FALSE,FALSE,FALSE,FALSE,FALSE,FALSE,"{""coordinates"": [[-79.43669096031752, 43.66294425710967]], ""type"": ""MultiPoint""}"
5039,2013:1372963,2013-06-21T15:32:00,247 DAVENPORT Rd,,,3,Non-Fatal Injury,,No Control,Sideswipe,Clear,Daylight,Dry,Major Arterial,FALSE,-79.39774687,43.6744552,3,Moped,East,3,52,Major,Helmet,,,,,Going Ahead,,,,,motorcyclist,,University-Rosedale (11),53 Division,Annex,FALSE,FALSE,FALSE,TRUE,FALSE,TRUE,FALSE,FALSE,FALSE,FALSE,"{""coordinates"": [[-79.39774686747799, 43.67445519760639]], ""type"": ""MultiPoint""}"
5040,2013:1372963,2013-06-21T15:32:00,247 DAVENPORT Rd,,,3,Non-Fatal Injury,,No Control,Sideswipe,Clear,Daylight,Dry,Major Arterial,FALSE,-79.39774687,43.6744552,2,Automobile or Station Wagon,East,2,54,None,Other Safety Equipment Used,Driving properly,Normal,,,Going Ahead,,,,,driver,,University-Rosedale (11),53 Division,Annex,FALSE,FALSE,FALSE,TRUE,FALSE,TRUE,FALSE,FALSE,FALSE,FALSE,"{""coordinates"": [[-79.39774686747799, 43.67445519760639]], ""type"": ""MultiPoint""}"
5041,2013:1372963,2013-06-21T15:32:00,247 DAVENPORT Rd,,,3,Non-Fatal Injury,,No Control,Sideswipe,Clear,Daylight,Dry,Major Arterial,FALSE,-79.39774687,43.6744552,1,Automobile or Station Wagon,East,1,66,None,Other Safety Equipment Used,Other,Normal,,,Parked,,,,,driver,,University-Rosedale (11),53 Division,Annex,FALSE,FALSE,FALSE,TRUE,FALSE,TRUE,FALSE,FALSE,FALSE,FALSE,"{""coordinates"": [[-79.39774686747799, 43.67445519760639]], ""type"": ""MultiPoint""}"
5042,2013:1373372,2013-06-22T18:20:00,KEELE St,ROGERS Rd,,2,Non-Fatal Injury,At Intersection,Traffic Signal,SMV Other,Clear,Daylight,Dry,Major Arterial,FALSE,-79.47158499,43.6821273,1,Automobile or Station Wagon,East,2,72,Major,Lap and Shoulder Belt,Lost control,Medical or Physical Disability,,,Going Ahead,,,,,driver,,York South-Weston (5),12 Division,Keelesdale-Eglinton West,FALSE,FALSE,FALSE,FALSE,FALSE,TRUE,FALSE,FALSE,FALSE,FALSE,"{""coordinates"": [[-79.47158499350371, 43.68212729959158]], ""type"": ""MultiPoint""}"
5043,2013:1373372,2013-06-22T18:20:00,KEELE St,ROGERS Rd,,2,Non-Fatal Injury,At Intersection,Traffic Signal,SMV Other,Clear,Daylight,Dry,Major Arterial,FALSE,-79.47158499,43.6821273,2,,,1,,,Other Safety Equipment Used,,,,,,,,,,owner,,York South-Weston (5),12 Division,Keelesdale-Eglinton West,FALSE,FALSE,FALSE,FALSE,FALSE,TRUE,FALSE,FALSE,FALSE,FALSE,"{""coordinates"": [[-79.47158499350371, 43.68212729959158]], ""type"": ""MultiPoint""}"
5044,2013:1362257,2013-06-23T16:20:00,F G GARDINER XY E,LAKE SHORE BLVD W,,8,Non-Fatal Injury,,No Control,Rear End,Clear,Daylight,Dry,Major Arterial,FALSE,-79.43659101,43.63364427,2,,,3,3,None,Other Safety Equipment Used,,,,,,,,,,passenger,,Parkdale-High Park (4),14 Division,South Parkdale,TRUE,FALSE,FALSE,FALSE,FALSE,FALSE,FALSE,FALSE,TRUE,FALSE,"{""coordinates"": [[-79.43659100906599, 43.633644267100486]], ""type"": ""MultiPoint""}"
5045,2013:1362257,2013-06-23T16:20:00,F G GARDINER XY E,LAKE SHORE BLVD W,,8,Non-Fatal Injury,,No Control,Rear End,Clear,Daylight,Dry,Major Arterial,FALSE,-79.43659101,43.63364427,2,,,4,35,Minimal,Lap and Shoulder Belt,,,,,,,,,,passenger,,Parkdale-High Park (4),14 Division,South Parkdale,TRUE,FALSE,FALSE,FALSE,FALSE,FALSE,FALSE,FALSE,TRUE,FALSE,"{""coordinates"": [[-79.43659100906599, 43.633644267100486]], ""type"": ""MultiPoint""}"
5046,2013:1362257,2013-06-23T16:20:00,F G GARDINER XY E,LAKE SHORE BLVD W,,8,Non-Fatal Injury,,No Control,Rear End,Clear,Daylight,Dry,Major Arterial,FALSE,-79.43659101,43.63364427,3,Automobile or Station Wagon,East,8,27,None,Other Safety Equipment Used,Driving properly,Normal,,,Stopped,,,,,driver,,Parkdale-High Park (4),14 Division,South Parkdale,TRUE,FALSE,FALSE,FALSE,FALSE,FALSE,FALSE,FALSE,TRUE,FALSE,"{""coordinates"": [[-79.43659100906599, 43.633644267100486]], ""type"": ""MultiPoint""}"
5047,2013:1362257,2013-06-23T16:20:00,F G GARDINER XY E,LAKE SHORE BLVD W,,8,Non-Fatal Injury,,No Control,Rear End,Clear,Daylight,Dry,Major Arterial,FALSE,-79.43659101,43.63364427,3,,,7,27,Minimal,Other Safety Equipment Used,,,,,,,,,,passenger,,Parkdale-High Park (4),14 Division,South Parkdale,TRUE,FALSE,FALSE,FALSE,FALSE,FALSE,FALSE,FALSE,TRUE,FALSE,"{""coordinates"": [[-79.43659100906599, 43.633644267100486]], ""type"": ""MultiPoint""}"
5048,2013:1362257,2013-06-23T16:20:00,F G GARDINER XY E,LAKE SHORE BLVD W,,8,Non-Fatal Injury,,No Control,Rear End,Clear,Daylight,Dry,Major Arterial,FALSE,-79.43659101,43.63364427,1,Automobile or Station Wagon,East,2,39,Minimal,Lap and Shoulder Belt,Following too closely,Normal,,,Slowing or Stopping,,,,,driver,,Parkdale-High Park (4),14 Division,South Parkdale,TRUE,FALSE,FALSE,FALSE,FALSE,FALSE,FALSE,FALSE,TRUE,FALSE,"{""coordinates"": [[-79.43659100906599, 43.633644267100486]], ""type"": ""MultiPoint""}"
5049,2013:1362257,2013-06-23T16:20:00,F G GARDINER XY E,LAKE SHORE BLVD W,,8,Non-Fatal Injury,,No Control,Rear End,Clear,Daylight,Dry,Major Arterial,FALSE,-79.43659101,43.63364427,2,Automobile or Station Wagon,East,5,39,None,Other Safety Equipment Used,Driving properly,Normal,,,Slowing or Stopping,,,,,driver,,Parkdale-High Park (4),14 Division,South Parkdale,TRUE,FALSE,FALSE,FALSE,FALSE,FALSE,FALSE,FALSE,TRUE,FALSE,"{""coordinates"": [[-79.43659100906599, 43.633644267100486]], ""type"": ""MultiPoint""}"
5050,2013:1362257,2013-06-23T16:20:00,F G GARDINER XY E,LAKE SHORE BLVD W,,8,Non-Fatal Injury,,No Control,Rear End,Clear,Daylight,Dry,Major Arterial,FALSE,-79.43659101,43.63364427,1,,,1,13,Major,Other Safety Equipment Used,,,,,,,,,,passenger,,Parkdale-High Park (4),14 Division,South Parkdale,TRUE,FALSE,FALSE,FALSE,FALSE,FALSE,FALSE,FALSE,TRUE,FALSE,"{""coordinates"": [[-79.43659100906599, 43.633644267100486]], ""type"": ""MultiPoint""}"
5051,2013:1362257,2013-06-23T16:20:00,F G GARDINER XY E,LAKE SHORE BLVD W,,8,Non-Fatal Injury,,No Control,Rear End,Clear,Daylight,Dry,Major Arterial,FALSE,-79.43659101,43.63364427,3,,,6,3,None,Other Safety Equipment Used,,,,,,,,,,passenger,,Parkdale-High Park (4),14 Division,South Parkdale,TRUE,FALSE,FALSE,FALSE,FALSE,FALSE,FALSE,FALSE,TRUE,FALSE,"{""coordinates"": [[-79.43659100906599, 43.633644267100486]], ""type"": ""MultiPoint""}"
5052,2013:1373775,2013-06-24T17:55:00,STEELES AVE E,STAINES RD,,5,Non-Fatal Injury,,No Control,Rear End,Clear,Daylight,Dry,Minor Arterial,FALSE,-79.2308914,43.84133299,2,,,2,10,Minimal,Lap and Shoulder Belt,,,,,,,,,,passenger,,Scarborough North (23),42 Division,Morningside Heights,FALSE,TRUE,FALSE,FALSE,FALSE,FALSE,FALSE,FALSE,TRUE,FALSE,"{""coordinates"": [[-79.23089140285724, 43.84133299088448]], ""type"": ""MultiPoint""}"
5053,2013:1373775,2013-06-24T17:55:00,STEELES AVE E,STAINES RD,,5,Non-Fatal Injury,,No Control,Rear End,Clear,Daylight,Dry,Minor Arterial,FALSE,-79.2308914,43.84133299,2,,,3,14,Minimal,Lap and Shoulder Belt,,,,,,,,,,passenger,,Scarborough North (23),42 Division,Morningside Heights,FALSE,TRUE,FALSE,FALSE,FALSE,FALSE,FALSE,FALSE,TRUE,FALSE,"{""coordinates"": [[-79.23089140285724, 43.84133299088448]], ""type"": ""MultiPoint""}"
5054,2013:1373775,2013-06-24T17:55:00,STEELES AVE E,STAINES RD,,5,Non-Fatal Injury,,No Control,Rear End,Clear,Daylight,Dry,Minor Arterial,FALSE,-79.2308914,43.84133299,2,Automobile or Station Wagon,East,4,41,Minimal,Lap and Shoulder Belt,Driving properly,Normal,,,Going Ahead,,,,,driver,,Scarborough North (23),42 Division,Morningside Heights,FALSE,TRUE,FALSE,FALSE,FALSE,FALSE,FALSE,FALSE,TRUE,FALSE,"{""coordinates"": [[-79.23089140285724, 43.84133299088448]], ""type"": ""MultiPoint""}"
5055,2013:1373775,2013-06-24T17:55:00,STEELES AVE E,STAINES RD,,5,Non-Fatal Injury,,No Control,Rear End,Clear,Daylight,Dry,Minor Arterial,FALSE,-79.2308914,43.84133299,1,Automobile or Station Wagon,East,1,45,Major,Lap and Shoulder Belt,Lost control,Inattentive,,,Pulling Onto Shoulder or Toward Curb,,,,,driver,,Scarborough North (23),42 Division,Morningside Heights,FALSE,TRUE,FALSE,FALSE,FALSE,FALSE,FALSE,FALSE,TRUE,FALSE,"{""coordinates"": [[-79.23089140285724, 43.84133299088448]], ""type"": ""MultiPoint""}"
5056,2013:1373775,2013-06-24T17:55:00,STEELES AVE E,STAINES RD,,5,Non-Fatal Injury,,No Control,Rear End,Clear,Daylight,Dry,Minor Arterial,FALSE,-79.2308914,43.84133299,3,,South,5,,None,Other Safety Equipment Used,,,,,Parked,,,,,other,,Scarborough North (23),42 Division,Morningside Heights,FALSE,TRUE,FALSE,FALSE,FALSE,FALSE,FALSE,FALSE,TRUE,FALSE,"{""coordinates"": [[-79.23089140285724, 43.84133299088448]], ""type"": ""MultiPoint""}"
5057,2013:1374422,2013-06-29T22:20:00,LAKE SHORE Blvd W,REMEMBRANCE Dr,,4,Non-Fatal Injury,At Intersection,Traffic Signal,Turning Movement,Clear,Dark with Artificial Lighting,Dry,Major Arterial,FALSE,-79.40874895,43.63440522,1,Motorcycle,East,2,38,Major,Helmet,Driving properly,Normal,,,Going Ahead,,,,,motorcyclist,,Spadina-Fort York (10),14 Division,Fort York-Liberty Village,FALSE,TRUE,FALSE,TRUE,FALSE,FALSE,FALSE,FALSE,FALSE,FALSE,"{""coordinates"": [[-79.40874895216656, 43.6344052245538]], ""type"": ""MultiPoint""}"
5058,2013:1374422,2013-06-29T22:20:00,LAKE SHORE Blvd W,REMEMBRANCE Dr,,4,Non-Fatal Injury,At Intersection,Traffic Signal,Turning Movement,Clear,Dark with Artificial Lighting,Dry,Major Arterial,FALSE,-79.40874895,43.63440522,2,,,3,,,Other Safety Equipment Used,,,,,,,,,,owner,,Spadina-Fort York (10),14 Division,Fort York-Liberty Village,FALSE,TRUE,FALSE,TRUE,FALSE,FALSE,FALSE,FALSE,FALSE,FALSE,"{""coordinates"": [[-79.40874895216656, 43.6344052245538]], ""type"": ""MultiPoint""}"
5059,2013:1374422,2013-06-29T22:20:00,LAKE SHORE Blvd W,REMEMBRANCE Dr,,4,Non-Fatal Injury,At Intersection,Traffic Signal,Turning Movement,Clear,Dark with Artificial Lighting,Dry,Major Arterial,FALSE,-79.40874895,43.63440522,1,,,4,25,Minor,Helmet,,,,,,,,,,passenger,,Spadina-Fort York (10),14 Division,Fort York-Liberty Village,FALSE,TRUE,FALSE,TRUE,FALSE,FALSE,FALSE,FALSE,FALSE,FALSE,"{""coordinates"": [[-79.40874895216656, 43.6344052245538]], ""type"": ""MultiPoint""}"
5060,2013:1374422,2013-06-29T22:20:00,LAKE SHORE Blvd W,REMEMBRANCE Dr,,4,Non-Fatal Injury,At Intersection,Traffic Signal,Turning Movement,Clear,Dark with Artificial Lighting,Dry,Major Arterial,FALSE,-79.40874895,43.63440522,3,Automobile or Station Wagon,West,1,42,Minimal,Lap and Shoulder Belt,Improper turn,Inattentive,,,Making U-Turn,,,,,driver,,Spadina-Fort York (10),14 Division,Fort York-Liberty Village,FALSE,TRUE,FALSE,TRUE,FALSE,FALSE,FALSE,FALSE,FALSE,FALSE,"{""coordinates"": [[-79.40874895216656, 43.6344052245538]], ""type"": ""MultiPoint""}"
5061,2013:1375460,2013-07-03T00:25:00,YORK MILLS RD,PARKWOODS VILLAGE DR,,1,Non-Fatal Injury,At Intersection,No Control,SMV Other,Clear,Dark,Dry,Major Arterial,FALSE,-79.32389461,43.76153709,1,Motorcycle,North,1,23,Major,Equipment Not Used But Available,Lost control,Ability Impaired - Alcohol Over .08,,,Going Ahead,,,,,motorcyclist,,Don Valley East (16),33 Division,Fenside-Parkwoods,FALSE,FALSE,FALSE,TRUE,FALSE,FALSE,FALSE,FALSE,FALSE,FALSE,"{""coordinates"": [[-79.32389461377797, 43.76153708640372]], ""type"": ""MultiPoint""}"
5065,2013:1376821,2013-07-09T18:30:00,REXDALE BLVD,QUEENS PLATE DR,,3,Non-Fatal Injury,At Intersection,Traffic Signal,Turning Movement,Clear,Daylight,Dry,Major Arterial,FALSE,-79.60344311,43.71914444,1,,,1,,,Other Safety Equipment Used,,,,,,,,,,owner,,Etobicoke North (1),23 Division,West Humber-Clairville,TRUE,TRUE,FALSE,FALSE,FALSE,FALSE,FALSE,FALSE,FALSE,TRUE,"{""coordinates"": [[-79.6034431095811, 43.7191444394529]], ""type"": ""MultiPoint""}"
5066,2013:1376821,2013-07-09T18:30:00,REXDALE BLVD,QUEENS PLATE DR,,3,Non-Fatal Injury,At Intersection,Traffic Signal,Turning Movement,Clear,Daylight,Dry,Major Arterial,FALSE,-79.60344311,43.71914444,1,Truck - Open (Flatbed),East,2,21,None,Lap and Shoulder Belt,Driving properly,Normal,,,Going Ahead,,,,,driver,,Etobicoke North (1),23 Division,West Humber-Clairville,TRUE,TRUE,FALSE,FALSE,FALSE,FALSE,FALSE,FALSE,FALSE,TRUE,"{""coordinates"": [[-79.6034431095811, 43.7191444394529]], ""type"": ""MultiPoint""}"
5067,2013:1376821,2013-07-09T18:30:00,REXDALE BLVD,QUEENS PLATE DR,,3,Non-Fatal Injury,At Intersection,Traffic Signal,Turning Movement,Clear,Daylight,Dry,Major Arterial,FALSE,-79.60344311,43.71914444,2,Automobile or Station Wagon,West,3,54,Major,Lap and Shoulder Belt,Failed to yield right-of-way,Inattentive,,,Turning Left,,,,,driver,,Etobicoke North (1),23 Division,West Humber-Clairville,TRUE,TRUE,FALSE,FALSE,FALSE,FALSE,FALSE,FALSE,FALSE,TRUE,"{""coordinates"": [[-79.6034431095811, 43.7191444394529]], ""type"": ""MultiPoint""}"
5068,2013:1377456,2013-07-13T13:55:00,KENNEDY RD,MCNICOLL Ave,,2,Non-Fatal Injury,At Intersection,Traffic Signal,Turning Movement,Clear,Daylight,Dry,Major Arterial,FALSE,-79.30193653,43.81212806,1,Motorcycle,North,1,23,Major,Helmet,Driving properly,Normal,,,Going Ahead,,,,,motorcyclist,,Scarborough-Agincourt (22),42 Division,Milliken,TRUE,TRUE,FALSE,TRUE,FALSE,FALSE,FALSE,FALSE,FALSE,FALSE,"{""coordinates"": [[-79.30193653167952, 43.812128063093866]], ""type"": ""MultiPoint""}"
5069,2013:1377456,2013-07-13T13:55:00,KENNEDY RD,MCNICOLL Ave,,2,Non-Fatal Injury,At Intersection,Traffic Signal,Turning Movement,Clear,Daylight,Dry,Major Arterial,FALSE,-79.30193653,43.81212806,2,Automobile or Station Wagon,South,2,23,None,Lap and Shoulder Belt,Failed to yield right-of-way,Inattentive,,,Turning Left,,,,,driver,,Scarborough-Agincourt (22),42 Division,Milliken,TRUE,TRUE,FALSE,TRUE,FALSE,FALSE,FALSE,FALSE,FALSE,FALSE,"{""coordinates"": [[-79.30193653167952, 43.812128063093866]], ""type"": ""MultiPoint""}"
5070,2013:1365635,2013-07-14T03:40:00,F G GARDINER XY E,ISLINGTON Ave,,4,Non-Fatal Injury,,No Control,Sideswipe,Clear,Dark with Artificial Lighting,Dry,,FALSE,-79.51069117,43.62074438,1,,,2,27,Minor,Lap and Shoulder Belt,,,,,,,,,,passenger,,Etobicoke-Lakeshore (3),22 Division,Mimico-Queensway,FALSE,FALSE,FALSE,FALSE,FALSE,FALSE,FALSE,FALSE,FALSE,FALSE,"{""coordinates"": [[-79.51069117370737, 43.62074438332266]], ""type"": ""MultiPoint""}"
5071,2013:1365635,2013-07-14T03:40:00,F G GARDINER XY E,ISLINGTON Ave,,4,Non-Fatal Injury,,No Control,Sideswipe,Clear,Dark with Artificial Lighting,Dry,,FALSE,-79.51069117,43.62074438,1,,,1,26,Major,Lap and Shoulder Belt,,,,,,,,,,passenger,,Etobicoke-Lakeshore (3),22 Division,Mimico-Queensway,FALSE,FALSE,FALSE,FALSE,FALSE,FALSE,FALSE,FALSE,FALSE,FALSE,"{""coordinates"": [[-79.51069117370737, 43.62074438332266]], ""type"": ""MultiPoint""}"
5072,2013:1365635,2013-07-14T03:40:00,F G GARDINER XY E,ISLINGTON Ave,,4,Non-Fatal Injury,,No Control,Sideswipe,Clear,Dark with Artificial Lighting,Dry,,FALSE,-79.51069117,43.62074438,2,Automobile or Station Wagon,West,3,25,Minimal,Lap and Shoulder Belt,Lost control,Ability Impaired - Alcohol Over .08,,,Going Ahead,,,,,driver,,Etobicoke-Lakeshore (3),22 Division,Mimico-Queensway,FALSE,FALSE,FALSE,FALSE,FALSE,FALSE,FALSE,FALSE,FALSE,FALSE,"{""coordinates"": [[-79.51069117370737, 43.62074438332266]], ""type"": ""MultiPoint""}"
5073,2013:1365635,2013-07-14T03:40:00,F G GARDINER XY E,ISLINGTON Ave,,4,Non-Fatal Injury,,No Control,Sideswipe,Clear,Dark with Artificial Lighting,Dry,,FALSE,-79.51069117,43.62074438,3,Automobile or Station Wagon,West,4,,None,Other Safety Equipment Used,Other,Unknown,,,Unknown,,,,,driver,,Etobicoke-Lakeshore (3),22 Division,Mimico-Queensway,FALSE,FALSE,FALSE,FALSE,FALSE,FALSE,FALSE,FALSE,FALSE,FALSE,"{""coordinates"": [[-79.51069117370737, 43.62074438332266]], ""type"": ""MultiPoint""}"
5074,2013:1378518,2013-07-18T22:17:00,DUFFERIN St,MARTIN ROSS Ave,,3,Non-Fatal Injury,,No Control,Approaching Head On,Clear,Dark with Artificial Lighting,Dry,Major Arterial,FALSE,-79.46832684,43.77524726,2,,,2,,,Other Safety Equipment Used,,,,,,,,,,owner,,York Centre (6),32 Division,Bathurst Manor,FALSE,TRUE,FALSE,FALSE,FALSE,FALSE,FALSE,FALSE,FALSE,FALSE,"{""coordinates"": [[-79.46832683769549, 43.77524726137113]], ""type"": ""MultiPoint""}"
5075,2013:1378518,2013-07-18T22:17:00,DUFFERIN St,MARTIN ROSS Ave,,3,Non-Fatal Injury,,No Control,Approaching Head On,Clear,Dark with Artificial Lighting,Dry,Major Arterial,FALSE,-79.46832684,43.77524726,2,Automobile or Station Wagon,North,3,27,Major,Other Safety Equipment Used,Lost control,Inattentive,,,Going Ahead,,,,,driver,,York Centre (6),32 Division,Bathurst Manor,FALSE,TRUE,FALSE,FALSE,FALSE,FALSE,FALSE,FALSE,FALSE,FALSE,"{""coordinates"": [[-79.46832683769549, 43.77524726137113]], ""type"": ""MultiPoint""}"
5076,2013:1378518,2013-07-18T22:17:00,DUFFERIN St,MARTIN ROSS Ave,,3,Non-Fatal Injury,,No Control,Approaching Head On,Clear,Dark with Artificial Lighting,Dry,Major Arterial,FALSE,-79.46832684,43.77524726,1,Automobile or Station Wagon,South,1,28,Major,Lap and Shoulder Belt,Driving properly,Normal,,,Going Ahead,,,,,driver,,York Centre (6),32 Division,Bathurst Manor,FALSE,TRUE,FALSE,FALSE,FALSE,FALSE,FALSE,FALSE,FALSE,FALSE,"{""coordinates"": [[-79.46832683769549, 43.77524726137113]], ""type"": ""MultiPoint""}"
5077,2013:1379915,2013-07-19T18:31:00,PARLIAMENT ST,COLE ST,,1,Non-Fatal Injury,,No Control,SMV Other,Rain,Daylight,Wet,Minor Arterial,FALSE,-79.36629083,43.66014416,1,Motorcycle,North,1,27,Major,Helmet,Speed too fast for conditions,Inattentive,,,Going Ahead,,,,,motorcyclist,,Toronto Centre (13),51 Division,Regent Park,TRUE,TRUE,FALSE,TRUE,FALSE,FALSE,FALSE,FALSE,FALSE,FALSE,"{""coordinates"": [[-79.36629082921641, 43.66014415537501]], ""type"": ""MultiPoint""}"
5080,2013:1379687,2013-07-22T18:30:00,EGLINTON AVE E,MASON RD,,3,Non-Fatal Injury,,Traffic Signal,Other,Clear,Daylight,Dry,Major Arterial,FALSE,-79.22515447,43.74178097,1,,,1,22,Major,Other Safety Equipment Used,,,,,,,,,,passenger,,Scarborough Southwest (20),43 Division,Scarborough Village,FALSE,FALSE,FALSE,FALSE,FALSE,FALSE,FALSE,FALSE,FALSE,TRUE,"{""coordinates"": [[-79.22515447392053, 43.74178096693147]], ""type"": ""MultiPoint""}"
5081,2013:1379687,2013-07-22T18:30:00,EGLINTON AVE E,MASON RD,,3,Non-Fatal Injury,,Traffic Signal,Other,Clear,Daylight,Dry,Major Arterial,FALSE,-79.22515447,43.74178097,1,,,2,,,Other Safety Equipment Used,,,,,,,,,,owner,,Scarborough Southwest (20),43 Division,Scarborough Village,FALSE,FALSE,FALSE,FALSE,FALSE,FALSE,FALSE,FALSE,FALSE,TRUE,"{""coordinates"": [[-79.22515447392053, 43.74178096693147]], ""type"": ""MultiPoint""}"
5082,2013:1379687,2013-07-22T18:30:00,EGLINTON AVE E,MASON RD,,3,Non-Fatal Injury,,Traffic Signal,Other,Clear,Daylight,Dry,Major Arterial,FALSE,-79.22515447,43.74178097,1,Municipal Transit Bus (TTC),West,3,51,None,Lap and Shoulder Belt,Driving properly,Normal,,,Pulling Away from Shoulder or Curb,,,,,driver,,Scarborough Southwest (20),43 Division,Scarborough Village,FALSE,FALSE,FALSE,FALSE,FALSE,FALSE,FALSE,FALSE,FALSE,TRUE,"{""coordinates"": [[-79.22515447392053, 43.74178096693147]], ""type"": ""MultiPoint""}"
5083,2013:1367603,2013-07-23T17:00:00,2863 ELLESMERE RD,ELLESMERE RD,,2,Non-Fatal Injury,At Intersection,No Control,Approaching Head On,Clear,Daylight,Dry,Major Arterial,FALSE,-79.20699042,43.78214396,1,Automobile or Station Wagon,West,1,59,Major,Lap and Shoulder Belt,Driving properly,Normal,,,Going Ahead,,,,,driver,,Scarborough-Guildwood (24),43 Division,Morningside,FALSE,FALSE,FALSE,FALSE,FALSE,FALSE,FALSE,FALSE,FALSE,FALSE,"{""coordinates"": [[-79.20699041604593, 43.78214395643328]], ""type"": ""MultiPoint""}"
5084,2013:1367603,2013-07-23T17:00:00,2863 ELLESMERE RD,ELLESMERE RD,,2,Non-Fatal Injury,At Intersection,No Control,Approaching Head On,Clear,Daylight,Dry,Major Arterial,FALSE,-79.20699042,43.78214396,2,Automobile or Station Wagon,East,2,42,Major,Lap and Shoulder Belt,Lost control,Fatigue/Fell Asleep,,,Going Ahead,,,,,driver,,Scarborough-Guildwood (24),43 Division,Morningside,FALSE,FALSE,FALSE,FALSE,FALSE,FALSE,FALSE,FALSE,FALSE,FALSE,"{""coordinates"": [[-79.20699041604593, 43.78214395643328]], ""type"": ""MultiPoint""}"
5085,2013:1368204,2013-07-27T02:57:00,HIGHWAY 27 N,STEELES AVE W,,6,Non-Fatal Injury,,Traffic Signal,Angle,Clear,Dark,Dry,Major Arterial,FALSE,-79.61407106,43.75544543,2,Automobile or Station Wagon,North,4,26,Minor,Other Safety Equipment Used,Disobeyed traffic control,Inattentive,,,Going Ahead,,,,,driver,,Etobicoke North (1),23 Division,West Humber-Clairville,TRUE,TRUE,FALSE,FALSE,FALSE,FALSE,FALSE,TRUE,TRUE,FALSE,"{""coordinates"": [[-79.61407105713343, 43.75544543002057]], ""type"": ""MultiPoint""}"
5086,2013:1368204,2013-07-27T02:57:00,HIGHWAY 27 N,STEELES AVE W,,6,Non-Fatal Injury,,Traffic Signal,Angle,Clear,Dark,Dry,Major Arterial,FALSE,-79.61407106,43.75544543,2,,,2,25,Minor,Lap and Shoulder Belt,,,,,,,,,,passenger,,Etobicoke North (1),23 Division,West Humber-Clairville,TRUE,TRUE,FALSE,FALSE,FALSE,FALSE,FALSE,TRUE,TRUE,FALSE,"{""coordinates"": [[-79.61407105713343, 43.75544543002057]], ""type"": ""MultiPoint""}"
5087,2013:1368204,2013-07-27T02:57:00,HIGHWAY 27 N,STEELES AVE W,,6,Non-Fatal Injury,,Traffic Signal,Angle,Clear,Dark,Dry,Major Arterial,FALSE,-79.61407106,43.75544543,1,Automobile or Station Wagon,East,1,28,Minimal,Lap and Shoulder Belt,Driving properly,Normal,,,Going Ahead,,,,,driver,,Etobicoke North (1),23 Division,West Humber-Clairville,TRUE,TRUE,FALSE,FALSE,FALSE,FALSE,FALSE,TRUE,TRUE,FALSE,"{""coordinates"": [[-79.61407105713343, 43.75544543002057]], ""type"": ""MultiPoint""}"
5088,2013:1368204,2013-07-27T02:57:00,HIGHWAY 27 N,STEELES AVE W,,6,Non-Fatal Injury,,Traffic Signal,Angle,Clear,Dark,Dry,Major Arterial,FALSE,-79.61407106,43.75544543,2,,,3,,,Lap and Shoulder Belt,,,,,,,,,,owner,,Etobicoke North (1),23 Division,West Humber-Clairville,TRUE,TRUE,FALSE,FALSE,FALSE,FALSE,FALSE,TRUE,TRUE,FALSE,"{""coordinates"": [[-79.61407105713343, 43.75544543002057]], ""type"": ""MultiPoint""}"
5089,2013:1368204,2013-07-27T02:57:00,HIGHWAY 27 N,STEELES AVE W,,6,Non-Fatal Injury,,Traffic Signal,Angle,Clear,Dark,Dry,Major Arterial,FALSE,-79.61407106,43.75544543,4,,,6,16,Major,Equipment Not Used But Available,,,,,,,,,,passenger,,Etobicoke North (1),23 Division,West Humber-Clairville,TRUE,TRUE,FALSE,FALSE,FALSE,FALSE,FALSE,TRUE,TRUE,FALSE,"{""coordinates"": [[-79.61407105713343, 43.75544543002057]], ""type"": ""MultiPoint""}"
5090,2013:1368204,2013-07-27T02:57:00,HIGHWAY 27 N,STEELES AVE W,,6,Non-Fatal Injury,,Traffic Signal,Angle,Clear,Dark,Dry,Major Arterial,FALSE,-79.61407106,43.75544543,3,Automobile or Station Wagon,East,5,34,Minimal,Lap and Shoulder Belt,Driving properly,Normal,,,Going Ahead,,,,,driver,,Etobicoke North (1),23 Division,West Humber-Clairville,TRUE,TRUE,FALSE,FALSE,FALSE,FALSE,FALSE,TRUE,TRUE,FALSE,"{""coordinates"": [[-79.61407105713343, 43.75544543002057]], ""type"": ""MultiPoint""}"
5091,2013:1369174,2013-08-02T16:37:00,ELLESMERE Rd,SARATOGA Dr,,4,Non-Fatal Injury,At Intersection,No Control,Turning Movement,Rain,Daylight,Wet,Major Arterial,FALSE,-79.25364249,43.771665,2,Automobile or Station Wagon,North,2,40,None,Lap and Shoulder Belt,Driving properly,Unknown,,,Stopped,,,,,driver,,Scarborough Centre (21),43 Division,Bendale-Glen Andrew,FALSE,FALSE,FALSE,FALSE,FALSE,TRUE,FALSE,FALSE,FALSE,FALSE,"{""coordinates"": [[-79.25364248859087, 43.771665001498675]], ""type"": ""MultiPoint""}"