_id,collision_id,accdate,stname1,stname2,stname3,per_inv,acclass,accloc,traffictl,impactype,visible,light,rdsfcond,road_class,failtorem,longitude,latitude,veh_no,vehtype,initdir,per_no,invage,injury,safequip,drivact,drivcond,pedact,pedcond,manoeuvre,pedtype,cyclistype,cycact,cyccond,road_user,fatal_no,wardname,division,neighbourhood,aggressive,distracted,cyclist,motorcyclist,other_micromobility,older_adult,pedestrian,red_light,school_child,heavy_truck,geometry
5092,2013:1369174,2013-08-02T16:37:00,ELLESMERE Rd,SARATOGA Dr,,4,Non-Fatal Injury,At Intersection,No Control,Turning Movement,Rain,Daylight,Wet,Major Arterial,FALSE,-79.25364249,43.771665,3,Automobile or Station Wagon,West,4,84,Minimal,Lap and Shoulder Belt,Improper turn,Normal,,,Turning Left,,,,,driver,,Scarborough Centre (21),43 Division,Bendale-Glen Andrew,FALSE,FALSE,FALSE,FALSE,FALSE,TRUE,FALSE,FALSE,FALSE,FALSE,"{""coordinates"": [[-79.25364248859087, 43.771665001498675]], ""type"": ""MultiPoint""}"
5093,2013:1369174,2013-08-02T16:37:00,ELLESMERE Rd,SARATOGA Dr,,4,Non-Fatal Injury,At Intersection,No Control,Turning Movement,Rain,Daylight,Wet,Major Arterial,FALSE,-79.25364249,43.771665,3,,,3,79,Major,Lap and Shoulder Belt,,,,,,,,,,passenger,,Scarborough Centre (21),43 Division,Bendale-Glen Andrew,FALSE,FALSE,FALSE,FALSE,FALSE,TRUE,FALSE,FALSE,FALSE,FALSE,"{""coordinates"": [[-79.25364248859087, 43.771665001498675]], ""type"": ""MultiPoint""}"
5094,2013:1369174,2013-08-02T16:37:00,ELLESMERE Rd,SARATOGA Dr,,4,Non-Fatal Injury,At Intersection,No Control,Turning Movement,Rain,Daylight,Wet,Major Arterial,FALSE,-79.25364249,43.771665,1,Automobile or Station Wagon,East,1,39,None,Lap and Shoulder Belt,Driving properly,Normal,,,Going Ahead,,,,,driver,,Scarborough Centre (21),43 Division,Bendale-Glen Andrew,FALSE,FALSE,FALSE,FALSE,FALSE,TRUE,FALSE,FALSE,FALSE,FALSE,"{""coordinates"": [[-79.25364248859087, 43.771665001498675]], ""type"": ""MultiPoint""}"
5097,2013:1383782,2013-08-03T16:10:00,DANFORTH Ave,BROADVIEW Ave,,4,Non-Fatal Injury,,Traffic Signal,Angle,Clear,Daylight,Dry,Major Arterial,FALSE,-79.35885979,43.67619114,2,,,2,,,Other Safety Equipment Used,,,,,,,,,,owner,,Toronto-Danforth (14),55 Division,North Riverdale,TRUE,TRUE,FALSE,TRUE,FALSE,TRUE,FALSE,TRUE,FALSE,FALSE,"{""coordinates"": [[-79.35885979144021, 43.676191141882285]], ""type"": ""MultiPoint""}"
5098,2013:1383782,2013-08-03T16:10:00,DANFORTH Ave,BROADVIEW Ave,,4,Non-Fatal Injury,,Traffic Signal,Angle,Clear,Daylight,Dry,Major Arterial,FALSE,-79.35885979,43.67619114,2,Automobile or Station Wagon,East,3,42,None,Other Safety Equipment Used,Driving properly,Normal,,,Stopped,,,,,driver,,Toronto-Danforth (14),55 Division,North Riverdale,TRUE,TRUE,FALSE,TRUE,FALSE,TRUE,FALSE,TRUE,FALSE,FALSE,"{""coordinates"": [[-79.35885979144021, 43.676191141882285]], ""type"": ""MultiPoint""}"
5099,2013:1383782,2013-08-03T16:10:00,DANFORTH Ave,BROADVIEW Ave,,4,Non-Fatal Injury,,Traffic Signal,Angle,Clear,Daylight,Dry,Major Arterial,FALSE,-79.35885979,43.67619114,1,Motorcycle,West,1,43,Major,Helmet,Driving properly,Normal,,,Going Ahead,,,,,motorcyclist,,Toronto-Danforth (14),55 Division,North Riverdale,TRUE,TRUE,FALSE,TRUE,FALSE,TRUE,FALSE,TRUE,FALSE,FALSE,"{""coordinates"": [[-79.35885979144021, 43.676191141882285]], ""type"": ""MultiPoint""}"
5100,2013:1383782,2013-08-03T16:10:00,DANFORTH Ave,BROADVIEW Ave,,4,Non-Fatal Injury,,Traffic Signal,Angle,Clear,Daylight,Dry,Major Arterial,FALSE,-79.35885979,43.67619114,3,Automobile or Station Wagon,South,4,77,Minimal,Lap and Shoulder Belt,Disobeyed traffic control,Inattentive,,,Going Ahead,,,,,driver,,Toronto-Danforth (14),55 Division,North Riverdale,TRUE,TRUE,FALSE,TRUE,FALSE,TRUE,FALSE,TRUE,FALSE,FALSE,"{""coordinates"": [[-79.35885979144021, 43.676191141882285]], ""type"": ""MultiPoint""}"
5105,2013:1382121,2013-08-08T07:25:00,JANE ST,ALLIANCE AVE,,3,Non-Fatal Injury,,No Control,Approaching Head On,Clear,Daylight,Dry,Major Arterial,FALSE,-79.49538105,43.67545934,2,Automobile or Station Wagon,South,3,44,Major,Lap and Shoulder Belt,Other,Normal,,,Going Ahead,,,,,driver,,York South-Weston (5),12 Division,Rockcliffe-Smythe,FALSE,FALSE,FALSE,FALSE,FALSE,FALSE,FALSE,FALSE,FALSE,FALSE,"{""coordinates"": [[-79.49538105018316, 43.675459336308684]], ""type"": ""MultiPoint""}"
5106,2013:1382121,2013-08-08T07:25:00,JANE ST,ALLIANCE AVE,,3,Non-Fatal Injury,,No Control,Approaching Head On,Clear,Daylight,Dry,Major Arterial,FALSE,-79.49538105,43.67545934,1,Automobile or Station Wagon,North,2,59,Minor,Lap and Shoulder Belt,Driving properly,Normal,,,Going Ahead,,,,,driver,,York South-Weston (5),12 Division,Rockcliffe-Smythe,FALSE,FALSE,FALSE,FALSE,FALSE,FALSE,FALSE,FALSE,FALSE,FALSE,"{""coordinates"": [[-79.49538105018316, 43.675459336308684]], ""type"": ""MultiPoint""}"
5107,2013:1382121,2013-08-08T07:25:00,JANE ST,ALLIANCE AVE,,3,Non-Fatal Injury,,No Control,Approaching Head On,Clear,Daylight,Dry,Major Arterial,FALSE,-79.49538105,43.67545934,1,,,1,57,Minor,Lap and Shoulder Belt,,,,,,,,,,passenger,,York South-Weston (5),12 Division,Rockcliffe-Smythe,FALSE,FALSE,FALSE,FALSE,FALSE,FALSE,FALSE,FALSE,FALSE,FALSE,"{""coordinates"": [[-79.49538105018316, 43.675459336308684]], ""type"": ""MultiPoint""}"
5108,2013:1369675,2013-08-09T10:40:00,EGLINTON Ave W,WINONA Dr,,3,Non-Fatal Injury,At Intersection,No Control,Turning Movement,Clear,Daylight,Dry,Major Arterial,FALSE,-79.43904491,43.69809925,1,,,1,,,Other Safety Equipment Used,,,,,,,,,,owner,,Toronto-St. Paul's (12),13 Division,Oakwood Village,TRUE,FALSE,FALSE,TRUE,FALSE,FALSE,FALSE,FALSE,FALSE,FALSE,"{""coordinates"": [[-79.43904490588719, 43.69809924816645]], ""type"": ""MultiPoint""}"
5109,2013:1369675,2013-08-09T10:40:00,EGLINTON Ave W,WINONA Dr,,3,Non-Fatal Injury,At Intersection,No Control,Turning Movement,Clear,Daylight,Dry,Major Arterial,FALSE,-79.43904491,43.69809925,2,Automobile or Station Wagon,West,3,44,None,Lap and Shoulder Belt,Failed to yield right-of-way,Normal,,,Turning Left,,,,,driver,,Toronto-St. Paul's (12),13 Division,Oakwood Village,TRUE,FALSE,FALSE,TRUE,FALSE,FALSE,FALSE,FALSE,FALSE,FALSE,"{""coordinates"": [[-79.43904490588719, 43.69809924816645]], ""type"": ""MultiPoint""}"
5110,2013:1369675,2013-08-09T10:40:00,EGLINTON Ave W,WINONA Dr,,3,Non-Fatal Injury,At Intersection,No Control,Turning Movement,Clear,Daylight,Dry,Major Arterial,FALSE,-79.43904491,43.69809925,1,Motorcycle,East,2,41,Major,Helmet,Driving properly,Normal,,,Going Ahead,,,,,motorcyclist,,Toronto-St. Paul's (12),13 Division,Oakwood Village,TRUE,FALSE,FALSE,TRUE,FALSE,FALSE,FALSE,FALSE,FALSE,FALSE,"{""coordinates"": [[-79.43904490588719, 43.69809924816645]], ""type"": ""MultiPoint""}"
5111,2013:1369726,2013-08-09T13:25:00,LAKE SHORE BLVD W,QUEENS AVE,,4,Non-Fatal Injury,,No Control,Turning Movement,Clear,Daylight,Dry,Major Arterial,FALSE,-79.49026116,43.60965936,1,,,1,,Minor,Other Safety Equipment Used,,,,,,,,,,passenger,,Etobicoke-Lakeshore (3),22 Division,Mimico-Queensway,FALSE,FALSE,FALSE,FALSE,FALSE,FALSE,FALSE,FALSE,FALSE,FALSE,"{""coordinates"": [[-79.49026115993847, 43.60965935999319]], ""type"": ""MultiPoint""}"
5112,2013:1369726,2013-08-09T13:25:00,LAKE SHORE BLVD W,QUEENS AVE,,4,Non-Fatal Injury,,No Control,Turning Movement,Clear,Daylight,Dry,Major Arterial,FALSE,-79.49026116,43.60965936,1,Automobile or Station Wagon,,2,54,Major,Other Safety Equipment Used,,,,,Going Ahead,,,,,driver,,Etobicoke-Lakeshore (3),22 Division,Mimico-Queensway,FALSE,FALSE,FALSE,FALSE,FALSE,FALSE,FALSE,FALSE,FALSE,FALSE,"{""coordinates"": [[-79.49026115993847, 43.60965935999319]], ""type"": ""MultiPoint""}"
5113,2013:1369726,2013-08-09T13:25:00,LAKE SHORE BLVD W,QUEENS AVE,,4,Non-Fatal Injury,,No Control,Turning Movement,Clear,Daylight,Dry,Major Arterial,FALSE,-79.49026116,43.60965936,2,,,3,,,Other Safety Equipment Used,,,,,,,,,,owner,,Etobicoke-Lakeshore (3),22 Division,Mimico-Queensway,FALSE,FALSE,FALSE,FALSE,FALSE,FALSE,FALSE,FALSE,FALSE,FALSE,"{""coordinates"": [[-79.49026115993847, 43.60965935999319]], ""type"": ""MultiPoint""}"
5114,2013:1369726,2013-08-09T13:25:00,LAKE SHORE BLVD W,QUEENS AVE,,4,Non-Fatal Injury,,No Control,Turning Movement,Clear,Daylight,Dry,Major Arterial,FALSE,-79.49026116,43.60965936,2,Automobile or Station Wagon,,4,23,Minor,Other Safety Equipment Used,,,,,Making U-Turn,,,,,driver,,Etobicoke-Lakeshore (3),22 Division,Mimico-Queensway,FALSE,FALSE,FALSE,FALSE,FALSE,FALSE,FALSE,FALSE,FALSE,FALSE,"{""coordinates"": [[-79.49026115993847, 43.60965935999319]], ""type"": ""MultiPoint""}"
5115,2013:1370071,2013-08-13T07:48:00,KIPLING Ave,THORNCREST RD,,2,Non-Fatal Injury,,No Control,Angle,Clear,Daylight,Dry,Major Arterial,FALSE,-79.54390414,43.6613904,1,Motorcycle,South,1,29,Major,Helmet,Driving properly,Normal,,,Going Ahead,,,,,motorcyclist,,Etobicoke Centre (2),22 Division,Princess-Rosethorn,TRUE,FALSE,FALSE,TRUE,FALSE,FALSE,FALSE,FALSE,FALSE,FALSE,"{""coordinates"": [[-79.54390414170113, 43.66139040294387]], ""type"": ""MultiPoint""}"
5116,2013:1370071,2013-08-13T07:48:00,KIPLING Ave,THORNCREST RD,,2,Non-Fatal Injury,,No Control,Angle,Clear,Daylight,Dry,Major Arterial,FALSE,-79.54390414,43.6613904,2,Automobile or Station Wagon,East,2,39,None,Other Safety Equipment Used,Failed to yield right-of-way,Normal,,,Other,,,,,driver,,Etobicoke Centre (2),22 Division,Princess-Rosethorn,TRUE,FALSE,FALSE,TRUE,FALSE,FALSE,FALSE,FALSE,FALSE,FALSE,"{""coordinates"": [[-79.54390414170113, 43.66139040294387]], ""type"": ""MultiPoint""}"
5121,2013:1370852,2013-08-16T14:53:00,PHARMACY AVE,LEAHURST DR,,3,Non-Fatal Injury,At Intersection,No Control,Turning Movement,Clear,Daylight,Dry,Minor Arterial,TRUE,-79.29407162,43.71733205,1,Motorcycle,North,1,49,Major,Other Safety Equipment Used,Driving properly,Normal,,,Going Ahead,,,,,motorcyclist,,Scarborough Southwest (20),41 Division,Clairlea-Birchmount,TRUE,FALSE,FALSE,TRUE,FALSE,FALSE,FALSE,FALSE,FALSE,FALSE,"{""coordinates"": [[-79.2940716163584, 43.717332049178864]], ""type"": ""MultiPoint""}"
5122,2013:1370852,2013-08-16T14:53:00,PHARMACY AVE,LEAHURST DR,,3,Non-Fatal Injury,At Intersection,No Control,Turning Movement,Clear,Daylight,Dry,Minor Arterial,TRUE,-79.29407162,43.71733205,2,Automobile or Station Wagon,South,2,39,None,Other Safety Equipment Used,Driving properly,Normal,,,Going Ahead,,,,,driver,,Scarborough Southwest (20),41 Division,Clairlea-Birchmount,TRUE,FALSE,FALSE,TRUE,FALSE,FALSE,FALSE,FALSE,FALSE,FALSE,"{""coordinates"": [[-79.2940716163584, 43.717332049178864]], ""type"": ""MultiPoint""}"
5123,2013:1370852,2013-08-16T14:53:00,PHARMACY AVE,LEAHURST DR,,3,Non-Fatal Injury,At Intersection,No Control,Turning Movement,Clear,Daylight,Dry,Minor Arterial,TRUE,-79.29407162,43.71733205,3,Automobile or Station Wagon,South,3,,None,Other Safety Equipment Used,Failed to yield right-of-way,Unknown,,,Turning Left,,,,,driver,,Scarborough Southwest (20),41 Division,Clairlea-Birchmount,TRUE,FALSE,FALSE,TRUE,FALSE,FALSE,FALSE,FALSE,FALSE,FALSE,"{""coordinates"": [[-79.2940716163584, 43.717332049178864]], ""type"": ""MultiPoint""}"
5124,2013:1382610,2013-08-17T02:28:00,BLOOR ST W,CLINTON ST,,5,Non-Fatal Injury,,No Control,Turning Movement,Clear,Dark,Dry,Major Arterial,FALSE,-79.41720992,43.66382423,1,,,1,37,Major,Lap and Shoulder Belt,,,,,,,,,,passenger,,University-Rosedale (11),14 Division,Palmerston-Little Italy,FALSE,FALSE,FALSE,FALSE,FALSE,FALSE,FALSE,FALSE,TRUE,FALSE,"{""coordinates"": [[-79.41720992146796, 43.663824228551576]], ""type"": ""MultiPoint""}"
5125,2013:1382610,2013-08-17T02:28:00,BLOOR ST W,CLINTON ST,,5,Non-Fatal Injury,,No Control,Turning Movement,Clear,Dark,Dry,Major Arterial,FALSE,-79.41720992,43.66382423,3,Automobile or Station Wagon,West,5,19,Minor,Lap and Shoulder Belt,Driving properly,Normal,,,Going Ahead,,,,,driver,,University-Rosedale (11),14 Division,Palmerston-Little Italy,FALSE,FALSE,FALSE,FALSE,FALSE,FALSE,FALSE,FALSE,TRUE,FALSE,"{""coordinates"": [[-79.41720992146796, 43.663824228551576]], ""type"": ""MultiPoint""}"
5126,2013:1382610,2013-08-17T02:28:00,BLOOR ST W,CLINTON ST,,5,Non-Fatal Injury,,No Control,Turning Movement,Clear,Dark,Dry,Major Arterial,FALSE,-79.41720992,43.66382423,1,,,2,34,Minor,Lap and Shoulder Belt,,,,,,,,,,passenger,,University-Rosedale (11),14 Division,Palmerston-Little Italy,FALSE,FALSE,FALSE,FALSE,FALSE,FALSE,FALSE,FALSE,TRUE,FALSE,"{""coordinates"": [[-79.41720992146796, 43.663824228551576]], ""type"": ""MultiPoint""}"
5127,2013:1382610,2013-08-17T02:28:00,BLOOR ST W,CLINTON ST,,5,Non-Fatal Injury,,No Control,Turning Movement,Clear,Dark,Dry,Major Arterial,FALSE,-79.41720992,43.66382423,1,Automobile or Station Wagon,West,3,34,Minor,Lap and Shoulder Belt,Improper turn,Fatigue/Fell Asleep,,,Making U-Turn,,,,,driver,,University-Rosedale (11),14 Division,Palmerston-Little Italy,FALSE,FALSE,FALSE,FALSE,FALSE,FALSE,FALSE,FALSE,TRUE,FALSE,"{""coordinates"": [[-79.41720992146796, 43.663824228551576]], ""type"": ""MultiPoint""}"
5128,2013:1382610,2013-08-17T02:28:00,BLOOR ST W,CLINTON ST,,5,Non-Fatal Injury,,No Control,Turning Movement,Clear,Dark,Dry,Major Arterial,FALSE,-79.41720992,43.66382423,2,,East,4,,None,Other Safety Equipment Used,,,,,Parked,,,,,other,,University-Rosedale (11),14 Division,Palmerston-Little Italy,FALSE,FALSE,FALSE,FALSE,FALSE,FALSE,FALSE,FALSE,TRUE,FALSE,"{""coordinates"": [[-79.41720992146796, 43.663824228551576]], ""type"": ""MultiPoint""}"
5129,2013:1382722,2013-08-18T19:15:00,TWYN RIVERS Dr,SHEPPARD Ave E,,2,Non-Fatal Injury,,No Control,SMV Other,Clear,Dark,Dry,Collector,FALSE,-79.15694733,43.81453892,1,Motorcycle,West,2,44,Major,Helmet,Lost control,Normal,,,Going Ahead,,,,,motorcyclist,,Scarborough-Rouge Park (25),42 Division,Morningside Heights,FALSE,FALSE,FALSE,TRUE,FALSE,FALSE,FALSE,FALSE,FALSE,FALSE,"{""coordinates"": [[-79.15694732786507, 43.81453891627379]], ""type"": ""MultiPoint""}"
5130,2013:1382722,2013-08-18T19:15:00,TWYN RIVERS Dr,SHEPPARD Ave E,,2,Non-Fatal Injury,,No Control,SMV Other,Clear,Dark,Dry,Collector,FALSE,-79.15694733,43.81453892,1,,,1,,,Other Safety Equipment Used,,,,,,,,,,owner,,Scarborough-Rouge Park (25),42 Division,Morningside Heights,FALSE,FALSE,FALSE,TRUE,FALSE,FALSE,FALSE,FALSE,FALSE,FALSE,"{""coordinates"": [[-79.15694732786507, 43.81453891627379]], ""type"": ""MultiPoint""}"
5138,2013:1371679,2013-08-21T12:35:00,KIPLING AVE,EVANS AVE,,2,Non-Fatal Injury,At Intersection,Traffic Signal,SMV Other,Clear,Daylight,Dry,Major Arterial,FALSE,-79.5246172,43.6158624,1,Motorcycle,West,2,24,Major,Other Safety Equipment Used,Lost control,Unknown,,,Going Ahead,,,,,motorcyclist,,Etobicoke-Lakeshore (3),22 Division,Mimico-Queensway,FALSE,FALSE,FALSE,TRUE,FALSE,FALSE,FALSE,FALSE,FALSE,FALSE,"{""coordinates"": [[-79.52461720108141, 43.615862403388626]], ""type"": ""MultiPoint""}"
5139,2013:1371679,2013-08-21T12:35:00,KIPLING AVE,EVANS AVE,,2,Non-Fatal Injury,At Intersection,Traffic Signal,SMV Other,Clear,Daylight,Dry,Major Arterial,FALSE,-79.5246172,43.6158624,1,,,1,,,Other Safety Equipment Used,,,,,,,,,,owner,,Etobicoke-Lakeshore (3),22 Division,Mimico-Queensway,FALSE,FALSE,FALSE,TRUE,FALSE,FALSE,FALSE,FALSE,FALSE,FALSE,"{""coordinates"": [[-79.52461720108141, 43.615862403388626]], ""type"": ""MultiPoint""}"
5140,2013:1383479,2013-08-23T08:45:00,GREENWOOD AVE,GERRARD ST E,,3,Non-Fatal Injury,,No Control,Turning Movement,Clear,Daylight,Dry,Minor Arterial,FALSE,-79.32808274,43.6710601,1,Automobile or Station Wagon,South,2,28,None,Lap and Shoulder Belt,Failed to yield right-of-way,Inattentive,,,Turning Right,,,,,driver,,Toronto-Danforth (14),55 Division,South Riverdale,TRUE,TRUE,FALSE,TRUE,FALSE,FALSE,FALSE,FALSE,FALSE,FALSE,"{""coordinates"": [[-79.32808274048246, 43.67106009861173]], ""type"": ""MultiPoint""}"
5141,2013:1383479,2013-08-23T08:45:00,GREENWOOD AVE,GERRARD ST E,,3,Non-Fatal Injury,,No Control,Turning Movement,Clear,Daylight,Dry,Minor Arterial,FALSE,-79.32808274,43.6710601,1,,,1,,,Other Safety Equipment Used,,,,,,,,,,owner,,Toronto-Danforth (14),55 Division,South Riverdale,TRUE,TRUE,FALSE,TRUE,FALSE,FALSE,FALSE,FALSE,FALSE,FALSE,"{""coordinates"": [[-79.32808274048246, 43.67106009861173]], ""type"": ""MultiPoint""}"
5142,2013:1383479,2013-08-23T08:45:00,GREENWOOD AVE,GERRARD ST E,,3,Non-Fatal Injury,,No Control,Turning Movement,Clear,Daylight,Dry,Minor Arterial,FALSE,-79.32808274,43.6710601,2,Moped,South,3,43,Major,Helmet,Driving properly,Normal,,,Going Ahead,,,,,motorcyclist,,Toronto-Danforth (14),55 Division,South Riverdale,TRUE,TRUE,FALSE,TRUE,FALSE,FALSE,FALSE,FALSE,FALSE,FALSE,"{""coordinates"": [[-79.32808274048246, 43.67106009861173]], ""type"": ""MultiPoint""}"
5143,2013:1372004,2013-08-23T18:38:00,HYDE AVE,VALLEY CRES,,4,Non-Fatal Injury,,Stop Sign,Turning Movement,Clear,Daylight,Dry,Local,FALSE,-79.476384,43.68315331,1,Automobile or Station Wagon,East,3,44,None,Lap and Shoulder Belt,Driving properly,Normal,,,Stopped,,,,,driver,,York South-Weston (5),12 Division,Keelesdale-Eglinton West,TRUE,FALSE,FALSE,TRUE,FALSE,FALSE,FALSE,FALSE,TRUE,FALSE,"{""coordinates"": [[-79.47638400065158, 43.68315330589761]], ""type"": ""MultiPoint""}"
5144,2013:1372004,2013-08-23T18:38:00,HYDE AVE,VALLEY CRES,,4,Non-Fatal Injury,,Stop Sign,Turning Movement,Clear,Daylight,Dry,Local,FALSE,-79.476384,43.68315331,1,,,2,,,Other Safety Equipment Used,,,,,,,,,,owner,,York South-Weston (5),12 Division,Keelesdale-Eglinton West,TRUE,FALSE,FALSE,TRUE,FALSE,FALSE,FALSE,FALSE,TRUE,FALSE,"{""coordinates"": [[-79.47638400065158, 43.68315330589761]], ""type"": ""MultiPoint""}"
5145,2013:1372004,2013-08-23T18:38:00,HYDE AVE,VALLEY CRES,,4,Non-Fatal Injury,,Stop Sign,Turning Movement,Clear,Daylight,Dry,Local,FALSE,-79.476384,43.68315331,1,,,1,12,Minimal,Lap and Shoulder Belt,,,,,,,,,,passenger,,York South-Weston (5),12 Division,Keelesdale-Eglinton West,TRUE,FALSE,FALSE,TRUE,FALSE,FALSE,FALSE,FALSE,TRUE,FALSE,"{""coordinates"": [[-79.47638400065158, 43.68315330589761]], ""type"": ""MultiPoint""}"
5146,2013:1372004,2013-08-23T18:38:00,HYDE AVE,VALLEY CRES,,4,Non-Fatal Injury,,Stop Sign,Turning Movement,Clear,Daylight,Dry,Local,FALSE,-79.476384,43.68315331,2,Motorcycle,South,4,20,Major,Other Safety Equipment Used,Failed to yield right-of-way,Normal,,,Turning Right,,,,,motorcyclist,,York South-Weston (5),12 Division,Keelesdale-Eglinton West,TRUE,FALSE,FALSE,TRUE,FALSE,FALSE,FALSE,FALSE,TRUE,FALSE,"{""coordinates"": [[-79.47638400065158, 43.68315330589761]], ""type"": ""MultiPoint""}"
5147,2013:1388519,2013-08-25T16:15:00,THE EAST MALL,EAST MALL CRES,,3,Non-Fatal Injury,,Traffic Signal,Turning Movement,Clear,Daylight,Dry,Minor Arterial,FALSE,-79.55232721,43.63142543,1,,,1,,,Other Safety Equipment Used,,,,,,,,,,owner,,Etobicoke-Lakeshore (3),22 Division,Etobicoke City Centre,TRUE,FALSE,FALSE,FALSE,FALSE,FALSE,FALSE,TRUE,FALSE,FALSE,"{""coordinates"": [[-79.55232720855923, 43.631425429764434]], ""type"": ""MultiPoint""}"
5148,2013:1388519,2013-08-25T16:15:00,THE EAST MALL,EAST MALL CRES,,3,Non-Fatal Injury,,Traffic Signal,Turning Movement,Clear,Daylight,Dry,Minor Arterial,FALSE,-79.55232721,43.63142543,1,Automobile or Station Wagon,North,2,38,Major,Other Safety Equipment Used,Disobeyed traffic control,Normal,,,Going Ahead,,,,,driver,,Etobicoke-Lakeshore (3),22 Division,Etobicoke City Centre,TRUE,FALSE,FALSE,FALSE,FALSE,FALSE,FALSE,TRUE,FALSE,FALSE,"{""coordinates"": [[-79.55232720855923, 43.631425429764434]], ""type"": ""MultiPoint""}"
5149,2013:1388519,2013-08-25T16:15:00,THE EAST MALL,EAST MALL CRES,,3,Non-Fatal Injury,,Traffic Signal,Turning Movement,Clear,Daylight,Dry,Minor Arterial,FALSE,-79.55232721,43.63142543,2,Automobile or Station Wagon,South,3,25,None,Other Safety Equipment Used,Driving properly,Normal,,,Turning Left,,,,,driver,,Etobicoke-Lakeshore (3),22 Division,Etobicoke City Centre,TRUE,FALSE,FALSE,FALSE,FALSE,FALSE,FALSE,TRUE,FALSE,FALSE,"{""coordinates"": [[-79.55232720855923, 43.631425429764434]], ""type"": ""MultiPoint""}"
5150,2013:1383674,2013-08-26T08:08:00,BRIMLEY Rd,DORCOT Ave,,2,Non-Fatal Injury,,No Control,Turning Movement,Rain,Daylight,Wet,Major Arterial,FALSE,-79.2573885,43.759645,1,Automobile or Station Wagon,South,1,58,Minor,Lap and Shoulder Belt,Improper turn,Normal,,,Making U-Turn,,,,,driver,,Scarborough Centre (21),43 Division,Bendale-Glen Andrew,FALSE,TRUE,FALSE,FALSE,FALSE,FALSE,FALSE,FALSE,FALSE,FALSE,"{""coordinates"": [[-79.25738850457942, 43.759645004270716]], ""type"": ""MultiPoint""}"
5151,2013:1383674,2013-08-26T08:08:00,BRIMLEY Rd,DORCOT Ave,,2,Non-Fatal Injury,,No Control,Turning Movement,Rain,Daylight,Wet,Major Arterial,FALSE,-79.2573885,43.759645,2,Automobile or Station Wagon,South,2,57,Major,Lap and Shoulder Belt,Driving properly,Inattentive,,,Going Ahead,,,,,driver,,Scarborough Centre (21),43 Division,Bendale-Glen Andrew,FALSE,TRUE,FALSE,FALSE,FALSE,FALSE,FALSE,FALSE,FALSE,FALSE,"{""coordinates"": [[-79.25738850457942, 43.759645004270716]], ""type"": ""MultiPoint""}"
5152,2013:1372794,2013-08-29T11:08:00,DUFFERIN ST,BLOOR ST W,,1,Non-Fatal Injury,,No Control,SMV Other,Clear,Daylight,Dry,Major Arterial,FALSE,-79.43561196,43.66046726,1,Motorcycle,South,1,46,Major,Helmet,Lost control,Normal,,,Going Ahead,,,,,motorcyclist,,Davenport (9),14 Division,Dovercourt Village,FALSE,FALSE,FALSE,TRUE,FALSE,FALSE,FALSE,FALSE,FALSE,FALSE,"{""coordinates"": [[-79.43561196237549, 43.66046725639384]], ""type"": ""MultiPoint""}"
5153,2013:1372879,2013-08-29T21:36:00,WILLIAM R ALLEN RD,TRANSIT RD,,5,Non-Fatal Injury,Non-Intersection,No Control,Rear End,Clear,Dark,Dry,Major Arterial,FALSE,-79.45485286,43.74227725,1,,,4,,,Other Safety Equipment Used,,,,,,,,,,owner,,York Centre (6),32 Division,Clanton Park,TRUE,FALSE,FALSE,TRUE,FALSE,FALSE,FALSE,FALSE,FALSE,FALSE,"{""coordinates"": [[-79.45485285879509, 43.74227725267525]], ""type"": ""MultiPoint""}"
5154,2013:1372879,2013-08-29T21:36:00,WILLIAM R ALLEN RD,TRANSIT RD,,5,Non-Fatal Injury,Non-Intersection,No Control,Rear End,Clear,Dark,Dry,Major Arterial,FALSE,-79.45485286,43.74227725,2,Automobile or Station Wagon,South,2,24,None,Other Safety Equipment Used,Lost control,Normal,,,Going Ahead,,,,,driver,,York Centre (6),32 Division,Clanton Park,TRUE,FALSE,FALSE,TRUE,FALSE,FALSE,FALSE,FALSE,FALSE,FALSE,"{""coordinates"": [[-79.45485285879509, 43.74227725267525]], ""type"": ""MultiPoint""}"
5155,2013:1372879,2013-08-29T21:36:00,WILLIAM R ALLEN RD,TRANSIT RD,,5,Non-Fatal Injury,Non-Intersection,No Control,Rear End,Clear,Dark,Dry,Major Arterial,FALSE,-79.45485286,43.74227725,1,Motorcycle,South,5,32,Major,Helmet,Exceeding speed limit,Normal,,,Going Ahead,,,,,motorcyclist,,York Centre (6),32 Division,Clanton Park,TRUE,FALSE,FALSE,TRUE,FALSE,FALSE,FALSE,FALSE,FALSE,FALSE,"{""coordinates"": [[-79.45485285879509, 43.74227725267525]], ""type"": ""MultiPoint""}"
5156,2013:1372879,2013-08-29T21:36:00,WILLIAM R ALLEN RD,TRANSIT RD,,5,Non-Fatal Injury,Non-Intersection,No Control,Rear End,Clear,Dark,Dry,Major Arterial,FALSE,-79.45485286,43.74227725,1,,,3,22,Major,Helmet,,,,,,,,,,motorcyclist,,York Centre (6),32 Division,Clanton Park,TRUE,FALSE,FALSE,TRUE,FALSE,FALSE,FALSE,FALSE,FALSE,FALSE,"{""coordinates"": [[-79.45485285879509, 43.74227725267525]], ""type"": ""MultiPoint""}"
5157,2013:1372879,2013-08-29T21:36:00,WILLIAM R ALLEN RD,TRANSIT RD,,5,Non-Fatal Injury,Non-Intersection,No Control,Rear End,Clear,Dark,Dry,Major Arterial,FALSE,-79.45485286,43.74227725,2,,,1,,,Other Safety Equipment Used,,,,,,,,,,owner,,York Centre (6),32 Division,Clanton Park,TRUE,FALSE,FALSE,TRUE,FALSE,FALSE,FALSE,FALSE,FALSE,FALSE,"{""coordinates"": [[-79.45485285879509, 43.74227725267525]], ""type"": ""MultiPoint""}"
5158,2013:1384088,2013-08-30T13:40:00,KING St W,SHAW St,,4,Non-Fatal Injury,,Traffic Signal,Approaching Head On,Clear,Daylight,Dry,Major Arterial,TRUE,-79.41500495,43.64142423,2,Automobile or Station Wagon,East,4,,None,Other Safety Equipment Used,Other,Unknown,,,Going Ahead,,,,,driver,,Spadina-Fort York (10),14 Division,West Queen West,FALSE,FALSE,FALSE,FALSE,FALSE,FALSE,FALSE,FALSE,FALSE,FALSE,"{""coordinates"": [[-79.4150049533501, 43.64142423197877]], ""type"": ""MultiPoint""}"