_id,collision_id,accdate,stname1,stname2,stname3,per_inv,acclass,accloc,traffictl,impactype,visible,light,rdsfcond,road_class,failtorem,longitude,latitude,veh_no,vehtype,initdir,per_no,invage,injury,safequip,drivact,drivcond,pedact,pedcond,manoeuvre,pedtype,cyclistype,cycact,cyccond,road_user,fatal_no,wardname,division,neighbourhood,aggressive,distracted,cyclist,motorcyclist,other_micromobility,older_adult,pedestrian,red_light,school_child,heavy_truck,geometry
5217,2013:1381801,2013-09-27T04:22:00,BAYVIEW BLOOR DVP RAMP,BAYVIEW BLOOR DVP N RAMP,,2,Non-Fatal Injury,,Yield Sign,SMV Other,Clear,Dark,Dry,,FALSE,-79.36021078,43.68328214,1,Automobile or Station Wagon,North,2,32,Major,Lap and Shoulder Belt,,Ability Impaired - Alcohol,,,Merging,,,,,driver,,Toronto-Danforth (14),55 Division,Broadview North,FALSE,FALSE,FALSE,FALSE,FALSE,FALSE,FALSE,FALSE,FALSE,FALSE,"{""coordinates"": [[-79.36021078360193, 43.683282142608704]], ""type"": ""MultiPoint""}"
5218,2013:1381801,2013-09-27T04:22:00,BAYVIEW BLOOR DVP RAMP,BAYVIEW BLOOR DVP N RAMP,,2,Non-Fatal Injury,,Yield Sign,SMV Other,Clear,Dark,Dry,,FALSE,-79.36021078,43.68328214,1,,,1,,Minor,Lap and Shoulder Belt,,,,,,,,,,passenger,,Toronto-Danforth (14),55 Division,Broadview North,FALSE,FALSE,FALSE,FALSE,FALSE,FALSE,FALSE,FALSE,FALSE,FALSE,"{""coordinates"": [[-79.36021078360193, 43.683282142608704]], ""type"": ""MultiPoint""}"
5219,2013:1387900,2013-09-29T13:05:00,BIRCHMOUNT Rd,BERTRAND Ave,,4,Non-Fatal Injury,,Traffic Signal,Turning Movement,Clear,Daylight,Dry,Major Arterial,FALSE,-79.27986557,43.73522703,2,Automobile or Station Wagon,North,4,79,Minor,Lap and Shoulder Belt,Driving properly,Normal,,,Going Ahead,,,,,driver,,Scarborough Centre (21),41 Division,Wexford/Maryvale,TRUE,FALSE,FALSE,FALSE,FALSE,TRUE,FALSE,FALSE,FALSE,FALSE,"{""coordinates"": [[-79.27986556881092, 43.73522703067118]], ""type"": ""MultiPoint""}"
5220,2013:1387900,2013-09-29T13:05:00,BIRCHMOUNT Rd,BERTRAND Ave,,4,Non-Fatal Injury,,Traffic Signal,Turning Movement,Clear,Daylight,Dry,Major Arterial,FALSE,-79.27986557,43.73522703,2,,,3,71,Minor,Lap and Shoulder Belt,,,,,,,,,,passenger,,Scarborough Centre (21),41 Division,Wexford/Maryvale,TRUE,FALSE,FALSE,FALSE,FALSE,TRUE,FALSE,FALSE,FALSE,FALSE,"{""coordinates"": [[-79.27986556881092, 43.73522703067118]], ""type"": ""MultiPoint""}"
5221,2013:1387900,2013-09-29T13:05:00,BIRCHMOUNT Rd,BERTRAND Ave,,4,Non-Fatal Injury,,Traffic Signal,Turning Movement,Clear,Daylight,Dry,Major Arterial,FALSE,-79.27986557,43.73522703,1,,,1,59,Major,Lap and Shoulder Belt,,,,,,,,,,passenger,,Scarborough Centre (21),41 Division,Wexford/Maryvale,TRUE,FALSE,FALSE,FALSE,FALSE,TRUE,FALSE,FALSE,FALSE,FALSE,"{""coordinates"": [[-79.27986556881092, 43.73522703067118]], ""type"": ""MultiPoint""}"
5222,2013:1387900,2013-09-29T13:05:00,BIRCHMOUNT Rd,BERTRAND Ave,,4,Non-Fatal Injury,,Traffic Signal,Turning Movement,Clear,Daylight,Dry,Major Arterial,FALSE,-79.27986557,43.73522703,1,Automobile or Station Wagon,South,2,43,Minor,Lap and Shoulder Belt,Failed to yield right-of-way,Normal,,,Turning Left,,,,,driver,,Scarborough Centre (21),41 Division,Wexford/Maryvale,TRUE,FALSE,FALSE,FALSE,FALSE,TRUE,FALSE,FALSE,FALSE,FALSE,"{""coordinates"": [[-79.27986556881092, 43.73522703067118]], ""type"": ""MultiPoint""}"
5223,2013:1384076,2013-09-29T19:39:00,ISLINGTON Ave,BEAUMONDE HEIGHTS Dr,,5,Non-Fatal Injury,,No Control,Approaching Head On,Clear,Dark with Artificial Lighting,Dry,Major Arterial,FALSE,-79.56805802,43.74318839,1,,,2,32,Minor,Air Bag Deployed,,,,,,,,,,passenger,,Etobicoke North (1),23 Division,Thistletown-Beaumond Heights,FALSE,FALSE,FALSE,FALSE,FALSE,FALSE,FALSE,FALSE,FALSE,FALSE,"{""coordinates"": [[-79.56805801965764, 43.74318838525794]], ""type"": ""MultiPoint""}"
5224,2013:1384076,2013-09-29T19:39:00,ISLINGTON Ave,BEAUMONDE HEIGHTS Dr,,5,Non-Fatal Injury,,No Control,Approaching Head On,Clear,Dark with Artificial Lighting,Dry,Major Arterial,FALSE,-79.56805802,43.74318839,1,Automobile or Station Wagon,North,3,46,Major,Air Bag Deployed,Driving properly,Normal,,,Going Ahead,,,,,driver,,Etobicoke North (1),23 Division,Thistletown-Beaumond Heights,FALSE,FALSE,FALSE,FALSE,FALSE,FALSE,FALSE,FALSE,FALSE,FALSE,"{""coordinates"": [[-79.56805801965764, 43.74318838525794]], ""type"": ""MultiPoint""}"
5225,2013:1384076,2013-09-29T19:39:00,ISLINGTON Ave,BEAUMONDE HEIGHTS Dr,,5,Non-Fatal Injury,,No Control,Approaching Head On,Clear,Dark with Artificial Lighting,Dry,Major Arterial,FALSE,-79.56805802,43.74318839,1,,,1,48,Minimal,Air Bag Deployed,,,,,,,,,,passenger,,Etobicoke North (1),23 Division,Thistletown-Beaumond Heights,FALSE,FALSE,FALSE,FALSE,FALSE,FALSE,FALSE,FALSE,FALSE,FALSE,"{""coordinates"": [[-79.56805801965764, 43.74318838525794]], ""type"": ""MultiPoint""}"
5226,2013:1384076,2013-09-29T19:39:00,ISLINGTON Ave,BEAUMONDE HEIGHTS Dr,,5,Non-Fatal Injury,,No Control,Approaching Head On,Clear,Dark with Artificial Lighting,Dry,Major Arterial,FALSE,-79.56805802,43.74318839,3,,,5,,,Other Safety Equipment Used,,,,,,,,,,owner,,Etobicoke North (1),23 Division,Thistletown-Beaumond Heights,FALSE,FALSE,FALSE,FALSE,FALSE,FALSE,FALSE,FALSE,FALSE,FALSE,"{""coordinates"": [[-79.56805801965764, 43.74318838525794]], ""type"": ""MultiPoint""}"
5227,2013:1384076,2013-09-29T19:39:00,ISLINGTON Ave,BEAUMONDE HEIGHTS Dr,,5,Non-Fatal Injury,,No Control,Approaching Head On,Clear,Dark with Artificial Lighting,Dry,Major Arterial,FALSE,-79.56805802,43.74318839,2,Automobile or Station Wagon,South,4,49,Major,Air Bag Deployed,Lost control,Ability Impaired - Alcohol Over .08,,,Going Ahead,,,,,driver,,Etobicoke North (1),23 Division,Thistletown-Beaumond Heights,FALSE,FALSE,FALSE,FALSE,FALSE,FALSE,FALSE,FALSE,FALSE,FALSE,"{""coordinates"": [[-79.56805801965764, 43.74318838525794]], ""type"": ""MultiPoint""}"
5233,2013:1387866,2013-09-30T16:40:00,EGLINTON Ave E,SUTHERLAND Dr,,2,Non-Fatal Injury,,Traffic Signal,Turning Movement,Clear,Daylight,Dry,Major Arterial,FALSE,-79.36722175,43.71306815,2,Automobile or Station Wagon,East,2,48,None,Other Safety Equipment Used,Failed to yield right-of-way,Normal,,,Turning Left,,,,,driver,,Don Valley West (15),53 Division,Leaside-Bennington,TRUE,FALSE,FALSE,TRUE,FALSE,FALSE,FALSE,FALSE,FALSE,FALSE,"{""coordinates"": [[-79.36722175249962, 43.71306814695836]], ""type"": ""MultiPoint""}"
5234,2013:1387866,2013-09-30T16:40:00,EGLINTON Ave E,SUTHERLAND Dr,,2,Non-Fatal Injury,,Traffic Signal,Turning Movement,Clear,Daylight,Dry,Major Arterial,FALSE,-79.36722175,43.71306815,1,Motorcycle,West,1,21,Major,Helmet,Driving properly,Normal,,,Going Ahead,,,,,motorcyclist,,Don Valley West (15),53 Division,Leaside-Bennington,TRUE,FALSE,FALSE,TRUE,FALSE,FALSE,FALSE,FALSE,FALSE,FALSE,"{""coordinates"": [[-79.36722175249962, 43.71306814695836]], ""type"": ""MultiPoint""}"
5235,2013:1386536,2013-10-05T19:22:00,4750 DUFFERIN ST,,,3,Non-Fatal Injury,,No Control,Turning Movement,Clear,Dark,Dry,Major Arterial,FALSE,-79.46870784,43.77627326,1,,,1,54,Minor,Helmet,,,,,,,,,,motorcyclist,,York Centre (6),32 Division,Bathurst Manor,TRUE,FALSE,FALSE,TRUE,FALSE,FALSE,FALSE,FALSE,FALSE,FALSE,"{""coordinates"": [[-79.46870783707811, 43.77627326162151]], ""type"": ""MultiPoint""}"
5236,2013:1386536,2013-10-05T19:22:00,4750 DUFFERIN ST,,,3,Non-Fatal Injury,,No Control,Turning Movement,Clear,Dark,Dry,Major Arterial,FALSE,-79.46870784,43.77627326,1,Motorcycle,South,2,25,Major,Helmet,Driving properly,Normal,,,Going Ahead,,,,,motorcyclist,,York Centre (6),32 Division,Bathurst Manor,TRUE,FALSE,FALSE,TRUE,FALSE,FALSE,FALSE,FALSE,FALSE,FALSE,"{""coordinates"": [[-79.46870783707811, 43.77627326162151]], ""type"": ""MultiPoint""}"
5237,2013:1386536,2013-10-05T19:22:00,4750 DUFFERIN ST,,,3,Non-Fatal Injury,,No Control,Turning Movement,Clear,Dark,Dry,Major Arterial,FALSE,-79.46870784,43.77627326,2,Automobile or Station Wagon,North,3,56,None,Lap and Shoulder Belt,Failed to yield right-of-way,Normal,,,Turning Left,,,,,driver,,York Centre (6),32 Division,Bathurst Manor,TRUE,FALSE,FALSE,TRUE,FALSE,FALSE,FALSE,FALSE,FALSE,FALSE,"{""coordinates"": [[-79.46870783707811, 43.77627326162151]], ""type"": ""MultiPoint""}"
5238,2013:1385995,2013-10-07T06:26:00,DUPONT St,HOWLAND Ave,,3,Non-Fatal Injury,,Traffic Signal,Turning Movement,Rain,Daylight,Wet,Major Arterial,FALSE,-79.4118309,43.67367722,1,Automobile or Station Wagon,East,1,23,Major,Helmet,Driving properly,Normal,,,Going Ahead,,,,,driver,,University-Rosedale (11),14 Division,Annex,FALSE,FALSE,FALSE,FALSE,FALSE,FALSE,FALSE,FALSE,FALSE,FALSE,"{""coordinates"": [[-79.41183089534626, 43.67367721790888]], ""type"": ""MultiPoint""}"
5239,2013:1385995,2013-10-07T06:26:00,DUPONT St,HOWLAND Ave,,3,Non-Fatal Injury,,Traffic Signal,Turning Movement,Rain,Daylight,Wet,Major Arterial,FALSE,-79.4118309,43.67367722,2,Automobile or Station Wagon,East,3,38,Minor,Lap and Shoulder Belt,Improper turn,Normal,,,Making U-Turn,,,,,driver,,University-Rosedale (11),14 Division,Annex,FALSE,FALSE,FALSE,FALSE,FALSE,FALSE,FALSE,FALSE,FALSE,FALSE,"{""coordinates"": [[-79.41183089534626, 43.67367721790888]], ""type"": ""MultiPoint""}"
5240,2013:1385995,2013-10-07T06:26:00,DUPONT St,HOWLAND Ave,,3,Non-Fatal Injury,,Traffic Signal,Turning Movement,Rain,Daylight,Wet,Major Arterial,FALSE,-79.4118309,43.67367722,2,,,2,,,Other Safety Equipment Used,,,,,,,,,,owner,,University-Rosedale (11),14 Division,Annex,FALSE,FALSE,FALSE,FALSE,FALSE,FALSE,FALSE,FALSE,FALSE,FALSE,"{""coordinates"": [[-79.41183089534626, 43.67367721790888]], ""type"": ""MultiPoint""}"
5241,2013:1381694,2013-10-08T11:30:00,O CONNOR Dr,SUNRISE Ave,,4,Non-Fatal Injury,,No Control,Other,Clear,Daylight,Dry,Major Arterial,TRUE,-79.30456163,43.71843106,1,,,1,69,Major,Other Safety Equipment Used,,,,,,,,,,passenger,,Beaches-East York (19),55 Division,Victoria Village,FALSE,FALSE,FALSE,FALSE,FALSE,TRUE,FALSE,FALSE,FALSE,TRUE,"{""coordinates"": [[-79.30456163352957, 43.718431063044974]], ""type"": ""MultiPoint""}"
5242,2013:1381694,2013-10-08T11:30:00,O CONNOR Dr,SUNRISE Ave,,4,Non-Fatal Injury,,No Control,Other,Clear,Daylight,Dry,Major Arterial,TRUE,-79.30456163,43.71843106,1,Municipal Transit Bus (TTC),North,3,52,None,Other Safety Equipment Used,Driving properly,Unknown,,,Slowing or Stopping,,,,,driver,,Beaches-East York (19),55 Division,Victoria Village,FALSE,FALSE,FALSE,FALSE,FALSE,TRUE,FALSE,FALSE,FALSE,TRUE,"{""coordinates"": [[-79.30456163352957, 43.718431063044974]], ""type"": ""MultiPoint""}"
5243,2013:1381694,2013-10-08T11:30:00,O CONNOR Dr,SUNRISE Ave,,4,Non-Fatal Injury,,No Control,Other,Clear,Daylight,Dry,Major Arterial,TRUE,-79.30456163,43.71843106,2,Automobile or Station Wagon,North,4,,None,Other Safety Equipment Used,Improper turn,Unknown,,,Making U-Turn,,,,,driver,,Beaches-East York (19),55 Division,Victoria Village,FALSE,FALSE,FALSE,FALSE,FALSE,TRUE,FALSE,FALSE,FALSE,TRUE,"{""coordinates"": [[-79.30456163352957, 43.718431063044974]], ""type"": ""MultiPoint""}"
5244,2013:1381694,2013-10-08T11:30:00,O CONNOR Dr,SUNRISE Ave,,4,Non-Fatal Injury,,No Control,Other,Clear,Daylight,Dry,Major Arterial,TRUE,-79.30456163,43.71843106,1,,,2,,,Other Safety Equipment Used,,,,,,,,,,owner,,Beaches-East York (19),55 Division,Victoria Village,FALSE,FALSE,FALSE,FALSE,FALSE,TRUE,FALSE,FALSE,FALSE,TRUE,"{""coordinates"": [[-79.30456163352957, 43.718431063044974]], ""type"": ""MultiPoint""}"
5245,2013:1379704,2013-10-09T02:45:00,SHEPPARD Ave W,SEELEY Dr,,2,Non-Fatal Injury,,No Control,SMV Other,Clear,Dark with Artificial Lighting,Dry,Major Arterial,FALSE,-79.49422892,43.7430973,1,,,1,21,Minor,Equipment Not Used But Available,,,,,,,,,,passenger,,York Centre (6),31 Division,Downsview,TRUE,FALSE,FALSE,FALSE,FALSE,FALSE,FALSE,FALSE,FALSE,FALSE,"{""coordinates"": [[-79.49422892453124, 43.7430973022085]], ""type"": ""MultiPoint""}"
5246,2013:1388126,2013-10-25T10:32:00,DANFORTH AVE,CHISHOLM AVE,,4,Non-Fatal Injury,,No Control,Turning Movement,Clear,Daylight,Dry,Major Arterial,FALSE,-79.30339467,43.68781406,2,,,2,,None,Other Safety Equipment Used,,,,,Parked,,,,,other,,Beaches-East York (19),55 Division,East End-Danforth,FALSE,FALSE,FALSE,FALSE,FALSE,FALSE,FALSE,FALSE,FALSE,FALSE,"{""coordinates"": [[-79.30339467161885, 43.687814062613015]], ""type"": ""MultiPoint""}"
5247,2013:1379704,2013-10-09T02:45:00,SHEPPARD Ave W,SEELEY Dr,,2,Non-Fatal Injury,,No Control,SMV Other,Clear,Dark with Artificial Lighting,Dry,Major Arterial,FALSE,-79.49422892,43.7430973,1,Automobile or Station Wagon,West,2,20,Major,Equipment Not Used But Available,Speed too fast for conditions,Had Been Drinking,,,Going Ahead,,,,,driver,,York Centre (6),31 Division,Downsview,TRUE,FALSE,FALSE,FALSE,FALSE,FALSE,FALSE,FALSE,FALSE,FALSE,"{""coordinates"": [[-79.49422892453124, 43.7430973022085]], ""type"": ""MultiPoint""}"
5248,2013:1386836,2013-10-11T16:50:00,SHEPPARD Ave E,SHAUGHNESSY BLVD,,2,Non-Fatal Injury,,Traffic Signal,Turning Movement,Clear,Daylight,Dry,Major Arterial,FALSE,-79.35331365,43.77371812,1,Automobile or Station Wagon,East,1,46,None,Lap and Shoulder Belt,Failed to yield right-of-way,Inattentive,,,Turning Left,,,,,driver,,Don Valley North (17),33 Division,Henry Farm,TRUE,TRUE,FALSE,FALSE,FALSE,FALSE,FALSE,FALSE,FALSE,FALSE,"{""coordinates"": [[-79.35331365063698, 43.77371812246327]], ""type"": ""MultiPoint""}"
5249,2013:1386836,2013-10-11T16:50:00,SHEPPARD Ave E,SHAUGHNESSY BLVD,,2,Non-Fatal Injury,,Traffic Signal,Turning Movement,Clear,Daylight,Dry,Major Arterial,FALSE,-79.35331365,43.77371812,2,Automobile or Station Wagon,West,2,24,Major,Lap and Shoulder Belt,Driving properly,Normal,,,Going Ahead,,,,,driver,,Don Valley North (17),33 Division,Henry Farm,TRUE,TRUE,FALSE,FALSE,FALSE,FALSE,FALSE,FALSE,FALSE,FALSE,"{""coordinates"": [[-79.35331365063698, 43.77371812246327]], ""type"": ""MultiPoint""}"
5250,2013:1380363,2013-10-12T10:55:00,MOUNT PLEASANT Rd,BALLIOL St,,3,Non-Fatal Injury,,No Control,SMV Other,Clear,Daylight,Dry,Local,FALSE,-79.38631881,43.69938418,1,,,2,26,None,Other Safety Equipment Used,,,,,,,,,,passenger,,Don Valley West (15),53 Division,Mount Pleasant East,FALSE,FALSE,FALSE,FALSE,FALSE,FALSE,FALSE,FALSE,FALSE,FALSE,"{""coordinates"": [[-79.38631880761338, 43.69938417560379]], ""type"": ""MultiPoint""}"
5251,2013:1380363,2013-10-12T10:55:00,MOUNT PLEASANT Rd,BALLIOL St,,3,Non-Fatal Injury,,No Control,SMV Other,Clear,Daylight,Dry,Local,FALSE,-79.38631881,43.69938418,1,,,1,,,Other Safety Equipment Used,,,,,,,,,,owner,,Don Valley West (15),53 Division,Mount Pleasant East,FALSE,FALSE,FALSE,FALSE,FALSE,FALSE,FALSE,FALSE,FALSE,FALSE,"{""coordinates"": [[-79.38631880761338, 43.69938417560379]], ""type"": ""MultiPoint""}"
5252,2013:1380363,2013-10-12T10:55:00,MOUNT PLEASANT Rd,BALLIOL St,,3,Non-Fatal Injury,,No Control,SMV Other,Clear,Daylight,Dry,Local,FALSE,-79.38631881,43.69938418,1,Automobile or Station Wagon,East,3,61,Major,Lap and Shoulder Belt,Lost control,Medical or Physical Disability,,,Going Ahead,,,,,driver,,Don Valley West (15),53 Division,Mount Pleasant East,FALSE,FALSE,FALSE,FALSE,FALSE,FALSE,FALSE,FALSE,FALSE,FALSE,"{""coordinates"": [[-79.38631880761338, 43.69938417560379]], ""type"": ""MultiPoint""}"
5253,2013:1387287,2013-10-13T13:31:00,SHEPPARD Ave W,SENTINEL Rd,,5,Non-Fatal Injury,,No Control,Rear End,Rain,Daylight,Wet,Major Arterial,FALSE,-79.49087892,43.7438373,2,,,2,6,Major,Other Safety Equipment Used,,,,,,,,,,passenger,,York Centre (6),31 Division,Downsview,FALSE,TRUE,FALSE,FALSE,FALSE,FALSE,FALSE,FALSE,TRUE,FALSE,"{""coordinates"": [[-79.4908789174744, 43.743837297617866]], ""type"": ""MultiPoint""}"
5254,2013:1387287,2013-10-13T13:31:00,SHEPPARD Ave W,SENTINEL Rd,,5,Non-Fatal Injury,,No Control,Rear End,Rain,Daylight,Wet,Major Arterial,FALSE,-79.49087892,43.7438373,1,Automobile or Station Wagon,East,1,42,Major,Other Safety Equipment Used,Improper turn,Inattentive,,,Making U-Turn,,,,,driver,,York Centre (6),31 Division,Downsview,FALSE,TRUE,FALSE,FALSE,FALSE,FALSE,FALSE,FALSE,TRUE,FALSE,"{""coordinates"": [[-79.4908789174744, 43.743837297617866]], ""type"": ""MultiPoint""}"
5255,2013:1387287,2013-10-13T13:31:00,SHEPPARD Ave W,SENTINEL Rd,,5,Non-Fatal Injury,,No Control,Rear End,Rain,Daylight,Wet,Major Arterial,FALSE,-79.49087892,43.7438373,2,,,3,14,Major,Other Safety Equipment Used,,,,,,,,,,passenger,,York Centre (6),31 Division,Downsview,FALSE,TRUE,FALSE,FALSE,FALSE,FALSE,FALSE,FALSE,TRUE,FALSE,"{""coordinates"": [[-79.4908789174744, 43.743837297617866]], ""type"": ""MultiPoint""}"
5256,2013:1387287,2013-10-13T13:31:00,SHEPPARD Ave W,SENTINEL Rd,,5,Non-Fatal Injury,,No Control,Rear End,Rain,Daylight,Wet,Major Arterial,FALSE,-79.49087892,43.7438373,2,Automobile or Station Wagon,East,5,52,Major,Other Safety Equipment Used,Driving properly,Normal,,,Going Ahead,,,,,driver,,York Centre (6),31 Division,Downsview,FALSE,TRUE,FALSE,FALSE,FALSE,FALSE,FALSE,FALSE,TRUE,FALSE,"{""coordinates"": [[-79.4908789174744, 43.743837297617866]], ""type"": ""MultiPoint""}"
5257,2013:1387287,2013-10-13T13:31:00,SHEPPARD Ave W,SENTINEL Rd,,5,Non-Fatal Injury,,No Control,Rear End,Rain,Daylight,Wet,Major Arterial,FALSE,-79.49087892,43.7438373,2,,,4,41,Major,Other Safety Equipment Used,,,,,,,,,,passenger,,York Centre (6),31 Division,Downsview,FALSE,TRUE,FALSE,FALSE,FALSE,FALSE,FALSE,FALSE,TRUE,FALSE,"{""coordinates"": [[-79.4908789174744, 43.743837297617866]], ""type"": ""MultiPoint""}"
5258,2013:1385120,2013-10-15T07:26:00,947 WARDEN Ave,,,3,Non-Fatal Injury,,No Control,Approaching Head On,Clear,Daylight,Dry,Major Arterial,FALSE,-79.29021059,43.73430404,2,Automobile or Station Wagon,North,2,37,None,Other Safety Equipment Used,Driving properly,Normal,,,Changing Lanes,,,,,driver,,Scarborough Centre (21),41 Division,Wexford/Maryvale,TRUE,TRUE,FALSE,FALSE,FALSE,FALSE,FALSE,FALSE,FALSE,FALSE,"{""coordinates"": [[-79.29021058784889, 43.7343040439629]], ""type"": ""MultiPoint""}"
5259,2013:1385120,2013-10-15T07:26:00,947 WARDEN Ave,,,3,Non-Fatal Injury,,No Control,Approaching Head On,Clear,Daylight,Dry,Major Arterial,FALSE,-79.29021059,43.73430404,1,Automobile or Station Wagon,South,1,50,Minor,Other Safety Equipment Used,Failed to yield right-of-way,Inattentive,,,Going Ahead,,,,,driver,,Scarborough Centre (21),41 Division,Wexford/Maryvale,TRUE,TRUE,FALSE,FALSE,FALSE,FALSE,FALSE,FALSE,FALSE,FALSE,"{""coordinates"": [[-79.29021058784889, 43.7343040439629]], ""type"": ""MultiPoint""}"
5260,2013:1385120,2013-10-15T07:26:00,947 WARDEN Ave,,,3,Non-Fatal Injury,,No Control,Approaching Head On,Clear,Daylight,Dry,Major Arterial,FALSE,-79.29021059,43.73430404,3,Automobile or Station Wagon,North,3,49,Major,Other Safety Equipment Used,Driving properly,Normal,,,Going Ahead,,,,,driver,,Scarborough Centre (21),41 Division,Wexford/Maryvale,TRUE,TRUE,FALSE,FALSE,FALSE,FALSE,FALSE,FALSE,FALSE,FALSE,"{""coordinates"": [[-79.29021058784889, 43.7343040439629]], ""type"": ""MultiPoint""}"
5261,2024:4001738447,2024-08-09T11:30:00,LAWRENCE AVE E,DON MILLS RD,40 m West of,4,Non-Fatal Injury,Non-Intersection,No Control,SMV Other,Rain,Daylight,Wet,Major Arterial,FALSE,-79.34407248,43.73695661,,,,4,65,Major,Use Unknown,,,Crossing - no traffic control,Normal,,Driver hits pedestrian at midblock,,,,pedestrian,,Don Valley East (16),33 Division,Banbury-Don Mills,FALSE,FALSE,FALSE,FALSE,FALSE,TRUE,TRUE,FALSE,TRUE,FALSE,"{""coordinates"": [[-79.34407247720304, 43.73695661290796]], ""type"": ""MultiPoint""}"
5262,2013:3002013081,2013-10-23T17:04:00,COLLEGE ST,EUCLID AVE,,2,Non-Fatal Injury,At Intersection,Traffic Signal,Turning Movement,Clear,Daylight,Dry,Major Arterial,FALSE,-79.41136624,43.65564191,1,Automobile or Station Wagon,West,1,28,None,Lap and Shoulder Belt,Improper turn,Inattentive,,,Turning Left,,,,,driver,,University-Rosedale (11),14 Division,Trinity-Bellwoods,FALSE,TRUE,FALSE,TRUE,FALSE,FALSE,FALSE,FALSE,FALSE,FALSE,"{""coordinates"": [[-79.41136624076653, 43.65564190922726]], ""type"": ""MultiPoint""}"
5263,2013:3002013081,2013-10-23T17:04:00,COLLEGE ST,EUCLID AVE,,2,Non-Fatal Injury,At Intersection,Traffic Signal,Turning Movement,Clear,Daylight,Dry,Major Arterial,FALSE,-79.41136624,43.65564191,2,Motorcycle,East,2,44,Major,Helmet,Driving properly,Normal,,,Going Ahead,,,,,motorcyclist,,University-Rosedale (11),14 Division,Trinity-Bellwoods,FALSE,TRUE,FALSE,TRUE,FALSE,FALSE,FALSE,FALSE,FALSE,FALSE,"{""coordinates"": [[-79.41136624076653, 43.65564190922726]], ""type"": ""MultiPoint""}"
5264,2013:4002013081,2013-10-23T17:04:00,COLLEGE ST,EUCLID AV,,2,Non-Fatal Injury,Intersection-Related,No Control,Turning Movement,Clear,Daylight,Dry,Major Arterial,FALSE,-79.41138192,43.65570722,2,Motorcycle,East,2,44,Major,Helmet,Driving properly,Normal,,,Going Ahead,,,,,motorcyclist,,University-Rosedale (11),14 Division,Trinity-Bellwoods,FALSE,TRUE,FALSE,TRUE,FALSE,FALSE,FALSE,FALSE,FALSE,FALSE,"{""coordinates"": [[-79.41138192329232, 43.65570722243153]], ""type"": ""MultiPoint""}"
5265,2013:4002013081,2013-10-23T17:04:00,COLLEGE ST,EUCLID AV,,2,Non-Fatal Injury,Intersection-Related,No Control,Turning Movement,Clear,Daylight,Dry,Major Arterial,FALSE,-79.41138192,43.65570722,1,Automobile or Station Wagon,West,1,28,None,Lap and Shoulder Belt,Improper turn,Inattentive,,,Turning Left,,,,,driver,,University-Rosedale (11),14 Division,Trinity-Bellwoods,FALSE,TRUE,FALSE,TRUE,FALSE,FALSE,FALSE,FALSE,FALSE,FALSE,"{""coordinates"": [[-79.41138192329232, 43.65570722243153]], ""type"": ""MultiPoint""}"
5266,2013:1388126,2013-10-25T10:32:00,DANFORTH AVE,CHISHOLM AVE,,4,Non-Fatal Injury,,No Control,Turning Movement,Clear,Daylight,Dry,Major Arterial,FALSE,-79.30339467,43.68781406,4,Automobile or Station Wagon,East,4,61,None,Other Safety Equipment Used,Other,Unknown,,,Going Ahead,,,,,driver,,Beaches-East York (19),55 Division,East End-Danforth,FALSE,FALSE,FALSE,FALSE,FALSE,FALSE,FALSE,FALSE,FALSE,FALSE,"{""coordinates"": [[-79.30339467161885, 43.687814062613015]], ""type"": ""MultiPoint""}"
5267,2013:1388126,2013-10-25T10:32:00,DANFORTH AVE,CHISHOLM AVE,,4,Non-Fatal Injury,,No Control,Turning Movement,Clear,Daylight,Dry,Major Arterial,FALSE,-79.30339467,43.68781406,1,,,1,,,Other Safety Equipment Used,,,,,,,,,,other,,Beaches-East York (19),55 Division,East End-Danforth,FALSE,FALSE,FALSE,FALSE,FALSE,FALSE,FALSE,FALSE,FALSE,FALSE,"{""coordinates"": [[-79.30339467161885, 43.687814062613015]], ""type"": ""MultiPoint""}"
5268,2013:1388126,2013-10-25T10:32:00,DANFORTH AVE,CHISHOLM AVE,,4,Non-Fatal Injury,,No Control,Turning Movement,Clear,Daylight,Dry,Major Arterial,FALSE,-79.30339467,43.68781406,3,Automobile or Station Wagon,North,3,44,Major,Lap and Shoulder Belt,Driving properly,Unknown,,,Turning Left,,,,,driver,,Beaches-East York (19),55 Division,East End-Danforth,FALSE,FALSE,FALSE,FALSE,FALSE,FALSE,FALSE,FALSE,FALSE,FALSE,"{""coordinates"": [[-79.30339467161885, 43.687814062613015]], ""type"": ""MultiPoint""}"
5269,2013:1385904,2013-10-28T12:00:00,MORNINGSIDE AVE,401 C E MORNINGSIDE AVE S RAMP,,2,Non-Fatal Injury,,Traffic Signal,Rear End,Clear,Daylight,Dry,Major Arterial,TRUE,-79.19650639,43.79485495,2,Automobile or Station Wagon,North,2,,None,Other Safety Equipment Used,Other,Normal,,,Reversing,,,,,driver,,Scarborough-Guildwood (24),43 Division,Morningside,FALSE,FALSE,FALSE,FALSE,FALSE,FALSE,FALSE,FALSE,FALSE,FALSE,"{""coordinates"": [[-79.19650639290094, 43.794854949030395]], ""type"": ""MultiPoint""}"
5270,2013:1385904,2013-10-28T12:00:00,MORNINGSIDE AVE,401 C E MORNINGSIDE AVE S RAMP,,2,Non-Fatal Injury,,Traffic Signal,Rear End,Clear,Daylight,Dry,Major Arterial,TRUE,-79.19650639,43.79485495,1,Automobile or Station Wagon,North,1,58,Major,Lap and Shoulder Belt,Other,Normal,,,Stopped,,,,,driver,,Scarborough-Guildwood (24),43 Division,Morningside,FALSE,FALSE,FALSE,FALSE,FALSE,FALSE,FALSE,FALSE,FALSE,FALSE,"{""coordinates"": [[-79.19650639290094, 43.794854949030395]], ""type"": ""MultiPoint""}"
5271,2013:1383802,2013-10-29T11:30:00,DUNDAS ST W,ROYAL YORK RD,,2,Non-Fatal Injury,,No Control,SMV Other,Clear,Daylight,Dry,Major Arterial,FALSE,-79.51708611,43.65800237,1,Automobile or Station Wagon,West,2,80,Major,Other Safety Equipment Used,Lost control,Medical or Physical Disability,,,Going Ahead,,,,,driver,,Etobicoke-Lakeshore (3),22 Division,Kingsway South,FALSE,FALSE,FALSE,FALSE,FALSE,TRUE,FALSE,FALSE,FALSE,FALSE,"{""coordinates"": [[-79.51708611321297, 43.65800237223589]], ""type"": ""MultiPoint""}"