_id,collision_id,accdate,stname1,stname2,stname3,per_inv,acclass,accloc,traffictl,impactype,visible,light,rdsfcond,road_class,failtorem,longitude,latitude,veh_no,vehtype,initdir,per_no,invage,injury,safequip,drivact,drivcond,pedact,pedcond,manoeuvre,pedtype,cyclistype,cycact,cyccond,road_user,fatal_no,wardname,division,neighbourhood,aggressive,distracted,cyclist,motorcyclist,other_micromobility,older_adult,pedestrian,red_light,school_child,heavy_truck,geometry
5808,2015:5000009507,2015-01-02T18:30:00,BAYVIEW AVE,SHEPPARD AVE E,,6,Non-Fatal Injury,At Intersection,Traffic Signal,Turning Movement,Clear,Dark with Artificial Lighting,Dry,Major Arterial,FALSE,-79.38804272,43.76657617,2,Automobile or Station Wagon,North,2,45,Major,Lap and Shoulder Belt,Other,Normal,,,Going Ahead,,,,,driver,,Don Valley North (17),33 Division,Bayview Village,FALSE,FALSE,FALSE,FALSE,FALSE,FALSE,FALSE,FALSE,TRUE,FALSE,"{""coordinates"": [[-79.38804271525261, 43.766576165002064]], ""type"": ""MultiPoint""}"
5809,2015:5000009507,2015-01-02T18:30:00,BAYVIEW AVE,SHEPPARD AVE E,,6,Non-Fatal Injury,At Intersection,Traffic Signal,Turning Movement,Clear,Dark with Artificial Lighting,Dry,Major Arterial,FALSE,-79.38804272,43.76657617,1,,,3,5,None,Lap and Shoulder Belt,,,,,,,,,,passenger,,Don Valley North (17),33 Division,Bayview Village,FALSE,FALSE,FALSE,FALSE,FALSE,FALSE,FALSE,FALSE,TRUE,FALSE,"{""coordinates"": [[-79.38804271525261, 43.766576165002064]], ""type"": ""MultiPoint""}"
5810,2015:5000022438,2015-01-05T07:47:00,DUFFERIN ST,STEEPROCK DR,,3,Non-Fatal Injury,At Intersection,Traffic Signal,Turning Movement,Clear,Daylight,Dry,Major Arterial,FALSE,-79.46519885,43.76103026,1,Automobile or Station Wagon,North,1,47,Major,Equipment Not Used But Available,Improper turn,Normal,,,Turning Left,,,,,driver,,York Centre (6),32 Division,Bathurst Manor,TRUE,FALSE,FALSE,FALSE,FALSE,FALSE,FALSE,TRUE,FALSE,FALSE,"{""coordinates"": [[-79.46519884968505, 43.76103026041716]], ""type"": ""MultiPoint""}"
5811,2015:5000022438,2015-01-05T07:47:00,DUFFERIN ST,STEEPROCK DR,,3,Non-Fatal Injury,At Intersection,Traffic Signal,Turning Movement,Clear,Daylight,Dry,Major Arterial,FALSE,-79.46519885,43.76103026,2,Automobile or Station Wagon,South,2,48,Minor,Lap and Shoulder Belt,Disobeyed traffic control,Normal,,,Going Ahead,,,,,driver,,York Centre (6),32 Division,Bathurst Manor,TRUE,FALSE,FALSE,FALSE,FALSE,FALSE,FALSE,TRUE,FALSE,FALSE,"{""coordinates"": [[-79.46519884968505, 43.76103026041716]], ""type"": ""MultiPoint""}"
5812,2015:5000022438,2015-01-05T07:47:00,DUFFERIN ST,STEEPROCK DR,,3,Non-Fatal Injury,At Intersection,Traffic Signal,Turning Movement,Clear,Daylight,Dry,Major Arterial,FALSE,-79.46519885,43.76103026,3,Automobile or Station Wagon,South,3,49,None,Lap and Shoulder Belt,Driving properly,Normal,,,Stopped,,,,,driver,,York Centre (6),32 Division,Bathurst Manor,TRUE,FALSE,FALSE,FALSE,FALSE,FALSE,FALSE,TRUE,FALSE,FALSE,"{""coordinates"": [[-79.46519884968505, 43.76103026041716]], ""type"": ""MultiPoint""}"
5814,2015:5000131237,2015-01-23T03:52:00,KEELE ST,LAWRENCE AVE W,,5,Non-Fatal Injury,At Intersection,Traffic Signal,Turning Movement,Clear,Dark with Artificial Lighting,Dry,Major Arterial,FALSE,-79.47804696,43.7086503,2,,,3,57,Major,Lap and Shoulder Belt,,,,,,,,,,passenger,,York South-Weston (5),12 Division,Brookhaven-Amesbury,TRUE,TRUE,FALSE,FALSE,FALSE,TRUE,FALSE,TRUE,FALSE,FALSE,"{""coordinates"": [[-79.47804695832072, 43.70865029695737]], ""type"": ""MultiPoint""}"
5815,2015:5000131237,2015-01-23T03:52:00,KEELE ST,LAWRENCE AVE W,,5,Non-Fatal Injury,At Intersection,Traffic Signal,Turning Movement,Clear,Dark with Artificial Lighting,Dry,Major Arterial,FALSE,-79.47804696,43.7086503,2,,,5,67,Minimal,Lap and Shoulder Belt,,,,,,,,,,passenger,,York South-Weston (5),12 Division,Brookhaven-Amesbury,TRUE,TRUE,FALSE,FALSE,FALSE,TRUE,FALSE,TRUE,FALSE,FALSE,"{""coordinates"": [[-79.47804695832072, 43.70865029695737]], ""type"": ""MultiPoint""}"
5816,2015:5000131237,2015-01-23T03:52:00,KEELE ST,LAWRENCE AVE W,,5,Non-Fatal Injury,At Intersection,Traffic Signal,Turning Movement,Clear,Dark with Artificial Lighting,Dry,Major Arterial,FALSE,-79.47804696,43.7086503,1,Automobile or Station Wagon,South,1,24,None,Lap and Shoulder Belt,Disobeyed traffic control,Inattentive,,,Turning Left,,,,,driver,,York South-Weston (5),12 Division,Brookhaven-Amesbury,TRUE,TRUE,FALSE,FALSE,FALSE,TRUE,FALSE,TRUE,FALSE,FALSE,"{""coordinates"": [[-79.47804695832072, 43.70865029695737]], ""type"": ""MultiPoint""}"
5817,2015:5000131237,2015-01-23T03:52:00,KEELE ST,LAWRENCE AVE W,,5,Non-Fatal Injury,At Intersection,Traffic Signal,Turning Movement,Clear,Dark with Artificial Lighting,Dry,Major Arterial,FALSE,-79.47804696,43.7086503,2,Automobile or Station Wagon,North,2,37,Minimal,Lap and Shoulder Belt,Driving properly,Normal,,,Going Ahead,,,,,driver,,York South-Weston (5),12 Division,Brookhaven-Amesbury,TRUE,TRUE,FALSE,FALSE,FALSE,TRUE,FALSE,TRUE,FALSE,FALSE,"{""coordinates"": [[-79.47804695832072, 43.70865029695737]], ""type"": ""MultiPoint""}"
5818,2015:5000131237,2015-01-23T03:52:00,KEELE ST,LAWRENCE AVE W,,5,Non-Fatal Injury,At Intersection,Traffic Signal,Turning Movement,Clear,Dark with Artificial Lighting,Dry,Major Arterial,FALSE,-79.47804696,43.7086503,2,,,4,65,Minimal,Lap and Shoulder Belt,,,,,,,,,,passenger,,York South-Weston (5),12 Division,Brookhaven-Amesbury,TRUE,TRUE,FALSE,FALSE,FALSE,TRUE,FALSE,TRUE,FALSE,FALSE,"{""coordinates"": [[-79.47804695832072, 43.70865029695737]], ""type"": ""MultiPoint""}"
5819,2015:5000133972,2015-01-23T14:15:00,GLEBEMOUNT AVE,MORTIMER AVE,,4,Non-Fatal Injury,At Intersection,Traffic Signal,Angle,Clear,Daylight,Dry,Minor Arterial,FALSE,-79.3206217,43.69137309,1,Automobile or Station Wagon,North,1,56,None,Lap and Shoulder Belt,Failed to yield right-of-way,Inattentive,,,Going Ahead,,,,,driver,,Beaches-East York (19),55 Division,Danforth East York,TRUE,TRUE,FALSE,FALSE,FALSE,TRUE,FALSE,FALSE,FALSE,FALSE,"{""coordinates"": [[-79.32062169872724, 43.69137308636503]], ""type"": ""MultiPoint""}"
5820,2015:5000133972,2015-01-23T14:15:00,GLEBEMOUNT AVE,MORTIMER AVE,,4,Non-Fatal Injury,At Intersection,Traffic Signal,Angle,Clear,Daylight,Dry,Minor Arterial,FALSE,-79.3206217,43.69137309,1,,,3,88,Minor,Lap and Shoulder Belt,,,,,,,,,,passenger,,Beaches-East York (19),55 Division,Danforth East York,TRUE,TRUE,FALSE,FALSE,FALSE,TRUE,FALSE,FALSE,FALSE,FALSE,"{""coordinates"": [[-79.32062169872724, 43.69137308636503]], ""type"": ""MultiPoint""}"
5821,2015:5000133972,2015-01-23T14:15:00,GLEBEMOUNT AVE,MORTIMER AVE,,4,Non-Fatal Injury,At Intersection,Traffic Signal,Angle,Clear,Daylight,Dry,Minor Arterial,FALSE,-79.3206217,43.69137309,2,Automobile or Station Wagon,West,2,36,None,Lap and Shoulder Belt,Driving properly,Normal,,,Going Ahead,,,,,driver,,Beaches-East York (19),55 Division,Danforth East York,TRUE,TRUE,FALSE,FALSE,FALSE,TRUE,FALSE,FALSE,FALSE,FALSE,"{""coordinates"": [[-79.32062169872724, 43.69137308636503]], ""type"": ""MultiPoint""}"
5822,2015:5000133972,2015-01-23T14:15:00,GLEBEMOUNT AVE,MORTIMER AVE,,4,Non-Fatal Injury,At Intersection,Traffic Signal,Angle,Clear,Daylight,Dry,Minor Arterial,FALSE,-79.3206217,43.69137309,2,,,4,25,Major,Lap and Shoulder Belt,,,,,,,,,,passenger,,Beaches-East York (19),55 Division,Danforth East York,TRUE,TRUE,FALSE,FALSE,FALSE,TRUE,FALSE,FALSE,FALSE,FALSE,"{""coordinates"": [[-79.32062169872724, 43.69137308636503]], ""type"": ""MultiPoint""}"
5823,2015:5000177590,2015-01-30T19:20:00,DON VALLEY PARKWAY S,LAWRENCE AVE E,20 m North of,7,Non-Fatal Injury,Non-Intersection,No Control,Rear End,Clear,Dark with Artificial Lighting,Dry,,TRUE,-79.33224865,43.7402441,1,,,5,30,Major,Lap and Shoulder Belt,,,,,,,,,,passenger,,Don Valley East (16),33 Division,Banbury-Don Mills,TRUE,FALSE,FALSE,FALSE,FALSE,TRUE,FALSE,FALSE,TRUE,FALSE,"{""coordinates"": [[-79.33224865227757, 43.740244097429816]], ""type"": ""MultiPoint""}"
5824,2015:5000177590,2015-01-30T19:20:00,DON VALLEY PARKWAY S,LAWRENCE AVE E,20 m North of,7,Non-Fatal Injury,Non-Intersection,No Control,Rear End,Clear,Dark with Artificial Lighting,Dry,,TRUE,-79.33224865,43.7402441,3,,,7,65,Minimal,Lap and Shoulder Belt,,,,,,,,,,passenger,,Don Valley East (16),33 Division,Banbury-Don Mills,TRUE,FALSE,FALSE,FALSE,FALSE,TRUE,FALSE,FALSE,TRUE,FALSE,"{""coordinates"": [[-79.33224865227757, 43.740244097429816]], ""type"": ""MultiPoint""}"
5825,2015:5000177590,2015-01-30T19:20:00,DON VALLEY PARKWAY S,LAWRENCE AVE E,20 m North of,7,Non-Fatal Injury,Non-Intersection,No Control,Rear End,Clear,Dark with Artificial Lighting,Dry,,TRUE,-79.33224865,43.7402441,2,Automobile or Station Wagon,South,2,,None,Use Unknown,Driving properly,Normal,,,Going Ahead,,,,,driver,,Don Valley East (16),33 Division,Banbury-Don Mills,TRUE,FALSE,FALSE,FALSE,FALSE,TRUE,FALSE,FALSE,TRUE,FALSE,"{""coordinates"": [[-79.33224865227757, 43.740244097429816]], ""type"": ""MultiPoint""}"
5826,2015:5000177590,2015-01-30T19:20:00,DON VALLEY PARKWAY S,LAWRENCE AVE E,20 m North of,7,Non-Fatal Injury,Non-Intersection,No Control,Rear End,Clear,Dark with Artificial Lighting,Dry,,TRUE,-79.33224865,43.7402441,1,Automobile or Station Wagon,South,1,33,Minimal,Lap and Shoulder Belt,Following too closely,Normal,,,Going Ahead,,,,,driver,,Don Valley East (16),33 Division,Banbury-Don Mills,TRUE,FALSE,FALSE,FALSE,FALSE,TRUE,FALSE,FALSE,TRUE,FALSE,"{""coordinates"": [[-79.33224865227757, 43.740244097429816]], ""type"": ""MultiPoint""}"
5827,2015:5000177590,2015-01-30T19:20:00,DON VALLEY PARKWAY S,LAWRENCE AVE E,20 m North of,7,Non-Fatal Injury,Non-Intersection,No Control,Rear End,Clear,Dark with Artificial Lighting,Dry,,TRUE,-79.33224865,43.7402441,3,Automobile or Station Wagon,South,3,67,Minimal,Lap and Shoulder Belt,Driving properly,Normal,,,Slowing or Stopping,,,,,driver,,Don Valley East (16),33 Division,Banbury-Don Mills,TRUE,FALSE,FALSE,FALSE,FALSE,TRUE,FALSE,FALSE,TRUE,FALSE,"{""coordinates"": [[-79.33224865227757, 43.740244097429816]], ""type"": ""MultiPoint""}"
5828,2015:5000177590,2015-01-30T19:20:00,DON VALLEY PARKWAY S,LAWRENCE AVE E,20 m North of,7,Non-Fatal Injury,Non-Intersection,No Control,Rear End,Clear,Dark with Artificial Lighting,Dry,,TRUE,-79.33224865,43.7402441,4,Automobile or Station Wagon,South,4,34,Minimal,Lap and Shoulder Belt,Driving properly,Normal,,,Slowing or Stopping,,,,,driver,,Don Valley East (16),33 Division,Banbury-Don Mills,TRUE,FALSE,FALSE,FALSE,FALSE,TRUE,FALSE,FALSE,TRUE,FALSE,"{""coordinates"": [[-79.33224865227757, 43.740244097429816]], ""type"": ""MultiPoint""}"
5829,2015:5000177590,2015-01-30T19:20:00,DON VALLEY PARKWAY S,LAWRENCE AVE E,20 m North of,7,Non-Fatal Injury,Non-Intersection,No Control,Rear End,Clear,Dark with Artificial Lighting,Dry,,TRUE,-79.33224865,43.7402441,1,,,6,6,None,Child Safety Seat Used Correctly,,,,,,,,,,passenger,,Don Valley East (16),33 Division,Banbury-Don Mills,TRUE,FALSE,FALSE,FALSE,FALSE,TRUE,FALSE,FALSE,TRUE,FALSE,"{""coordinates"": [[-79.33224865227757, 43.740244097429816]], ""type"": ""MultiPoint""}"
5830,2015:5000207057,2015-02-04T18:38:00,273 MANNING AVE,,,1,Non-Fatal Injury,Non-Intersection,No Control,SMV Other,Snow,Dark with Artificial Lighting,Packed Snow,Local,FALSE,-79.41145693,43.65258622,1,Delivery Van,South,1,34,Major,Use Unknown,Lost control,Medical or Physical Disability,,,Other,,,,,driver,,University-Rosedale (11),14 Division,Trinity-Bellwoods,FALSE,FALSE,FALSE,FALSE,FALSE,FALSE,FALSE,FALSE,FALSE,TRUE,"{""coordinates"": [[-79.41145692843968, 43.65258622343906]], ""type"": ""MultiPoint""}"
5831,2015:5000220860,2015-02-06T22:31:00,TRANSIT RD,WILLIAM R ALLEN RD S,,2,Non-Fatal Injury,At Intersection,Traffic Signal,Turning Movement,Clear,Dark with Artificial Lighting,Dry,Major Arterial,FALSE,-79.45428086,43.74182725,2,Municipal Transit Bus (TTC),North,2,35,None,Lap and Shoulder Belt,Driving properly,Normal,,,Going Ahead,,,,,driver,,York Centre (6),32 Division,Clanton Park,TRUE,TRUE,FALSE,FALSE,FALSE,FALSE,FALSE,TRUE,FALSE,TRUE,"{""coordinates"": [[-79.4542808585915, 43.74182725212416]], ""type"": ""MultiPoint""}"
5832,2015:5000220860,2015-02-06T22:31:00,TRANSIT RD,WILLIAM R ALLEN RD S,,2,Non-Fatal Injury,At Intersection,Traffic Signal,Turning Movement,Clear,Dark with Artificial Lighting,Dry,Major Arterial,FALSE,-79.45428086,43.74182725,1,Automobile or Station Wagon,West,1,20,Major,Lap and Shoulder Belt,Disobeyed traffic control,Inattentive,,,Turning Left,,,,,driver,,York Centre (6),32 Division,Clanton Park,TRUE,TRUE,FALSE,FALSE,FALSE,FALSE,FALSE,TRUE,FALSE,TRUE,"{""coordinates"": [[-79.4542808585915, 43.74182725212416]], ""type"": ""MultiPoint""}"
5833,2015:5000221204,2015-02-07T00:07:00,TANGIERS RD,FINCH AVE W,,2,Non-Fatal Injury,Non-Intersection,No Control,Other,Clear,Dark with Artificial Lighting,Wet,Major Arterial,FALSE,-79.49081089,43.76265929,1,Municipal Transit Bus (TTC),North,1,45,None,Lap Belt Only,Driving properly,Normal,,,Going Ahead,,,,,driver,,York Centre (6),31 Division,York University Heights,FALSE,FALSE,FALSE,FALSE,FALSE,FALSE,FALSE,FALSE,FALSE,TRUE,"{""coordinates"": [[-79.4908108903187, 43.76265929156811]], ""type"": ""MultiPoint""}"
5834,2015:5000221204,2015-02-07T00:07:00,TANGIERS RD,FINCH AVE W,,2,Non-Fatal Injury,Non-Intersection,No Control,Other,Clear,Dark with Artificial Lighting,Wet,Major Arterial,FALSE,-79.49081089,43.76265929,1,,,2,60,Major,No Equipment Available,,,,,,,,,,passenger,,York Centre (6),31 Division,York University Heights,FALSE,FALSE,FALSE,FALSE,FALSE,FALSE,FALSE,FALSE,FALSE,TRUE,"{""coordinates"": [[-79.4908108903187, 43.76265929156811]], ""type"": ""MultiPoint""}"
5837,2015:5000264661,2015-02-14T09:03:00,MCNICOLL AVE,BRAMBLEBROOK AVE,120 m West of,2,Non-Fatal Injury,Non-Intersection,No Control,Approaching Head On,Snow,Daylight,Wet,Minor Arterial,FALSE,-79.28829551,43.81402005,1,Passenger Van,East,1,56,Major,Air Bag Deployed,Lost control,Normal,,,Going Ahead,,,,,driver,,Scarborough North (23),42 Division,Milliken,FALSE,FALSE,FALSE,FALSE,FALSE,FALSE,FALSE,FALSE,FALSE,FALSE,"{""coordinates"": [[-79.28829550859511, 43.81402004763709]], ""type"": ""MultiPoint""}"
5838,2015:5000264661,2015-02-14T09:03:00,MCNICOLL AVE,BRAMBLEBROOK AVE,120 m West of,2,Non-Fatal Injury,Non-Intersection,No Control,Approaching Head On,Snow,Daylight,Wet,Minor Arterial,FALSE,-79.28829551,43.81402005,2,Automobile or Station Wagon,West,2,59,Minor,Air Bag Deployed,Driving properly,Normal,,,Going Ahead,,,,,driver,,Scarborough North (23),42 Division,Milliken,FALSE,FALSE,FALSE,FALSE,FALSE,FALSE,FALSE,FALSE,FALSE,FALSE,"{""coordinates"": [[-79.28829550859511, 43.81402004763709]], ""type"": ""MultiPoint""}"
5839,2015:5000325366,2015-02-24T16:02:00,SANDHURST CRCL,EXCHEQUER PL,,4,Non-Fatal Injury,Non-Intersection,No Control,Approaching Head On,Clear,Daylight,Dry,Collector,FALSE,-79.26257647,43.80783602,1,Automobile or Station Wagon,South,1,72,Major,Lap and Shoulder Belt,Other,Other Condition,,,Going Ahead,,,,,driver,,Scarborough North (23),42 Division,Agincourt North,FALSE,FALSE,FALSE,FALSE,FALSE,TRUE,FALSE,FALSE,TRUE,FALSE,"{""coordinates"": [[-79.26257647339463, 43.80783601737278]], ""type"": ""MultiPoint""}"
5840,2015:5000325366,2015-02-24T16:02:00,SANDHURST CRCL,EXCHEQUER PL,,4,Non-Fatal Injury,Non-Intersection,No Control,Approaching Head On,Clear,Daylight,Dry,Collector,FALSE,-79.26257647,43.80783602,2,Automobile or Station Wagon,North,2,52,None,Lap and Shoulder Belt,Driving properly,Normal,,,Going Ahead,,,,,driver,,Scarborough North (23),42 Division,Agincourt North,FALSE,FALSE,FALSE,FALSE,FALSE,TRUE,FALSE,FALSE,TRUE,FALSE,"{""coordinates"": [[-79.26257647339463, 43.80783601737278]], ""type"": ""MultiPoint""}"
5841,2015:5000325366,2015-02-24T16:02:00,SANDHURST CRCL,EXCHEQUER PL,,4,Non-Fatal Injury,Non-Intersection,No Control,Approaching Head On,Clear,Daylight,Dry,Collector,FALSE,-79.26257647,43.80783602,2,,,4,10,None,Lap and Shoulder Belt,,,,,,,,,,passenger,,Scarborough North (23),42 Division,Agincourt North,FALSE,FALSE,FALSE,FALSE,FALSE,TRUE,FALSE,FALSE,TRUE,FALSE,"{""coordinates"": [[-79.26257647339463, 43.80783601737278]], ""type"": ""MultiPoint""}"
5842,2015:5000325366,2015-02-24T16:02:00,SANDHURST CRCL,EXCHEQUER PL,,4,Non-Fatal Injury,Non-Intersection,No Control,Approaching Head On,Clear,Daylight,Dry,Collector,FALSE,-79.26257647,43.80783602,2,,,3,8,None,Lap and Shoulder Belt,,,,,,,,,,passenger,,Scarborough North (23),42 Division,Agincourt North,FALSE,FALSE,FALSE,FALSE,FALSE,TRUE,FALSE,FALSE,TRUE,FALSE,"{""coordinates"": [[-79.26257647339463, 43.80783601737278]], ""type"": ""MultiPoint""}"
5843,2023:4000062087,2023-06-28T23:15:00,WOLFE AVE,COMMONWEALTH AVE,5 m West of,2,Non-Fatal Injury,Intersection-Related,Traffic Signal,Same Direction,Clear,Dark with Artificial Lighting,Dry,Local,TRUE,-79.25365053,43.727427,2,Motorcycle,East,2,63,Major,Helmet,Driving properly,Normal,,,Slowing or Stopping,,,,,motorcyclist,,Scarborough Southwest (20),41 Division,Kennedy Park,TRUE,TRUE,FALSE,TRUE,FALSE,FALSE,FALSE,FALSE,FALSE,FALSE,"{""coordinates"": [[-79.25365053273731, 43.72742699638381]], ""type"": ""MultiPoint""}"
5844,2015:5000415270,2015-03-11T12:40:00,3157 BAYVIEW AVE,,10 m South of,4,Non-Fatal Injury,Intersection-Related,No Control,Rear End,Clear,Daylight,Dry,Major Arterial,FALSE,-79.3916437,43.78280017,2,Automobile or Station Wagon,North,2,75,None,Lap and Shoulder Belt,Driving properly,Normal,,,Slowing or Stopping,,,,,driver,,Don Valley North (17),33 Division,Bayview Village,TRUE,FALSE,FALSE,FALSE,FALSE,TRUE,FALSE,FALSE,FALSE,FALSE,"{""coordinates"": [[-79.39164370390243, 43.782800168169636]], ""type"": ""MultiPoint""}"
5845,2015:5000415270,2015-03-11T12:40:00,3157 BAYVIEW AVE,,10 m South of,4,Non-Fatal Injury,Intersection-Related,No Control,Rear End,Clear,Daylight,Dry,Major Arterial,FALSE,-79.3916437,43.78280017,4,Automobile or Station Wagon,North,4,21,Major,Lap and Shoulder Belt,Driving properly,Normal,,,Slowing or Stopping,,,,,driver,,Don Valley North (17),33 Division,Bayview Village,TRUE,FALSE,FALSE,FALSE,FALSE,TRUE,FALSE,FALSE,FALSE,FALSE,"{""coordinates"": [[-79.39164370390243, 43.782800168169636]], ""type"": ""MultiPoint""}"
5846,2015:5000415270,2015-03-11T12:40:00,3157 BAYVIEW AVE,,10 m South of,4,Non-Fatal Injury,Intersection-Related,No Control,Rear End,Clear,Daylight,Dry,Major Arterial,FALSE,-79.3916437,43.78280017,1,Automobile or Station Wagon,North,1,67,None,Lap and Shoulder Belt,Following too closely,Normal,,,Going Ahead,,,,,driver,,Don Valley North (17),33 Division,Bayview Village,TRUE,FALSE,FALSE,FALSE,FALSE,TRUE,FALSE,FALSE,FALSE,FALSE,"{""coordinates"": [[-79.39164370390243, 43.782800168169636]], ""type"": ""MultiPoint""}"
5847,2015:5000415270,2015-03-11T12:40:00,3157 BAYVIEW AVE,,10 m South of,4,Non-Fatal Injury,Intersection-Related,No Control,Rear End,Clear,Daylight,Dry,Major Arterial,FALSE,-79.3916437,43.78280017,3,Pickup Truck,North,3,38,None,Lap and Shoulder Belt,Driving properly,Normal,,,Slowing or Stopping,,,,,driver,,Don Valley North (17),33 Division,Bayview Village,TRUE,FALSE,FALSE,FALSE,FALSE,TRUE,FALSE,FALSE,FALSE,FALSE,"{""coordinates"": [[-79.39164370390243, 43.782800168169636]], ""type"": ""MultiPoint""}"
5848,2015:5000415624,2015-03-11T13:31:00,DON VALLEY PARKWAY S,YORK MILLS RD,545 m North of,2,Non-Fatal Injury,Non-Intersection,No Control,Rear End,Clear,Daylight,Dry,,FALSE,-79.33673463,43.7617431,2,Automobile or Station Wagon,South,2,60,None,Lap and Shoulder Belt,Driving properly,Normal,,,Going Ahead,,,,,driver,,Don Valley East (16),33 Division,Parkwoods-O'Connor Hills,TRUE,FALSE,FALSE,TRUE,FALSE,FALSE,FALSE,FALSE,FALSE,FALSE,"{""coordinates"": [[-79.33673463496012, 43.761743102209984]], ""type"": ""MultiPoint""}"
5849,2015:5000415624,2015-03-11T13:31:00,DON VALLEY PARKWAY S,YORK MILLS RD,545 m North of,2,Non-Fatal Injury,Non-Intersection,No Control,Rear End,Clear,Daylight,Dry,,FALSE,-79.33673463,43.7617431,1,Motorcycle,South,1,49,Major,Helmet,Following too closely,Other Condition,,,Slowing or Stopping,,,,,motorcyclist,,Don Valley East (16),33 Division,Parkwoods-O'Connor Hills,TRUE,FALSE,FALSE,TRUE,FALSE,FALSE,FALSE,FALSE,FALSE,FALSE,"{""coordinates"": [[-79.33673463496012, 43.761743102209984]], ""type"": ""MultiPoint""}"
5850,2015:5000422593,2015-03-12T15:15:00,1570 LAWRENCE AVE W,,5 m East of,2,Non-Fatal Injury,Non-Intersection,No Control,Other,Clear,Daylight,Dry,Major Arterial,FALSE,-79.48762898,43.70629331,1,Municipal Transit Bus (TTC),West,1,49,None,Lap and Shoulder Belt,Driving properly,Normal,,,Going Ahead,,,,,driver,,York South-Weston (5),12 Division,Brookhaven-Amesbury,FALSE,FALSE,FALSE,FALSE,FALSE,TRUE,FALSE,FALSE,FALSE,TRUE,"{""coordinates"": [[-79.48762897981042, 43.70629331095083]], ""type"": ""MultiPoint""}"
5851,2015:5000422593,2015-03-12T15:15:00,1570 LAWRENCE AVE W,,5 m East of,2,Non-Fatal Injury,Non-Intersection,No Control,Other,Clear,Daylight,Dry,Major Arterial,FALSE,-79.48762898,43.70629331,1,,,2,92,Major,No Equipment Available,,,,,,,,,,passenger,,York South-Weston (5),12 Division,Brookhaven-Amesbury,FALSE,FALSE,FALSE,FALSE,FALSE,TRUE,FALSE,FALSE,FALSE,TRUE,"{""coordinates"": [[-79.48762897981042, 43.70629331095083]], ""type"": ""MultiPoint""}"
5852,2015:5000439931,2015-03-15T14:45:00,BLOOR ST W,PARKSIDE DR,,3,Non-Fatal Injury,At Intersection,Traffic Signal,Turning Movement,Clear,Daylight,Dry,Major Arterial,FALSE,-79.46003402,43.65469529,1,Automobile or Station Wagon,North,1,52,None,Lap and Shoulder Belt,Failed to yield right-of-way,Inattentive,,,Turning Left,,,,,driver,,Parkdale-High Park (4),11 Division,High Park-Swansea,TRUE,TRUE,FALSE,FALSE,FALSE,FALSE,FALSE,FALSE,FALSE,FALSE,"{""coordinates"": [[-79.46003401946194, 43.65469529431515]], ""type"": ""MultiPoint""}"
5853,2015:5000439931,2015-03-15T14:45:00,BLOOR ST W,PARKSIDE DR,,3,Non-Fatal Injury,At Intersection,Traffic Signal,Turning Movement,Clear,Daylight,Dry,Major Arterial,FALSE,-79.46003402,43.65469529,3,Automobile or Station Wagon,Unknown,3,45,None,Lap and Shoulder Belt,Driving properly,Normal,,,Turning Right,,,,,driver,,Parkdale-High Park (4),11 Division,High Park-Swansea,TRUE,TRUE,FALSE,FALSE,FALSE,FALSE,FALSE,FALSE,FALSE,FALSE,"{""coordinates"": [[-79.46003401946194, 43.65469529431515]], ""type"": ""MultiPoint""}"
5854,2015:5000439931,2015-03-15T14:45:00,BLOOR ST W,PARKSIDE DR,,3,Non-Fatal Injury,At Intersection,Traffic Signal,Turning Movement,Clear,Daylight,Dry,Major Arterial,FALSE,-79.46003402,43.65469529,2,Automobile or Station Wagon,South,2,54,Major,Lap and Shoulder Belt,Driving properly,Normal,,,Going Ahead,,,,,driver,,Parkdale-High Park (4),11 Division,High Park-Swansea,TRUE,TRUE,FALSE,FALSE,FALSE,FALSE,FALSE,FALSE,FALSE,FALSE,"{""coordinates"": [[-79.46003401946194, 43.65469529431515]], ""type"": ""MultiPoint""}"
5855,2015:5000452654,2015-03-17T17:37:00,BATHURST ST,CARPENTER RD,185 m South of,4,Non-Fatal Injury,Non-Intersection,No Control,Approaching Head On,Clear,Daylight,Dry,Major Arterial,FALSE,-79.44622478,43.78949523,3,,,4,19,None,Lap and Shoulder Belt,,,,,,,,,,passenger,,Willowdale (18),32 Division,Newtonbrook West,FALSE,TRUE,FALSE,FALSE,FALSE,FALSE,FALSE,FALSE,TRUE,FALSE,"{""coordinates"": [[-79.44622478480366, 43.7894952322937]], ""type"": ""MultiPoint""}"
5856,2015:5000452654,2015-03-17T17:37:00,BATHURST ST,CARPENTER RD,185 m South of,4,Non-Fatal Injury,Non-Intersection,No Control,Approaching Head On,Clear,Daylight,Dry,Major Arterial,FALSE,-79.44622478,43.78949523,1,,,3,4,Minimal,Lap and Shoulder Belt,,,,,,,,,,passenger,,Willowdale (18),32 Division,Newtonbrook West,FALSE,TRUE,FALSE,FALSE,FALSE,FALSE,FALSE,FALSE,TRUE,FALSE,"{""coordinates"": [[-79.44622478480366, 43.7894952322937]], ""type"": ""MultiPoint""}"
5857,2015:5000452654,2015-03-17T17:37:00,BATHURST ST,CARPENTER RD,185 m South of,4,Non-Fatal Injury,Non-Intersection,No Control,Approaching Head On,Clear,Daylight,Dry,Major Arterial,FALSE,-79.44622478,43.78949523,1,Automobile or Station Wagon,South,1,35,Major,Lap and Shoulder Belt,Lost control,Inattentive,,,Going Ahead,,,,,driver,,Willowdale (18),32 Division,Newtonbrook West,FALSE,TRUE,FALSE,FALSE,FALSE,FALSE,FALSE,FALSE,TRUE,FALSE,"{""coordinates"": [[-79.44622478480366, 43.7894952322937]], ""type"": ""MultiPoint""}"