_id,collision_id,accdate,stname1,stname2,stname3,per_inv,acclass,accloc,traffictl,impactype,visible,light,rdsfcond,road_class,failtorem,longitude,latitude,veh_no,vehtype,initdir,per_no,invage,injury,safequip,drivact,drivcond,pedact,pedcond,manoeuvre,pedtype,cyclistype,cycact,cyccond,road_user,fatal_no,wardname,division,neighbourhood,aggressive,distracted,cyclist,motorcyclist,other_micromobility,older_adult,pedestrian,red_light,school_child,heavy_truck,geometry
5858,2015:5000452654,2015-03-17T17:37:00,BATHURST ST,CARPENTER RD,185 m South of,4,Non-Fatal Injury,Non-Intersection,No Control,Approaching Head On,Clear,Daylight,Dry,Major Arterial,FALSE,-79.44622478,43.78949523,2,Automobile or Station Wagon,North,2,45,None,Lap and Shoulder Belt,Driving properly,Normal,,,Going Ahead,,,,,driver,,Willowdale (18),32 Division,Newtonbrook West,FALSE,TRUE,FALSE,FALSE,FALSE,FALSE,FALSE,FALSE,TRUE,FALSE,"{""coordinates"": [[-79.44622478480366, 43.7894952322937]], ""type"": ""MultiPoint""}"
5859,2015:5000513349,2015-03-27T19:50:00,EGLINTON AVE E,PHARMACY AVE,,2,Non-Fatal Injury,Non-Intersection,No Control,Other,Clear,Dark with Artificial Lighting,Dry,Major Arterial,FALSE,-79.29750461,43.72564105,1,,,2,53,Major,Use Unknown,,,,,,,,,,passenger,,Scarborough Southwest (20),41 Division,Clairlea-Birchmount,FALSE,FALSE,FALSE,FALSE,FALSE,FALSE,FALSE,FALSE,FALSE,TRUE,"{""coordinates"": [[-79.2975046116846, 43.72564105354265]], ""type"": ""MultiPoint""}"
5860,2015:5000513349,2015-03-27T19:50:00,EGLINTON AVE E,PHARMACY AVE,,2,Non-Fatal Injury,Non-Intersection,No Control,Other,Clear,Dark with Artificial Lighting,Dry,Major Arterial,FALSE,-79.29750461,43.72564105,1,Municipal Transit Bus (TTC),East,1,55,None,Use Unknown,Driving properly,Normal,,,Slowing or Stopping,,,,,driver,,Scarborough Southwest (20),41 Division,Clairlea-Birchmount,FALSE,FALSE,FALSE,FALSE,FALSE,FALSE,FALSE,FALSE,FALSE,TRUE,"{""coordinates"": [[-79.2975046116846, 43.72564105354265]], ""type"": ""MultiPoint""}"
5861,2015:5000516977,2015-03-28T12:38:00,JANE ST,MAPLE LEAF DR,50 m South of,2,Non-Fatal Injury,Non-Intersection,No Control,Sideswipe,Clear,Daylight,Dry,Major Arterial,FALSE,-79.505436,43.70879533,2,Truck - Tractor,North,2,35,None,Lap and Shoulder Belt,Driving properly,Normal,,,Going Ahead,,,,,driver,,York South-Weston (5),12 Division,Rustic,FALSE,FALSE,FALSE,TRUE,FALSE,FALSE,FALSE,FALSE,FALSE,TRUE,"{""coordinates"": [[-79.50543600444408, 43.708795332710864]], ""type"": ""MultiPoint""}"
5862,2015:5000516977,2015-03-28T12:38:00,JANE ST,MAPLE LEAF DR,50 m South of,2,Non-Fatal Injury,Non-Intersection,No Control,Sideswipe,Clear,Daylight,Dry,Major Arterial,FALSE,-79.505436,43.70879533,1,Motorcycle,North,1,24,Major,Helmet,Lost control,Normal,,,Going Ahead,,,,,motorcyclist,,York South-Weston (5),12 Division,Rustic,FALSE,FALSE,FALSE,TRUE,FALSE,FALSE,FALSE,FALSE,FALSE,TRUE,"{""coordinates"": [[-79.50543600444408, 43.708795332710864]], ""type"": ""MultiPoint""}"
5863,2015:5000526787,2015-03-30T08:15:00,WARDEN AVE,MCNICOLL AVE,,1,Non-Fatal Injury,Non-Intersection,No Control,SMV Other,Clear,Daylight,Wet,Major Arterial,FALSE,-79.32071257,43.80569208,1,Automobile or Station Wagon,South,1,39,Major,Lap and Shoulder Belt,Lost control,Unknown,,,Going Ahead,,,,,driver,,Scarborough-Agincourt (22),42 Division,Steeles,FALSE,FALSE,FALSE,FALSE,FALSE,FALSE,FALSE,FALSE,FALSE,FALSE,"{""coordinates"": [[-79.3207125671938, 43.80569208434839]], ""type"": ""MultiPoint""}"
5864,2015:5000528249,2015-03-30T12:35:00,70 BEAUMONDE HEIGHTS DR,,2 m North of,1,Non-Fatal Injury,Non-Intersection,No Control,SMV Other,Clear,Daylight,Dry,Local,FALSE,-79.56901202,43.74328839,1,Delivery Van,North,1,65,Major,Lap and Shoulder Belt,Lost control,Normal,,,Going Ahead,,,,,driver,,Etobicoke North (1),23 Division,Thistletown-Beaumond Heights,FALSE,FALSE,FALSE,FALSE,FALSE,TRUE,FALSE,FALSE,FALSE,TRUE,"{""coordinates"": [[-79.56901202066794, 43.743288386262826]], ""type"": ""MultiPoint""}"
5865,2015:5000542079,2015-04-01T16:15:00,ISLINGTON AVE,AYLESBURY RD,6 m South of,3,Non-Fatal Injury,Intersection-Related,No Control,Rear End,Clear,Daylight,Dry,Major Arterial,FALSE,-79.53294812,43.66638339,1,Automobile or Station Wagon,North,1,16,Minor,Lap and Shoulder Belt,Lost control,Normal,,,Going Ahead,,,,,driver,,Etobicoke Centre (2),22 Division,Edenbridge-Humber Valley,FALSE,FALSE,FALSE,FALSE,FALSE,FALSE,FALSE,FALSE,TRUE,FALSE,"{""coordinates"": [[-79.53294811822904, 43.666383387031054]], ""type"": ""MultiPoint""}"
5866,2015:5000542079,2015-04-01T16:15:00,ISLINGTON AVE,AYLESBURY RD,6 m South of,3,Non-Fatal Injury,Intersection-Related,No Control,Rear End,Clear,Daylight,Dry,Major Arterial,FALSE,-79.53294812,43.66638339,1,,,3,48,Major,Lap and Shoulder Belt,,,,,,,,,,passenger,,Etobicoke Centre (2),22 Division,Edenbridge-Humber Valley,FALSE,FALSE,FALSE,FALSE,FALSE,FALSE,FALSE,FALSE,TRUE,FALSE,"{""coordinates"": [[-79.53294811822904, 43.666383387031054]], ""type"": ""MultiPoint""}"
5867,2015:5000542079,2015-04-01T16:15:00,ISLINGTON AVE,AYLESBURY RD,6 m South of,3,Non-Fatal Injury,Intersection-Related,No Control,Rear End,Clear,Daylight,Dry,Major Arterial,FALSE,-79.53294812,43.66638339,2,Automobile or Station Wagon,North,2,38,Minimal,Lap and Shoulder Belt,Driving properly,Normal,,,Stopped,,,,,driver,,Etobicoke Centre (2),22 Division,Edenbridge-Humber Valley,FALSE,FALSE,FALSE,FALSE,FALSE,FALSE,FALSE,FALSE,TRUE,FALSE,"{""coordinates"": [[-79.53294811822904, 43.666383387031054]], ""type"": ""MultiPoint""}"
5869,2015:5000552062,2015-04-03T09:50:00,VICTORIA PARK AVE,COMBERMERE DR,12 m South of,13,Non-Fatal Injury,Intersection-Related,No Control,Rear End,Clear,Daylight,Dry,Major Arterial,FALSE,-79.3145786,43.75599107,1,,,13,67,Major,Lap and Shoulder Belt,,,,,,,,,,passenger,,Scarborough Centre (21),41 Division,Wexford/Maryvale,TRUE,TRUE,FALSE,FALSE,FALSE,TRUE,FALSE,FALSE,TRUE,FALSE,"{""coordinates"": [[-79.31457860338737, 43.75599107464742]], ""type"": ""MultiPoint""}"
5870,2015:5000552062,2015-04-03T09:50:00,VICTORIA PARK AVE,COMBERMERE DR,12 m South of,13,Non-Fatal Injury,Intersection-Related,No Control,Rear End,Clear,Daylight,Dry,Major Arterial,FALSE,-79.3145786,43.75599107,3,,,11,65,None,Lap and Shoulder Belt,,,,,,,,,,passenger,,Scarborough Centre (21),41 Division,Wexford/Maryvale,TRUE,TRUE,FALSE,FALSE,FALSE,TRUE,FALSE,FALSE,TRUE,FALSE,"{""coordinates"": [[-79.31457860338737, 43.75599107464742]], ""type"": ""MultiPoint""}"
5871,2015:5000552062,2015-04-03T09:50:00,VICTORIA PARK AVE,COMBERMERE DR,12 m South of,13,Non-Fatal Injury,Intersection-Related,No Control,Rear End,Clear,Daylight,Dry,Major Arterial,FALSE,-79.3145786,43.75599107,2,Automobile or Station Wagon,South,5,53,Minimal,Lap and Shoulder Belt,Driving properly,Normal,,,Slowing or Stopping,,,,,driver,,Scarborough Centre (21),41 Division,Wexford/Maryvale,TRUE,TRUE,FALSE,FALSE,FALSE,TRUE,FALSE,FALSE,TRUE,FALSE,"{""coordinates"": [[-79.31457860338737, 43.75599107464742]], ""type"": ""MultiPoint""}"
5872,2015:5000552062,2015-04-03T09:50:00,VICTORIA PARK AVE,COMBERMERE DR,12 m South of,13,Non-Fatal Injury,Intersection-Related,No Control,Rear End,Clear,Daylight,Dry,Major Arterial,FALSE,-79.3145786,43.75599107,3,,,1,71,None,Lap and Shoulder Belt,,,,,,,,,,passenger,,Scarborough Centre (21),41 Division,Wexford/Maryvale,TRUE,TRUE,FALSE,FALSE,FALSE,TRUE,FALSE,FALSE,TRUE,FALSE,"{""coordinates"": [[-79.31457860338737, 43.75599107464742]], ""type"": ""MultiPoint""}"
5873,2015:5000552062,2015-04-03T09:50:00,VICTORIA PARK AVE,COMBERMERE DR,12 m South of,13,Non-Fatal Injury,Intersection-Related,No Control,Rear End,Clear,Daylight,Dry,Major Arterial,FALSE,-79.3145786,43.75599107,3,Automobile or Station Wagon,South,6,48,None,Lap and Shoulder Belt,Driving properly,Normal,,,Stopped,,,,,driver,,Scarborough Centre (21),41 Division,Wexford/Maryvale,TRUE,TRUE,FALSE,FALSE,FALSE,TRUE,FALSE,FALSE,TRUE,FALSE,"{""coordinates"": [[-79.31457860338737, 43.75599107464742]], ""type"": ""MultiPoint""}"
5874,2015:5000552062,2015-04-03T09:50:00,VICTORIA PARK AVE,COMBERMERE DR,12 m South of,13,Non-Fatal Injury,Intersection-Related,No Control,Rear End,Clear,Daylight,Dry,Major Arterial,FALSE,-79.3145786,43.75599107,4,,,7,36,None,Lap and Shoulder Belt,,,,,,,,,,passenger,,Scarborough Centre (21),41 Division,Wexford/Maryvale,TRUE,TRUE,FALSE,FALSE,FALSE,TRUE,FALSE,FALSE,TRUE,FALSE,"{""coordinates"": [[-79.31457860338737, 43.75599107464742]], ""type"": ""MultiPoint""}"
5875,2015:5000552062,2015-04-03T09:50:00,VICTORIA PARK AVE,COMBERMERE DR,12 m South of,13,Non-Fatal Injury,Intersection-Related,No Control,Rear End,Clear,Daylight,Dry,Major Arterial,FALSE,-79.3145786,43.75599107,3,,,2,13,None,Lap and Shoulder Belt,,,,,,,,,,passenger,,Scarborough Centre (21),41 Division,Wexford/Maryvale,TRUE,TRUE,FALSE,FALSE,FALSE,TRUE,FALSE,FALSE,TRUE,FALSE,"{""coordinates"": [[-79.31457860338737, 43.75599107464742]], ""type"": ""MultiPoint""}"
5876,2015:5000552062,2015-04-03T09:50:00,VICTORIA PARK AVE,COMBERMERE DR,12 m South of,13,Non-Fatal Injury,Intersection-Related,No Control,Rear End,Clear,Daylight,Dry,Major Arterial,FALSE,-79.3145786,43.75599107,3,,,3,15,None,Lap and Shoulder Belt,,,,,,,,,,passenger,,Scarborough Centre (21),41 Division,Wexford/Maryvale,TRUE,TRUE,FALSE,FALSE,FALSE,TRUE,FALSE,FALSE,TRUE,FALSE,"{""coordinates"": [[-79.31457860338737, 43.75599107464742]], ""type"": ""MultiPoint""}"
5877,2015:5000552062,2015-04-03T09:50:00,VICTORIA PARK AVE,COMBERMERE DR,12 m South of,13,Non-Fatal Injury,Intersection-Related,No Control,Rear End,Clear,Daylight,Dry,Major Arterial,FALSE,-79.3145786,43.75599107,3,,,10,42,None,Lap and Shoulder Belt,,,,,,,,,,passenger,,Scarborough Centre (21),41 Division,Wexford/Maryvale,TRUE,TRUE,FALSE,FALSE,FALSE,TRUE,FALSE,FALSE,TRUE,FALSE,"{""coordinates"": [[-79.31457860338737, 43.75599107464742]], ""type"": ""MultiPoint""}"
5878,2015:5000552062,2015-04-03T09:50:00,VICTORIA PARK AVE,COMBERMERE DR,12 m South of,13,Non-Fatal Injury,Intersection-Related,No Control,Rear End,Clear,Daylight,Dry,Major Arterial,FALSE,-79.3145786,43.75599107,4,,,8,8,None,Lap and Shoulder Belt,,,,,,,,,,passenger,,Scarborough Centre (21),41 Division,Wexford/Maryvale,TRUE,TRUE,FALSE,FALSE,FALSE,TRUE,FALSE,FALSE,TRUE,FALSE,"{""coordinates"": [[-79.31457860338737, 43.75599107464742]], ""type"": ""MultiPoint""}"
5879,2015:5000552062,2015-04-03T09:50:00,VICTORIA PARK AVE,COMBERMERE DR,12 m South of,13,Non-Fatal Injury,Intersection-Related,No Control,Rear End,Clear,Daylight,Dry,Major Arterial,FALSE,-79.3145786,43.75599107,1,Automobile or Station Wagon,South,4,65,None,Lap and Shoulder Belt,Following too closely,Inattentive,,,Going Ahead,,,,,driver,,Scarborough Centre (21),41 Division,Wexford/Maryvale,TRUE,TRUE,FALSE,FALSE,FALSE,TRUE,FALSE,FALSE,TRUE,FALSE,"{""coordinates"": [[-79.31457860338737, 43.75599107464742]], ""type"": ""MultiPoint""}"
5880,2015:5000552062,2015-04-03T09:50:00,VICTORIA PARK AVE,COMBERMERE DR,12 m South of,13,Non-Fatal Injury,Intersection-Related,No Control,Rear End,Clear,Daylight,Dry,Major Arterial,FALSE,-79.3145786,43.75599107,4,,,9,10,None,Lap and Shoulder Belt,,,,,,,,,,passenger,,Scarborough Centre (21),41 Division,Wexford/Maryvale,TRUE,TRUE,FALSE,FALSE,FALSE,TRUE,FALSE,FALSE,TRUE,FALSE,"{""coordinates"": [[-79.31457860338737, 43.75599107464742]], ""type"": ""MultiPoint""}"
5881,2015:5000552062,2015-04-03T09:50:00,VICTORIA PARK AVE,COMBERMERE DR,12 m South of,13,Non-Fatal Injury,Intersection-Related,No Control,Rear End,Clear,Daylight,Dry,Major Arterial,FALSE,-79.3145786,43.75599107,4,Automobile or Station Wagon,South,12,38,None,Lap and Shoulder Belt,Driving properly,Normal,,,Stopped,,,,,driver,,Scarborough Centre (21),41 Division,Wexford/Maryvale,TRUE,TRUE,FALSE,FALSE,FALSE,TRUE,FALSE,FALSE,TRUE,FALSE,"{""coordinates"": [[-79.31457860338737, 43.75599107464742]], ""type"": ""MultiPoint""}"
5882,2015:5000746528,2015-05-05T13:41:00,3833 MCNICOLL AVE,,,4,Non-Fatal Injury,Non-Intersection,No Control,Turning Movement,Clear,Daylight,Dry,Minor Arterial,FALSE,-79.23826942,43.82658199,1,,,3,15,None,Lap and Shoulder Belt,,,,,,,,,,passenger,,Scarborough North (23),42 Division,Morningside Heights,TRUE,TRUE,FALSE,FALSE,FALSE,TRUE,FALSE,FALSE,TRUE,FALSE,"{""coordinates"": [[-79.23826942357071, 43.826581994995536]], ""type"": ""MultiPoint""}"
5883,2015:5000553836,2015-04-03T16:26:00,3231 EGLINTON AVE E,,7 m West of,2,Non-Fatal Injury,At/Near Private Drive,No Control,Sideswipe,Clear,Daylight,Dry,Major Arterial,TRUE,-79.21406946,43.74425996,2,Motorcycle,East,2,62,Major,Helmet,Driving properly,Normal,,,Going Ahead,,,,,motorcyclist,,Scarborough-Guildwood (24),43 Division,Scarborough Village,FALSE,FALSE,FALSE,TRUE,FALSE,FALSE,FALSE,FALSE,FALSE,FALSE,"{""coordinates"": [[-79.21406945538938, 43.74425995577606]], ""type"": ""MultiPoint""}"
5884,2015:5000563919,2015-04-05T14:33:00,DON VALLEY PARKWAY S,SPANBRIDGE,185 m South of,2,Non-Fatal Injury,Non-Intersection,No Control,Sideswipe,Clear,Daylight,Dry,,TRUE,-79.32657968,43.71161409,2,Automobile or Station Wagon,South,2,23,Major,Lap and Shoulder Belt,Driving properly,Normal,,,Going Ahead,,,,,driver,,Don Valley East (16),55 Division,Flemingdon Park,FALSE,FALSE,FALSE,FALSE,FALSE,FALSE,FALSE,FALSE,FALSE,FALSE,"{""coordinates"": [[-79.3265796819054, 43.711614092798186]], ""type"": ""MultiPoint""}"
5885,2015:5000589583,2015-04-10T03:04:00,KENNEDY RD,EGLINTON AVE E,,3,Non-Fatal Injury,At Intersection,Traffic Signal,Angle,Rain,Dark with Artificial Lighting,Wet,Major Arterial,FALSE,-79.26792555,43.73219102,1,Automobile or Station Wagon,West,1,42,None,Lap and Shoulder Belt,Driving properly,Normal,,,Going Ahead,,,,,driver,,Scarborough Southwest (20),41 Division,Kennedy Park,TRUE,FALSE,FALSE,FALSE,FALSE,FALSE,FALSE,TRUE,FALSE,FALSE,"{""coordinates"": [[-79.26792555188902, 43.73219101519621]], ""type"": ""MultiPoint""}"
5886,2015:5000589583,2015-04-10T03:04:00,KENNEDY RD,EGLINTON AVE E,,3,Non-Fatal Injury,At Intersection,Traffic Signal,Angle,Rain,Dark with Artificial Lighting,Wet,Major Arterial,FALSE,-79.26792555,43.73219102,2,,,3,29,Major,Lap and Shoulder Belt,,,,,,,,,,passenger,,Scarborough Southwest (20),41 Division,Kennedy Park,TRUE,FALSE,FALSE,FALSE,FALSE,FALSE,FALSE,TRUE,FALSE,FALSE,"{""coordinates"": [[-79.26792555188902, 43.73219101519621]], ""type"": ""MultiPoint""}"
5887,2015:5000589583,2015-04-10T03:04:00,KENNEDY RD,EGLINTON AVE E,,3,Non-Fatal Injury,At Intersection,Traffic Signal,Angle,Rain,Dark with Artificial Lighting,Wet,Major Arterial,FALSE,-79.26792555,43.73219102,2,Automobile or Station Wagon,North,2,21,Major,Lap and Shoulder Belt,Disobeyed traffic control,Normal,,,Going Ahead,,,,,driver,,Scarborough Southwest (20),41 Division,Kennedy Park,TRUE,FALSE,FALSE,FALSE,FALSE,FALSE,FALSE,TRUE,FALSE,FALSE,"{""coordinates"": [[-79.26792555188902, 43.73219101519621]], ""type"": ""MultiPoint""}"
5890,2015:5000620916,2015-04-15T06:58:00,FINCH AVE W,ARROW RD,125 m East of,2,Non-Fatal Injury,Non-Intersection,No Control,Rear End,Clear,Daylight,Dry,Major Arterial,FALSE,-79.53499996,43.75351134,1,Automobile or Station Wagon,East,1,25,None,Lap and Shoulder Belt,Improper lane change,Normal,,,Changing Lanes,,,,,driver,,Humber River-Black Creek (7),31 Division,Humbermede,FALSE,FALSE,FALSE,FALSE,FALSE,FALSE,FALSE,FALSE,FALSE,TRUE,"{""coordinates"": [[-79.53499996094506, 43.75351134374406]], ""type"": ""MultiPoint""}"
5891,2015:5000620916,2015-04-15T06:58:00,FINCH AVE W,ARROW RD,125 m East of,2,Non-Fatal Injury,Non-Intersection,No Control,Rear End,Clear,Daylight,Dry,Major Arterial,FALSE,-79.53499996,43.75351134,2,Other Emergency Vehicle,East,2,63,Major,Use Unknown,Driving properly,Normal,,,Changing Lanes,,,,,driver,,Humber River-Black Creek (7),31 Division,Humbermede,FALSE,FALSE,FALSE,FALSE,FALSE,FALSE,FALSE,FALSE,FALSE,TRUE,"{""coordinates"": [[-79.53499996094506, 43.75351134374406]], ""type"": ""MultiPoint""}"
5892,2015:5000630061,2015-04-16T15:40:00,LAKE SHORE BLVD E,LOWER JARVIS ST,,2,Non-Fatal Injury,At Intersection,Traffic Signal,Turning Movement,Clear,Daylight,Dry,Major Arterial,FALSE,-79.36981586,43.64555516,2,Automobile or Station Wagon,East,2,34,Major,Lap and Shoulder Belt,Driving properly,Normal,,,Going Ahead,,,,,driver,,Spadina-Fort York (10),51 Division,St Lawrence-East Bayfront-The Islands,TRUE,TRUE,FALSE,FALSE,FALSE,TRUE,FALSE,FALSE,FALSE,FALSE,"{""coordinates"": [[-79.3698158577596, 43.64555516329998]], ""type"": ""MultiPoint""}"
5893,2015:5000630061,2015-04-16T15:40:00,LAKE SHORE BLVD E,LOWER JARVIS ST,,2,Non-Fatal Injury,At Intersection,Traffic Signal,Turning Movement,Clear,Daylight,Dry,Major Arterial,FALSE,-79.36981586,43.64555516,1,Automobile or Station Wagon,West,1,85,None,Use Unknown,Failed to yield right-of-way,Inattentive,,,Turning Left,,,,,driver,,Spadina-Fort York (10),51 Division,St Lawrence-East Bayfront-The Islands,TRUE,TRUE,FALSE,FALSE,FALSE,TRUE,FALSE,FALSE,FALSE,FALSE,"{""coordinates"": [[-79.3698158577596, 43.64555516329998]], ""type"": ""MultiPoint""}"
5894,2015:5000643015,2015-04-18T17:24:00,BYNG AVE,DORIS AVE,,3,Non-Fatal Injury,Non-Intersection,Traffic Signal,Turning Movement,Clear,Daylight,Dry,Minor Arterial,FALSE,-79.41318175,43.77691419,2,Motorcycle,North,2,24,None,Use Unknown,Exceeding speed limit,Normal,,,Going Ahead,,,,,motorcyclist,,Willowdale (18),32 Division,Yonge-Doris,TRUE,FALSE,FALSE,TRUE,FALSE,TRUE,FALSE,FALSE,FALSE,FALSE,"{""coordinates"": [[-79.41318174543132, 43.77691419457374]], ""type"": ""MultiPoint""}"
5895,2015:5000643015,2015-04-18T17:24:00,BYNG AVE,DORIS AVE,,3,Non-Fatal Injury,Non-Intersection,Traffic Signal,Turning Movement,Clear,Daylight,Dry,Minor Arterial,FALSE,-79.41318175,43.77691419,1,,,3,73,Minor,Lap and Shoulder Belt,,,,,,,,,,passenger,,Willowdale (18),32 Division,Yonge-Doris,TRUE,FALSE,FALSE,TRUE,FALSE,TRUE,FALSE,FALSE,FALSE,FALSE,"{""coordinates"": [[-79.41318174543132, 43.77691419457374]], ""type"": ""MultiPoint""}"
5896,2015:5000643015,2015-04-18T17:24:00,BYNG AVE,DORIS AVE,,3,Non-Fatal Injury,Non-Intersection,Traffic Signal,Turning Movement,Clear,Daylight,Dry,Minor Arterial,FALSE,-79.41318175,43.77691419,1,Automobile or Station Wagon,South,1,58,Major,No Equipment Available,Failed to yield right-of-way,Normal,,,Turning Left,,,,,driver,,Willowdale (18),32 Division,Yonge-Doris,TRUE,FALSE,FALSE,TRUE,FALSE,TRUE,FALSE,FALSE,FALSE,FALSE,"{""coordinates"": [[-79.41318174543132, 43.77691419457374]], ""type"": ""MultiPoint""}"
5897,2015:5000656009,2015-04-20T21:23:00,FINCH AVE E,WAYSIDE AVE,10 m East of,5,Non-Fatal Injury,Intersection-Related,Traffic Signal,Rear End,Clear,Dark with Artificial Lighting,Dry,Major Arterial,FALSE,-79.29964054,43.80050406,2,Automobile or Station Wagon,West,2,54,Minimal,Lap and Shoulder Belt,Other,Ability Impaired - Alcohol Over .08,,,Going Ahead,,,,,driver,,Scarborough-Agincourt (22),42 Division,East L'Amoreaux,FALSE,FALSE,FALSE,FALSE,FALSE,FALSE,FALSE,FALSE,TRUE,FALSE,"{""coordinates"": [[-79.29964053848508, 43.80050405956347]], ""type"": ""MultiPoint""}"
5898,2015:5000656009,2015-04-20T21:23:00,FINCH AVE E,WAYSIDE AVE,10 m East of,5,Non-Fatal Injury,Intersection-Related,Traffic Signal,Rear End,Clear,Dark with Artificial Lighting,Dry,Major Arterial,FALSE,-79.29964054,43.80050406,2,,,5,16,Minimal,Lap and Shoulder Belt,,,,,,,,,,passenger,,Scarborough-Agincourt (22),42 Division,East L'Amoreaux,FALSE,FALSE,FALSE,FALSE,FALSE,FALSE,FALSE,FALSE,TRUE,FALSE,"{""coordinates"": [[-79.29964053848508, 43.80050405956347]], ""type"": ""MultiPoint""}"
5899,2015:5000656009,2015-04-20T21:23:00,FINCH AVE E,WAYSIDE AVE,10 m East of,5,Non-Fatal Injury,Intersection-Related,Traffic Signal,Rear End,Clear,Dark with Artificial Lighting,Dry,Major Arterial,FALSE,-79.29964054,43.80050406,2,,,3,20,None,Lap Belt Only of Combined Assembly,,,,,,,,,,passenger,,Scarborough-Agincourt (22),42 Division,East L'Amoreaux,FALSE,FALSE,FALSE,FALSE,FALSE,FALSE,FALSE,FALSE,TRUE,FALSE,"{""coordinates"": [[-79.29964053848508, 43.80050405956347]], ""type"": ""MultiPoint""}"
5900,2015:5000656009,2015-04-20T21:23:00,FINCH AVE E,WAYSIDE AVE,10 m East of,5,Non-Fatal Injury,Intersection-Related,Traffic Signal,Rear End,Clear,Dark with Artificial Lighting,Dry,Major Arterial,FALSE,-79.29964054,43.80050406,2,,,4,51,Minimal,Lap and Shoulder Belt,,,,,,,,,,passenger,,Scarborough-Agincourt (22),42 Division,East L'Amoreaux,FALSE,FALSE,FALSE,FALSE,FALSE,FALSE,FALSE,FALSE,TRUE,FALSE,"{""coordinates"": [[-79.29964053848508, 43.80050405956347]], ""type"": ""MultiPoint""}"
5901,2015:5000656009,2015-04-20T21:23:00,FINCH AVE E,WAYSIDE AVE,10 m East of,5,Non-Fatal Injury,Intersection-Related,Traffic Signal,Rear End,Clear,Dark with Artificial Lighting,Dry,Major Arterial,FALSE,-79.29964054,43.80050406,1,Passenger Van,West,1,38,Major,Air Bag Deployed,Lost control,Normal,,,Going Ahead,,,,,driver,,Scarborough-Agincourt (22),42 Division,East L'Amoreaux,FALSE,FALSE,FALSE,FALSE,FALSE,FALSE,FALSE,FALSE,TRUE,FALSE,"{""coordinates"": [[-79.29964053848508, 43.80050405956347]], ""type"": ""MultiPoint""}"
5902,2015:5000663068,2015-04-22T01:00:00,KINGSTON RD,COLUMBINE AVE,9 m West of,1,Non-Fatal Injury,Non-Intersection,No Control,SMV Unattended Vehicle,Rain,Dark,Wet,Major Arterial,FALSE,-79.31036771,43.67149107,1,Automobile or Station Wagon,West,1,47,Major,Use Unknown,Lost control,Unknown,,,Going Ahead,,,,,driver,,Beaches-East York (19),55 Division,The Beaches,FALSE,FALSE,FALSE,FALSE,FALSE,FALSE,FALSE,FALSE,FALSE,FALSE,"{""coordinates"": [[-79.31036770626339, 43.67149107319482]], ""type"": ""MultiPoint""}"
5903,2015:5000666173,2015-04-22T14:02:00,3 RAINIER SQ,,4 m South of,4,Non-Fatal Injury,Private Driveway,Stop Sign,SMV Other,Clear,Daylight,Dry,Local,FALSE,-79.30301255,43.79424106,1,,,4,19,None,Lap and Shoulder Belt,,,,,,,,,,passenger,,Scarborough-Agincourt (22),42 Division,East L'Amoreaux,FALSE,FALSE,FALSE,FALSE,FALSE,FALSE,FALSE,FALSE,TRUE,FALSE,"{""coordinates"": [[-79.30301254950493, 43.79424106304591]], ""type"": ""MultiPoint""}"
5904,2015:5000666173,2015-04-22T14:02:00,3 RAINIER SQ,,4 m South of,4,Non-Fatal Injury,Private Driveway,Stop Sign,SMV Other,Clear,Daylight,Dry,Local,FALSE,-79.30301255,43.79424106,1,,,2,19,Major,Air Bag Deployed,,,,,,,,,,passenger,,Scarborough-Agincourt (22),42 Division,East L'Amoreaux,FALSE,FALSE,FALSE,FALSE,FALSE,FALSE,FALSE,FALSE,TRUE,FALSE,"{""coordinates"": [[-79.30301254950493, 43.79424106304591]], ""type"": ""MultiPoint""}"
5905,2015:5000666173,2015-04-22T14:02:00,3 RAINIER SQ,,4 m South of,4,Non-Fatal Injury,Private Driveway,Stop Sign,SMV Other,Clear,Daylight,Dry,Local,FALSE,-79.30301255,43.79424106,1,Automobile or Station Wagon,South,1,20,Minimal,Air Bag Deployed,Lost control,Normal,,,Turning Left,,,,,driver,,Scarborough-Agincourt (22),42 Division,East L'Amoreaux,FALSE,FALSE,FALSE,FALSE,FALSE,FALSE,FALSE,FALSE,TRUE,FALSE,"{""coordinates"": [[-79.30301254950493, 43.79424106304591]], ""type"": ""MultiPoint""}"
5906,2015:5000666173,2015-04-22T14:02:00,3 RAINIER SQ,,4 m South of,4,Non-Fatal Injury,Private Driveway,Stop Sign,SMV Other,Clear,Daylight,Dry,Local,FALSE,-79.30301255,43.79424106,1,,,3,18,None,Lap and Shoulder Belt,,,,,,,,,,passenger,,Scarborough-Agincourt (22),42 Division,East L'Amoreaux,FALSE,FALSE,FALSE,FALSE,FALSE,FALSE,FALSE,FALSE,TRUE,FALSE,"{""coordinates"": [[-79.30301254950493, 43.79424106304591]], ""type"": ""MultiPoint""}"
5907,2015:5000667325,2015-04-22T17:15:00,130 TORYORK DR,,4 m South of,2,Non-Fatal Injury,Non-Intersection,No Control,Rear End,Clear,Daylight,Dry,Collector,FALSE,-79.55305098,43.75726536,2,Automobile or Station Wagon,North,2,56,Major,Lap and Shoulder Belt,Driving properly,Normal,,,Slowing or Stopping,,,,,driver,,Humber River-Black Creek (7),31 Division,Humber Summit,TRUE,TRUE,FALSE,FALSE,FALSE,FALSE,FALSE,FALSE,FALSE,FALSE,"{""coordinates"": [[-79.55305097858948, 43.75726536239736]], ""type"": ""MultiPoint""}"
5908,2015:5000667325,2015-04-22T17:15:00,130 TORYORK DR,,4 m South of,2,Non-Fatal Injury,Non-Intersection,No Control,Rear End,Clear,Daylight,Dry,Collector,FALSE,-79.55305098,43.75726536,1,Passenger Van,North,1,44,None,Lap and Shoulder Belt,Following too closely,Inattentive,,,Going Ahead,,,,,driver,,Humber River-Black Creek (7),31 Division,Humber Summit,TRUE,TRUE,FALSE,FALSE,FALSE,FALSE,FALSE,FALSE,FALSE,FALSE,"{""coordinates"": [[-79.55305097858948, 43.75726536239736]], ""type"": ""MultiPoint""}"