_id,collision_id,accdate,stname1,stname2,stname3,per_inv,acclass,accloc,traffictl,impactype,visible,light,rdsfcond,road_class,failtorem,longitude,latitude,veh_no,vehtype,initdir,per_no,invage,injury,safequip,drivact,drivcond,pedact,pedcond,manoeuvre,pedtype,cyclistype,cycact,cyccond,road_user,fatal_no,wardname,division,neighbourhood,aggressive,distracted,cyclist,motorcyclist,other_micromobility,older_adult,pedestrian,red_light,school_child,heavy_truck,geometry
5909,2015:5000679922,2015-04-24T18:04:00,HUPFIELD TRL,GLANVIL CRES,20 m South of,2,Non-Fatal Injury,Non-Intersection,No Control,SMV Other,Clear,Daylight,Dry,Collector,FALSE,-79.21960041,43.81390198,1,,,2,16,Major,Lap and Shoulder Belt,,,,,,,,,,passenger,,Scarborough-Rouge Park (25),42 Division,Malvern East,FALSE,FALSE,FALSE,FALSE,FALSE,FALSE,FALSE,FALSE,TRUE,FALSE,"{""coordinates"": [[-79.21960040933189, 43.81390197517121]], ""type"": ""MultiPoint""}"
5910,2015:5000679922,2015-04-24T18:04:00,HUPFIELD TRL,GLANVIL CRES,20 m South of,2,Non-Fatal Injury,Non-Intersection,No Control,SMV Other,Clear,Daylight,Dry,Collector,FALSE,-79.21960041,43.81390198,1,Automobile or Station Wagon,North,1,18,None,Lap and Shoulder Belt,Lost control,Normal,,,Going Ahead,,,,,driver,,Scarborough-Rouge Park (25),42 Division,Malvern East,FALSE,FALSE,FALSE,FALSE,FALSE,FALSE,FALSE,FALSE,TRUE,FALSE,"{""coordinates"": [[-79.21960040933189, 43.81390197517121]], ""type"": ""MultiPoint""}"
5911,2015:5000679960,2015-04-24T18:10:00,BROOKBANKS DR,UNDERHILL DR,,1,Non-Fatal Injury,Trail,No Control,SMV Other,Clear,Daylight,Dry,Collector,FALSE,-79.32878463,43.75285909,1,Off-Road Two Wheels,South,1,28,Major,No Equipment Available,Speed too fast for conditions,Normal,,,Going Ahead,,,,,motorcyclist,,Don Valley East (16),33 Division,Parkwoods-O'Connor Hills,TRUE,FALSE,FALSE,TRUE,FALSE,FALSE,FALSE,FALSE,FALSE,FALSE,"{""coordinates"": [[-79.3287846301652, 43.75285909217318]], ""type"": ""MultiPoint""}"
5912,2015:5000693331,2015-04-27T00:00:00,MCCOWAN RD,FINCH AVE E,5 m East of,4,Non-Fatal Injury,At Intersection,Traffic Signal,Turning Movement,Clear,Dark,Dry,Major Arterial,FALSE,-79.26649848,43.80801502,1,Automobile or Station Wagon,North,1,19,Minimal,Lap and Shoulder Belt,Improper turn,Normal,,,Turning Left,,,,,driver,,Scarborough North (23),42 Division,Agincourt North,FALSE,FALSE,FALSE,FALSE,FALSE,FALSE,FALSE,FALSE,TRUE,FALSE,"{""coordinates"": [[-79.26649847943801, 43.80801502192094]], ""type"": ""MultiPoint""}"
5913,2015:5000693331,2015-04-27T00:00:00,MCCOWAN RD,FINCH AVE E,5 m East of,4,Non-Fatal Injury,At Intersection,Traffic Signal,Turning Movement,Clear,Dark,Dry,Major Arterial,FALSE,-79.26649848,43.80801502,2,Automobile or Station Wagon,South,2,29,Minimal,Lap and Shoulder Belt,Driving properly,Normal,,,Going Ahead,,,,,driver,,Scarborough North (23),42 Division,Agincourt North,FALSE,FALSE,FALSE,FALSE,FALSE,FALSE,FALSE,FALSE,TRUE,FALSE,"{""coordinates"": [[-79.26649847943801, 43.80801502192094]], ""type"": ""MultiPoint""}"
5914,2015:5000693331,2015-04-27T00:00:00,MCCOWAN RD,FINCH AVE E,5 m East of,4,Non-Fatal Injury,At Intersection,Traffic Signal,Turning Movement,Clear,Dark,Dry,Major Arterial,FALSE,-79.26649848,43.80801502,1,,,4,19,Major,Lap and Shoulder Belt,,,,,,,,,,passenger,,Scarborough North (23),42 Division,Agincourt North,FALSE,FALSE,FALSE,FALSE,FALSE,FALSE,FALSE,FALSE,TRUE,FALSE,"{""coordinates"": [[-79.26649847943801, 43.80801502192094]], ""type"": ""MultiPoint""}"
5915,2015:5000693331,2015-04-27T00:00:00,MCCOWAN RD,FINCH AVE E,5 m East of,4,Non-Fatal Injury,At Intersection,Traffic Signal,Turning Movement,Clear,Dark,Dry,Major Arterial,FALSE,-79.26649848,43.80801502,1,,,3,21,Minimal,Lap and Shoulder Belt,,,,,,,,,,passenger,,Scarborough North (23),42 Division,Agincourt North,FALSE,FALSE,FALSE,FALSE,FALSE,FALSE,FALSE,FALSE,TRUE,FALSE,"{""coordinates"": [[-79.26649847943801, 43.80801502192094]], ""type"": ""MultiPoint""}"
5916,2015:5000716436,2015-04-30T16:37:00,2628 MCCOWAN RD,,,3,Non-Fatal Injury,Non-Intersection,No Control,Approaching Head On,Clear,Daylight,Dry,Major Arterial,FALSE,-79.26613248,43.80713802,1,Automobile or Station Wagon,North,1,42,Minimal,Lap and Shoulder Belt,Lost control,Inattentive,,,Going Ahead,,,,,driver,,Scarborough North (23),42 Division,Agincourt North,FALSE,TRUE,FALSE,FALSE,FALSE,FALSE,FALSE,FALSE,FALSE,FALSE,"{""coordinates"": [[-79.2661324795911, 43.80713802138209]], ""type"": ""MultiPoint""}"
5917,2015:5000716436,2015-04-30T16:37:00,2628 MCCOWAN RD,,,3,Non-Fatal Injury,Non-Intersection,No Control,Approaching Head On,Clear,Daylight,Dry,Major Arterial,FALSE,-79.26613248,43.80713802,2,,,3,57,Major,Lap and Shoulder Belt,,,,,,,,,,passenger,,Scarborough North (23),42 Division,Agincourt North,FALSE,TRUE,FALSE,FALSE,FALSE,FALSE,FALSE,FALSE,FALSE,FALSE,"{""coordinates"": [[-79.2661324795911, 43.80713802138209]], ""type"": ""MultiPoint""}"
5918,2015:5000716436,2015-04-30T16:37:00,2628 MCCOWAN RD,,,3,Non-Fatal Injury,Non-Intersection,No Control,Approaching Head On,Clear,Daylight,Dry,Major Arterial,FALSE,-79.26613248,43.80713802,2,Automobile or Station Wagon,South,2,59,Minor,Lap and Shoulder Belt,Driving properly,Normal,,,Going Ahead,,,,,driver,,Scarborough North (23),42 Division,Agincourt North,FALSE,TRUE,FALSE,FALSE,FALSE,FALSE,FALSE,FALSE,FALSE,FALSE,"{""coordinates"": [[-79.2661324795911, 43.80713802138209]], ""type"": ""MultiPoint""}"
5919,2015:5000746528,2015-05-05T13:41:00,3833 MCNICOLL AVE,,,4,Non-Fatal Injury,Non-Intersection,No Control,Turning Movement,Clear,Daylight,Dry,Minor Arterial,FALSE,-79.23826942,43.82658199,1,Automobile or Station Wagon,North,1,42,None,Lap and Shoulder Belt,Failed to yield right-of-way,Inattentive,,,Turning Left,,,,,driver,,Scarborough North (23),42 Division,Morningside Heights,TRUE,TRUE,FALSE,FALSE,FALSE,TRUE,FALSE,FALSE,TRUE,FALSE,"{""coordinates"": [[-79.23826942357071, 43.826581994995536]], ""type"": ""MultiPoint""}"
5920,2015:5000746528,2015-05-05T13:41:00,3833 MCNICOLL AVE,,,4,Non-Fatal Injury,Non-Intersection,No Control,Turning Movement,Clear,Daylight,Dry,Minor Arterial,FALSE,-79.23826942,43.82658199,2,Automobile or Station Wagon,West,2,73,Minimal,Lap and Shoulder Belt,Driving properly,Normal,,,Going Ahead,,,,,driver,,Scarborough North (23),42 Division,Morningside Heights,TRUE,TRUE,FALSE,FALSE,FALSE,TRUE,FALSE,FALSE,TRUE,FALSE,"{""coordinates"": [[-79.23826942357071, 43.826581994995536]], ""type"": ""MultiPoint""}"
5921,2015:5000746528,2015-05-05T13:41:00,3833 MCNICOLL AVE,,,4,Non-Fatal Injury,Non-Intersection,No Control,Turning Movement,Clear,Daylight,Dry,Minor Arterial,FALSE,-79.23826942,43.82658199,2,,,4,66,Major,Lap and Shoulder Belt,,,,,,,,,,passenger,,Scarborough North (23),42 Division,Morningside Heights,TRUE,TRUE,FALSE,FALSE,FALSE,TRUE,FALSE,FALSE,TRUE,FALSE,"{""coordinates"": [[-79.23826942357071, 43.826581994995536]], ""type"": ""MultiPoint""}"
5922,2015:5000754325,2015-05-06T16:49:00,LAWRENCE AVE W,BRUCEWOOD CRES,1 m North of,2,Non-Fatal Injury,At Intersection,Traffic Signal,Turning Movement,Clear,Daylight,Dry,Major Arterial,FALSE,-79.43293386,43.71842023,2,Automobile or Station Wagon,West,2,22,Minor,Lap and Shoulder Belt,Disobeyed traffic control,Normal,,,Going Ahead,,,,,driver,,Eglinton-Lawrence (8),13 Division,Englemount-Lawrence,TRUE,FALSE,FALSE,TRUE,FALSE,FALSE,FALSE,TRUE,FALSE,FALSE,"{""coordinates"": [[-79.43293386098318, 43.71842023293337]], ""type"": ""MultiPoint""}"
5923,2015:5000754325,2015-05-06T16:49:00,LAWRENCE AVE W,BRUCEWOOD CRES,1 m North of,2,Non-Fatal Injury,At Intersection,Traffic Signal,Turning Movement,Clear,Daylight,Dry,Major Arterial,FALSE,-79.43293386,43.71842023,2,Motorcycle,East,1,49,Major,Helmet,Improper turn,Normal,,,Turning Left,,,,,motorcyclist,,Eglinton-Lawrence (8),13 Division,Englemount-Lawrence,TRUE,FALSE,FALSE,TRUE,FALSE,FALSE,FALSE,TRUE,FALSE,FALSE,"{""coordinates"": [[-79.43293386098318, 43.71842023293337]], ""type"": ""MultiPoint""}"
5926,2015:5000756568,2015-05-07T01:15:00,ROSEDALE VALLEY RD,BAYVIEW AVE,,2,Non-Fatal Injury,Non-Intersection,No Control,SMV Other,Clear,Dark with Artificial Lighting,Dry,Minor Arterial,FALSE,-79.36440681,43.67114415,1,,,1,20,Major,Helmet,,,,,,,,,,motorcyclist,,Toronto Centre (13),51 Division,Cabbagetown-South St.James Town,TRUE,FALSE,FALSE,TRUE,FALSE,FALSE,FALSE,FALSE,FALSE,FALSE,"{""coordinates"": [[-79.36440680934776, 43.671144150666834]], ""type"": ""MultiPoint""}"
5927,2015:5000756568,2015-05-07T01:15:00,ROSEDALE VALLEY RD,BAYVIEW AVE,,2,Non-Fatal Injury,Non-Intersection,No Control,SMV Other,Clear,Dark with Artificial Lighting,Dry,Minor Arterial,FALSE,-79.36440681,43.67114415,1,Motorcycle,West,2,28,Major,Helmet,Exceeding speed limit,Normal,,,Going Ahead,,,,,motorcyclist,,Toronto Centre (13),51 Division,Cabbagetown-South St.James Town,TRUE,FALSE,FALSE,TRUE,FALSE,FALSE,FALSE,FALSE,FALSE,FALSE,"{""coordinates"": [[-79.36440680934776, 43.671144150666834]], ""type"": ""MultiPoint""}"
5928,2015:5000789698,2015-05-12T07:35:00,25 RACINE RD,,5 m North of,2,Non-Fatal Injury,At/Near Private Drive,No Control,Turning Movement,Clear,Daylight,Dry,Collector,FALSE,-79.57508508,43.71578441,2,Automobile or Station Wagon,East,2,20,Minimal,Lap and Shoulder Belt,Exceeding speed limit,Normal,,,Going Ahead,,,,,driver,,Etobicoke North (1),23 Division,West Humber-Clairville,TRUE,FALSE,FALSE,FALSE,FALSE,FALSE,FALSE,FALSE,FALSE,FALSE,"{""coordinates"": [[-79.57508507994949, 43.715784409025744]], ""type"": ""MultiPoint""}"
5929,2015:5000789698,2015-05-12T07:35:00,25 RACINE RD,,5 m North of,2,Non-Fatal Injury,At/Near Private Drive,No Control,Turning Movement,Clear,Daylight,Dry,Collector,FALSE,-79.57508508,43.71578441,2,Automobile or Station Wagon,West,1,59,Major,Lap and Shoulder Belt,Improper turn,Unknown,,,Turning Left,,,,,driver,,Etobicoke North (1),23 Division,West Humber-Clairville,TRUE,FALSE,FALSE,FALSE,FALSE,FALSE,FALSE,FALSE,FALSE,FALSE,"{""coordinates"": [[-79.57508507994949, 43.715784409025744]], ""type"": ""MultiPoint""}"
5930,2015:5000805635,2015-05-14T17:30:00,GERRARD ST E,GREENWOOD AVE,4 m East of,2,Non-Fatal Injury,Non-Intersection,Traffic Signal,Turning Movement,Clear,Daylight,Dry,Minor Arterial,FALSE,-79.32801474,43.6709111,1,Automobile or Station Wagon,North,1,48,None,Use Unknown,Improper turn,Normal,,,Turning Right,,,,,driver,,Toronto-Danforth (14),55 Division,Greenwood-Coxwell,FALSE,FALSE,FALSE,TRUE,FALSE,FALSE,FALSE,FALSE,FALSE,FALSE,"{""coordinates"": [[-79.32801474055861, 43.670911098528194]], ""type"": ""MultiPoint""}"
5931,2015:5000805635,2015-05-14T17:30:00,GERRARD ST E,GREENWOOD AVE,4 m East of,2,Non-Fatal Injury,Non-Intersection,Traffic Signal,Turning Movement,Clear,Daylight,Dry,Minor Arterial,FALSE,-79.32801474,43.6709111,2,Motorcycle,East,2,32,Major,Helmet,Driving properly,Normal,,,Going Ahead,,,,,motorcyclist,,Toronto-Danforth (14),55 Division,Greenwood-Coxwell,FALSE,FALSE,FALSE,TRUE,FALSE,FALSE,FALSE,FALSE,FALSE,FALSE,"{""coordinates"": [[-79.32801474055861, 43.670911098528194]], ""type"": ""MultiPoint""}"
5932,2015:5000811243,2015-05-15T15:35:00,MORTIMER AVE,GLEBEMOUNT AVE,,2,Non-Fatal Injury,At Intersection,Stop Sign,Angle,Clear,Daylight,Wet,Minor Arterial,FALSE,-79.3206517,43.69143409,1,Automobile or Station Wagon,North,1,19,None,Lap and Shoulder Belt,Failed to yield right-of-way,Inattentive,,,Going Ahead,,,,,driver,,Beaches-East York (19),55 Division,Danforth East York,TRUE,TRUE,FALSE,TRUE,FALSE,FALSE,FALSE,FALSE,TRUE,FALSE,"{""coordinates"": [[-79.32065169869972, 43.69143408640195]], ""type"": ""MultiPoint""}"
5933,2015:5000811243,2015-05-15T15:35:00,MORTIMER AVE,GLEBEMOUNT AVE,,2,Non-Fatal Injury,At Intersection,Stop Sign,Angle,Clear,Daylight,Wet,Minor Arterial,FALSE,-79.3206517,43.69143409,2,Motorcycle,East,2,59,Major,Helmet,Driving properly,Normal,,,Overtaking,,,,,motorcyclist,,Beaches-East York (19),55 Division,Danforth East York,TRUE,TRUE,FALSE,TRUE,FALSE,FALSE,FALSE,FALSE,TRUE,FALSE,"{""coordinates"": [[-79.32065169869972, 43.69143408640195]], ""type"": ""MultiPoint""}"
5934,2015:5000838309,2015-05-20T06:00:00,JANE ST,STEELES AVE W,,2,Non-Fatal Injury,At Intersection,Traffic Signal,SMV Other,Clear,Daylight,Dry,Major Arterial,FALSE,-79.52169392,43.77540032,1,,,2,36,Major,Lap and Shoulder Belt,,,,,,,,,,passenger,,Humber River-Black Creek (7),31 Division,Black Creek,FALSE,TRUE,FALSE,FALSE,FALSE,FALSE,FALSE,FALSE,FALSE,FALSE,"{""coordinates"": [[-79.52169391618862, 43.77540032286167]], ""type"": ""MultiPoint""}"
5935,2015:5000838309,2015-05-20T06:00:00,JANE ST,STEELES AVE W,,2,Non-Fatal Injury,At Intersection,Traffic Signal,SMV Other,Clear,Daylight,Dry,Major Arterial,FALSE,-79.52169392,43.77540032,1,Automobile or Station Wagon,North,1,40,Minor,Lap and Shoulder Belt,Lost control,Inattentive,,,Going Ahead,,,,,driver,,Humber River-Black Creek (7),31 Division,Black Creek,FALSE,TRUE,FALSE,FALSE,FALSE,FALSE,FALSE,FALSE,FALSE,FALSE,"{""coordinates"": [[-79.52169391618862, 43.77540032286167]], ""type"": ""MultiPoint""}"
5936,2015:5000852729,2015-05-22T11:15:00,DANFORTH AVE,FERRIER AVE,,4,Non-Fatal Injury,Intersection-Related,No Control,Rear End,Clear,Daylight,Dry,Major Arterial,FALSE,-79.34827077,43.67819713,1,,,4,0,None,Child Safety Seat Used Correctly,,,,,,,,,,passenger,,Toronto-Danforth (14),55 Division,North Riverdale,TRUE,FALSE,FALSE,FALSE,FALSE,FALSE,FALSE,FALSE,FALSE,FALSE,"{""coordinates"": [[-79.34827076860161, 43.67819712654723]], ""type"": ""MultiPoint""}"
5937,2015:5000852729,2015-05-22T11:15:00,DANFORTH AVE,FERRIER AVE,,4,Non-Fatal Injury,Intersection-Related,No Control,Rear End,Clear,Daylight,Dry,Major Arterial,FALSE,-79.34827077,43.67819713,2,Pickup Truck,West,2,47,Major,Use Unknown,Other,Medical or Physical Disability,,,Slowing or Stopping,,,,,driver,,Toronto-Danforth (14),55 Division,North Riverdale,TRUE,FALSE,FALSE,FALSE,FALSE,FALSE,FALSE,FALSE,FALSE,FALSE,"{""coordinates"": [[-79.34827076860161, 43.67819712654723]], ""type"": ""MultiPoint""}"
5938,2015:5000852729,2015-05-22T11:15:00,DANFORTH AVE,FERRIER AVE,,4,Non-Fatal Injury,Intersection-Related,No Control,Rear End,Clear,Daylight,Dry,Major Arterial,FALSE,-79.34827077,43.67819713,1,Automobile or Station Wagon,West,1,38,None,Lap and Shoulder Belt,Following too closely,Normal,,,Going Ahead,,,,,driver,,Toronto-Danforth (14),55 Division,North Riverdale,TRUE,FALSE,FALSE,FALSE,FALSE,FALSE,FALSE,FALSE,FALSE,FALSE,"{""coordinates"": [[-79.34827076860161, 43.67819712654723]], ""type"": ""MultiPoint""}"
5939,2015:5000852729,2015-05-22T11:15:00,DANFORTH AVE,FERRIER AVE,,4,Non-Fatal Injury,Intersection-Related,No Control,Rear End,Clear,Daylight,Dry,Major Arterial,FALSE,-79.34827077,43.67819713,1,,,3,2,None,Child Safety Seat Used Correctly,,,,,,,,,,passenger,,Toronto-Danforth (14),55 Division,North Riverdale,TRUE,FALSE,FALSE,FALSE,FALSE,FALSE,FALSE,FALSE,FALSE,FALSE,"{""coordinates"": [[-79.34827076860161, 43.67819712654723]], ""type"": ""MultiPoint""}"
5940,2015:5000865695,2015-05-24T14:13:00,BATHURST ST,ULSTER ST,35 m North of,1,Non-Fatal Injury,Non-Intersection,Traffic Signal,SMV Other,Clear,Daylight,Other,Major Arterial,FALSE,-79.40904591,43.65973422,1,Motorcycle,South,1,28,Major,Helmet,Driving properly,Other Condition,,,Going Ahead,,,,,motorcyclist,,University-Rosedale (11),14 Division,University,FALSE,FALSE,FALSE,TRUE,FALSE,FALSE,FALSE,FALSE,FALSE,FALSE,"{""coordinates"": [[-79.40904591233137, 43.65973421786427]], ""type"": ""MultiPoint""}"
5941,2015:5000873570,2015-05-25T18:28:00,MORNINGSIDE AVE,SHEPPARD AVE E,,3,Non-Fatal Injury,Intersection-Related,Traffic Signal,Turning Movement,Clear,Daylight,Dry,Major Arterial,FALSE,-79.19976439,43.80196195,1,Automobile or Station Wagon,North,1,56,None,Use Unknown,Failed to yield right-of-way,Normal,,,Turning Left,,,,,driver,,Scarborough-Rouge Park (25),42 Division,Morningside Heights,TRUE,FALSE,FALSE,TRUE,FALSE,FALSE,FALSE,FALSE,TRUE,FALSE,"{""coordinates"": [[-79.19976439216879, 43.80196195378152]], ""type"": ""MultiPoint""}"
5942,2015:5000873570,2015-05-25T18:28:00,MORNINGSIDE AVE,SHEPPARD AVE E,,3,Non-Fatal Injury,Intersection-Related,Traffic Signal,Turning Movement,Clear,Daylight,Dry,Major Arterial,FALSE,-79.19976439,43.80196195,2,,,3,16,Major,Use Unknown,,,,,,,,,,motorcyclist,,Scarborough-Rouge Park (25),42 Division,Morningside Heights,TRUE,FALSE,FALSE,TRUE,FALSE,FALSE,FALSE,FALSE,TRUE,FALSE,"{""coordinates"": [[-79.19976439216879, 43.80196195378152]], ""type"": ""MultiPoint""}"
5943,2015:5000873570,2015-05-25T18:28:00,MORNINGSIDE AVE,SHEPPARD AVE E,,3,Non-Fatal Injury,Intersection-Related,Traffic Signal,Turning Movement,Clear,Daylight,Dry,Major Arterial,FALSE,-79.19976439,43.80196195,2,Motorcycle,South,2,22,Major,Use Unknown,Driving properly,Normal,,,Going Ahead,,,,,motorcyclist,,Scarborough-Rouge Park (25),42 Division,Morningside Heights,TRUE,FALSE,FALSE,TRUE,FALSE,FALSE,FALSE,FALSE,TRUE,FALSE,"{""coordinates"": [[-79.19976439216879, 43.80196195378152]], ""type"": ""MultiPoint""}"
5945,2015:5000897044,2015-05-29T11:09:00,169 KINGSLAKE RD,,,1,Non-Fatal Injury,At/Near Private Drive,No Control,Other,Clear,Daylight,Dry,Collector,FALSE,-79.34374562,43.78924711,1,Automobile or Station Wagon,East,1,41,Major,Equipment Not Used But Available,Other,Inattentive,,,Reversing,,,,,driver,,Don Valley North (17),33 Division,Don Valley Village,FALSE,TRUE,FALSE,FALSE,FALSE,FALSE,FALSE,FALSE,FALSE,FALSE,"{""coordinates"": [[-79.34374561973564, 43.789247110939876]], ""type"": ""MultiPoint""}"
5946,2015:5000897486,2015-05-29T12:30:00,THE QUEENSWAY,VIBE RD,33 m West of,2,Non-Fatal Injury,At/Near Private Drive,No Control,Angle,Clear,Daylight,Dry,Major Arterial,FALSE,-79.52343419,43.6216034,1,Automobile or Station Wagon,North,1,23,None,Lap and Shoulder Belt,Failed to yield right-of-way,Inattentive,,,Going Ahead,,,,,driver,,Etobicoke-Lakeshore (3),22 Division,Etobicoke City Centre,TRUE,TRUE,FALSE,FALSE,FALSE,TRUE,FALSE,FALSE,FALSE,FALSE,"{""coordinates"": [[-79.52343418888556, 43.62160339890319]], ""type"": ""MultiPoint""}"
5947,2015:5000897486,2015-05-29T12:30:00,THE QUEENSWAY,VIBE RD,33 m West of,2,Non-Fatal Injury,At/Near Private Drive,No Control,Angle,Clear,Daylight,Dry,Major Arterial,FALSE,-79.52343419,43.6216034,2,,West,2,88,Major,No Equipment Available,Driving properly,Normal,,,Going Ahead,,,,,driver,,Etobicoke-Lakeshore (3),22 Division,Etobicoke City Centre,TRUE,TRUE,FALSE,FALSE,FALSE,TRUE,FALSE,FALSE,FALSE,FALSE,"{""coordinates"": [[-79.52343418888556, 43.62160339890319]], ""type"": ""MultiPoint""}"
5948,2015:5000898741,2015-05-29T16:21:00,LAKE SHORE BLVD E,LESLIE ST,374 m West of,2,Non-Fatal Injury,Non-Intersection,No Control,Rear End,Clear,Daylight,Dry,Major Arterial,FALSE,-79.33143277,43.6578161,1,Truck - Dump,West,1,60,None,Use Unknown,Following too closely,Normal,,,Changing Lanes,,,,,driver,,Toronto-Danforth (14),55 Division,South Riverdale,TRUE,FALSE,FALSE,FALSE,FALSE,FALSE,FALSE,FALSE,FALSE,TRUE,"{""coordinates"": [[-79.33143276521578, 43.65781610475826]], ""type"": ""MultiPoint""}"
5949,2015:5000898741,2015-05-29T16:21:00,LAKE SHORE BLVD E,LESLIE ST,374 m West of,2,Non-Fatal Injury,Non-Intersection,No Control,Rear End,Clear,Daylight,Dry,Major Arterial,FALSE,-79.33143277,43.6578161,2,Automobile or Station Wagon,West,2,44,Major,Use Unknown,Driving properly,Normal,,,Going Ahead,,,,,driver,,Toronto-Danforth (14),55 Division,South Riverdale,TRUE,FALSE,FALSE,FALSE,FALSE,FALSE,FALSE,FALSE,FALSE,TRUE,"{""coordinates"": [[-79.33143276521578, 43.65781610475826]], ""type"": ""MultiPoint""}"
5950,2015:5000926071,2015-06-03T00:51:00,BAYVIEW AVE,BOWAN CRT,,3,Non-Fatal Injury,At Intersection,Stop Sign,Turning Movement,Clear,Dark with Artificial Lighting,Dry,Major Arterial,FALSE,-79.39418369,43.79505317,1,,,3,30,Major,Air Bag Deployed,,,,,,,,,,passenger,,Don Valley North (17),33 Division,Bayview Woods-Steeles,TRUE,FALSE,FALSE,FALSE,FALSE,FALSE,FALSE,FALSE,FALSE,TRUE,"{""coordinates"": [[-79.39418369489823, 43.795053170221806]], ""type"": ""MultiPoint""}"
5951,2015:5000926071,2015-06-03T00:51:00,BAYVIEW AVE,BOWAN CRT,,3,Non-Fatal Injury,At Intersection,Stop Sign,Turning Movement,Clear,Dark with Artificial Lighting,Dry,Major Arterial,FALSE,-79.39418369,43.79505317,2,Bus - Other,West,2,58,None,Lap and Shoulder Belt,Other,Had Been Drinking,,,Turning Left,,,,,driver,,Don Valley North (17),33 Division,Bayview Woods-Steeles,TRUE,FALSE,FALSE,FALSE,FALSE,FALSE,FALSE,FALSE,FALSE,TRUE,"{""coordinates"": [[-79.39418369489823, 43.795053170221806]], ""type"": ""MultiPoint""}"
5952,2015:5000926071,2015-06-03T00:51:00,BAYVIEW AVE,BOWAN CRT,,3,Non-Fatal Injury,At Intersection,Stop Sign,Turning Movement,Clear,Dark with Artificial Lighting,Dry,Major Arterial,FALSE,-79.39418369,43.79505317,1,Automobile or Station Wagon,North,1,35,Major,Air Bag Deployed,Exceeding speed limit,Had Been Drinking,,,Going Ahead,,,,,driver,,Don Valley North (17),33 Division,Bayview Woods-Steeles,TRUE,FALSE,FALSE,FALSE,FALSE,FALSE,FALSE,FALSE,FALSE,TRUE,"{""coordinates"": [[-79.39418369489823, 43.795053170221806]], ""type"": ""MultiPoint""}"
5953,2015:5000932642,2015-06-04T02:42:00,MARKHAM RD,LAWRENCE AVE E,,2,Non-Fatal Injury,Intersection-Related,Traffic Signal,Rear End,Clear,Dark with Artificial Lighting,Dry,Major Arterial,FALSE,-79.22531536,43.7598096,1,Automobile or Station Wagon,South,1,37,Major,Use Unknown,Lost control,Had Been Drinking,,,Going Ahead,,,,,driver,,Scarborough-Guildwood (24),43 Division,Golfdale-Cedarbrae-Woburn,FALSE,FALSE,FALSE,FALSE,FALSE,FALSE,FALSE,FALSE,FALSE,TRUE,"{""coordinates"": [[-79.22531536005302, 43.7598095951781]], ""type"": ""MultiPoint""}"
5954,2015:5000932642,2015-06-04T02:42:00,MARKHAM RD,LAWRENCE AVE E,,2,Non-Fatal Injury,Intersection-Related,Traffic Signal,Rear End,Clear,Dark with Artificial Lighting,Dry,Major Arterial,FALSE,-79.22531536,43.7598096,2,Truck - Tractor,South,2,33,None,Use Unknown,Driving properly,Normal,,,Stopped,,,,,driver,,Scarborough-Guildwood (24),43 Division,Golfdale-Cedarbrae-Woburn,FALSE,FALSE,FALSE,FALSE,FALSE,FALSE,FALSE,FALSE,FALSE,TRUE,"{""coordinates"": [[-79.22531536005302, 43.7598095951781]], ""type"": ""MultiPoint""}"
5955,2015:5000935132,2015-06-04T12:55:00,COMMISSIONERS ST,BOUCHETTE ST,80 m East of,1,Non-Fatal Injury,Non-Intersection,No Control,SMV Other,Clear,Daylight,Dry,Collector,FALSE,-79.33904679,43.65107912,1,Automobile or Station Wagon,East,1,46,Major,Lap and Shoulder Belt,Exceeding speed limit,Inattentive,,,Changing Lanes,,,,,driver,,Toronto-Danforth (14),55 Division,South Riverdale,TRUE,TRUE,FALSE,FALSE,FALSE,FALSE,FALSE,FALSE,FALSE,FALSE,"{""coordinates"": [[-79.33904678943153, 43.651079116710335]], ""type"": ""MultiPoint""}"
5956,2015:5000955489,2015-06-07T18:50:00,YONGE ST,CUMMER AVE,38 m North of,1,Non-Fatal Injury,Non-Intersection,No Control,SMV Other,Clear,Daylight,Dry,Major Arterial,FALSE,-79.41746874,43.7875952,1,Pickup Truck,South,1,22,Major,Equipment Not Used But Available,Lost control,Unknown,,,Going Ahead,,,,,driver,,Willowdale (18),32 Division,Newtonbrook East,FALSE,FALSE,FALSE,FALSE,FALSE,FALSE,FALSE,FALSE,FALSE,FALSE,"{""coordinates"": [[-79.41746874053577, 43.787595198467926]], ""type"": ""MultiPoint""}"
5957,2015:5000961885,2015-06-08T19:15:00,PATON RD,LANSDOWNE AVE,,2,Non-Fatal Injury,At Intersection,Stop Sign,Angle,Other,Daylight,Other,Minor Arterial,FALSE,-79.44360798,43.66063827,1,Automobile or Station Wagon,East,1,44,None,Lap and Shoulder Belt,Failed to yield right-of-way,Unknown,,,Going Ahead,,,,,driver,,Davenport (9),11 Division,Junction-Wallace Emerson,TRUE,FALSE,FALSE,TRUE,FALSE,FALSE,FALSE,FALSE,FALSE,FALSE,"{""coordinates"": [[-79.44360797750136, 43.66063826799096]], ""type"": ""MultiPoint""}"
5958,2015:5000961885,2015-06-08T19:15:00,PATON RD,LANSDOWNE AVE,,2,Non-Fatal Injury,At Intersection,Stop Sign,Angle,Other,Daylight,Other,Minor Arterial,FALSE,-79.44360798,43.66063827,2,Moped,North,2,53,Major,Helmet,Driving properly,Unknown,,,Going Ahead,,,,,motorcyclist,,Davenport (9),11 Division,Junction-Wallace Emerson,TRUE,FALSE,FALSE,TRUE,FALSE,FALSE,FALSE,FALSE,FALSE,FALSE,"{""coordinates"": [[-79.44360797750136, 43.66063826799096]], ""type"": ""MultiPoint""}"
5960,2015:5000963180,2015-06-09T00:25:00,878 YONGE ST,,20 m North of,4,Non-Fatal Injury,Intersection-Related,No Control,Turning Movement,Clear,Dark with Artificial Lighting,Dry,Major Arterial,FALSE,-79.38768385,43.67241418,2,,,4,30,None,Lap and Shoulder Belt,,,,,,,,,,passenger,,University-Rosedale (11),53 Division,Rosedale-Moore Park,TRUE,FALSE,FALSE,FALSE,FALSE,FALSE,FALSE,FALSE,FALSE,FALSE,"{""coordinates"": [[-79.3876838515979, 43.672414183734645]], ""type"": ""MultiPoint""}"