_id,collision_id,accdate,stname1,stname2,stname3,per_inv,acclass,accloc,traffictl,impactype,visible,light,rdsfcond,road_class,failtorem,longitude,latitude,veh_no,vehtype,initdir,per_no,invage,injury,safequip,drivact,drivcond,pedact,pedcond,manoeuvre,pedtype,cyclistype,cycact,cyccond,road_user,fatal_no,wardname,division,neighbourhood,aggressive,distracted,cyclist,motorcyclist,other_micromobility,older_adult,pedestrian,red_light,school_child,heavy_truck,geometry
5961,2015:5000963180,2015-06-09T00:25:00,878 YONGE ST,,20 m North of,4,Non-Fatal Injury,Intersection-Related,No Control,Turning Movement,Clear,Dark with Artificial Lighting,Dry,Major Arterial,FALSE,-79.38768385,43.67241418,1,,,3,44,Major,Equipment Not Used But Available,,,,,,,,,,passenger,,University-Rosedale (11),53 Division,Rosedale-Moore Park,TRUE,FALSE,FALSE,FALSE,FALSE,FALSE,FALSE,FALSE,FALSE,FALSE,"{""coordinates"": [[-79.3876838515979, 43.672414183734645]], ""type"": ""MultiPoint""}"
5962,2015:5000963180,2015-06-09T00:25:00,878 YONGE ST,,20 m North of,4,Non-Fatal Injury,Intersection-Related,No Control,Turning Movement,Clear,Dark with Artificial Lighting,Dry,Major Arterial,FALSE,-79.38768385,43.67241418,2,Automobile or Station Wagon,South,1,30,None,Lap and Shoulder Belt,Speed too fast for conditions,Ability Impaired - Alcohol Over .08,,,Going Ahead,,,,,driver,,University-Rosedale (11),53 Division,Rosedale-Moore Park,TRUE,FALSE,FALSE,FALSE,FALSE,FALSE,FALSE,FALSE,FALSE,FALSE,"{""coordinates"": [[-79.3876838515979, 43.672414183734645]], ""type"": ""MultiPoint""}"
5963,2015:5000963180,2015-06-09T00:25:00,878 YONGE ST,,20 m North of,4,Non-Fatal Injury,Intersection-Related,No Control,Turning Movement,Clear,Dark with Artificial Lighting,Dry,Major Arterial,FALSE,-79.38768385,43.67241418,1,Automobile or Station Wagon,North,2,44,Major,Equipment Not Used But Available,Improper turn,Normal,,,Turning Left,,,,,driver,,University-Rosedale (11),53 Division,Rosedale-Moore Park,TRUE,FALSE,FALSE,FALSE,FALSE,FALSE,FALSE,FALSE,FALSE,FALSE,"{""coordinates"": [[-79.3876838515979, 43.672414183734645]], ""type"": ""MultiPoint""}"
5964,2015:5000965386,2015-06-09T10:47:00,DUNDAS ST W,HURON ST,,3,Non-Fatal Injury,Non-Intersection,No Control,Rear End,Clear,Daylight,Dry,Major Arterial,FALSE,-79.3970229,43.6531582,2,Automobile or Station Wagon,East,2,50,None,Lap and Shoulder Belt,Driving properly,Normal,,,Stopped,,,,,driver,,Spadina-Fort York (10),52 Division,Kensington-Chinatown,FALSE,FALSE,FALSE,FALSE,FALSE,FALSE,FALSE,FALSE,FALSE,FALSE,"{""coordinates"": [[-79.39702289941287, 43.653158201983]], ""type"": ""MultiPoint""}"
5965,2015:5000965386,2015-06-09T10:47:00,DUNDAS ST W,HURON ST,,3,Non-Fatal Injury,Non-Intersection,No Control,Rear End,Clear,Daylight,Dry,Major Arterial,FALSE,-79.3970229,43.6531582,1,Automobile or Station Wagon,East,1,45,Major,Lap and Shoulder Belt,Lost control,Medical or Physical Disability,,,Going Ahead,,,,,driver,,Spadina-Fort York (10),52 Division,Kensington-Chinatown,FALSE,FALSE,FALSE,FALSE,FALSE,FALSE,FALSE,FALSE,FALSE,FALSE,"{""coordinates"": [[-79.39702289941287, 43.653158201983]], ""type"": ""MultiPoint""}"
5966,2015:5000965386,2015-06-09T10:47:00,DUNDAS ST W,HURON ST,,3,Non-Fatal Injury,Non-Intersection,No Control,Rear End,Clear,Daylight,Dry,Major Arterial,FALSE,-79.3970229,43.6531582,0,,,3,48,None,Lap and Shoulder Belt,,,,,,,,,,passenger,,Spadina-Fort York (10),52 Division,Kensington-Chinatown,FALSE,FALSE,FALSE,FALSE,FALSE,FALSE,FALSE,FALSE,FALSE,FALSE,"{""coordinates"": [[-79.39702289941287, 43.653158201983]], ""type"": ""MultiPoint""}"
5967,2015:5000997483,2015-06-12T05:30:00,GERRARD ST E,WOODBINE AVE,1 m East of,2,Non-Fatal Injury,Intersection-Related,Traffic Signal,Other,Clear,Dark with Artificial Lighting,Dry,Major Arterial,FALSE,-79.31074869,43.68078007,1,,,2,29,Major,No Equipment Available,,,,,,,,,,passenger,,Beaches-East York (19),55 Division,East End-Danforth,FALSE,FALSE,FALSE,FALSE,FALSE,FALSE,FALSE,FALSE,FALSE,FALSE,"{""coordinates"": [[-79.31074869461928, 43.680780073244314]], ""type"": ""MultiPoint""}"
5968,2015:5000997483,2015-06-12T05:30:00,GERRARD ST E,WOODBINE AVE,1 m East of,2,Non-Fatal Injury,Intersection-Related,Traffic Signal,Other,Clear,Dark with Artificial Lighting,Dry,Major Arterial,FALSE,-79.31074869,43.68078007,1,Automobile or Station Wagon,West,1,40,None,Use Unknown,Other,Normal,,,Going Ahead,,,,,driver,,Beaches-East York (19),55 Division,East End-Danforth,FALSE,FALSE,FALSE,FALSE,FALSE,FALSE,FALSE,FALSE,FALSE,FALSE,"{""coordinates"": [[-79.31074869461928, 43.680780073244314]], ""type"": ""MultiPoint""}"
5969,2015:5000984230,2015-06-12T07:56:00,WILSON AVE,DALLNER RD,,2,Non-Fatal Injury,At Intersection,Stop Sign,Turning Movement,Clear,Daylight,Dry,Major Arterial,FALSE,-79.51378999,43.71981234,1,Automobile or Station Wagon,South,1,28,Major,Lap and Shoulder Belt,Failed to yield right-of-way,Inattentive,,,Turning Left,,,,,driver,,Humber River-Black Creek (7),31 Division,Oakdale-Beverley Heights,TRUE,TRUE,FALSE,FALSE,FALSE,FALSE,FALSE,FALSE,FALSE,FALSE,"{""coordinates"": [[-79.51378999471649, 43.719812336738116]], ""type"": ""MultiPoint""}"
5970,2015:5000984230,2015-06-12T07:56:00,WILSON AVE,DALLNER RD,,2,Non-Fatal Injury,At Intersection,Stop Sign,Turning Movement,Clear,Daylight,Dry,Major Arterial,FALSE,-79.51378999,43.71981234,2,Automobile or Station Wagon,West,2,46,Minor,Lap and Shoulder Belt,Driving properly,Normal,,,Going Ahead,,,,,driver,,Humber River-Black Creek (7),31 Division,Oakdale-Beverley Heights,TRUE,TRUE,FALSE,FALSE,FALSE,FALSE,FALSE,FALSE,FALSE,FALSE,"{""coordinates"": [[-79.51378999471649, 43.719812336738116]], ""type"": ""MultiPoint""}"
5972,2015:5000998310,2015-06-14T14:09:00,TRETHEWEY DR,CLEARVIEW HTS,5 m West of,3,Non-Fatal Injury,At Intersection,No Control,Approaching Head On,Rain,Daylight,Wet,Minor Arterial,FALSE,-79.483189,43.69335331,2,Automobile or Station Wagon,West,1,54,None,Lap and Shoulder Belt,Speed too fast for conditions,Inattentive,,,Going Ahead,,,,,driver,,York South-Weston (5),12 Division,Beechborough-Greenbrook,TRUE,TRUE,FALSE,FALSE,FALSE,FALSE,FALSE,FALSE,FALSE,FALSE,"{""coordinates"": [[-79.48318899503703, 43.69335331082782]], ""type"": ""MultiPoint""}"
5973,2015:5000998310,2015-06-14T14:09:00,TRETHEWEY DR,CLEARVIEW HTS,5 m West of,3,Non-Fatal Injury,At Intersection,No Control,Approaching Head On,Rain,Daylight,Wet,Minor Arterial,FALSE,-79.483189,43.69335331,2,Automobile or Station Wagon,East,2,28,Major,Lap and Shoulder Belt,Driving properly,Normal,,,Going Ahead,,,,,driver,,York South-Weston (5),12 Division,Beechborough-Greenbrook,TRUE,TRUE,FALSE,FALSE,FALSE,FALSE,FALSE,FALSE,FALSE,FALSE,"{""coordinates"": [[-79.48318899503703, 43.69335331082782]], ""type"": ""MultiPoint""}"
5974,2015:5000998310,2015-06-14T14:09:00,TRETHEWEY DR,CLEARVIEW HTS,5 m West of,3,Non-Fatal Injury,At Intersection,No Control,Approaching Head On,Rain,Daylight,Wet,Minor Arterial,FALSE,-79.483189,43.69335331,2,,,3,24,Minor,Lap and Shoulder Belt,,,,,,,,,,passenger,,York South-Weston (5),12 Division,Beechborough-Greenbrook,TRUE,TRUE,FALSE,FALSE,FALSE,FALSE,FALSE,FALSE,FALSE,FALSE,"{""coordinates"": [[-79.48318899503703, 43.69335331082782]], ""type"": ""MultiPoint""}"
5975,2015:5001008776,2015-06-16T07:15:00,BAYVIEW AVE,SUTHERLAND DR,,2,Non-Fatal Injury,At Intersection,Stop Sign,Turning Movement,Rain,Dawn,Wet,Major Arterial,FALSE,-79.37249378,43.69872116,2,Motorcycle,West,2,34,Major,Helmet,Failed to yield right-of-way,Normal,,,Turning Left,,,,,motorcyclist,,Don Valley West (15),53 Division,Leaside-Bennington,TRUE,FALSE,FALSE,TRUE,FALSE,FALSE,FALSE,FALSE,FALSE,TRUE,"{""coordinates"": [[-79.37249378340351, 43.698721156826586]], ""type"": ""MultiPoint""}"
5976,2015:5001008776,2015-06-16T07:15:00,BAYVIEW AVE,SUTHERLAND DR,,2,Non-Fatal Injury,At Intersection,Stop Sign,Turning Movement,Rain,Dawn,Wet,Major Arterial,FALSE,-79.37249378,43.69872116,1,Municipal Transit Bus (TTC),North,1,31,None,Use Unknown,Speed too fast for conditions,Normal,,,Going Ahead,,,,,driver,,Don Valley West (15),53 Division,Leaside-Bennington,TRUE,FALSE,FALSE,TRUE,FALSE,FALSE,FALSE,FALSE,FALSE,TRUE,"{""coordinates"": [[-79.37249378340351, 43.698721156826586]], ""type"": ""MultiPoint""}"
5977,2015:5001013446,2015-06-16T20:49:00,BAYVIEW BLOOR DVP RAMP,DON VALLEY PARKWAY N,,1,Non-Fatal Injury,Underpass or Tunnel,No Control,SMV Other,Clear,Dusk,Dry,,FALSE,-79.36238479,43.68284815,1,Motorcycle,West,1,36,Major,Helmet,Lost control,Normal,,,Going Ahead,,,,,motorcyclist,,Toronto-Danforth (14),55 Division,Broadview North,FALSE,FALSE,FALSE,TRUE,FALSE,FALSE,FALSE,FALSE,FALSE,FALSE,"{""coordinates"": [[-79.36238478829756, 43.68284814573862]], ""type"": ""MultiPoint""}"
5978,2015:5001077682,2015-06-26T16:52:00,SHEPPARD AVE E,SHAUGHNESSY BLVD,5 m West of,3,Non-Fatal Injury,Intersection-Related,Traffic Signal,Turning Movement,Clear,Daylight,Dry,Major Arterial,FALSE,-79.35331365,43.77371812,2,,,3,26,None,Lap and Shoulder Belt,,,,,,,,,,passenger,,Don Valley North (17),33 Division,Henry Farm,FALSE,FALSE,FALSE,TRUE,FALSE,FALSE,FALSE,FALSE,FALSE,FALSE,"{""coordinates"": [[-79.35331365063698, 43.77371812246327]], ""type"": ""MultiPoint""}"
5979,2015:5001077682,2015-06-26T16:52:00,SHEPPARD AVE E,SHAUGHNESSY BLVD,5 m West of,3,Non-Fatal Injury,Intersection-Related,Traffic Signal,Turning Movement,Clear,Daylight,Dry,Major Arterial,FALSE,-79.35331365,43.77371812,1,Motorcycle,West,1,63,Major,Helmet,Improper turn,Normal,,,Turning Left,,,,,motorcyclist,,Don Valley North (17),33 Division,Henry Farm,FALSE,FALSE,FALSE,TRUE,FALSE,FALSE,FALSE,FALSE,FALSE,FALSE,"{""coordinates"": [[-79.35331365063698, 43.77371812246327]], ""type"": ""MultiPoint""}"
5980,2015:5001077682,2015-06-26T16:52:00,SHEPPARD AVE E,SHAUGHNESSY BLVD,5 m West of,3,Non-Fatal Injury,Intersection-Related,Traffic Signal,Turning Movement,Clear,Daylight,Dry,Major Arterial,FALSE,-79.35331365,43.77371812,2,Automobile or Station Wagon,East,2,28,None,Lap and Shoulder Belt,Driving properly,Normal,,,Going Ahead,,,,,driver,,Don Valley North (17),33 Division,Henry Farm,FALSE,FALSE,FALSE,TRUE,FALSE,FALSE,FALSE,FALSE,FALSE,FALSE,"{""coordinates"": [[-79.35331365063698, 43.77371812246327]], ""type"": ""MultiPoint""}"
5981,2015:5001088565,2015-06-28T15:39:00,1491 LAKE SHORE BLVD W,,100 m West of,3,Non-Fatal Injury,Non-Intersection,No Control,SMV Other,Rain,Daylight,Wet,Major Arterial,FALSE,-79.44409602,43.63641928,1,,,3,20,Minor,Use Unknown,,,,,,,,,,passenger,,Parkdale-High Park (4),14 Division,South Parkdale,TRUE,TRUE,FALSE,FALSE,FALSE,FALSE,FALSE,FALSE,FALSE,FALSE,"{""coordinates"": [[-79.44409601938511, 43.636419277503144]], ""type"": ""MultiPoint""}"
5982,2015:5001088565,2015-06-28T15:39:00,1491 LAKE SHORE BLVD W,,100 m West of,3,Non-Fatal Injury,Non-Intersection,No Control,SMV Other,Rain,Daylight,Wet,Major Arterial,FALSE,-79.44409602,43.63641928,1,Automobile or Station Wagon,East,2,20,Major,Use Unknown,Speed too fast for conditions,Inattentive,,,Changing Lanes,,,,,driver,,Parkdale-High Park (4),14 Division,South Parkdale,TRUE,TRUE,FALSE,FALSE,FALSE,FALSE,FALSE,FALSE,FALSE,FALSE,"{""coordinates"": [[-79.44409601938511, 43.636419277503144]], ""type"": ""MultiPoint""}"
5983,2015:5001088565,2015-06-28T15:39:00,1491 LAKE SHORE BLVD W,,100 m West of,3,Non-Fatal Injury,Non-Intersection,No Control,SMV Other,Rain,Daylight,Wet,Major Arterial,FALSE,-79.44409602,43.63641928,1,,,1,20,Minor,Equipment Not Used But Available,,,,,,,,,,passenger,,Parkdale-High Park (4),14 Division,South Parkdale,TRUE,TRUE,FALSE,FALSE,FALSE,FALSE,FALSE,FALSE,FALSE,FALSE,"{""coordinates"": [[-79.44409601938511, 43.636419277503144]], ""type"": ""MultiPoint""}"
5984,2015:5001095656,2015-06-29T17:45:00,300 PROGRESS AVE,,40 m East of,3,Non-Fatal Injury,Non-Intersection,No Control,Turning Movement,Clear,Daylight,Dry,Minor Arterial,FALSE,-79.26690251,43.77432402,1,,,2,63,None,Use Unknown,,,,,,,,,,passenger,,Scarborough Centre (21),41 Division,Bendale-Glen Andrew,FALSE,FALSE,FALSE,TRUE,FALSE,FALSE,FALSE,FALSE,FALSE,FALSE,"{""coordinates"": [[-79.26690250820133, 43.77432401794538]], ""type"": ""MultiPoint""}"
5985,2015:5001095656,2015-06-29T17:45:00,300 PROGRESS AVE,,40 m East of,3,Non-Fatal Injury,Non-Intersection,No Control,Turning Movement,Clear,Daylight,Dry,Minor Arterial,FALSE,-79.26690251,43.77432402,2,Motorcycle,West,1,52,Major,Use Unknown,Driving properly,Normal,,,Going Ahead,,,,,motorcyclist,,Scarborough Centre (21),41 Division,Bendale-Glen Andrew,FALSE,FALSE,FALSE,TRUE,FALSE,FALSE,FALSE,FALSE,FALSE,FALSE,"{""coordinates"": [[-79.26690250820133, 43.77432401794538]], ""type"": ""MultiPoint""}"
5986,2015:5001095656,2015-06-29T17:45:00,300 PROGRESS AVE,,40 m East of,3,Non-Fatal Injury,Non-Intersection,No Control,Turning Movement,Clear,Daylight,Dry,Minor Arterial,FALSE,-79.26690251,43.77432402,1,Automobile or Station Wagon,West,3,59,Minimal,Use Unknown,Improper turn,Unknown,,,Making U-Turn,,,,,driver,,Scarborough Centre (21),41 Division,Bendale-Glen Andrew,FALSE,FALSE,FALSE,TRUE,FALSE,FALSE,FALSE,FALSE,FALSE,FALSE,"{""coordinates"": [[-79.26690250820133, 43.77432401794538]], ""type"": ""MultiPoint""}"
5987,2015:5001105926,2015-07-01T09:49:00,MARKHAM RD,PROGRESS AVE,,3,Non-Fatal Injury,At Intersection,Traffic Signal,Turning Movement,Clear,Daylight,Dry,Major Arterial,FALSE,-79.23388245,43.78173598,1,,,3,9,Major,Lap and Shoulder Belt,,,,,,,,,,passenger,,Scarborough-Guildwood (24),43 Division,Woburn North,TRUE,TRUE,FALSE,FALSE,FALSE,FALSE,FALSE,FALSE,TRUE,FALSE,"{""coordinates"": [[-79.23388245270809, 43.78173598282072]], ""type"": ""MultiPoint""}"
5988,2015:5001105926,2015-07-01T09:49:00,MARKHAM RD,PROGRESS AVE,,3,Non-Fatal Injury,At Intersection,Traffic Signal,Turning Movement,Clear,Daylight,Dry,Major Arterial,FALSE,-79.23388245,43.78173598,1,Automobile or Station Wagon,East,1,40,None,Lap and Shoulder Belt,Failed to yield right-of-way,Inattentive,,,Turning Left,,,,,driver,,Scarborough-Guildwood (24),43 Division,Woburn North,TRUE,TRUE,FALSE,FALSE,FALSE,FALSE,FALSE,FALSE,TRUE,FALSE,"{""coordinates"": [[-79.23388245270809, 43.78173598282072]], ""type"": ""MultiPoint""}"
5989,2015:5001105926,2015-07-01T09:49:00,MARKHAM RD,PROGRESS AVE,,3,Non-Fatal Injury,At Intersection,Traffic Signal,Turning Movement,Clear,Daylight,Dry,Major Arterial,FALSE,-79.23388245,43.78173598,2,Automobile or Station Wagon,West,2,35,Minimal,Lap and Shoulder Belt,Driving properly,Normal,,,Going Ahead,,,,,driver,,Scarborough-Guildwood (24),43 Division,Woburn North,TRUE,TRUE,FALSE,FALSE,FALSE,FALSE,FALSE,FALSE,TRUE,FALSE,"{""coordinates"": [[-79.23388245270809, 43.78173598282072]], ""type"": ""MultiPoint""}"
5990,2015:5001107596,2015-07-01T15:25:00,GERRARD ST E,RIVER ST,,3,Non-Fatal Injury,At Intersection,Traffic Signal,Turning Movement,Clear,Daylight,Dry,Minor Arterial,FALSE,-79.35923381,43.66369414,2,Motorcycle,North,2,49,Major,Helmet,Failed to yield right-of-way,Normal,,,Going Ahead,,,,,motorcyclist,,Toronto Centre (13),51 Division,Regent Park,TRUE,TRUE,FALSE,TRUE,FALSE,FALSE,FALSE,TRUE,TRUE,FALSE,"{""coordinates"": [[-79.35923381041572, 43.66369414449005]], ""type"": ""MultiPoint""}"
5991,2015:5001107596,2015-07-01T15:25:00,GERRARD ST E,RIVER ST,,3,Non-Fatal Injury,At Intersection,Traffic Signal,Turning Movement,Clear,Daylight,Dry,Minor Arterial,FALSE,-79.35923381,43.66369414,1,Automobile or Station Wagon,South,1,30,None,Use Unknown,Disobeyed traffic control,Inattentive,,,Turning Left,,,,,driver,,Toronto Centre (13),51 Division,Regent Park,TRUE,TRUE,FALSE,TRUE,FALSE,FALSE,FALSE,TRUE,TRUE,FALSE,"{""coordinates"": [[-79.35923381041572, 43.66369414449005]], ""type"": ""MultiPoint""}"
5992,2015:5001107596,2015-07-01T15:25:00,GERRARD ST E,RIVER ST,,3,Non-Fatal Injury,At Intersection,Traffic Signal,Turning Movement,Clear,Daylight,Dry,Minor Arterial,FALSE,-79.35923381,43.66369414,1,,,3,18,Major,Helmet,,,,,,,,,,passenger,,Toronto Centre (13),51 Division,Regent Park,TRUE,TRUE,FALSE,TRUE,FALSE,FALSE,FALSE,TRUE,TRUE,FALSE,"{""coordinates"": [[-79.35923381041572, 43.66369414449005]], ""type"": ""MultiPoint""}"
5993,2015:5001109964,2015-07-01T23:30:00,WALSH AVE,WESTON RD,22 m East of,4,Non-Fatal Injury,Non-Intersection,Traffic Signal,Rear End,Clear,Dark with Artificial Lighting,Dry,Major Arterial,FALSE,-79.53727403,43.71699737,1,Automobile or Station Wagon,West,2,40,Major,Use Unknown,Following too closely,Ability Impaired - Alcohol Over .08,,,Going Ahead,,,,,driver,,Humber River-Black Creek (7),31 Division,Pelmo Park-Humberlea,TRUE,FALSE,FALSE,FALSE,FALSE,FALSE,FALSE,FALSE,FALSE,TRUE,"{""coordinates"": [[-79.5372740297079, 43.71699736504823]], ""type"": ""MultiPoint""}"
5994,2015:5001109964,2015-07-01T23:30:00,WALSH AVE,WESTON RD,22 m East of,4,Non-Fatal Injury,Non-Intersection,Traffic Signal,Rear End,Clear,Dark with Artificial Lighting,Dry,Major Arterial,FALSE,-79.53727403,43.71699737,2,Truck - Closed,West,3,52,None,Lap and Shoulder Belt,Driving properly,Normal,,,Stopped,,,,,driver,,Humber River-Black Creek (7),31 Division,Pelmo Park-Humberlea,TRUE,FALSE,FALSE,FALSE,FALSE,FALSE,FALSE,FALSE,FALSE,TRUE,"{""coordinates"": [[-79.5372740297079, 43.71699736504823]], ""type"": ""MultiPoint""}"
5995,2015:5001109964,2015-07-01T23:30:00,WALSH AVE,WESTON RD,22 m East of,4,Non-Fatal Injury,Non-Intersection,Traffic Signal,Rear End,Clear,Dark with Artificial Lighting,Dry,Major Arterial,FALSE,-79.53727403,43.71699737,1,,,1,48,Major,Use Unknown,,,,,,,,,,passenger,,Humber River-Black Creek (7),31 Division,Pelmo Park-Humberlea,TRUE,FALSE,FALSE,FALSE,FALSE,FALSE,FALSE,FALSE,FALSE,TRUE,"{""coordinates"": [[-79.5372740297079, 43.71699736504823]], ""type"": ""MultiPoint""}"
5996,2015:5001109964,2015-07-01T23:30:00,WALSH AVE,WESTON RD,22 m East of,4,Non-Fatal Injury,Non-Intersection,Traffic Signal,Rear End,Clear,Dark with Artificial Lighting,Dry,Major Arterial,FALSE,-79.53727403,43.71699737,1,,,4,44,Minor,Air Bag Deployed,,,,,,,,,,passenger,,Humber River-Black Creek (7),31 Division,Pelmo Park-Humberlea,TRUE,FALSE,FALSE,FALSE,FALSE,FALSE,FALSE,FALSE,FALSE,TRUE,"{""coordinates"": [[-79.5372740297079, 43.71699736504823]], ""type"": ""MultiPoint""}"
6000,2015:5001160138,2015-07-09T14:07:00,BAYVIEW AVE,WYCLIFFE CRES,26 m South of,3,Non-Fatal Injury,Non-Intersection,No Control,Rear End,Clear,Daylight,Dry,Major Arterial,FALSE,-79.38997271,43.77523217,2,Automobile or Station Wagon,North,2,66,None,Lap and Shoulder Belt,Driving properly,Normal,,,Slowing or Stopping,,,,,driver,,Don Valley North (17),33 Division,Bayview Village,FALSE,TRUE,FALSE,FALSE,FALSE,TRUE,FALSE,FALSE,FALSE,FALSE,"{""coordinates"": [[-79.38997270923836, 43.77523216672687]], ""type"": ""MultiPoint""}"
6001,2015:5001160138,2015-07-09T14:07:00,BAYVIEW AVE,WYCLIFFE CRES,26 m South of,3,Non-Fatal Injury,Non-Intersection,No Control,Rear End,Clear,Daylight,Dry,Major Arterial,FALSE,-79.38997271,43.77523217,3,Automobile or Station Wagon,North,3,60,None,Lap and Shoulder Belt,Driving properly,Normal,,,Slowing or Stopping,,,,,driver,,Don Valley North (17),33 Division,Bayview Village,FALSE,TRUE,FALSE,FALSE,FALSE,TRUE,FALSE,FALSE,FALSE,FALSE,"{""coordinates"": [[-79.38997270923836, 43.77523216672687]], ""type"": ""MultiPoint""}"
6002,2015:5001160138,2015-07-09T14:07:00,BAYVIEW AVE,WYCLIFFE CRES,26 m South of,3,Non-Fatal Injury,Non-Intersection,No Control,Rear End,Clear,Daylight,Dry,Major Arterial,FALSE,-79.38997271,43.77523217,1,Automobile or Station Wagon,North,1,59,Major,Lap and Shoulder Belt,Lost control,Inattentive,,,Going Ahead,,,,,driver,,Don Valley North (17),33 Division,Bayview Village,FALSE,TRUE,FALSE,FALSE,FALSE,TRUE,FALSE,FALSE,FALSE,FALSE,"{""coordinates"": [[-79.38997270923836, 43.77523216672687]], ""type"": ""MultiPoint""}"
6003,2015:5001168527,2015-07-10T18:50:00,EGLINTON AVE W,ROYAL YORK RD,,2,Non-Fatal Injury,At Intersection,Traffic Signal,Turning Movement,Clear,Daylight,Dry,Major Arterial,TRUE,-79.52656208,43.68226437,2,Motorcycle,East,2,55,Major,Helmet,Driving properly,Normal,,,Going Ahead,,,,,motorcyclist,,Etobicoke Centre (2),22 Division,Edenbridge-Humber Valley,TRUE,FALSE,FALSE,TRUE,FALSE,FALSE,FALSE,FALSE,FALSE,FALSE,"{""coordinates"": [[-79.52656208052214, 43.682264371010646]], ""type"": ""MultiPoint""}"
6004,2015:5001169933,2015-07-10T23:25:00,KIPLING AVE,BEACONHILL RD,30 m South of,3,Non-Fatal Injury,Non-Intersection,Traffic Signal,Rear End,Clear,Dark,Dry,Major Arterial,FALSE,-79.58708603,43.7536104,1,Automobile or Station Wagon,North,1,35,None,Lap and Shoulder Belt,Lost control,Ability Impaired - Alcohol Over .08,,,Changing Lanes,,,,,driver,,Etobicoke North (1),23 Division,Mount Olive-Silverstone-Jamestown,FALSE,FALSE,FALSE,FALSE,FALSE,FALSE,FALSE,FALSE,FALSE,TRUE,"{""coordinates"": [[-79.58708602589968, 43.75361040105488]], ""type"": ""MultiPoint""}"
6005,2015:5001169933,2015-07-10T23:25:00,KIPLING AVE,BEACONHILL RD,30 m South of,3,Non-Fatal Injury,Non-Intersection,Traffic Signal,Rear End,Clear,Dark,Dry,Major Arterial,FALSE,-79.58708603,43.7536104,1,,,3,50,Major,Lap and Shoulder Belt,,,,,,,,,,passenger,,Etobicoke North (1),23 Division,Mount Olive-Silverstone-Jamestown,FALSE,FALSE,FALSE,FALSE,FALSE,FALSE,FALSE,FALSE,FALSE,TRUE,"{""coordinates"": [[-79.58708602589968, 43.75361040105488]], ""type"": ""MultiPoint""}"
6006,2015:5001169933,2015-07-10T23:25:00,KIPLING AVE,BEACONHILL RD,30 m South of,3,Non-Fatal Injury,Non-Intersection,Traffic Signal,Rear End,Clear,Dark,Dry,Major Arterial,FALSE,-79.58708603,43.7536104,2,Municipal Transit Bus (TTC),North,2,51,None,Lap and Shoulder Belt,Driving properly,Normal,,,Slowing or Stopping,,,,,driver,,Etobicoke North (1),23 Division,Mount Olive-Silverstone-Jamestown,FALSE,FALSE,FALSE,FALSE,FALSE,FALSE,FALSE,FALSE,FALSE,TRUE,"{""coordinates"": [[-79.58708602589968, 43.75361040105488]], ""type"": ""MultiPoint""}"
6007,2015:5001176666,2015-07-12T23:54:00,LAKE SHORE BLVD W,ONTARIO DR,73 m West of,2,Non-Fatal Injury,Intersection-Related,Traffic Signal,SMV Other,Clear,Dark with Artificial Lighting,Dry,Major Arterial,TRUE,-79.41977298,43.63041524,1,Truck - Other,North,1,22,None,Use Unknown,Driving properly,Unknown,,,Turning Left,,,,,driver,,Spadina-Fort York (10),14 Division,Fort York-Liberty Village,FALSE,FALSE,FALSE,FALSE,FALSE,FALSE,FALSE,FALSE,FALSE,TRUE,"{""coordinates"": [[-79.41977298067638, 43.630415242520186]], ""type"": ""MultiPoint""}"
6008,2015:5001176666,2015-07-12T23:54:00,LAKE SHORE BLVD W,ONTARIO DR,73 m West of,2,Non-Fatal Injury,Intersection-Related,Traffic Signal,SMV Other,Clear,Dark with Artificial Lighting,Dry,Major Arterial,TRUE,-79.41977298,43.63041524,1,,,2,22,Major,No Equipment Available,,,,,,,,,,passenger,,Spadina-Fort York (10),14 Division,Fort York-Liberty Village,FALSE,FALSE,FALSE,FALSE,FALSE,FALSE,FALSE,FALSE,FALSE,TRUE,"{""coordinates"": [[-79.41977298067638, 43.630415242520186]], ""type"": ""MultiPoint""}"
6009,2015:5001203164,2015-07-15T20:30:00,DANFORTH AVE,AUGUST AVE,,4,Non-Fatal Injury,Intersection-Related,Stop Sign,Turning Movement,Clear,Daylight,Dry,Major Arterial,FALSE,-79.28110862,43.69280403,0,,,4,12,None,Use Unknown,,,,,,,,,,passenger,,Scarborough Southwest (20),41 Division,Oakridge,FALSE,FALSE,FALSE,TRUE,FALSE,FALSE,FALSE,FALSE,TRUE,FALSE,"{""coordinates"": [[-79.28110862405192, 43.69280403161137]], ""type"": ""MultiPoint""}"
6010,2015:5001203164,2015-07-15T20:30:00,DANFORTH AVE,AUGUST AVE,,4,Non-Fatal Injury,Intersection-Related,Stop Sign,Turning Movement,Clear,Daylight,Dry,Major Arterial,FALSE,-79.28110862,43.69280403,1,Automobile or Station Wagon,North,1,60,None,Lap and Shoulder Belt,Improper turn,Normal,,,Turning Left,,,,,driver,,Scarborough Southwest (20),41 Division,Oakridge,FALSE,FALSE,FALSE,TRUE,FALSE,FALSE,FALSE,FALSE,TRUE,FALSE,"{""coordinates"": [[-79.28110862405192, 43.69280403161137]], ""type"": ""MultiPoint""}"
6011,2015:5001203164,2015-07-15T20:30:00,DANFORTH AVE,AUGUST AVE,,4,Non-Fatal Injury,Intersection-Related,Stop Sign,Turning Movement,Clear,Daylight,Dry,Major Arterial,FALSE,-79.28110862,43.69280403,0,,,3,45,None,Use Unknown,,,,,,,,,,passenger,,Scarborough Southwest (20),41 Division,Oakridge,FALSE,FALSE,FALSE,TRUE,FALSE,FALSE,FALSE,FALSE,TRUE,FALSE,"{""coordinates"": [[-79.28110862405192, 43.69280403161137]], ""type"": ""MultiPoint""}"