_id,collision_id,accdate,stname1,stname2,stname3,per_inv,acclass,accloc,traffictl,impactype,visible,light,rdsfcond,road_class,failtorem,longitude,latitude,veh_no,vehtype,initdir,per_no,invage,injury,safequip,drivact,drivcond,pedact,pedcond,manoeuvre,pedtype,cyclistype,cycact,cyccond,road_user,fatal_no,wardname,division,neighbourhood,aggressive,distracted,cyclist,motorcyclist,other_micromobility,older_adult,pedestrian,red_light,school_child,heavy_truck,geometry
6353,2016:6000522644,2016-03-27T21:53:00,MONOGRAM PL,ISLINGTON AVE,,3,Non-Fatal Injury,At Intersection,Traffic Signal,Turning Movement,Clear,Dark with Artificial Lighting,Dry,Major Arterial,FALSE,-79.55042707,43.70509939,2,Automobile or Station Wagon,East,2,50,Major,Lap and Shoulder Belt,Driving properly,Normal,,,Turning Left,,,,,driver,,Etobicoke North (1),23 Division,Kingsview Village-The Westway,TRUE,FALSE,FALSE,FALSE,FALSE,FALSE,FALSE,TRUE,FALSE,FALSE,"{""coordinates"": [[-79.55042706859406, 43.705099386677155]], ""type"": ""MultiPoint""}"
6354,2016:6000522644,2016-03-27T21:53:00,MONOGRAM PL,ISLINGTON AVE,,3,Non-Fatal Injury,At Intersection,Traffic Signal,Turning Movement,Clear,Dark with Artificial Lighting,Dry,Major Arterial,FALSE,-79.55042707,43.70509939,1,Automobile or Station Wagon,South,1,29,None,Use Unknown,Disobeyed traffic control,Had Been Drinking,,,Going Ahead,,,,,driver,,Etobicoke North (1),23 Division,Kingsview Village-The Westway,TRUE,FALSE,FALSE,FALSE,FALSE,FALSE,FALSE,TRUE,FALSE,FALSE,"{""coordinates"": [[-79.55042706859406, 43.705099386677155]], ""type"": ""MultiPoint""}"
6355,2016:6000548674,2016-03-31T22:10:00,OAKWOOD AVE,VAUGHAN RD,2 m South of,2,Non-Fatal Injury,At Intersection,Traffic Signal,Other,Rain,Dark with Artificial Lighting,Wet,Minor Arterial,FALSE,-79.44083092,43.69264425,1,,,2,60,Major,No Equipment Available,,,,,,,,,,passenger,,Toronto-St. Paul's (12),13 Division,Oakwood Village,FALSE,FALSE,FALSE,FALSE,FALSE,FALSE,FALSE,FALSE,FALSE,TRUE,"{""coordinates"": [[-79.44083091832314, 43.692644252555276]], ""type"": ""MultiPoint""}"
6356,2016:6000548674,2016-03-31T22:10:00,OAKWOOD AVE,VAUGHAN RD,2 m South of,2,Non-Fatal Injury,At Intersection,Traffic Signal,Other,Rain,Dark with Artificial Lighting,Wet,Minor Arterial,FALSE,-79.44083092,43.69264425,1,Municipal Transit Bus (TTC),North,1,41,None,Lap and Shoulder Belt,Driving properly,Normal,,,Pulling Away from Shoulder or Curb,,,,,driver,,Toronto-St. Paul's (12),13 Division,Oakwood Village,FALSE,FALSE,FALSE,FALSE,FALSE,FALSE,FALSE,FALSE,FALSE,TRUE,"{""coordinates"": [[-79.44083091832314, 43.692644252555276]], ""type"": ""MultiPoint""}"
6357,2016:6000555439,2016-04-01T22:06:00,THE QUEENSWAY,ROYAL YORK RD,,4,Non-Fatal Injury,At Intersection,Traffic Signal,Turning Movement,Clear,Dark with Artificial Lighting,Dry,Major Arterial,FALSE,-79.50262115,43.62632537,1,Automobile or Station Wagon,East,1,46,Minimal,Lap and Shoulder Belt,Improper turn,Normal,,,Turning Left,,,,,driver,,Etobicoke-Lakeshore (3),22 Division,Stonegate-Queensway,TRUE,FALSE,FALSE,FALSE,FALSE,FALSE,FALSE,FALSE,TRUE,FALSE,"{""coordinates"": [[-79.50262115280489, 43.62632537040179]], ""type"": ""MultiPoint""}"
6358,2016:6000555439,2016-04-01T22:06:00,THE QUEENSWAY,ROYAL YORK RD,,4,Non-Fatal Injury,At Intersection,Traffic Signal,Turning Movement,Clear,Dark with Artificial Lighting,Dry,Major Arterial,FALSE,-79.50262115,43.62632537,2,Automobile or Station Wagon,West,2,22,Minor,Lap and Shoulder Belt,Exceeding speed limit,Normal,,,Going Ahead,,,,,driver,,Etobicoke-Lakeshore (3),22 Division,Stonegate-Queensway,TRUE,FALSE,FALSE,FALSE,FALSE,FALSE,FALSE,FALSE,TRUE,FALSE,"{""coordinates"": [[-79.50262115280489, 43.62632537040179]], ""type"": ""MultiPoint""}"
6359,2016:6000555439,2016-04-01T22:06:00,THE QUEENSWAY,ROYAL YORK RD,,4,Non-Fatal Injury,At Intersection,Traffic Signal,Turning Movement,Clear,Dark with Artificial Lighting,Dry,Major Arterial,FALSE,-79.50262115,43.62632537,1,,,3,16,Minimal,Lap and Shoulder Belt,,,,,,,,,,passenger,,Etobicoke-Lakeshore (3),22 Division,Stonegate-Queensway,TRUE,FALSE,FALSE,FALSE,FALSE,FALSE,FALSE,FALSE,TRUE,FALSE,"{""coordinates"": [[-79.50262115280489, 43.62632537040179]], ""type"": ""MultiPoint""}"
6360,2016:6000555439,2016-04-01T22:06:00,THE QUEENSWAY,ROYAL YORK RD,,4,Non-Fatal Injury,At Intersection,Traffic Signal,Turning Movement,Clear,Dark with Artificial Lighting,Dry,Major Arterial,FALSE,-79.50262115,43.62632537,2,,,4,25,Major,Lap and Shoulder Belt,,,,,,,,,,passenger,,Etobicoke-Lakeshore (3),22 Division,Stonegate-Queensway,TRUE,FALSE,FALSE,FALSE,FALSE,FALSE,FALSE,FALSE,TRUE,FALSE,"{""coordinates"": [[-79.50262115280489, 43.62632537040179]], ""type"": ""MultiPoint""}"
6361,2016:6000566615,2016-04-03T19:30:00,FINCH AVE E,CHEROKEE BLVD,150 m East of,8,Non-Fatal Injury,Non-Intersection,No Control,Approaching Head On,Snow,Dark,Ice,Major Arterial,FALSE,-79.3354836,43.7928711,2,,,8,5,Minor,Use Unknown,,,,,,,,,,passenger,,Don Valley North (17),33 Division,Pleasant View,TRUE,FALSE,FALSE,FALSE,FALSE,TRUE,FALSE,FALSE,TRUE,FALSE,"{""coordinates"": [[-79.3354836029161, 43.79287110121635]], ""type"": ""MultiPoint""}"
6362,2016:6000566615,2016-04-03T19:30:00,FINCH AVE E,CHEROKEE BLVD,150 m East of,8,Non-Fatal Injury,Non-Intersection,No Control,Approaching Head On,Snow,Dark,Ice,Major Arterial,FALSE,-79.3354836,43.7928711,1,Automobile or Station Wagon,East,1,29,None,Lap and Shoulder Belt,Speed too fast for conditions,Normal,,,Going Ahead,,,,,driver,,Don Valley North (17),33 Division,Pleasant View,TRUE,FALSE,FALSE,FALSE,FALSE,TRUE,FALSE,FALSE,TRUE,FALSE,"{""coordinates"": [[-79.3354836029161, 43.79287110121635]], ""type"": ""MultiPoint""}"
6363,2016:6000566615,2016-04-03T19:30:00,FINCH AVE E,CHEROKEE BLVD,150 m East of,8,Non-Fatal Injury,Non-Intersection,No Control,Approaching Head On,Snow,Dark,Ice,Major Arterial,FALSE,-79.3354836,43.7928711,2,,,5,70,Minor,Lap and Shoulder Belt,,,,,,,,,,passenger,,Don Valley North (17),33 Division,Pleasant View,TRUE,FALSE,FALSE,FALSE,FALSE,TRUE,FALSE,FALSE,TRUE,FALSE,"{""coordinates"": [[-79.3354836029161, 43.79287110121635]], ""type"": ""MultiPoint""}"
6364,2016:6000566615,2016-04-03T19:30:00,FINCH AVE E,CHEROKEE BLVD,150 m East of,8,Non-Fatal Injury,Non-Intersection,No Control,Approaching Head On,Snow,Dark,Ice,Major Arterial,FALSE,-79.3354836,43.7928711,2,,,6,39,Minor,Lap and Shoulder Belt,,,,,,,,,,passenger,,Don Valley North (17),33 Division,Pleasant View,TRUE,FALSE,FALSE,FALSE,FALSE,TRUE,FALSE,FALSE,TRUE,FALSE,"{""coordinates"": [[-79.3354836029161, 43.79287110121635]], ""type"": ""MultiPoint""}"
6365,2016:6000566615,2016-04-03T19:30:00,FINCH AVE E,CHEROKEE BLVD,150 m East of,8,Non-Fatal Injury,Non-Intersection,No Control,Approaching Head On,Snow,Dark,Ice,Major Arterial,FALSE,-79.3354836,43.7928711,2,Automobile or Station Wagon,West,2,44,Minor,Lap and Shoulder Belt,Driving properly,Normal,,,Going Ahead,,,,,driver,,Don Valley North (17),33 Division,Pleasant View,TRUE,FALSE,FALSE,FALSE,FALSE,TRUE,FALSE,FALSE,TRUE,FALSE,"{""coordinates"": [[-79.3354836029161, 43.79287110121635]], ""type"": ""MultiPoint""}"
6366,2016:6000566615,2016-04-03T19:30:00,FINCH AVE E,CHEROKEE BLVD,150 m East of,8,Non-Fatal Injury,Non-Intersection,No Control,Approaching Head On,Snow,Dark,Ice,Major Arterial,FALSE,-79.3354836,43.7928711,2,,,4,66,Minor,Lap and Shoulder Belt,,,,,,,,,,passenger,,Don Valley North (17),33 Division,Pleasant View,TRUE,FALSE,FALSE,FALSE,FALSE,TRUE,FALSE,FALSE,TRUE,FALSE,"{""coordinates"": [[-79.3354836029161, 43.79287110121635]], ""type"": ""MultiPoint""}"
6367,2016:6000566615,2016-04-03T19:30:00,FINCH AVE E,CHEROKEE BLVD,150 m East of,8,Non-Fatal Injury,Non-Intersection,No Control,Approaching Head On,Snow,Dark,Ice,Major Arterial,FALSE,-79.3354836,43.7928711,1,,,3,54,Major,Lap and Shoulder Belt,,,,,,,,,,passenger,,Don Valley North (17),33 Division,Pleasant View,TRUE,FALSE,FALSE,FALSE,FALSE,TRUE,FALSE,FALSE,TRUE,FALSE,"{""coordinates"": [[-79.3354836029161, 43.79287110121635]], ""type"": ""MultiPoint""}"
6368,2016:6000566615,2016-04-03T19:30:00,FINCH AVE E,CHEROKEE BLVD,150 m East of,8,Non-Fatal Injury,Non-Intersection,No Control,Approaching Head On,Snow,Dark,Ice,Major Arterial,FALSE,-79.3354836,43.7928711,2,,,7,4,None,Use Unknown,,,,,,,,,,passenger,,Don Valley North (17),33 Division,Pleasant View,TRUE,FALSE,FALSE,FALSE,FALSE,TRUE,FALSE,FALSE,TRUE,FALSE,"{""coordinates"": [[-79.3354836029161, 43.79287110121635]], ""type"": ""MultiPoint""}"
6369,2016:6000576751,2016-04-05T12:04:00,200 NORSEMAN ST,,420 m West of,2,Non-Fatal Injury,Non-Intersection,No Control,Turning Movement,Clear,Daylight,Dry,Collector,FALSE,-79.52476217,43.63287139,1,Automobile or Station Wagon,West,1,24,Major,Lap and Shoulder Belt,Improper passing,Inattentive,,,Overtaking,,,,,driver,,Etobicoke-Lakeshore (3),22 Division,Etobicoke City Centre,TRUE,TRUE,FALSE,FALSE,FALSE,FALSE,FALSE,FALSE,FALSE,FALSE,"{""coordinates"": [[-79.52476216974934, 43.6328713946847]], ""type"": ""MultiPoint""}"
6370,2016:6000576751,2016-04-05T12:04:00,200 NORSEMAN ST,,420 m West of,2,Non-Fatal Injury,Non-Intersection,No Control,Turning Movement,Clear,Daylight,Dry,Collector,FALSE,-79.52476217,43.63287139,2,Automobile or Station Wagon,West,2,59,Minimal,Lap and Shoulder Belt,Driving properly,Normal,,,Turning Left,,,,,driver,,Etobicoke-Lakeshore (3),22 Division,Etobicoke City Centre,TRUE,TRUE,FALSE,FALSE,FALSE,FALSE,FALSE,FALSE,FALSE,FALSE,"{""coordinates"": [[-79.52476216974934, 43.6328713946847]], ""type"": ""MultiPoint""}"
6381,2016:6000614403,2016-04-11T11:45:00,FINCH AVE E,PICKERING TOWN LINE,,2,Non-Fatal Injury,At Intersection,Stop Sign,Turning Movement,Clear,Daylight,Wet,Local,FALSE,-79.15952632,43.83165492,2,Automobile or Station Wagon,South,1,27,Major,Equipment Not Used But Available,Failed to yield right-of-way,Inattentive,,,Turning Left,,,,,driver,,,,,TRUE,TRUE,FALSE,FALSE,FALSE,TRUE,FALSE,FALSE,FALSE,FALSE,"{""coordinates"": [[-79.15952632026395, 43.83165492344478]], ""type"": ""MultiPoint""}"
6382,2016:6000614403,2016-04-11T11:45:00,FINCH AVE E,PICKERING TOWN LINE,,2,Non-Fatal Injury,At Intersection,Stop Sign,Turning Movement,Clear,Daylight,Wet,Local,FALSE,-79.15952632,43.83165492,2,Automobile or Station Wagon,West,2,77,None,Lap and Shoulder Belt,Driving properly,Normal,,,Going Ahead,,,,,driver,,,,,TRUE,TRUE,FALSE,FALSE,FALSE,TRUE,FALSE,FALSE,FALSE,FALSE,"{""coordinates"": [[-79.15952632026395, 43.83165492344478]], ""type"": ""MultiPoint""}"
6383,2016:6000633248,2016-04-14T08:31:00,BATHURST ST,KHEDIVE AVE,9 m East of,3,Non-Fatal Injury,At Intersection,No Control,Approaching Head On,Clear,Daylight,Dry,Major Arterial,FALSE,-79.43124785,43.72578223,1,,,3,63,Major,Equipment Not Used But Available,,,,,,,,,,passenger,,Eglinton-Lawrence (8),32 Division,Bedford Park-Nortown,FALSE,FALSE,FALSE,FALSE,FALSE,TRUE,FALSE,FALSE,FALSE,FALSE,"{""coordinates"": [[-79.43124784580506, 43.725782228246736]], ""type"": ""MultiPoint""}"
6384,2016:6000633248,2016-04-14T08:31:00,BATHURST ST,KHEDIVE AVE,9 m East of,3,Non-Fatal Injury,At Intersection,No Control,Approaching Head On,Clear,Daylight,Dry,Major Arterial,FALSE,-79.43124785,43.72578223,2,Pickup Truck,North,2,58,Minor,Lap and Shoulder Belt,Driving properly,Normal,,,Going Ahead,,,,,driver,,Eglinton-Lawrence (8),32 Division,Bedford Park-Nortown,FALSE,FALSE,FALSE,FALSE,FALSE,TRUE,FALSE,FALSE,FALSE,FALSE,"{""coordinates"": [[-79.43124784580506, 43.725782228246736]], ""type"": ""MultiPoint""}"
6385,2016:6000633248,2016-04-14T08:31:00,BATHURST ST,KHEDIVE AVE,9 m East of,3,Non-Fatal Injury,At Intersection,No Control,Approaching Head On,Clear,Daylight,Dry,Major Arterial,FALSE,-79.43124785,43.72578223,1,Automobile or Station Wagon,South,1,76,Minor,Lap and Shoulder Belt,Other,Normal,,,Going Ahead,,,,,driver,,Eglinton-Lawrence (8),32 Division,Bedford Park-Nortown,FALSE,FALSE,FALSE,FALSE,FALSE,TRUE,FALSE,FALSE,FALSE,FALSE,"{""coordinates"": [[-79.43124784580506, 43.725782228246736]], ""type"": ""MultiPoint""}"
6388,2016:6000713724,2016-04-26T19:10:00,CARRIER DR,WOODBINE DOWNS BLVD,,2,Non-Fatal Injury,At Intersection,Stop Sign,Angle,Clear,Daylight,Dry,Collector,FALSE,-79.60753308,43.73854643,2,Automobile or Station Wagon,West,2,42,Major,Lap and Shoulder Belt,Driving properly,Normal,,,Going Ahead,,,,,driver,,Etobicoke North (1),23 Division,West Humber-Clairville,TRUE,TRUE,FALSE,FALSE,FALSE,FALSE,FALSE,FALSE,FALSE,FALSE,"{""coordinates"": [[-79.60753307801446, 43.73854643209436]], ""type"": ""MultiPoint""}"
6389,2016:6000713724,2016-04-26T19:10:00,CARRIER DR,WOODBINE DOWNS BLVD,,2,Non-Fatal Injury,At Intersection,Stop Sign,Angle,Clear,Daylight,Dry,Collector,FALSE,-79.60753308,43.73854643,2,Automobile or Station Wagon,North,1,30,Minor,Lap and Shoulder Belt,Failed to yield right-of-way,Inattentive,,,Going Ahead,,,,,driver,,Etobicoke North (1),23 Division,West Humber-Clairville,TRUE,TRUE,FALSE,FALSE,FALSE,FALSE,FALSE,FALSE,FALSE,FALSE,"{""coordinates"": [[-79.60753307801446, 43.73854643209436]], ""type"": ""MultiPoint""}"
6390,2016:6000720268,2016-04-27T18:05:00,LAKE SHORE BLVD W,BRITISH COLUMBIA RD,324 m East of,4,Non-Fatal Injury,Non-Intersection,No Control,Approaching Head On,Clear,Daylight,Dry,Major Arterial,FALSE,-79.42571699,43.63006725,4,Bus - Other,East,4,58,None,Lap and Shoulder Belt,Driving properly,Normal,,,Going Ahead,,,,,driver,,Spadina-Fort York (10),14 Division,Fort York-Liberty Village,FALSE,TRUE,FALSE,FALSE,FALSE,FALSE,FALSE,FALSE,FALSE,TRUE,"{""coordinates"": [[-79.42571699318746, 43.63006725171402]], ""type"": ""MultiPoint""}"
6391,2016:6000720268,2016-04-27T18:05:00,LAKE SHORE BLVD W,BRITISH COLUMBIA RD,324 m East of,4,Non-Fatal Injury,Non-Intersection,No Control,Approaching Head On,Clear,Daylight,Dry,Major Arterial,FALSE,-79.42571699,43.63006725,1,Automobile or Station Wagon,West,1,34,Major,Lap and Shoulder Belt,Other,Inattentive,,,Going Ahead,,,,,driver,,Spadina-Fort York (10),14 Division,Fort York-Liberty Village,FALSE,TRUE,FALSE,FALSE,FALSE,FALSE,FALSE,FALSE,FALSE,TRUE,"{""coordinates"": [[-79.42571699318746, 43.63006725171402]], ""type"": ""MultiPoint""}"
6392,2016:6000720268,2016-04-27T18:05:00,LAKE SHORE BLVD W,BRITISH COLUMBIA RD,324 m East of,4,Non-Fatal Injury,Non-Intersection,No Control,Approaching Head On,Clear,Daylight,Dry,Major Arterial,FALSE,-79.42571699,43.63006725,3,Automobile or Station Wagon,East,3,23,None,Lap and Shoulder Belt,Driving properly,Normal,,,Going Ahead,,,,,driver,,Spadina-Fort York (10),14 Division,Fort York-Liberty Village,FALSE,TRUE,FALSE,FALSE,FALSE,FALSE,FALSE,FALSE,FALSE,TRUE,"{""coordinates"": [[-79.42571699318746, 43.63006725171402]], ""type"": ""MultiPoint""}"
6393,2016:6000720268,2016-04-27T18:05:00,LAKE SHORE BLVD W,BRITISH COLUMBIA RD,324 m East of,4,Non-Fatal Injury,Non-Intersection,No Control,Approaching Head On,Clear,Daylight,Dry,Major Arterial,FALSE,-79.42571699,43.63006725,2,Automobile or Station Wagon,East,2,50,Minor,Lap and Shoulder Belt,Driving properly,Normal,,,Going Ahead,,,,,driver,,Spadina-Fort York (10),14 Division,Fort York-Liberty Village,FALSE,TRUE,FALSE,FALSE,FALSE,FALSE,FALSE,FALSE,FALSE,TRUE,"{""coordinates"": [[-79.42571699318746, 43.63006725171402]], ""type"": ""MultiPoint""}"
6394,2016:6000733806,2016-04-29T19:30:00,MILLWOOD RD,MCRAE DR,63 m West of,2,Non-Fatal Injury,Non-Intersection,No Control,Other,Clear,Daylight,Dry,Collector,FALSE,-79.36903777,43.70487715,1,Automobile or Station Wagon,West,1,56,Minimal,Lap and Shoulder Belt,Driving properly,Normal,,,Going Ahead,,,,,driver,,Don Valley West (15),53 Division,Leaside-Bennington,FALSE,FALSE,FALSE,FALSE,FALSE,FALSE,FALSE,FALSE,FALSE,FALSE,"{""coordinates"": [[-79.3690377679346, 43.70487715093168]], ""type"": ""MultiPoint""}"
6395,2016:6000733806,2016-04-29T19:30:00,MILLWOOD RD,MCRAE DR,63 m West of,2,Non-Fatal Injury,Non-Intersection,No Control,Other,Clear,Daylight,Dry,Collector,FALSE,-79.36903777,43.70487715,1,,,2,22,Major,Use Unknown,,,,,,,,,,passenger,,Don Valley West (15),53 Division,Leaside-Bennington,FALSE,FALSE,FALSE,FALSE,FALSE,FALSE,FALSE,FALSE,FALSE,FALSE,"{""coordinates"": [[-79.3690377679346, 43.70487715093168]], ""type"": ""MultiPoint""}"
6396,2016:6000754658,2016-05-03T06:05:00,OAKWOOD AVE,GLENHURST AVE,,2,Non-Fatal Injury,At Intersection,No Control,Turning Movement,Clear,Dawn with Artificial Lighting,Dry,Minor Arterial,FALSE,-79.43655793,43.68179525,1,Pickup Truck,South,1,56,Minor,Lap and Shoulder Belt,Failed to yield right-of-way,Inattentive,,,Turning Left,,,,,driver,,Davenport (9),13 Division,Oakwood Village,TRUE,TRUE,FALSE,TRUE,FALSE,FALSE,FALSE,FALSE,FALSE,FALSE,"{""coordinates"": [[-79.43655792857635, 43.68179525039664]], ""type"": ""MultiPoint""}"
6397,2016:6000754658,2016-05-03T06:05:00,OAKWOOD AVE,GLENHURST AVE,,2,Non-Fatal Injury,At Intersection,No Control,Turning Movement,Clear,Dawn with Artificial Lighting,Dry,Minor Arterial,FALSE,-79.43655793,43.68179525,2,Motorcycle,North,2,52,Major,Helmet,Driving properly,Normal,,,Going Ahead,,,,,motorcyclist,,Davenport (9),13 Division,Oakwood Village,TRUE,TRUE,FALSE,TRUE,FALSE,FALSE,FALSE,FALSE,FALSE,FALSE,"{""coordinates"": [[-79.43655792857635, 43.68179525039664]], ""type"": ""MultiPoint""}"
6398,2016:6000759323,2016-05-03T19:12:00,SCOTTFIELD DR,FINCH AVE E,80 m South of,1,Non-Fatal Injury,Non-Intersection,No Control,SMV Other,Clear,Daylight,Dry,Local,FALSE,-79.25254446,43.80999901,1,Motorcycle,North,1,29,Major,Helmet,Lost control,Normal,,,Going Ahead,,,,,motorcyclist,,Scarborough North (23),42 Division,Agincourt North,FALSE,FALSE,FALSE,TRUE,FALSE,FALSE,FALSE,FALSE,FALSE,FALSE,"{""coordinates"": [[-79.25254445580663, 43.80999900613673]], ""type"": ""MultiPoint""}"
6399,2016:6000775153,2016-05-06T06:30:00,920 DANFORTH RD,,,4,Non-Fatal Injury,Intersection-Related,No Control,Approaching Head On,Clear,Daylight,Dry,Major Arterial,FALSE,-79.25135453,43.72997399,2,Automobile or Station Wagon,South,2,27,Minor,Lap and Shoulder Belt,Driving properly,Normal,,,Going Ahead,,,,,driver,,Scarborough Southwest (20),41 Division,Kennedy Park,FALSE,TRUE,FALSE,FALSE,FALSE,FALSE,FALSE,FALSE,FALSE,FALSE,"{""coordinates"": [[-79.25135452574152, 43.7299739936089]], ""type"": ""MultiPoint""}"
6400,2016:6000775153,2016-05-06T06:30:00,920 DANFORTH RD,,,4,Non-Fatal Injury,Intersection-Related,No Control,Approaching Head On,Clear,Daylight,Dry,Major Arterial,FALSE,-79.25135453,43.72997399,1,Automobile or Station Wagon,North,1,46,Major,Lap and Shoulder Belt,Lost control,Inattentive,,,Going Ahead,,,,,driver,,Scarborough Southwest (20),41 Division,Kennedy Park,FALSE,TRUE,FALSE,FALSE,FALSE,FALSE,FALSE,FALSE,FALSE,FALSE,"{""coordinates"": [[-79.25135452574152, 43.7299739936089]], ""type"": ""MultiPoint""}"
6401,2016:6000775153,2016-05-06T06:30:00,920 DANFORTH RD,,,4,Non-Fatal Injury,Intersection-Related,No Control,Approaching Head On,Clear,Daylight,Dry,Major Arterial,FALSE,-79.25135453,43.72997399,3,Automobile or Station Wagon,South,3,33,None,Lap and Shoulder Belt,Driving properly,Normal,,,Going Ahead,,,,,driver,,Scarborough Southwest (20),41 Division,Kennedy Park,FALSE,TRUE,FALSE,FALSE,FALSE,FALSE,FALSE,FALSE,FALSE,FALSE,"{""coordinates"": [[-79.25135452574152, 43.7299739936089]], ""type"": ""MultiPoint""}"
6402,2016:6000775153,2016-05-06T06:30:00,920 DANFORTH RD,,,4,Non-Fatal Injury,Intersection-Related,No Control,Approaching Head On,Clear,Daylight,Dry,Major Arterial,FALSE,-79.25135453,43.72997399,4,Automobile or Station Wagon,Unknown,4,0,None,Use Unknown,Driving properly,Normal,,,Parked,,,,,driver,,Scarborough Southwest (20),41 Division,Kennedy Park,FALSE,TRUE,FALSE,FALSE,FALSE,FALSE,FALSE,FALSE,FALSE,FALSE,"{""coordinates"": [[-79.25135452574152, 43.7299739936089]], ""type"": ""MultiPoint""}"
6403,2016:6000780145,2016-05-06T20:25:00,ADELAIDE ST W,TECUMSETH ST,51 m West of,2,Non-Fatal Injury,Non-Intersection,No Control,Other,Clear,Dusk,Dry,Collector,FALSE,-79.40652093,43.64446022,1,Automobile or Station Wagon,East,1,34,None,Lap and Shoulder Belt,Driving properly,Normal,,,Going Ahead,,,,,driver,,Spadina-Fort York (10),14 Division,West Queen West,FALSE,FALSE,FALSE,FALSE,FALSE,FALSE,FALSE,FALSE,FALSE,FALSE,"{""coordinates"": [[-79.40652093173422, 43.644460218394535]], ""type"": ""MultiPoint""}"
6404,2016:6000780145,2016-05-06T20:25:00,ADELAIDE ST W,TECUMSETH ST,51 m West of,2,Non-Fatal Injury,Non-Intersection,No Control,Other,Clear,Dusk,Dry,Collector,FALSE,-79.40652093,43.64446022,1,,,2,35,Major,No Equipment Available,,,,,,,,,,passenger,,Spadina-Fort York (10),14 Division,West Queen West,FALSE,FALSE,FALSE,FALSE,FALSE,FALSE,FALSE,FALSE,FALSE,FALSE,"{""coordinates"": [[-79.40652093173422, 43.644460218394535]], ""type"": ""MultiPoint""}"
6405,2016:6000789815,2016-05-08T11:33:00,BROADVIEW AVE,JACK LAYTON WAY,,2,Non-Fatal Injury,Intersection-Related,No Control,Sideswipe,Clear,Daylight,Dry,Minor Arterial,FALSE,-79.35290179,43.66614713,2,Motorcycle,North,2,34,Major,Helmet,Driving properly,Normal,,,Going Ahead,,,,,motorcyclist,,Toronto-Danforth (14),55 Division,North Riverdale,TRUE,FALSE,FALSE,TRUE,FALSE,TRUE,FALSE,FALSE,FALSE,FALSE,"{""coordinates"": [[-79.35290179471949, 43.666147134933375]], ""type"": ""MultiPoint""}"
6406,2016:6000789815,2016-05-08T11:33:00,BROADVIEW AVE,JACK LAYTON WAY,,2,Non-Fatal Injury,Intersection-Related,No Control,Sideswipe,Clear,Daylight,Dry,Minor Arterial,FALSE,-79.35290179,43.66614713,1,Automobile or Station Wagon,North,1,73,None,Use Unknown,Failed to yield right-of-way,Normal,,,Pulling Away from Shoulder or Curb,,,,,driver,,Toronto-Danforth (14),55 Division,North Riverdale,TRUE,FALSE,FALSE,TRUE,FALSE,TRUE,FALSE,FALSE,FALSE,FALSE,"{""coordinates"": [[-79.35290179471949, 43.666147134933375]], ""type"": ""MultiPoint""}"
6408,2016:6000943293,2016-05-31T16:00:00,EGLINTON AVE E,BAYVIEW AVE,,5,Non-Fatal Injury,At Intersection,Traffic Signal,Turning Movement,Clear,Daylight,Dry,Major Arterial,FALSE,-79.37711677,43.71096616,1,,,3,34,Minimal,Lap and Shoulder Belt,,,,,,,,,,passenger,,Don Valley West (15),53 Division,Leaside-Bennington,TRUE,TRUE,FALSE,FALSE,FALSE,TRUE,FALSE,FALSE,TRUE,FALSE,"{""coordinates"": [[-79.37711677334774, 43.71096616061312]], ""type"": ""MultiPoint""}"
6410,2016:6000861848,2016-05-19T12:00:00,JANE ST,400 S JANE ST RAMP,,2,Non-Fatal Injury,At Intersection,Traffic Signal,Turning Movement,Clear,Daylight,Dry,Major Arterial,FALSE,-79.505932,43.71097033,2,Automobile or Station Wagon,North,2,33,Major,Air Bag Deployed,Driving properly,Normal,,,Going Ahead,,,,,driver,,York South-Weston (5),12 Division,Rustic,TRUE,FALSE,FALSE,FALSE,FALSE,FALSE,FALSE,FALSE,FALSE,FALSE,"{""coordinates"": [[-79.5059320010645, 43.71097033219509]], ""type"": ""MultiPoint""}"
6411,2016:6000861848,2016-05-19T12:00:00,JANE ST,400 S JANE ST RAMP,,2,Non-Fatal Injury,At Intersection,Traffic Signal,Turning Movement,Clear,Daylight,Dry,Major Arterial,FALSE,-79.505932,43.71097033,1,Pickup Truck,South,1,57,Minor,Lap and Shoulder Belt,Failed to yield right-of-way,Normal,,,Turning Left,,,,,driver,,York South-Weston (5),12 Division,Rustic,TRUE,FALSE,FALSE,FALSE,FALSE,FALSE,FALSE,FALSE,FALSE,FALSE,"{""coordinates"": [[-79.5059320010645, 43.71097033219509]], ""type"": ""MultiPoint""}"
6412,2016:6000864386,2016-05-19T20:08:00,FINCH AVE E,MARKHAM RD,,2,Non-Fatal Injury,Intersection-Related,Traffic Signal,Rear End,Clear,Daylight,Dry,Major Arterial,FALSE,-79.24303744,43.812898,2,Pickup Truck,North,1,42,None,Use Unknown,Driving properly,Normal,,,Changing Lanes,,,,,driver,,Scarborough North (23),42 Division,Malvern West,TRUE,FALSE,FALSE,TRUE,FALSE,FALSE,FALSE,FALSE,FALSE,FALSE,"{""coordinates"": [[-79.24303744044944, 43.81289799710046]], ""type"": ""MultiPoint""}"
6413,2016:6000864386,2016-05-19T20:08:00,FINCH AVE E,MARKHAM RD,,2,Non-Fatal Injury,Intersection-Related,Traffic Signal,Rear End,Clear,Daylight,Dry,Major Arterial,FALSE,-79.24303744,43.812898,2,Motorcycle,North,2,26,Major,Use Unknown,Following too closely,Normal,,,Changing Lanes,,,,,motorcyclist,,Scarborough North (23),42 Division,Malvern West,TRUE,FALSE,FALSE,TRUE,FALSE,FALSE,FALSE,FALSE,FALSE,FALSE,"{""coordinates"": [[-79.24303744044944, 43.81289799710046]], ""type"": ""MultiPoint""}"