_id,collision_id,accdate,stname1,stname2,stname3,per_inv,acclass,accloc,traffictl,impactype,visible,light,rdsfcond,road_class,failtorem,longitude,latitude,veh_no,vehtype,initdir,per_no,invage,injury,safequip,drivact,drivcond,pedact,pedcond,manoeuvre,pedtype,cyclistype,cycact,cyccond,road_user,fatal_no,wardname,division,neighbourhood,aggressive,distracted,cyclist,motorcyclist,other_micromobility,older_adult,pedestrian,red_light,school_child,heavy_truck,geometry
6749,2016:6002315243,2016-12-31T20:22:00,EGLINTON AVE E,BERMONDSEY RD,,6,Non-Fatal Injury,Intersection-Related,Traffic Signal,Turning Movement,Clear,Dark with Artificial Lighting,Wet,Major Arterial,FALSE,-79.31348764,43.72595007,2,,,4,52,Minor,Lap and Shoulder Belt,,,,,,,,,,passenger,,Don Valley East (16),55 Division,Victoria Village,FALSE,FALSE,FALSE,FALSE,FALSE,FALSE,FALSE,FALSE,TRUE,FALSE,"{""coordinates"": [[-79.31348763927747, 43.72595007440786]], ""type"": ""MultiPoint""}"
6750,2016:6002315243,2016-12-31T20:22:00,EGLINTON AVE E,BERMONDSEY RD,,6,Non-Fatal Injury,Intersection-Related,Traffic Signal,Turning Movement,Clear,Dark with Artificial Lighting,Wet,Major Arterial,FALSE,-79.31348764,43.72595007,2,Automobile or Station Wagon,East,2,53,None,Lap and Shoulder Belt,Driving properly,Normal,,,Going Ahead,,,,,driver,,Don Valley East (16),55 Division,Victoria Village,FALSE,FALSE,FALSE,FALSE,FALSE,FALSE,FALSE,FALSE,TRUE,FALSE,"{""coordinates"": [[-79.31348763927747, 43.72595007440786]], ""type"": ""MultiPoint""}"
6751,2016:6002315243,2016-12-31T20:22:00,EGLINTON AVE E,BERMONDSEY RD,,6,Non-Fatal Injury,Intersection-Related,Traffic Signal,Turning Movement,Clear,Dark with Artificial Lighting,Wet,Major Arterial,FALSE,-79.31348764,43.72595007,1,Automobile or Station Wagon,West,1,26,None,Lap and Shoulder Belt,Improper turn,Normal,,,Turning Left,,,,,driver,,Don Valley East (16),55 Division,Victoria Village,FALSE,FALSE,FALSE,FALSE,FALSE,FALSE,FALSE,FALSE,TRUE,FALSE,"{""coordinates"": [[-79.31348763927747, 43.72595007440786]], ""type"": ""MultiPoint""}"
6752,2016:6002315243,2016-12-31T20:22:00,EGLINTON AVE E,BERMONDSEY RD,,6,Non-Fatal Injury,Intersection-Related,Traffic Signal,Turning Movement,Clear,Dark with Artificial Lighting,Wet,Major Arterial,FALSE,-79.31348764,43.72595007,1,,,6,19,Major,Use Unknown,,,,,,,,,,passenger,,Don Valley East (16),55 Division,Victoria Village,FALSE,FALSE,FALSE,FALSE,FALSE,FALSE,FALSE,FALSE,TRUE,FALSE,"{""coordinates"": [[-79.31348763927747, 43.72595007440786]], ""type"": ""MultiPoint""}"
6753,2016:6002315243,2016-12-31T20:22:00,EGLINTON AVE E,BERMONDSEY RD,,6,Non-Fatal Injury,Intersection-Related,Traffic Signal,Turning Movement,Clear,Dark with Artificial Lighting,Wet,Major Arterial,FALSE,-79.31348764,43.72595007,1,,,3,25,None,Lap and Shoulder Belt,,,,,,,,,,passenger,,Don Valley East (16),55 Division,Victoria Village,FALSE,FALSE,FALSE,FALSE,FALSE,FALSE,FALSE,FALSE,TRUE,FALSE,"{""coordinates"": [[-79.31348763927747, 43.72595007440786]], ""type"": ""MultiPoint""}"
6754,2016:6002315243,2016-12-31T20:22:00,EGLINTON AVE E,BERMONDSEY RD,,6,Non-Fatal Injury,Intersection-Related,Traffic Signal,Turning Movement,Clear,Dark with Artificial Lighting,Wet,Major Arterial,FALSE,-79.31348764,43.72595007,1,,,5,23,Minor,Lap and Shoulder Belt,,,,,,,,,,passenger,,Don Valley East (16),55 Division,Victoria Village,FALSE,FALSE,FALSE,FALSE,FALSE,FALSE,FALSE,FALSE,TRUE,FALSE,"{""coordinates"": [[-79.31348763927747, 43.72595007440786]], ""type"": ""MultiPoint""}"
6755,2017:7000003346,2017-01-01T14:05:00,57 BIMINI CRES,,9 m South of,1,Non-Fatal Injury,Non-Intersection,No Control,SMV Other,Clear,Daylight,Other,Local,FALSE,-79.52615793,43.76655433,1,Automobile or Station Wagon,West,1,85,Major,Equipment Not Used But Available,Other,Inattentive,,,Reversing,,,,,driver,,Humber River-Black Creek (7),31 Division,Black Creek,FALSE,TRUE,FALSE,FALSE,FALSE,TRUE,FALSE,FALSE,FALSE,FALSE,"{""coordinates"": [[-79.52615793309123, 43.766554330219954]], ""type"": ""MultiPoint""}"
6756,2017:7000010890,2017-01-03T00:10:00,F G GARDINER XY E,KIPLING AVE,900 m West of,7,Non-Fatal Injury,Non-Intersection,No Control,Rear End,Rain,Dark with Artificial Lighting,Wet,,FALSE,-79.53525222,43.61585042,1,,,4,51,Minor,Lap and Shoulder Belt,,,,,,,,,,passenger,,Etobicoke-Lakeshore (3),22 Division,Alderwood,TRUE,TRUE,FALSE,FALSE,FALSE,TRUE,FALSE,FALSE,TRUE,FALSE,"{""coordinates"": [[-79.53525221512486, 43.61585041683279]], ""type"": ""MultiPoint""}"
6757,2017:7000010890,2017-01-03T00:10:00,F G GARDINER XY E,KIPLING AVE,900 m West of,7,Non-Fatal Injury,Non-Intersection,No Control,Rear End,Rain,Dark with Artificial Lighting,Wet,,FALSE,-79.53525222,43.61585042,2,,,2,18,Major,Lap and Shoulder Belt,,,,,,,,,,passenger,,Etobicoke-Lakeshore (3),22 Division,Alderwood,TRUE,TRUE,FALSE,FALSE,FALSE,TRUE,FALSE,FALSE,TRUE,FALSE,"{""coordinates"": [[-79.53525221512486, 43.61585041683279]], ""type"": ""MultiPoint""}"
6758,2017:7000010890,2017-01-03T00:10:00,F G GARDINER XY E,KIPLING AVE,900 m West of,7,Non-Fatal Injury,Non-Intersection,No Control,Rear End,Rain,Dark with Artificial Lighting,Wet,,FALSE,-79.53525222,43.61585042,2,,,1,24,Major,Lap and Shoulder Belt,,,,,,,,,,passenger,,Etobicoke-Lakeshore (3),22 Division,Alderwood,TRUE,TRUE,FALSE,FALSE,FALSE,TRUE,FALSE,FALSE,TRUE,FALSE,"{""coordinates"": [[-79.53525221512486, 43.61585041683279]], ""type"": ""MultiPoint""}"
6759,2017:7000010890,2017-01-03T00:10:00,F G GARDINER XY E,KIPLING AVE,900 m West of,7,Non-Fatal Injury,Non-Intersection,No Control,Rear End,Rain,Dark with Artificial Lighting,Wet,,FALSE,-79.53525222,43.61585042,1,,,5,49,Minor,Lap and Shoulder Belt,,,,,,,,,,passenger,,Etobicoke-Lakeshore (3),22 Division,Alderwood,TRUE,TRUE,FALSE,FALSE,FALSE,TRUE,FALSE,FALSE,TRUE,FALSE,"{""coordinates"": [[-79.53525221512486, 43.61585041683279]], ""type"": ""MultiPoint""}"
6760,2017:7000010890,2017-01-03T00:10:00,F G GARDINER XY E,KIPLING AVE,900 m West of,7,Non-Fatal Injury,Non-Intersection,No Control,Rear End,Rain,Dark with Artificial Lighting,Wet,,FALSE,-79.53525222,43.61585042,2,Automobile or Station Wagon,East,6,25,Major,Lap and Shoulder Belt,Driving properly,Normal,,,Slowing or Stopping,,,,,driver,,Etobicoke-Lakeshore (3),22 Division,Alderwood,TRUE,TRUE,FALSE,FALSE,FALSE,TRUE,FALSE,FALSE,TRUE,FALSE,"{""coordinates"": [[-79.53525221512486, 43.61585041683279]], ""type"": ""MultiPoint""}"
6761,2017:7000010890,2017-01-03T00:10:00,F G GARDINER XY E,KIPLING AVE,900 m West of,7,Non-Fatal Injury,Non-Intersection,No Control,Rear End,Rain,Dark with Artificial Lighting,Wet,,FALSE,-79.53525222,43.61585042,2,,,3,,Minor,Lap and Shoulder Belt,,,,,,,,,,passenger,,Etobicoke-Lakeshore (3),22 Division,Alderwood,TRUE,TRUE,FALSE,FALSE,FALSE,TRUE,FALSE,FALSE,TRUE,FALSE,"{""coordinates"": [[-79.53525221512486, 43.61585041683279]], ""type"": ""MultiPoint""}"
6762,2017:7000010890,2017-01-03T00:10:00,F G GARDINER XY E,KIPLING AVE,900 m West of,7,Non-Fatal Injury,Non-Intersection,No Control,Rear End,Rain,Dark with Artificial Lighting,Wet,,FALSE,-79.53525222,43.61585042,1,Automobile or Station Wagon,East,7,76,Minimal,Lap and Shoulder Belt,Speed too fast for conditions,Inattentive,,,Going Ahead,,,,,driver,,Etobicoke-Lakeshore (3),22 Division,Alderwood,TRUE,TRUE,FALSE,FALSE,FALSE,TRUE,FALSE,FALSE,TRUE,FALSE,"{""coordinates"": [[-79.53525221512486, 43.61585041683279]], ""type"": ""MultiPoint""}"
6763,2017:7000036465,2017-01-07T00:16:00,DUFFERIN ST,STEELES AVE W,,3,Non-Fatal Injury,At Intersection,Traffic Signal,Angle,Clear,Dark with Artificial Lighting,Dry,Major Arterial,FALSE,-79.47004283,43.78721026,3,Automobile or Station Wagon,North,1,24,None,Lap and Shoulder Belt,Driving properly,Normal,,,Going Ahead,,,,,driver,,York Centre (6),32 Division,Bathurst Manor,TRUE,FALSE,FALSE,FALSE,FALSE,TRUE,FALSE,TRUE,FALSE,FALSE,"{""coordinates"": [[-79.47004282599681, 43.78721026097073]], ""type"": ""MultiPoint""}"
6764,2017:7000036465,2017-01-07T00:16:00,DUFFERIN ST,STEELES AVE W,,3,Non-Fatal Injury,At Intersection,Traffic Signal,Angle,Clear,Dark with Artificial Lighting,Dry,Major Arterial,FALSE,-79.47004283,43.78721026,2,Pickup Truck,North,2,67,Major,Air Bag Deployed,Driving properly,Normal,,,Going Ahead,,,,,driver,,York Centre (6),32 Division,Bathurst Manor,TRUE,FALSE,FALSE,FALSE,FALSE,TRUE,FALSE,TRUE,FALSE,FALSE,"{""coordinates"": [[-79.47004282599681, 43.78721026097073]], ""type"": ""MultiPoint""}"
6765,2017:7000036465,2017-01-07T00:16:00,DUFFERIN ST,STEELES AVE W,,3,Non-Fatal Injury,At Intersection,Traffic Signal,Angle,Clear,Dark with Artificial Lighting,Dry,Major Arterial,FALSE,-79.47004283,43.78721026,1,Automobile or Station Wagon,East,3,36,Minimal,Air Bag Deployed,Disobeyed traffic control,Ability Impaired - Alcohol Over .08,,,Going Ahead,,,,,driver,,York Centre (6),32 Division,Bathurst Manor,TRUE,FALSE,FALSE,FALSE,FALSE,TRUE,FALSE,TRUE,FALSE,FALSE,"{""coordinates"": [[-79.47004282599681, 43.78721026097073]], ""type"": ""MultiPoint""}"
6766,2017:7000041411,2017-01-07T22:22:00,ISLINGTON AVE,ABERFOYLE CRES,5 m South of,4,Non-Fatal Injury,At Intersection,No Control,Rear End,Clear,Dark with Artificial Lighting,Dry,Major Arterial,FALSE,-79.52377715,43.64543739,1,Automobile or Station Wagon,North,1,20,Minor,Lap and Shoulder Belt,Following too closely,Inattentive,,,Going Ahead,,,,,driver,,Etobicoke-Lakeshore (3),22 Division,Islington,TRUE,TRUE,FALSE,FALSE,FALSE,FALSE,FALSE,FALSE,FALSE,FALSE,"{""coordinates"": [[-79.52377714517618, 43.64543738690874]], ""type"": ""MultiPoint""}"
6767,2017:7000041411,2017-01-07T22:22:00,ISLINGTON AVE,ABERFOYLE CRES,5 m South of,4,Non-Fatal Injury,At Intersection,No Control,Rear End,Clear,Dark with Artificial Lighting,Dry,Major Arterial,FALSE,-79.52377715,43.64543739,2,Pickup Truck,North,2,60,None,Lap and Shoulder Belt,Driving properly,Normal,,,Slowing or Stopping,,,,,driver,,Etobicoke-Lakeshore (3),22 Division,Islington,TRUE,TRUE,FALSE,FALSE,FALSE,FALSE,FALSE,FALSE,FALSE,FALSE,"{""coordinates"": [[-79.52377714517618, 43.64543738690874]], ""type"": ""MultiPoint""}"
6768,2017:7000041411,2017-01-07T22:22:00,ISLINGTON AVE,ABERFOYLE CRES,5 m South of,4,Non-Fatal Injury,At Intersection,No Control,Rear End,Clear,Dark with Artificial Lighting,Dry,Major Arterial,FALSE,-79.52377715,43.64543739,1,,,3,21,Major,Lap and Shoulder Belt,,,,,,,,,,passenger,,Etobicoke-Lakeshore (3),22 Division,Islington,TRUE,TRUE,FALSE,FALSE,FALSE,FALSE,FALSE,FALSE,FALSE,FALSE,"{""coordinates"": [[-79.52377714517618, 43.64543738690874]], ""type"": ""MultiPoint""}"
6769,2017:7000041411,2017-01-07T22:22:00,ISLINGTON AVE,ABERFOYLE CRES,5 m South of,4,Non-Fatal Injury,At Intersection,No Control,Rear End,Clear,Dark with Artificial Lighting,Dry,Major Arterial,FALSE,-79.52377715,43.64543739,2,,,4,60,None,Lap and Shoulder Belt,,,,,,,,,,passenger,,Etobicoke-Lakeshore (3),22 Division,Islington,TRUE,TRUE,FALSE,FALSE,FALSE,FALSE,FALSE,FALSE,FALSE,FALSE,"{""coordinates"": [[-79.52377714517618, 43.64543738690874]], ""type"": ""MultiPoint""}"
6770,2017:7000072801,2017-01-12T22:58:00,WESTON RD,VEROBEACH BLVD,252 m South of,1,Non-Fatal Injury,Non-Intersection,No Control,SMV Other,Clear,Dark with Artificial Lighting,Dry,Major Arterial,FALSE,-79.53892899,43.73679536,1,Truck - Closed,North,1,58,Major,Lap and Shoulder Belt,Lost control,Medical or Physical Disability,,,Going Ahead,,,,,driver,,Humber River-Black Creek (7),31 Division,Humbermede,FALSE,FALSE,FALSE,FALSE,FALSE,FALSE,FALSE,FALSE,FALSE,TRUE,"{""coordinates"": [[-79.53892899497674, 43.73679535626752]], ""type"": ""MultiPoint""}"
6771,2017:7000084276,2017-01-14T19:02:00,NEILSON RD,CROW TRL,,6,Non-Fatal Injury,At Intersection,Traffic Signal,Turning Movement,Clear,Dark with Artificial Lighting,Dry,Minor Arterial,FALSE,-79.22571142,43.81214698,2,,,3,14,Minor,Lap and Shoulder Belt,,,,,,,,,,passenger,,Scarborough North (23),42 Division,Malvern West,FALSE,TRUE,FALSE,FALSE,FALSE,TRUE,FALSE,FALSE,TRUE,FALSE,"{""coordinates"": [[-79.22571141857091, 43.81214698059738]], ""type"": ""MultiPoint""}"
6772,2017:7000084276,2017-01-14T19:02:00,NEILSON RD,CROW TRL,,6,Non-Fatal Injury,At Intersection,Traffic Signal,Turning Movement,Clear,Dark with Artificial Lighting,Dry,Minor Arterial,FALSE,-79.22571142,43.81214698,2,Automobile or Station Wagon,South,5,21,Minimal,Lap and Shoulder Belt,Driving properly,Normal,,,Going Ahead,,,,,driver,,Scarborough North (23),42 Division,Malvern West,FALSE,TRUE,FALSE,FALSE,FALSE,TRUE,FALSE,FALSE,TRUE,FALSE,"{""coordinates"": [[-79.22571141857091, 43.81214698059738]], ""type"": ""MultiPoint""}"
6773,2017:7000084276,2017-01-14T19:02:00,NEILSON RD,CROW TRL,,6,Non-Fatal Injury,At Intersection,Traffic Signal,Turning Movement,Clear,Dark with Artificial Lighting,Dry,Minor Arterial,FALSE,-79.22571142,43.81214698,2,,,2,5,Major,Lap and Shoulder Belt,,,,,,,,,,passenger,,Scarborough North (23),42 Division,Malvern West,FALSE,TRUE,FALSE,FALSE,FALSE,TRUE,FALSE,FALSE,TRUE,FALSE,"{""coordinates"": [[-79.22571141857091, 43.81214698059738]], ""type"": ""MultiPoint""}"
6774,2017:7000084276,2017-01-14T19:02:00,NEILSON RD,CROW TRL,,6,Non-Fatal Injury,At Intersection,Traffic Signal,Turning Movement,Clear,Dark with Artificial Lighting,Dry,Minor Arterial,FALSE,-79.22571142,43.81214698,2,,,1,13,Major,Use Unknown,,,,,,,,,,passenger,,Scarborough North (23),42 Division,Malvern West,FALSE,TRUE,FALSE,FALSE,FALSE,TRUE,FALSE,FALSE,TRUE,FALSE,"{""coordinates"": [[-79.22571141857091, 43.81214698059738]], ""type"": ""MultiPoint""}"
6775,2017:7000084276,2017-01-14T19:02:00,NEILSON RD,CROW TRL,,6,Non-Fatal Injury,At Intersection,Traffic Signal,Turning Movement,Clear,Dark with Artificial Lighting,Dry,Minor Arterial,FALSE,-79.22571142,43.81214698,2,,,4,19,Minimal,Lap and Shoulder Belt,,,,,,,,,,passenger,,Scarborough North (23),42 Division,Malvern West,FALSE,TRUE,FALSE,FALSE,FALSE,TRUE,FALSE,FALSE,TRUE,FALSE,"{""coordinates"": [[-79.22571141857091, 43.81214698059738]], ""type"": ""MultiPoint""}"
6776,2017:7000084276,2017-01-14T19:02:00,NEILSON RD,CROW TRL,,6,Non-Fatal Injury,At Intersection,Traffic Signal,Turning Movement,Clear,Dark with Artificial Lighting,Dry,Minor Arterial,FALSE,-79.22571142,43.81214698,1,Pickup Truck,North,6,78,Minimal,Lap and Shoulder Belt,Improper turn,Inattentive,,,Turning Left,,,,,driver,,Scarborough North (23),42 Division,Malvern West,FALSE,TRUE,FALSE,FALSE,FALSE,TRUE,FALSE,FALSE,TRUE,FALSE,"{""coordinates"": [[-79.22571141857091, 43.81214698059738]], ""type"": ""MultiPoint""}"
6777,2017:7000117241,2017-01-19T18:28:00,KENNEDY RD,MERRIAN RD,30 m North of,2,Non-Fatal Injury,At Intersection,Traffic Controller,Rear End,Clear,Dark with Artificial Lighting,Wet,Major Arterial,FALSE,-79.26588055,43.72733501,2,Automobile or Station Wagon,South,2,22,Major,Lap and Shoulder Belt,Driving properly,Normal,,,Going Ahead,,,,,driver,,Scarborough Southwest (20),41 Division,Kennedy Park,TRUE,FALSE,FALSE,FALSE,FALSE,FALSE,FALSE,FALSE,FALSE,FALSE,"{""coordinates"": [[-79.26588055422013, 43.72733501230831]], ""type"": ""MultiPoint""}"
6778,2017:7000117241,2017-01-19T18:28:00,KENNEDY RD,MERRIAN RD,30 m North of,2,Non-Fatal Injury,At Intersection,Traffic Controller,Rear End,Clear,Dark with Artificial Lighting,Wet,Major Arterial,FALSE,-79.26588055,43.72733501,1,Automobile or Station Wagon,South,1,20,None,Lap and Shoulder Belt,Exceeding speed limit,Normal,,,Going Ahead,,,,,driver,,Scarborough Southwest (20),41 Division,Kennedy Park,TRUE,FALSE,FALSE,FALSE,FALSE,FALSE,FALSE,FALSE,FALSE,FALSE,"{""coordinates"": [[-79.26588055422013, 43.72733501230831]], ""type"": ""MultiPoint""}"
6779,2017:7000119447,2017-01-20T05:27:00,CALEDONIA RD,CASTLEFIELD AVE,,2,Non-Fatal Injury,At Intersection,Traffic Signal,Angle,Clear,Dark with Artificial Lighting,Dry,Minor Arterial,FALSE,-79.46348195,43.69837028,2,Automobile or Station Wagon,West,2,31,None,Lap and Shoulder Belt,Driving properly,Normal,,,Going Ahead,,,,,driver,,Eglinton-Lawrence (8),13 Division,Briar Hill-Belgravia,TRUE,TRUE,FALSE,FALSE,FALSE,FALSE,FALSE,TRUE,FALSE,FALSE,"{""coordinates"": [[-79.46348195004786, 43.69837028155006]], ""type"": ""MultiPoint""}"
6780,2017:7000119447,2017-01-20T05:27:00,CALEDONIA RD,CASTLEFIELD AVE,,2,Non-Fatal Injury,At Intersection,Traffic Signal,Angle,Clear,Dark with Artificial Lighting,Dry,Minor Arterial,FALSE,-79.46348195,43.69837028,1,,North,1,50,Major,Helmet,Disobeyed traffic control,Inattentive,,,Going Ahead,,,,,driver,,Eglinton-Lawrence (8),13 Division,Briar Hill-Belgravia,TRUE,TRUE,FALSE,FALSE,FALSE,FALSE,FALSE,TRUE,FALSE,FALSE,"{""coordinates"": [[-79.46348195004786, 43.69837028155006]], ""type"": ""MultiPoint""}"
6786,2017:7000178331,2017-01-29T02:00:00,OAKDALE RD,EDDYSTONE AVE,350 m North of,1,Non-Fatal Injury,Non-Intersection,No Control,SMV Other,Clear,Dark with Artificial Lighting,Dry,Minor Arterial,TRUE,-79.52699738,43.7495942,1,Automobile or Station Wagon,North,1,24,Major,Use Unknown,Lost control,Unknown,,,Going Ahead,,,,,driver,,Humber River-Black Creek (7),31 Division,Glenfield-Jane Heights,FALSE,FALSE,FALSE,FALSE,FALSE,FALSE,FALSE,FALSE,FALSE,FALSE,"{""coordinates"": [[-79.52699737712345, 43.7495942018699]], ""type"": ""MultiPoint""}"
6787,2017:7000304579,2017-02-18T03:47:00,DUFFERIN ST,DUPONT ST,,4,Non-Fatal Injury,At Intersection,Traffic Signal,Angle,Clear,Dark with Artificial Lighting,Dry,Major Arterial,FALSE,-79.43899196,43.66839026,3,Intercity Coach Bus,South,3,51,Minimal,Lap and Shoulder Belt,Driving properly,Normal,,,Going Ahead,,,,,driver,,Davenport (9),14 Division,Dovercourt Village,TRUE,FALSE,FALSE,FALSE,FALSE,FALSE,FALSE,TRUE,FALSE,TRUE,"{""coordinates"": [[-79.43899195560623, 43.66839025853715]], ""type"": ""MultiPoint""}"
6792,2017:7000214156,2017-02-03T14:30:00,BAY ST,GROSVENOR ST,,2,Non-Fatal Injury,At Intersection,Traffic Signal,Angle,Clear,Daylight,Dry,Major Arterial,FALSE,-79.38634086,43.66239718,1,Automobile or Station Wagon,South,1,22,Major,Lap and Shoulder Belt,Other,Normal,,,Going Ahead,,,,,driver,,Toronto Centre (13),52 Division,Bay-Cloverhill,FALSE,FALSE,FALSE,FALSE,FALSE,FALSE,FALSE,FALSE,FALSE,FALSE,"{""coordinates"": [[-79.38634086442804, 43.66239718410897]], ""type"": ""MultiPoint""}"
6793,2017:7000214156,2017-02-03T14:30:00,BAY ST,GROSVENOR ST,,2,Non-Fatal Injury,At Intersection,Traffic Signal,Angle,Clear,Daylight,Dry,Major Arterial,FALSE,-79.38634086,43.66239718,2,Automobile or Station Wagon,East,2,47,None,Use Unknown,Other,Normal,,,Going Ahead,,,,,driver,,Toronto Centre (13),52 Division,Bay-Cloverhill,FALSE,FALSE,FALSE,FALSE,FALSE,FALSE,FALSE,FALSE,FALSE,FALSE,"{""coordinates"": [[-79.38634086442804, 43.66239718410897]], ""type"": ""MultiPoint""}"
6794,2017:7000222779,2017-02-05T03:14:00,F G GARDINER XY W,GARDINER X W 427 X N RAMP,250 m West of,1,Non-Fatal Injury,Non-Intersection,No Control,SMV Other,Clear,Dark,Dry,,FALSE,-79.53636622,43.61587742,1,Automobile or Station Wagon,West,1,21,Major,Air Bag Deployed,Other,Had Been Drinking,,,Going Ahead,,,,,driver,,Etobicoke-Lakeshore (3),22 Division,Alderwood,FALSE,FALSE,FALSE,FALSE,FALSE,FALSE,FALSE,FALSE,FALSE,FALSE,"{""coordinates"": [[-79.53636621654336, 43.61587741822591]], ""type"": ""MultiPoint""}"
6795,2017:7000224611,2017-02-05T13:30:00,DRIFTWOOD AVE,VENETIAN CRES,19 m South of,3,Non-Fatal Injury,Intersection-Related,Stop Sign,Turning Movement,Drifting Snow,Daylight,Wet,Collector,FALSE,-79.51366793,43.75411432,0,,,1,57,Major,Lap and Shoulder Belt,,,,,,,,,,passenger,,Humber River-Black Creek (7),31 Division,Glenfield-Jane Heights,FALSE,TRUE,FALSE,FALSE,FALSE,FALSE,FALSE,FALSE,TRUE,FALSE,"{""coordinates"": [[-79.51366793351728, 43.754114320091816]], ""type"": ""MultiPoint""}"
6796,2017:7000224611,2017-02-05T13:30:00,DRIFTWOOD AVE,VENETIAN CRES,19 m South of,3,Non-Fatal Injury,Intersection-Related,Stop Sign,Turning Movement,Drifting Snow,Daylight,Wet,Collector,FALSE,-79.51366793,43.75411432,2,Automobile or Station Wagon,North,2,59,Minimal,Lap and Shoulder Belt,Driving properly,Normal,,,Going Ahead,,,,,driver,,Humber River-Black Creek (7),31 Division,Glenfield-Jane Heights,FALSE,TRUE,FALSE,FALSE,FALSE,FALSE,FALSE,FALSE,TRUE,FALSE,"{""coordinates"": [[-79.51366793351728, 43.754114320091816]], ""type"": ""MultiPoint""}"
6797,2017:7000224611,2017-02-05T13:30:00,DRIFTWOOD AVE,VENETIAN CRES,19 m South of,3,Non-Fatal Injury,Intersection-Related,Stop Sign,Turning Movement,Drifting Snow,Daylight,Wet,Collector,FALSE,-79.51366793,43.75411432,1,Automobile or Station Wagon,East,3,13,None,Use Unknown,Lost control,Inattentive,,,Turning Right,,,,,driver,,Humber River-Black Creek (7),31 Division,Glenfield-Jane Heights,FALSE,TRUE,FALSE,FALSE,FALSE,FALSE,FALSE,FALSE,TRUE,FALSE,"{""coordinates"": [[-79.51366793351728, 43.754114320091816]], ""type"": ""MultiPoint""}"
6798,2017:7000264793,2017-02-11T20:21:00,STEELES AVE W,ISLINGTON AVE,177 m West of,2,Non-Fatal Injury,Non-Intersection,No Control,Approaching Head On,Clear,Dark with Artificial Lighting,Dry,Major Arterial,FALSE,-79.576626,43.76383739,1,Automobile or Station Wagon,East,2,18,Major,Lap and Shoulder Belt,Lost control,Inattentive,,,Going Ahead,,,,,driver,,Humber River-Black Creek (7),31 Division,Humber Summit,FALSE,TRUE,FALSE,FALSE,FALSE,FALSE,FALSE,FALSE,TRUE,FALSE,"{""coordinates"": [[-79.57662599926759, 43.76383738590117]], ""type"": ""MultiPoint""}"
6799,2017:7000264793,2017-02-11T20:21:00,STEELES AVE W,ISLINGTON AVE,177 m West of,2,Non-Fatal Injury,Non-Intersection,No Control,Approaching Head On,Clear,Dark with Artificial Lighting,Dry,Major Arterial,FALSE,-79.576626,43.76383739,2,Passenger Van,West,1,60,Major,Lap and Shoulder Belt,Driving properly,Normal,,,Going Ahead,,,,,driver,,Humber River-Black Creek (7),31 Division,Humber Summit,FALSE,TRUE,FALSE,FALSE,FALSE,FALSE,FALSE,FALSE,TRUE,FALSE,"{""coordinates"": [[-79.57662599926759, 43.76383738590117]], ""type"": ""MultiPoint""}"
6800,2017:7000279545,2017-02-14T10:17:00,ISLINGTON AVE,EGLINTON AVE W,,2,Non-Fatal Injury,At Intersection,Traffic Signal,Turning Movement,Clear,Daylight,Dry,Major Arterial,FALSE,-79.5389751,43.67976539,2,Automobile or Station Wagon,North,2,18,Minimal,Lap and Shoulder Belt,Other,Normal,,,Going Ahead,,,,,driver,,Etobicoke Centre (2),22 Division,Edenbridge-Humber Valley,FALSE,FALSE,FALSE,FALSE,FALSE,FALSE,FALSE,FALSE,TRUE,FALSE,"{""coordinates"": [[-79.53897510112976, 43.679765387071726]], ""type"": ""MultiPoint""}"
6801,2017:7000279545,2017-02-14T10:17:00,ISLINGTON AVE,EGLINTON AVE W,,2,Non-Fatal Injury,At Intersection,Traffic Signal,Turning Movement,Clear,Daylight,Dry,Major Arterial,FALSE,-79.5389751,43.67976539,1,Automobile or Station Wagon,South,1,56,Major,Lap and Shoulder Belt,Other,Normal,,,Turning Left,,,,,driver,,Etobicoke Centre (2),22 Division,Edenbridge-Humber Valley,FALSE,FALSE,FALSE,FALSE,FALSE,FALSE,FALSE,FALSE,TRUE,FALSE,"{""coordinates"": [[-79.53897510112976, 43.679765387071726]], ""type"": ""MultiPoint""}"
6804,2017:7000304579,2017-02-18T03:47:00,DUFFERIN ST,DUPONT ST,,4,Non-Fatal Injury,At Intersection,Traffic Signal,Angle,Clear,Dark with Artificial Lighting,Dry,Major Arterial,FALSE,-79.43899196,43.66839026,2,,,4,21,Minor,Lap and Shoulder Belt,,,,,,,,,,passenger,,Davenport (9),14 Division,Dovercourt Village,TRUE,FALSE,FALSE,FALSE,FALSE,FALSE,FALSE,TRUE,FALSE,TRUE,"{""coordinates"": [[-79.43899195560623, 43.66839025853715]], ""type"": ""MultiPoint""}"
6805,2017:7000304579,2017-02-18T03:47:00,DUFFERIN ST,DUPONT ST,,4,Non-Fatal Injury,At Intersection,Traffic Signal,Angle,Clear,Dark with Artificial Lighting,Dry,Major Arterial,FALSE,-79.43899196,43.66839026,1,Automobile or Station Wagon,West,1,34,Major,Lap and Shoulder Belt,Disobeyed traffic control,Ability Impaired - Alcohol,,,Going Ahead,,,,,driver,,Davenport (9),14 Division,Dovercourt Village,TRUE,FALSE,FALSE,FALSE,FALSE,FALSE,FALSE,TRUE,FALSE,TRUE,"{""coordinates"": [[-79.43899195560623, 43.66839025853715]], ""type"": ""MultiPoint""}"
6806,2017:7000304579,2017-02-18T03:47:00,DUFFERIN ST,DUPONT ST,,4,Non-Fatal Injury,At Intersection,Traffic Signal,Angle,Clear,Dark with Artificial Lighting,Dry,Major Arterial,FALSE,-79.43899196,43.66839026,2,Automobile or Station Wagon,North,2,46,Minor,Lap and Shoulder Belt,Driving properly,Normal,,,Going Ahead,,,,,driver,,Davenport (9),14 Division,Dovercourt Village,TRUE,FALSE,FALSE,FALSE,FALSE,FALSE,FALSE,TRUE,FALSE,TRUE,"{""coordinates"": [[-79.43899195560623, 43.66839025853715]], ""type"": ""MultiPoint""}"