_id,collision_id,accdate,stname1,stname2,stname3,per_inv,acclass,accloc,traffictl,impactype,visible,light,rdsfcond,road_class,failtorem,longitude,latitude,veh_no,vehtype,initdir,per_no,invage,injury,safequip,drivact,drivcond,pedact,pedcond,manoeuvre,pedtype,cyclistype,cycact,cyccond,road_user,fatal_no,wardname,division,neighbourhood,aggressive,distracted,cyclist,motorcyclist,other_micromobility,older_adult,pedestrian,red_light,school_child,heavy_truck,geometry
7078,2017:7001455540,2017-08-12T19:17:00,BLACK CREEK DR,PHOTOGRAPHY DR,,2,Non-Fatal Injury,At Intersection,Traffic Signal,Turning Movement,Clear,Daylight,Dry,Major Arterial,FALSE,-79.48164001,43.68579331,1,Motorcycle,North,1,39,Major,Lap and Shoulder Belt,Lost control,Unknown,,,Going Ahead,,,,,motorcyclist,,York South-Weston (5),12 Division,Keelesdale-Eglinton West,FALSE,FALSE,FALSE,TRUE,FALSE,FALSE,FALSE,FALSE,FALSE,FALSE,"{""coordinates"": [[-79.48164000573298, 43.68579331209456]], ""type"": ""MultiPoint""}"
7079,2017:7001457563,2017-08-13T02:37:00,JANE ST,SHOREHAM DR,,2,Non-Fatal Injury,At Intersection,Traffic Signal,Turning Movement,Clear,Dark with Artificial Lighting,Dry,Major Arterial,FALSE,-79.52035892,43.76875532,2,Automobile or Station Wagon,North,1,24,None,Lap and Shoulder Belt,Driving properly,Normal,,,Going Ahead,,,,,driver,,Humber River-Black Creek (7),31 Division,Black Creek,TRUE,FALSE,FALSE,FALSE,FALSE,FALSE,FALSE,FALSE,FALSE,FALSE,"{""coordinates"": [[-79.520358923075, 43.768755323310124]], ""type"": ""MultiPoint""}"
7080,2017:7001457563,2017-08-13T02:37:00,JANE ST,SHOREHAM DR,,2,Non-Fatal Injury,At Intersection,Traffic Signal,Turning Movement,Clear,Dark with Artificial Lighting,Dry,Major Arterial,FALSE,-79.52035892,43.76875532,1,Automobile or Station Wagon,South,2,27,Major,Lap and Shoulder Belt,Failed to yield right-of-way,Ability Impaired - Alcohol,,,Turning Left,,,,,driver,,Humber River-Black Creek (7),31 Division,Black Creek,TRUE,FALSE,FALSE,FALSE,FALSE,FALSE,FALSE,FALSE,FALSE,FALSE,"{""coordinates"": [[-79.520358923075, 43.768755323310124]], ""type"": ""MultiPoint""}"
7081,2017:7001464361,2017-08-14T09:00:00,VICTORIA PARK AVE,EDGE PARK AVE,15 m South of,3,Non-Fatal Injury,Intersection-Related,No Control,Rear End,Clear,Daylight,Dry,Major Arterial,FALSE,-79.29975463,43.71778606,1,Automobile or Station Wagon,North,1,65,Major,Equipment Not Used But Available,Lost control,Inattentive,,,Going Ahead,,,,,driver,,Scarborough Southwest (20),41 Division,Clairlea-Birchmount,FALSE,TRUE,FALSE,FALSE,FALSE,TRUE,FALSE,FALSE,FALSE,FALSE,"{""coordinates"": [[-79.29975462585271, 43.71778605670147]], ""type"": ""MultiPoint""}"
7082,2017:7001464361,2017-08-14T09:00:00,VICTORIA PARK AVE,EDGE PARK AVE,15 m South of,3,Non-Fatal Injury,Intersection-Related,No Control,Rear End,Clear,Daylight,Dry,Major Arterial,FALSE,-79.29975463,43.71778606,2,Automobile or Station Wagon,North,2,28,Minor,Lap and Shoulder Belt,Driving properly,Normal,,,Stopped,,,,,driver,,Scarborough Southwest (20),41 Division,Clairlea-Birchmount,FALSE,TRUE,FALSE,FALSE,FALSE,TRUE,FALSE,FALSE,FALSE,FALSE,"{""coordinates"": [[-79.29975462585271, 43.71778605670147]], ""type"": ""MultiPoint""}"
7083,2017:7001464361,2017-08-14T09:00:00,VICTORIA PARK AVE,EDGE PARK AVE,15 m South of,3,Non-Fatal Injury,Intersection-Related,No Control,Rear End,Clear,Daylight,Dry,Major Arterial,FALSE,-79.29975463,43.71778606,2,,,3,30,Minimal,Lap and Shoulder Belt,,,,,,,,,,passenger,,Scarborough Southwest (20),41 Division,Clairlea-Birchmount,FALSE,TRUE,FALSE,FALSE,FALSE,TRUE,FALSE,FALSE,FALSE,FALSE,"{""coordinates"": [[-79.29975462585271, 43.71778605670147]], ""type"": ""MultiPoint""}"
7084,2017:7001474297,2017-08-15T17:00:00,FAYWOOD BLVD,WILSON AVE,,6,Non-Fatal Injury,At Intersection,Stop Sign,Turning Movement,Clear,Daylight,Dry,Major Arterial,FALSE,-79.44639986,43.73468224,2,Municipal Transit Bus (TTC),West,5,33,None,Lap and Shoulder Belt,Driving properly,Normal,,,Going Ahead,,,,,driver,,York Centre (6),32 Division,Clanton Park,FALSE,FALSE,FALSE,FALSE,FALSE,TRUE,FALSE,FALSE,TRUE,TRUE,"{""coordinates"": [[-79.44639985724868, 43.734682244757856]], ""type"": ""MultiPoint""}"
7085,2017:7001474297,2017-08-15T17:00:00,FAYWOOD BLVD,WILSON AVE,,6,Non-Fatal Injury,At Intersection,Stop Sign,Turning Movement,Clear,Daylight,Dry,Major Arterial,FALSE,-79.44639986,43.73468224,2,,,3,6,Minimal,No Equipment Available,,,,,,,,,,passenger,,York Centre (6),32 Division,Clanton Park,FALSE,FALSE,FALSE,FALSE,FALSE,TRUE,FALSE,FALSE,TRUE,TRUE,"{""coordinates"": [[-79.44639985724868, 43.734682244757856]], ""type"": ""MultiPoint""}"
7086,2017:7001474297,2017-08-15T17:00:00,FAYWOOD BLVD,WILSON AVE,,6,Non-Fatal Injury,At Intersection,Stop Sign,Turning Movement,Clear,Daylight,Dry,Major Arterial,FALSE,-79.44639986,43.73468224,1,Automobile or Station Wagon,South,6,30,None,Lap and Shoulder Belt,Improper turn,Normal,,,Turning Left,,,,,driver,,York Centre (6),32 Division,Clanton Park,FALSE,FALSE,FALSE,FALSE,FALSE,TRUE,FALSE,FALSE,TRUE,TRUE,"{""coordinates"": [[-79.44639985724868, 43.734682244757856]], ""type"": ""MultiPoint""}"
7087,2017:7001474297,2017-08-15T17:00:00,FAYWOOD BLVD,WILSON AVE,,6,Non-Fatal Injury,At Intersection,Stop Sign,Turning Movement,Clear,Daylight,Dry,Major Arterial,FALSE,-79.44639986,43.73468224,2,,,1,65,Minor,No Equipment Available,,,,,,,,,,passenger,,York Centre (6),32 Division,Clanton Park,FALSE,FALSE,FALSE,FALSE,FALSE,TRUE,FALSE,FALSE,TRUE,TRUE,"{""coordinates"": [[-79.44639985724868, 43.734682244757856]], ""type"": ""MultiPoint""}"
7088,2017:7001474297,2017-08-15T17:00:00,FAYWOOD BLVD,WILSON AVE,,6,Non-Fatal Injury,At Intersection,Stop Sign,Turning Movement,Clear,Daylight,Dry,Major Arterial,FALSE,-79.44639986,43.73468224,2,,,4,37,Major,No Equipment Available,,,,,,,,,,passenger,,York Centre (6),32 Division,Clanton Park,FALSE,FALSE,FALSE,FALSE,FALSE,TRUE,FALSE,FALSE,TRUE,TRUE,"{""coordinates"": [[-79.44639985724868, 43.734682244757856]], ""type"": ""MultiPoint""}"
7089,2017:7001474297,2017-08-15T17:00:00,FAYWOOD BLVD,WILSON AVE,,6,Non-Fatal Injury,At Intersection,Stop Sign,Turning Movement,Clear,Daylight,Dry,Major Arterial,FALSE,-79.44639986,43.73468224,2,,,2,5,Minimal,No Equipment Available,,,,,,,,,,passenger,,York Centre (6),32 Division,Clanton Park,FALSE,FALSE,FALSE,FALSE,FALSE,TRUE,FALSE,FALSE,TRUE,TRUE,"{""coordinates"": [[-79.44639985724868, 43.734682244757856]], ""type"": ""MultiPoint""}"
7090,2017:7001489490,2017-08-17T22:45:00,WHITE HEATHER BLVD,LONGSWORD DR,10 m South of,2,Non-Fatal Injury,At Intersection,No Control,SMV Other,Clear,Dark with Artificial Lighting,Dry,Collector,FALSE,-79.26604047,43.81548502,1,,,1,17,Major,Lap and Shoulder Belt,,,,,,,,,,passenger,,Scarborough North (23),42 Division,Agincourt North,FALSE,FALSE,FALSE,FALSE,FALSE,FALSE,FALSE,FALSE,TRUE,FALSE,"{""coordinates"": [[-79.26604047249099, 43.815485022388216]], ""type"": ""MultiPoint""}"
7091,2017:7001489490,2017-08-17T22:45:00,WHITE HEATHER BLVD,LONGSWORD DR,10 m South of,2,Non-Fatal Injury,At Intersection,No Control,SMV Other,Clear,Dark with Artificial Lighting,Dry,Collector,FALSE,-79.26604047,43.81548502,1,Automobile or Station Wagon,North,2,21,None,Lap and Shoulder Belt,Lost control,Ability Impaired - Alcohol,,,Going Ahead,,,,,driver,,Scarborough North (23),42 Division,Agincourt North,FALSE,FALSE,FALSE,FALSE,FALSE,FALSE,FALSE,FALSE,TRUE,FALSE,"{""coordinates"": [[-79.26604047249099, 43.815485022388216]], ""type"": ""MultiPoint""}"
7092,2017:7001493534,2017-08-18T14:44:00,NORTH QUEEN ST,NOVA RD,80 m North of,5,Non-Fatal Injury,At/Near Private Drive,Stop Sign,Turning Movement,Clear,Daylight,Dry,Minor Arterial,FALSE,-79.55732424,43.61696844,1,Automobile or Station Wagon,West,1,29,Major,Lap and Shoulder Belt,Failed to yield right-of-way,Inattentive,,,Turning Left,,,,,driver,,Etobicoke-Lakeshore (3),22 Division,Etobicoke City Centre,TRUE,TRUE,FALSE,FALSE,FALSE,FALSE,FALSE,FALSE,FALSE,FALSE,"{""coordinates"": [[-79.55732424213467, 43.6169684440949]], ""type"": ""MultiPoint""}"
7093,2017:7001493534,2017-08-18T14:44:00,NORTH QUEEN ST,NOVA RD,80 m North of,5,Non-Fatal Injury,At/Near Private Drive,Stop Sign,Turning Movement,Clear,Daylight,Dry,Minor Arterial,FALSE,-79.55732424,43.61696844,1,,,4,1,None,Lap and Shoulder Belt,,,,,,,,,,passenger,,Etobicoke-Lakeshore (3),22 Division,Etobicoke City Centre,TRUE,TRUE,FALSE,FALSE,FALSE,FALSE,FALSE,FALSE,FALSE,FALSE,"{""coordinates"": [[-79.55732424213467, 43.6169684440949]], ""type"": ""MultiPoint""}"
7094,2017:7001493534,2017-08-18T14:44:00,NORTH QUEEN ST,NOVA RD,80 m North of,5,Non-Fatal Injury,At/Near Private Drive,Stop Sign,Turning Movement,Clear,Daylight,Dry,Minor Arterial,FALSE,-79.55732424,43.61696844,1,,,5,0,None,Lap and Shoulder Belt,,,,,,,,,,passenger,,Etobicoke-Lakeshore (3),22 Division,Etobicoke City Centre,TRUE,TRUE,FALSE,FALSE,FALSE,FALSE,FALSE,FALSE,FALSE,FALSE,"{""coordinates"": [[-79.55732424213467, 43.6169684440949]], ""type"": ""MultiPoint""}"
7095,2017:7001493534,2017-08-18T14:44:00,NORTH QUEEN ST,NOVA RD,80 m North of,5,Non-Fatal Injury,At/Near Private Drive,Stop Sign,Turning Movement,Clear,Daylight,Dry,Minor Arterial,FALSE,-79.55732424,43.61696844,2,,,3,64,None,Lap and Shoulder Belt,,,,,,,,,,passenger,,Etobicoke-Lakeshore (3),22 Division,Etobicoke City Centre,TRUE,TRUE,FALSE,FALSE,FALSE,FALSE,FALSE,FALSE,FALSE,FALSE,"{""coordinates"": [[-79.55732424213467, 43.6169684440949]], ""type"": ""MultiPoint""}"
7096,2017:7001493534,2017-08-18T14:44:00,NORTH QUEEN ST,NOVA RD,80 m North of,5,Non-Fatal Injury,At/Near Private Drive,Stop Sign,Turning Movement,Clear,Daylight,Dry,Minor Arterial,FALSE,-79.55732424,43.61696844,2,Automobile or Station Wagon,North,2,40,None,Lap and Shoulder Belt,Driving properly,Normal,,,Going Ahead,,,,,driver,,Etobicoke-Lakeshore (3),22 Division,Etobicoke City Centre,TRUE,TRUE,FALSE,FALSE,FALSE,FALSE,FALSE,FALSE,FALSE,FALSE,"{""coordinates"": [[-79.55732424213467, 43.6169684440949]], ""type"": ""MultiPoint""}"
7097,2017:7001502233,2017-08-19T23:09:00,HINTON RD,KIPLING AVE,120 m East of,2,Non-Fatal Injury,At/Near Private Drive,No Control,Turning Movement,Clear,Dark with Artificial Lighting,Dry,Local,FALSE,-79.57186506,43.7260914,2,Motorcycle,East,1,33,Major,Lap and Shoulder Belt,Driving properly,Normal,,,Going Ahead,,,,,motorcyclist,,Etobicoke North (1),23 Division,Rexdale-Kipling,TRUE,FALSE,FALSE,TRUE,FALSE,FALSE,FALSE,FALSE,FALSE,FALSE,"{""coordinates"": [[-79.57186505652125, 43.72609139937893]], ""type"": ""MultiPoint""}"
7098,2017:7001502233,2017-08-19T23:09:00,HINTON RD,KIPLING AVE,120 m East of,2,Non-Fatal Injury,At/Near Private Drive,No Control,Turning Movement,Clear,Dark with Artificial Lighting,Dry,Local,FALSE,-79.57186506,43.7260914,1,Automobile or Station Wagon,North,2,37,None,Lap and Shoulder Belt,Failed to yield right-of-way,Normal,,,Turning Left,,,,,driver,,Etobicoke North (1),23 Division,Rexdale-Kipling,TRUE,FALSE,FALSE,TRUE,FALSE,FALSE,FALSE,FALSE,FALSE,FALSE,"{""coordinates"": [[-79.57186505652125, 43.72609139937893]], ""type"": ""MultiPoint""}"
7099,2017:7001508706,2017-08-21T01:18:00,FINCH AVE W,WESTON RD,213 m West of,2,Non-Fatal Injury,Non-Intersection,No Control,Turning Movement,Clear,Dark with Artificial Lighting,Dry,Major Arterial,TRUE,-79.54483398,43.75148936,1,Automobile or Station Wagon,East,2,19,Major,Equipment Not Used But Available,Failed to yield right-of-way,Unknown,,,Turning Left,,,,,driver,,Humber River-Black Creek (7),31 Division,Humbermede,TRUE,FALSE,FALSE,FALSE,FALSE,FALSE,FALSE,FALSE,TRUE,FALSE,"{""coordinates"": [[-79.54483397586701, 43.751489355207646]], ""type"": ""MultiPoint""}"
7100,2017:7001508706,2017-08-21T01:18:00,FINCH AVE W,WESTON RD,213 m West of,2,Non-Fatal Injury,Non-Intersection,No Control,Turning Movement,Clear,Dark with Artificial Lighting,Dry,Major Arterial,TRUE,-79.54483398,43.75148936,2,Automobile or Station Wagon,West,1,,None,Use Unknown,Speed too fast for conditions,Normal,,,Going Ahead,,,,,driver,,Humber River-Black Creek (7),31 Division,Humbermede,TRUE,FALSE,FALSE,FALSE,FALSE,FALSE,FALSE,FALSE,TRUE,FALSE,"{""coordinates"": [[-79.54483397586701, 43.751489355207646]], ""type"": ""MultiPoint""}"
7101,2017:7001512006,2017-08-21T14:14:00,ST CLAIR AVE E,BIRCHMOUNT RD,71 m West of,2,Non-Fatal Injury,At/Near Private Drive,No Control,Angle,Clear,Daylight,Dry,Major Arterial,FALSE,-79.27219758,43.71383402,1,Automobile or Station Wagon,North,2,28,None,Use Unknown,Failed to yield right-of-way,Inattentive,,,Going Ahead,,,,,driver,,Scarborough Southwest (20),41 Division,Clairlea-Birchmount,TRUE,TRUE,FALSE,FALSE,FALSE,FALSE,FALSE,FALSE,FALSE,FALSE,"{""coordinates"": [[-79.27219758183371, 43.71383402004884]], ""type"": ""MultiPoint""}"
7102,2017:7001512006,2017-08-21T14:14:00,ST CLAIR AVE E,BIRCHMOUNT RD,71 m West of,2,Non-Fatal Injury,At/Near Private Drive,No Control,Angle,Clear,Daylight,Dry,Major Arterial,FALSE,-79.27219758,43.71383402,2,Automobile or Station Wagon,East,1,38,Major,Use Unknown,Driving properly,Normal,,,Going Ahead,,,,,driver,,Scarborough Southwest (20),41 Division,Clairlea-Birchmount,TRUE,TRUE,FALSE,FALSE,FALSE,FALSE,FALSE,FALSE,FALSE,FALSE,"{""coordinates"": [[-79.27219758183371, 43.71383402004884]], ""type"": ""MultiPoint""}"
7103,2017:7001526213,2017-08-23T15:25:00,STEELES AVE E,NINTH LINE,84 m West of,2,Non-Fatal Injury,Non-Intersection,No Control,Rear End,Clear,Daylight,Dry,Minor Arterial,FALSE,-79.2268404,43.84221399,1,Automobile or Station Wagon,East,1,38,Major,Use Unknown,Following too closely,Inattentive,,,Going Ahead,,,,,driver,,Scarborough-Rouge Park (25),42 Division,Morningside Heights,TRUE,TRUE,FALSE,FALSE,FALSE,FALSE,FALSE,FALSE,FALSE,FALSE,"{""coordinates"": [[-79.22684039714726, 43.84221398737582]], ""type"": ""MultiPoint""}"
7104,2017:7001526213,2017-08-23T15:25:00,STEELES AVE E,NINTH LINE,84 m West of,2,Non-Fatal Injury,Non-Intersection,No Control,Rear End,Clear,Daylight,Dry,Minor Arterial,FALSE,-79.2268404,43.84221399,2,Automobile or Station Wagon,East,2,41,None,Use Unknown,Driving properly,Normal,,,Slowing or Stopping,,,,,driver,,Scarborough-Rouge Park (25),42 Division,Morningside Heights,TRUE,TRUE,FALSE,FALSE,FALSE,FALSE,FALSE,FALSE,FALSE,FALSE,"{""coordinates"": [[-79.22684039714726, 43.84221398737582]], ""type"": ""MultiPoint""}"
7105,2017:7001538094,2017-08-25T12:04:00,EGLINTON AVE E,TORRANCE RD,12 m East of,1,Non-Fatal Injury,At Intersection,Traffic Signal,SMV Other,Clear,Daylight,Dry,Major Arterial,FALSE,-79.23521749,43.73945798,1,Automobile or Station Wagon,East,1,58,Major,Lap and Shoulder Belt,Lost control,Medical or Physical Disability,,,Going Ahead,,,,,driver,,Scarborough Southwest (20),43 Division,Eglinton East,FALSE,FALSE,FALSE,FALSE,FALSE,FALSE,FALSE,FALSE,FALSE,FALSE,"{""coordinates"": [[-79.23521749097449, 43.739457977160775]], ""type"": ""MultiPoint""}"
7107,2017:7001555657,2017-08-28T09:35:00,SHEPPARD AVE W,CANYON AVE,6 m West of,4,Non-Fatal Injury,At Intersection,No Control,Rear End,Clear,Daylight,Dry,Major Arterial,FALSE,-79.43694681,43.75561723,1,Pickup Truck,East,4,48,None,Lap and Shoulder Belt,Following too closely,Normal,,,Going Ahead,,,,,driver,,York Centre (6),32 Division,Lansing-Westgate,TRUE,FALSE,FALSE,FALSE,FALSE,TRUE,FALSE,FALSE,TRUE,FALSE,"{""coordinates"": [[-79.43694680884661, 43.755617226442055]], ""type"": ""MultiPoint""}"
7108,2017:7001555657,2017-08-28T09:35:00,SHEPPARD AVE W,CANYON AVE,6 m West of,4,Non-Fatal Injury,At Intersection,No Control,Rear End,Clear,Daylight,Dry,Major Arterial,FALSE,-79.43694681,43.75561723,2,Automobile or Station Wagon,East,3,71,Minimal,Lap and Shoulder Belt,Driving properly,Normal,,,Going Ahead,,,,,driver,,York Centre (6),32 Division,Lansing-Westgate,TRUE,FALSE,FALSE,FALSE,FALSE,TRUE,FALSE,FALSE,TRUE,FALSE,"{""coordinates"": [[-79.43694680884661, 43.755617226442055]], ""type"": ""MultiPoint""}"
7109,2017:7001555657,2017-08-28T09:35:00,SHEPPARD AVE W,CANYON AVE,6 m West of,4,Non-Fatal Injury,At Intersection,No Control,Rear End,Clear,Daylight,Dry,Major Arterial,FALSE,-79.43694681,43.75561723,2,,,1,39,Major,Lap and Shoulder Belt,,,,,,,,,,passenger,,York Centre (6),32 Division,Lansing-Westgate,TRUE,FALSE,FALSE,FALSE,FALSE,TRUE,FALSE,FALSE,TRUE,FALSE,"{""coordinates"": [[-79.43694680884661, 43.755617226442055]], ""type"": ""MultiPoint""}"
7110,2017:7001555657,2017-08-28T09:35:00,SHEPPARD AVE W,CANYON AVE,6 m West of,4,Non-Fatal Injury,At Intersection,No Control,Rear End,Clear,Daylight,Dry,Major Arterial,FALSE,-79.43694681,43.75561723,1,,,2,13,None,Lap and Shoulder Belt,,,,,,,,,,passenger,,York Centre (6),32 Division,Lansing-Westgate,TRUE,FALSE,FALSE,FALSE,FALSE,TRUE,FALSE,FALSE,TRUE,FALSE,"{""coordinates"": [[-79.43694680884661, 43.755617226442055]], ""type"": ""MultiPoint""}"
7111,2017:7001556385,2017-08-28T11:35:00,215 LONSDALE RD,,51 m West of,2,Non-Fatal Injury,Non-Intersection,No Control,Sideswipe,Clear,Daylight,Dry,Minor Arterial,FALSE,-79.40364485,43.6905652,2,Motorcycle,East,1,75,Major,Helmet,Driving properly,Normal,,,Going Ahead,,,,,motorcyclist,,Toronto-St. Paul's (12),53 Division,Casa Loma,TRUE,FALSE,FALSE,TRUE,FALSE,TRUE,FALSE,FALSE,FALSE,FALSE,"{""coordinates"": [[-79.40364485314655, 43.69056520167519]], ""type"": ""MultiPoint""}"
7112,2017:7001556385,2017-08-28T11:35:00,215 LONSDALE RD,,51 m West of,2,Non-Fatal Injury,Non-Intersection,No Control,Sideswipe,Clear,Daylight,Dry,Minor Arterial,FALSE,-79.40364485,43.6905652,1,Automobile or Station Wagon,East,2,58,None,Lap and Shoulder Belt,Improper passing,Normal,,,Going Ahead,,,,,driver,,Toronto-St. Paul's (12),53 Division,Casa Loma,TRUE,FALSE,FALSE,TRUE,FALSE,TRUE,FALSE,FALSE,FALSE,FALSE,"{""coordinates"": [[-79.40364485314655, 43.69056520167519]], ""type"": ""MultiPoint""}"
7113,2017:7001559045,2017-08-28T18:45:00,OSSINGTON AVE,HARBORD ST,30 m North of,2,Non-Fatal Injury,Intersection-Related,No Control,Turning Movement,Clear,Daylight,Dry,Minor Arterial,FALSE,-79.42427494,43.65847224,2,Motorcycle,North,1,30,Major,Helmet,Driving properly,Normal,,,Going Ahead,,,,,motorcyclist,,University-Rosedale (11),14 Division,Palmerston-Little Italy,FALSE,TRUE,FALSE,TRUE,FALSE,FALSE,FALSE,FALSE,FALSE,FALSE,"{""coordinates"": [[-79.42427494378609, 43.65847224049626]], ""type"": ""MultiPoint""}"
7114,2017:7001559045,2017-08-28T18:45:00,OSSINGTON AVE,HARBORD ST,30 m North of,2,Non-Fatal Injury,Intersection-Related,No Control,Turning Movement,Clear,Daylight,Dry,Minor Arterial,FALSE,-79.42427494,43.65847224,1,Automobile or Station Wagon,South,2,27,None,Lap and Shoulder Belt,Improper turn,Inattentive,,,Making U-Turn,,,,,driver,,University-Rosedale (11),14 Division,Palmerston-Little Italy,FALSE,TRUE,FALSE,TRUE,FALSE,FALSE,FALSE,FALSE,FALSE,FALSE,"{""coordinates"": [[-79.42427494378609, 43.65847224049626]], ""type"": ""MultiPoint""}"
7115,2017:7001559583,2017-08-28T20:10:00,RENFORTH DR,SILVER DART DR,3 m South of,1,Non-Fatal Injury,At Intersection,Traffic Signal,SMV Other,Clear,Dark with Artificial Lighting,Dry,Major Arterial,FALSE,-79.59319718,43.67635545,1,Automobile or Station Wagon,East,1,27,Major,Equipment Not Used But Available,Lost control,Unknown,,,Going Ahead,,,,,driver,,Etobicoke North (1),23 Division,West Humber-Clairville,FALSE,FALSE,FALSE,FALSE,FALSE,FALSE,FALSE,FALSE,FALSE,FALSE,"{""coordinates"": [[-79.59319717734145, 43.67635545355897]], ""type"": ""MultiPoint""}"
7116,2017:7001568713,2017-08-30T08:46:00,FINCH AVE W,HUMBER COLLEGE BLVD,23 m West of,3,Non-Fatal Injury,Intersection-Related,No Control,Rear End,Clear,Daylight,Dry,Major Arterial,FALSE,-79.60986709,43.73402644,2,Municipal Transit Bus (TTC),West,2,58,None,Lap and Shoulder Belt,Driving properly,Normal,,,Stopped,,,,,driver,,Etobicoke North (1),23 Division,West Humber-Clairville,FALSE,TRUE,FALSE,FALSE,FALSE,FALSE,FALSE,FALSE,FALSE,TRUE,"{""coordinates"": [[-79.60986708951714, 43.73402643752095]], ""type"": ""MultiPoint""}"
7117,2017:7001568713,2017-08-30T08:46:00,FINCH AVE W,HUMBER COLLEGE BLVD,23 m West of,3,Non-Fatal Injury,Intersection-Related,No Control,Rear End,Clear,Daylight,Dry,Major Arterial,FALSE,-79.60986709,43.73402644,2,,,1,63,Minor,Equipment Not Used But Available,,,,,,,,,,passenger,,Etobicoke North (1),23 Division,West Humber-Clairville,FALSE,TRUE,FALSE,FALSE,FALSE,FALSE,FALSE,FALSE,FALSE,TRUE,"{""coordinates"": [[-79.60986708951714, 43.73402643752095]], ""type"": ""MultiPoint""}"
7118,2017:7001568713,2017-08-30T08:46:00,FINCH AVE W,HUMBER COLLEGE BLVD,23 m West of,3,Non-Fatal Injury,Intersection-Related,No Control,Rear End,Clear,Daylight,Dry,Major Arterial,FALSE,-79.60986709,43.73402644,1,Pickup Truck,West,3,25,Major,Equipment Not Used But Available,Lost control,Inattentive,,,Going Ahead,,,,,driver,,Etobicoke North (1),23 Division,West Humber-Clairville,FALSE,TRUE,FALSE,FALSE,FALSE,FALSE,FALSE,FALSE,FALSE,TRUE,"{""coordinates"": [[-79.60986708951714, 43.73402643752095]], ""type"": ""MultiPoint""}"
7119,2017:7001604333,2017-09-05T00:30:00,715 MILNER AVE,,30 m East of,2,Non-Fatal Injury,At/Near Private Drive,No Control,SMV Other,Clear,Dark with Artificial Lighting,Dry,Minor Arterial,FALSE,-79.21015541,43.79603296,1,Automobile or Station Wagon,East,2,18,Minor,Use Unknown,Lost control,Unknown,,,Going Ahead,,,,,driver,,Scarborough-Rouge Park (25),42 Division,Malvern East,FALSE,FALSE,FALSE,FALSE,FALSE,FALSE,FALSE,FALSE,TRUE,FALSE,"{""coordinates"": [[-79.21015541017212, 43.796032962485555]], ""type"": ""MultiPoint""}"
7120,2017:7001604333,2017-09-05T00:30:00,715 MILNER AVE,,30 m East of,2,Non-Fatal Injury,At/Near Private Drive,No Control,SMV Other,Clear,Dark with Artificial Lighting,Dry,Minor Arterial,FALSE,-79.21015541,43.79603296,1,,,1,32,Major,Use Unknown,,,,,,,,,,passenger,,Scarborough-Rouge Park (25),42 Division,Malvern East,FALSE,FALSE,FALSE,FALSE,FALSE,FALSE,FALSE,FALSE,TRUE,FALSE,"{""coordinates"": [[-79.21015541017212, 43.796032962485555]], ""type"": ""MultiPoint""}"
7121,2017:7001621842,2017-09-07T15:38:00,EGLINTON AVE E,BIMBROK RD,,3,Non-Fatal Injury,At Intersection,No Control,Turning Movement,Clear,Daylight,Dry,Major Arterial,FALSE,-79.25201752,43.73577699,1,,,1,25,Major,Lap and Shoulder Belt,,,,,,,,,,passenger,,Scarborough Southwest (20),41 Division,Kennedy Park,TRUE,FALSE,FALSE,FALSE,FALSE,FALSE,FALSE,FALSE,FALSE,TRUE,"{""coordinates"": [[-79.25201752008739, 43.73577699495068]], ""type"": ""MultiPoint""}"
7122,2017:7001621842,2017-09-07T15:38:00,EGLINTON AVE E,BIMBROK RD,,3,Non-Fatal Injury,At Intersection,No Control,Turning Movement,Clear,Daylight,Dry,Major Arterial,FALSE,-79.25201752,43.73577699,2,Truck - Closed,West,2,62,None,Lap and Shoulder Belt,Driving properly,Normal,,,Going Ahead,,,,,driver,,Scarborough Southwest (20),41 Division,Kennedy Park,TRUE,FALSE,FALSE,FALSE,FALSE,FALSE,FALSE,FALSE,FALSE,TRUE,"{""coordinates"": [[-79.25201752008739, 43.73577699495068]], ""type"": ""MultiPoint""}"
7123,2017:7001621842,2017-09-07T15:38:00,EGLINTON AVE E,BIMBROK RD,,3,Non-Fatal Injury,At Intersection,No Control,Turning Movement,Clear,Daylight,Dry,Major Arterial,FALSE,-79.25201752,43.73577699,1,Automobile or Station Wagon,East,3,31,Major,Lap and Shoulder Belt,Failed to yield right-of-way,Normal,,,Turning Left,,,,,driver,,Scarborough Southwest (20),41 Division,Kennedy Park,TRUE,FALSE,FALSE,FALSE,FALSE,FALSE,FALSE,FALSE,FALSE,TRUE,"{""coordinates"": [[-79.25201752008739, 43.73577699495068]], ""type"": ""MultiPoint""}"
7124,2017:7001633721,2017-09-09T12:21:00,MC CAUL ST,QUEEN ST W,,2,Non-Fatal Injury,At Intersection,Traffic Controller,Turning Movement,Clear,Daylight,Dry,Major Arterial,FALSE,-79.38971389,43.65012119,2,Automobile or Station Wagon,West,2,19,None,Lap and Shoulder Belt,Driving properly,Normal,,,Turning Left,,,,,driver,,Spadina-Fort York (10),52 Division,Wellington Place,FALSE,FALSE,FALSE,TRUE,FALSE,FALSE,FALSE,FALSE,TRUE,FALSE,"{""coordinates"": [[-79.389713889868, 43.65012119192118]], ""type"": ""MultiPoint""}"
7125,2017:7001633721,2017-09-09T12:21:00,MC CAUL ST,QUEEN ST W,,2,Non-Fatal Injury,At Intersection,Traffic Controller,Turning Movement,Clear,Daylight,Dry,Major Arterial,FALSE,-79.38971389,43.65012119,1,Motorcycle,South,1,45,Major,Helmet,Lost control,Normal,,,Going Ahead,,,,,motorcyclist,,Spadina-Fort York (10),52 Division,Wellington Place,FALSE,FALSE,FALSE,TRUE,FALSE,FALSE,FALSE,FALSE,TRUE,FALSE,"{""coordinates"": [[-79.389713889868, 43.65012119192118]], ""type"": ""MultiPoint""}"