_id,collision_id,accdate,stname1,stname2,stname3,per_inv,acclass,accloc,traffictl,impactype,visible,light,rdsfcond,road_class,failtorem,longitude,latitude,veh_no,vehtype,initdir,per_no,invage,injury,safequip,drivact,drivcond,pedact,pedcond,manoeuvre,pedtype,cyclistype,cycact,cyccond,road_user,fatal_no,wardname,division,neighbourhood,aggressive,distracted,cyclist,motorcyclist,other_micromobility,older_adult,pedestrian,red_light,school_child,heavy_truck,geometry
7604,2018:8001797776,2018-09-28T17:23:00,AVENUE RD,FARNHAM AVE,4 m West of,3,Non-Fatal Injury,At Intersection,Stop Sign,Turning Movement,Clear,Daylight,Dry,Major Arterial,FALSE,-79.40016622,43.68345484,2,Automobile or Station Wagon,South,2,35,None,Air Bag Deployed,Speed too fast for conditions,Normal,,,Going Ahead,,,,,driver,,Toronto-St. Paul's (12),53 Division,Yonge-St.Clair,TRUE,FALSE,FALSE,FALSE,FALSE,FALSE,FALSE,FALSE,FALSE,FALSE,"{""coordinates"": [[-79.40016622410147, 43.683454843204075]], ""type"": ""MultiPoint""}"
7605,2018:8001812158,2018-10-01T06:00:00,STEELES AVE E,FIREBRACE RD,,2,Non-Fatal Injury,At Intersection,Traffic Signal,Sideswipe,Rain,Dark with Artificial Lighting,Wet,Major Arterial,TRUE,-79.33204308,43.81780838,2,Motorcycle,East,2,25,Major,Helmet,Driving properly,Normal,,,Going Ahead,,,,,motorcyclist,,Scarborough-Agincourt (22),42 Division,Steeles,FALSE,FALSE,FALSE,TRUE,FALSE,FALSE,FALSE,FALSE,FALSE,TRUE,"{""coordinates"": [[-79.33204307594491, 43.81780837994166]], ""type"": ""MultiPoint""}"
7606,2018:8001812158,2018-10-01T06:00:00,STEELES AVE E,FIREBRACE RD,,2,Non-Fatal Injury,At Intersection,Traffic Signal,Sideswipe,Rain,Dark with Artificial Lighting,Wet,Major Arterial,TRUE,-79.33204308,43.81780838,1,Construction Equipment,East,1,,None,Use Unknown,Improper lane change,Unknown,,,Changing Lanes,,,,,driver,,Scarborough-Agincourt (22),42 Division,Steeles,FALSE,FALSE,FALSE,TRUE,FALSE,FALSE,FALSE,FALSE,FALSE,TRUE,"{""coordinates"": [[-79.33204307594491, 43.81780837994166]], ""type"": ""MultiPoint""}"
7607,2018:8001842377,2018-10-05T15:15:00,GERRARD ST E,COXWELL AVE,25 m East of,2,Non-Fatal Injury,At Intersection,Traffic Signal,SMV Other,Clear,Daylight,Dry,Minor Arterial,FALSE,-79.32029395,43.67532561,1,,,2,27,Major,Lap and Shoulder Belt,,,,,,,,,,passenger,,Beaches-East York (19),55 Division,Woodbine Corridor,TRUE,FALSE,FALSE,FALSE,FALSE,FALSE,FALSE,FALSE,FALSE,FALSE,"{""coordinates"": [[-79.3202939548007, 43.67532561182407]], ""type"": ""MultiPoint""}"
7608,2018:8001842377,2018-10-05T15:15:00,GERRARD ST E,COXWELL AVE,25 m East of,2,Non-Fatal Injury,At Intersection,Traffic Signal,SMV Other,Clear,Daylight,Dry,Minor Arterial,FALSE,-79.32029395,43.67532561,1,Pickup Truck,West,1,33,None,Lap and Shoulder Belt,Speed too fast for conditions,Had Been Drinking,,,Going Ahead,,,,,driver,,Beaches-East York (19),55 Division,Woodbine Corridor,TRUE,FALSE,FALSE,FALSE,FALSE,FALSE,FALSE,FALSE,FALSE,FALSE,"{""coordinates"": [[-79.3202939548007, 43.67532561182407]], ""type"": ""MultiPoint""}"
7612,2018:8001845570,2018-10-06T01:25:00,LAWRENCE AVE E,EAST AVE,,2,Non-Fatal Injury,At Intersection,Traffic Signal,SMV Other,Clear,Dark with Artificial Lighting,Dry,Collector,FALSE,-79.13159573,43.78063012,1,,,2,20,Minor,Lap and Shoulder Belt,,,,,,,,,,passenger,,Scarborough-Rouge Park (25),43 Division,West Rouge,FALSE,FALSE,FALSE,FALSE,FALSE,FALSE,FALSE,FALSE,FALSE,FALSE,"{""coordinates"": [[-79.13159573493532, 43.78063012447239]], ""type"": ""MultiPoint""}"
7613,2018:8001845570,2018-10-06T01:25:00,LAWRENCE AVE E,EAST AVE,,2,Non-Fatal Injury,At Intersection,Traffic Signal,SMV Other,Clear,Dark with Artificial Lighting,Dry,Collector,FALSE,-79.13159573,43.78063012,1,Automobile or Station Wagon,East,1,23,Major,Lap and Shoulder Belt,Lost control,Unknown,,,Unknown,,,,,driver,,Scarborough-Rouge Park (25),43 Division,West Rouge,FALSE,FALSE,FALSE,FALSE,FALSE,FALSE,FALSE,FALSE,FALSE,FALSE,"{""coordinates"": [[-79.13159573493532, 43.78063012447239]], ""type"": ""MultiPoint""}"
7614,2018:8001848907,2018-10-06T16:30:00,ANTIBES DR,DON LAKE GATE,15 m East of,1,Non-Fatal Injury,Intersection-Related,No Control,SMV Other,Clear,Daylight,Dry,Collector,FALSE,-79.44627822,43.78052748,1,Automobile or Station Wagon,North,1,33,Major,Equipment Not Used But Available,Lost control,Ability Impaired - Drugs,,,Going Ahead,,,,,driver,,York Centre (6),32 Division,Westminster-Branson,FALSE,FALSE,FALSE,FALSE,FALSE,FALSE,FALSE,FALSE,FALSE,FALSE,"{""coordinates"": [[-79.44627822217178, 43.78052747965574]], ""type"": ""MultiPoint""}"
7615,2018:8001849626,2018-10-06T18:50:00,KINGSTON RD,GALLOWAY RD,,4,Non-Fatal Injury,At Intersection,Traffic Signal,Turning Movement,Clear,Daylight,Dry,Major Arterial,FALSE,-79.19470619,43.76193817,1,,,3,17,Major,Lap Belt Only of Combined Assembly,,,,,,,,,,motorcyclist,,Scarborough-Guildwood (24),43 Division,West Hill,TRUE,FALSE,FALSE,TRUE,FALSE,FALSE,FALSE,FALSE,TRUE,FALSE,"{""coordinates"": [[-79.19470618514401, 43.76193816576791]], ""type"": ""MultiPoint""}"
7616,2018:8001849626,2018-10-06T18:50:00,KINGSTON RD,GALLOWAY RD,,4,Non-Fatal Injury,At Intersection,Traffic Signal,Turning Movement,Clear,Daylight,Dry,Major Arterial,FALSE,-79.19470619,43.76193817,2,Pickup Truck,East,2,33,None,Lap and Shoulder Belt,Driving properly,Normal,,,Turning Left,,,,,driver,,Scarborough-Guildwood (24),43 Division,West Hill,TRUE,FALSE,FALSE,TRUE,FALSE,FALSE,FALSE,FALSE,TRUE,FALSE,"{""coordinates"": [[-79.19470618514401, 43.76193816576791]], ""type"": ""MultiPoint""}"
7617,2018:8001849626,2018-10-06T18:50:00,KINGSTON RD,GALLOWAY RD,,4,Non-Fatal Injury,At Intersection,Traffic Signal,Turning Movement,Clear,Daylight,Dry,Major Arterial,FALSE,-79.19470619,43.76193817,1,Motorcycle,West,1,18,Major,Helmet,Speed too fast for conditions,Normal,,,Going Ahead,,,,,motorcyclist,,Scarborough-Guildwood (24),43 Division,West Hill,TRUE,FALSE,FALSE,TRUE,FALSE,FALSE,FALSE,FALSE,TRUE,FALSE,"{""coordinates"": [[-79.19470618514401, 43.76193816576791]], ""type"": ""MultiPoint""}"
7618,2018:8001849626,2018-10-06T18:50:00,KINGSTON RD,GALLOWAY RD,,4,Non-Fatal Injury,At Intersection,Traffic Signal,Turning Movement,Clear,Daylight,Dry,Major Arterial,FALSE,-79.19470619,43.76193817,2,,,4,31,Minimal,Lap and Shoulder Belt,,,,,,,,,,passenger,,Scarborough-Guildwood (24),43 Division,West Hill,TRUE,FALSE,FALSE,TRUE,FALSE,FALSE,FALSE,FALSE,TRUE,FALSE,"{""coordinates"": [[-79.19470618514401, 43.76193816576791]], ""type"": ""MultiPoint""}"
7619,2018:8001851733,2018-10-07T03:05:00,DON VALLEY PARKWAY N,EASTERN AV E DVP N RAMP,80 m South of,3,Non-Fatal Injury,Non-Intersection,No Control,Sideswipe,Rain,Dark with Artificial Lighting,Wet,Expressway,FALSE,-79.35175766,43.65609959,2,Automobile or Station Wagon,North,2,28,None,Lap and Shoulder Belt,Driving properly,Normal,,,Going Ahead,,,,,driver,,Toronto-Danforth (14),55 Division,South Riverdale,TRUE,FALSE,FALSE,FALSE,FALSE,FALSE,FALSE,FALSE,FALSE,FALSE,"{""coordinates"": [[-79.3517576649183, 43.656099585174765]], ""type"": ""MultiPoint""}"
7620,2018:8001851733,2018-10-07T03:05:00,DON VALLEY PARKWAY N,EASTERN AV E DVP N RAMP,80 m South of,3,Non-Fatal Injury,Non-Intersection,No Control,Sideswipe,Rain,Dark with Artificial Lighting,Wet,Expressway,FALSE,-79.35175766,43.65609959,1,Automobile or Station Wagon,North,1,24,Major,Use Unknown,Speed too fast for conditions,Unknown,,,Going Ahead,,,,,driver,,Toronto-Danforth (14),55 Division,South Riverdale,TRUE,FALSE,FALSE,FALSE,FALSE,FALSE,FALSE,FALSE,FALSE,FALSE,"{""coordinates"": [[-79.3517576649183, 43.656099585174765]], ""type"": ""MultiPoint""}"
7621,2018:8001851733,2018-10-07T03:05:00,DON VALLEY PARKWAY N,EASTERN AV E DVP N RAMP,80 m South of,3,Non-Fatal Injury,Non-Intersection,No Control,Sideswipe,Rain,Dark with Artificial Lighting,Wet,Expressway,FALSE,-79.35175766,43.65609959,2,,,3,23,None,Lap and Shoulder Belt,,,,,,,,,,passenger,,Toronto-Danforth (14),55 Division,South Riverdale,TRUE,FALSE,FALSE,FALSE,FALSE,FALSE,FALSE,FALSE,FALSE,FALSE,"{""coordinates"": [[-79.3517576649183, 43.656099585174765]], ""type"": ""MultiPoint""}"
7622,2018:8001881817,2018-10-11T20:09:00,RUNNYMEDE RD,BLOOR ST W,,2,Non-Fatal Injury,At Intersection,Traffic Controller,Turning Movement,Clear,Daylight with Artificial Lighting,Dry,Major Arterial,FALSE,-79.476262,43.65106437,2,Motorcycle,South,2,28,Major,Helmet,Driving properly,Normal,,,Going Ahead,,,,,motorcyclist,,Parkdale-High Park (4),11 Division,High Park-Swansea,TRUE,FALSE,FALSE,TRUE,FALSE,FALSE,FALSE,FALSE,FALSE,FALSE,"{""coordinates"": [[-79.47626200475139, 43.651064369785956]], ""type"": ""MultiPoint""}"
7623,2018:8001881817,2018-10-11T20:09:00,RUNNYMEDE RD,BLOOR ST W,,2,Non-Fatal Injury,At Intersection,Traffic Controller,Turning Movement,Clear,Daylight with Artificial Lighting,Dry,Major Arterial,FALSE,-79.476262,43.65106437,1,Automobile or Station Wagon,North,1,20,None,Lap and Shoulder Belt,Failed to yield right-of-way,Normal,,,Turning Left,,,,,driver,,Parkdale-High Park (4),11 Division,High Park-Swansea,TRUE,FALSE,FALSE,TRUE,FALSE,FALSE,FALSE,FALSE,FALSE,FALSE,"{""coordinates"": [[-79.47626200475139, 43.651064369785956]], ""type"": ""MultiPoint""}"
7624,2018:8001922622,2018-10-18T08:40:00,1491 LAKE SHORE BLVD W,,900 m East of,2,Non-Fatal Injury,Non-Intersection,No Control,Approaching Head On,Clear,Daylight,Dry,Major Arterial,FALSE,-79.4440354,43.63637774,1,Automobile or Station Wagon,West,1,25,Major,Lap and Shoulder Belt,Lost control,Inattentive,,,Going Ahead,,,,,driver,,Parkdale-High Park (4),14 Division,South Parkdale,FALSE,TRUE,FALSE,FALSE,FALSE,FALSE,FALSE,FALSE,FALSE,TRUE,"{""coordinates"": [[-79.44403540413454, 43.636377743026465]], ""type"": ""MultiPoint""}"
7625,2018:8001922622,2018-10-18T08:40:00,1491 LAKE SHORE BLVD W,,900 m East of,2,Non-Fatal Injury,Non-Intersection,No Control,Approaching Head On,Clear,Daylight,Dry,Major Arterial,FALSE,-79.4440354,43.63637774,2,Truck - Tractor,East,2,62,None,Lap and Shoulder Belt,Driving properly,Normal,,,Going Ahead,,,,,driver,,Parkdale-High Park (4),14 Division,South Parkdale,FALSE,TRUE,FALSE,FALSE,FALSE,FALSE,FALSE,FALSE,FALSE,TRUE,"{""coordinates"": [[-79.44403540413454, 43.636377743026465]], ""type"": ""MultiPoint""}"
7626,2023:3001046430,2023-05-10T15:45:00,MIDLAND AVE,PROGRESS AVE,1 m North of,2,Non-Fatal Injury,Intersection-Related,Traffic Signal,Rear End,Clear,Daylight,Dry,Major Arterial,FALSE,-79.27309232,43.77316753,2,Automobile or Station Wagon,South,2,49,Major,Lap and Shoulder Belt,Driving properly,Normal,,,Going Ahead,,,,,driver,,Scarborough Centre (21),41 Division,Dorset Park,TRUE,FALSE,FALSE,FALSE,FALSE,TRUE,FALSE,FALSE,FALSE,FALSE,"{""coordinates"": [[-79.27309231933984, 43.77316752529116]], ""type"": ""MultiPoint""}"
7627,2018:8001943043,2018-10-21T12:13:00,BREMNER BLVD,LOWER SIMCOE ST,44 m East of,2,Non-Fatal Injury,Non-Intersection,No Control,Turning Movement,Clear,Daylight,Dry,Minor Arterial,FALSE,-79.38329003,43.64244302,2,Automobile or Station Wagon,East,2,46,None,Lap and Shoulder Belt,Driving properly,Normal,,,Turning Left,,,,,driver,,Spadina-Fort York (10),52 Division,Harbourfront-CityPlace,TRUE,FALSE,FALSE,TRUE,FALSE,FALSE,FALSE,FALSE,FALSE,FALSE,"{""coordinates"": [[-79.38329003452785, 43.642443018304895]], ""type"": ""MultiPoint""}"
7628,2018:8001943043,2018-10-21T12:13:00,BREMNER BLVD,LOWER SIMCOE ST,44 m East of,2,Non-Fatal Injury,Non-Intersection,No Control,Turning Movement,Clear,Daylight,Dry,Minor Arterial,FALSE,-79.38329003,43.64244302,1,Motorcycle,East,1,36,Major,Helmet,Improper passing,Normal,,,Overtaking,,,,,motorcyclist,,Spadina-Fort York (10),52 Division,Harbourfront-CityPlace,TRUE,FALSE,FALSE,TRUE,FALSE,FALSE,FALSE,FALSE,FALSE,FALSE,"{""coordinates"": [[-79.38329003452785, 43.642443018304895]], ""type"": ""MultiPoint""}"
7629,2018:8001961813,2018-10-24T10:26:00,1315 LAWRENCE AVE E,,300 m East of,2,Non-Fatal Injury,Non-Intersection,No Control,SMV Other,Clear,Daylight,Dry,Major Arterial,FALSE,-79.32373473,43.74079726,2,Automobile or Station Wagon,East,2,46,Major,Lap and Shoulder Belt,Driving properly,Normal,,,Going Ahead,,,,,driver,,Don Valley East (16),33 Division,Victoria Village,FALSE,TRUE,FALSE,FALSE,FALSE,FALSE,FALSE,FALSE,FALSE,FALSE,"{""coordinates"": [[-79.3237347287379, 43.740797260348124]], ""type"": ""MultiPoint""}"
7630,2018:8001961813,2018-10-24T10:26:00,1315 LAWRENCE AVE E,,300 m East of,2,Non-Fatal Injury,Non-Intersection,No Control,SMV Other,Clear,Daylight,Dry,Major Arterial,FALSE,-79.32373473,43.74079726,1,Automobile or Station Wagon,West,1,,None,Use Unknown,Improper turn,Inattentive,,,Turning Left,,,,,driver,,Don Valley East (16),33 Division,Victoria Village,FALSE,TRUE,FALSE,FALSE,FALSE,FALSE,FALSE,FALSE,FALSE,FALSE,"{""coordinates"": [[-79.3237347287379, 43.740797260348124]], ""type"": ""MultiPoint""}"
7631,2018:8001972979,2018-10-25T22:09:00,BROWNS LINE,VALERMO DR,,3,Non-Fatal Injury,At Intersection,Traffic Signal,Turning Movement,Clear,Dark with Artificial Lighting,Dry,Major Arterial,FALSE,-79.5470935,43.60595188,1,Automobile or Station Wagon,South,1,52,None,Use Unknown,Failed to yield right-of-way,Normal,,,Turning Left,,,,,driver,,Etobicoke-Lakeshore (3),22 Division,Alderwood,TRUE,FALSE,FALSE,TRUE,FALSE,FALSE,FALSE,FALSE,TRUE,FALSE,"{""coordinates"": [[-79.5470934952907, 43.60595187742713]], ""type"": ""MultiPoint""}"
7632,2018:8001972979,2018-10-25T22:09:00,BROWNS LINE,VALERMO DR,,3,Non-Fatal Injury,At Intersection,Traffic Signal,Turning Movement,Clear,Dark with Artificial Lighting,Dry,Major Arterial,FALSE,-79.5470935,43.60595188,2,,,3,14,Minor,Helmet,,,,,,,,,,motorcyclist,,Etobicoke-Lakeshore (3),22 Division,Alderwood,TRUE,FALSE,FALSE,TRUE,FALSE,FALSE,FALSE,FALSE,TRUE,FALSE,"{""coordinates"": [[-79.5470934952907, 43.60595187742713]], ""type"": ""MultiPoint""}"
7633,2018:8001972979,2018-10-25T22:09:00,BROWNS LINE,VALERMO DR,,3,Non-Fatal Injury,At Intersection,Traffic Signal,Turning Movement,Clear,Dark with Artificial Lighting,Dry,Major Arterial,FALSE,-79.5470935,43.60595188,2,Motorcycle,North,2,50,Major,Helmet,Driving properly,Normal,,,Going Ahead,,,,,motorcyclist,,Etobicoke-Lakeshore (3),22 Division,Alderwood,TRUE,FALSE,FALSE,TRUE,FALSE,FALSE,FALSE,FALSE,TRUE,FALSE,"{""coordinates"": [[-79.5470934952907, 43.60595187742713]], ""type"": ""MultiPoint""}"
7634,2018:8001975971,2018-10-26T11:57:00,DANFORTH AVE,BROADVIEW AVE,12 m East of,2,Non-Fatal Injury,At Intersection,Traffic Signal,Sideswipe,Clear,Daylight,Dry,Major Arterial,TRUE,-79.3588301,43.67613057,1,Automobile or Station Wagon,West,1,,None,Use Unknown,Other,Unknown,,,Reversing,,,,,driver,,Toronto-Danforth (14),55 Division,North Riverdale,FALSE,FALSE,FALSE,FALSE,FALSE,TRUE,FALSE,FALSE,FALSE,FALSE,"{""coordinates"": [[-79.35883009807272, 43.676130567650084]], ""type"": ""MultiPoint""}"
7635,2018:8001975971,2018-10-26T11:57:00,DANFORTH AVE,BROADVIEW AVE,12 m East of,2,Non-Fatal Injury,At Intersection,Traffic Signal,Sideswipe,Clear,Daylight,Dry,Major Arterial,TRUE,-79.3588301,43.67613057,2,Automobile or Station Wagon,West,2,67,Major,Lap and Shoulder Belt,Other,Normal,,,Stopped,,,,,driver,,Toronto-Danforth (14),55 Division,North Riverdale,FALSE,FALSE,FALSE,FALSE,FALSE,TRUE,FALSE,FALSE,FALSE,FALSE,"{""coordinates"": [[-79.35883009807272, 43.676130567650084]], ""type"": ""MultiPoint""}"
7636,2018:8002008114,2018-10-31T11:00:00,1491 LAKE SHORE BLVD W,,25 m West of,3,Non-Fatal Injury,Non-Intersection,No Control,Sideswipe,Rain,Daylight with Artificial Lighting,Wet,Major Arterial,FALSE,-79.44530189,43.63697284,1,,,2,19,Minor,Lap and Shoulder Belt,,,,,,,,,,passenger,,Parkdale-High Park (4),14 Division,South Parkdale,FALSE,FALSE,FALSE,FALSE,FALSE,FALSE,FALSE,FALSE,TRUE,FALSE,"{""coordinates"": [[-79.44530188515027, 43.63697283742613]], ""type"": ""MultiPoint""}"
7637,2018:8002008114,2018-10-31T11:00:00,1491 LAKE SHORE BLVD W,,25 m West of,3,Non-Fatal Injury,Non-Intersection,No Control,Sideswipe,Rain,Daylight with Artificial Lighting,Wet,Major Arterial,FALSE,-79.44530189,43.63697284,1,Automobile or Station Wagon,East,3,44,Major,Lap and Shoulder Belt,Lost control,Normal,,,Going Ahead,,,,,driver,,Parkdale-High Park (4),14 Division,South Parkdale,FALSE,FALSE,FALSE,FALSE,FALSE,FALSE,FALSE,FALSE,TRUE,FALSE,"{""coordinates"": [[-79.44530188515027, 43.63697283742613]], ""type"": ""MultiPoint""}"
7638,2018:8002008114,2018-10-31T11:00:00,1491 LAKE SHORE BLVD W,,25 m West of,3,Non-Fatal Injury,Non-Intersection,No Control,Sideswipe,Rain,Daylight with Artificial Lighting,Wet,Major Arterial,FALSE,-79.44530189,43.63697284,2,Automobile or Station Wagon,East,1,35,None,Use Unknown,Lost control,Normal,,,Going Ahead,,,,,driver,,Parkdale-High Park (4),14 Division,South Parkdale,FALSE,FALSE,FALSE,FALSE,FALSE,FALSE,FALSE,FALSE,TRUE,FALSE,"{""coordinates"": [[-79.44530188515027, 43.63697283742613]], ""type"": ""MultiPoint""}"
7643,2018:8002018629,2018-11-01T22:15:00,WILSON AVE,DUBRAY AVE,,2,Non-Fatal Injury,At Intersection,Traffic Signal,Turning Movement,Rain,Daylight with Artificial Lighting,Wet,Major Arterial,FALSE,-79.47770383,43.72809071,2,Automobile or Station Wagon,West,1,32,Major,Lap and Shoulder Belt,Driving properly,Normal,,,Going Ahead,,,,,driver,,York Centre (6),31 Division,Downsview,FALSE,TRUE,FALSE,FALSE,FALSE,FALSE,FALSE,FALSE,FALSE,FALSE,"{""coordinates"": [[-79.47770382587932, 43.72809070511248]], ""type"": ""MultiPoint""}"
7644,2018:8002018629,2018-11-01T22:15:00,WILSON AVE,DUBRAY AVE,,2,Non-Fatal Injury,At Intersection,Traffic Signal,Turning Movement,Rain,Daylight with Artificial Lighting,Wet,Major Arterial,FALSE,-79.47770383,43.72809071,1,Automobile or Station Wagon,West,2,50,None,Lap and Shoulder Belt,Improper turn,Inattentive,,,Making U-Turn,,,,,driver,,York Centre (6),31 Division,Downsview,FALSE,TRUE,FALSE,FALSE,FALSE,FALSE,FALSE,FALSE,FALSE,FALSE,"{""coordinates"": [[-79.47770382587932, 43.72809070511248]], ""type"": ""MultiPoint""}"
7645,2018:8002024697,2018-11-02T19:40:00,MCNICOLL AVE,VICTORIA PARK AVE,100 m East of,1,Non-Fatal Injury,Non-Intersection,No Control,SMV Other,Clear,Dark with Artificial Lighting,Wet,Minor Arterial,FALSE,-79.33491175,43.80427384,1,Automobile or Station Wagon,East,1,33,Major,Lap and Shoulder Belt,Lost control,Ability Impaired - Drugs,,,Going Ahead,,,,,driver,,Scarborough-Agincourt (22),42 Division,Steeles,FALSE,FALSE,FALSE,FALSE,FALSE,FALSE,FALSE,FALSE,FALSE,FALSE,"{""coordinates"": [[-79.33491174583399, 43.80427383705313]], ""type"": ""MultiPoint""}"
7646,2018:8002123284,2018-11-18T07:20:00,BLOOR ST W,AVENUE RD,,4,Non-Fatal Injury,At Intersection,Traffic Signal,Angle,Clear,Daylight,Dry,Major Arterial,FALSE,-79.39410087,43.66864618,2,,,4,33,Minor,Lap and Shoulder Belt,,,,,,,,,,passenger,,University-Rosedale (11),52 Division,Bay-Cloverhill,TRUE,TRUE,FALSE,FALSE,FALSE,FALSE,FALSE,TRUE,FALSE,TRUE,"{""coordinates"": [[-79.39410086722475, 43.66864618354451]], ""type"": ""MultiPoint""}"
7647,2018:8002123284,2018-11-18T07:20:00,BLOOR ST W,AVENUE RD,,4,Non-Fatal Injury,At Intersection,Traffic Signal,Angle,Clear,Daylight,Dry,Major Arterial,FALSE,-79.39410087,43.66864618,1,Automobile or Station Wagon,North,1,20,Minor,Lap and Shoulder Belt,Disobeyed traffic control,Inattentive,,,Going Ahead,,,,,driver,,University-Rosedale (11),52 Division,Bay-Cloverhill,TRUE,TRUE,FALSE,FALSE,FALSE,FALSE,FALSE,TRUE,FALSE,TRUE,"{""coordinates"": [[-79.39410086722475, 43.66864618354451]], ""type"": ""MultiPoint""}"
7648,2018:8002123284,2018-11-18T07:20:00,BLOOR ST W,AVENUE RD,,4,Non-Fatal Injury,At Intersection,Traffic Signal,Angle,Clear,Daylight,Dry,Major Arterial,FALSE,-79.39410087,43.66864618,2,Delivery Van,East,2,28,Minimal,Lap and Shoulder Belt,Driving properly,Normal,,,Going Ahead,,,,,driver,,University-Rosedale (11),52 Division,Bay-Cloverhill,TRUE,TRUE,FALSE,FALSE,FALSE,FALSE,FALSE,TRUE,FALSE,TRUE,"{""coordinates"": [[-79.39410086722475, 43.66864618354451]], ""type"": ""MultiPoint""}"
7649,2018:8002123284,2018-11-18T07:20:00,BLOOR ST W,AVENUE RD,,4,Non-Fatal Injury,At Intersection,Traffic Signal,Angle,Clear,Daylight,Dry,Major Arterial,FALSE,-79.39410087,43.66864618,1,,,3,20,Major,Lap and Shoulder Belt,,,,,,,,,,passenger,,University-Rosedale (11),52 Division,Bay-Cloverhill,TRUE,TRUE,FALSE,FALSE,FALSE,FALSE,FALSE,TRUE,FALSE,TRUE,"{""coordinates"": [[-79.39410086722475, 43.66864618354451]], ""type"": ""MultiPoint""}"
7650,2018:8002130924,2018-11-19T13:53:00,828 DUNDAS ST W,,26 m East of,2,Non-Fatal Injury,Intersection-Related,No Control,SMV Other,Clear,Daylight,Dry,Major Arterial,FALSE,-79.40969541,43.65148007,1,Automobile or Station Wagon,East,2,69,Major,Lap and Shoulder Belt,Driving properly,Medical or Physical Disability,,,Turning Left,,,,,driver,,Spadina-Fort York (10),14 Division,Trinity-Bellwoods,FALSE,FALSE,FALSE,FALSE,FALSE,TRUE,FALSE,FALSE,FALSE,FALSE,"{""coordinates"": [[-79.4096954067739, 43.651480073251804]], ""type"": ""MultiPoint""}"
7651,2018:8002130924,2018-11-19T13:53:00,828 DUNDAS ST W,,26 m East of,2,Non-Fatal Injury,Intersection-Related,No Control,SMV Other,Clear,Daylight,Dry,Major Arterial,FALSE,-79.40969541,43.65148007,1,,,1,,None,Lap and Shoulder Belt,,,,,,,,,,other,,Spadina-Fort York (10),14 Division,Trinity-Bellwoods,FALSE,FALSE,FALSE,FALSE,FALSE,TRUE,FALSE,FALSE,FALSE,FALSE,"{""coordinates"": [[-79.4096954067739, 43.651480073251804]], ""type"": ""MultiPoint""}"
7652,2018:8002144295,2018-11-21T13:06:00,EGLINTON AVE W,WESTON RD,30 m East of,2,Non-Fatal Injury,Intersection-Related,No Control,Sideswipe,Clear,Daylight,Loose Sand or Gravel,Major Arterial,FALSE,-79.48949134,43.68692253,2,Automobile or Station Wagon,West,2,46,Major,Lap and Shoulder Belt,Driving properly,Normal,,,Going Ahead,,,,,driver,,York South-Weston (5),12 Division,Mount Dennis,FALSE,TRUE,FALSE,FALSE,FALSE,FALSE,FALSE,FALSE,FALSE,TRUE,"{""coordinates"": [[-79.48949133568624, 43.68692252685097]], ""type"": ""MultiPoint""}"
7653,2018:8002144295,2018-11-21T13:06:00,EGLINTON AVE W,WESTON RD,30 m East of,2,Non-Fatal Injury,Intersection-Related,No Control,Sideswipe,Clear,Daylight,Loose Sand or Gravel,Major Arterial,FALSE,-79.48949134,43.68692253,1,Construction Equipment,West,1,46,None,No Equipment Available,Other,Inattentive,,,Pulling Away from Shoulder or Curb,,,,,driver,,York South-Weston (5),12 Division,Mount Dennis,FALSE,TRUE,FALSE,FALSE,FALSE,FALSE,FALSE,FALSE,FALSE,TRUE,"{""coordinates"": [[-79.48949133568624, 43.68692252685097]], ""type"": ""MultiPoint""}"
7654,2018:8002190612,2018-11-28T18:12:00,DON MILLS RD,DVP S DON MILLS RD N RAMP,15 m South of,4,Non-Fatal Injury,Non-Intersection,No Control,Approaching Head On,Clear,Dark,Dry,Major Arterial,FALSE,-79.33593421,43.70213151,1,,,3,25,Minor,Use Unknown,,,,,,,,,,passenger,,Toronto-Danforth (14),55 Division,Old East York,FALSE,FALSE,FALSE,FALSE,FALSE,FALSE,FALSE,FALSE,FALSE,FALSE,"{""coordinates"": [[-79.3359342056187, 43.70213150868771]], ""type"": ""MultiPoint""}"
7655,2018:8002190612,2018-11-28T18:12:00,DON MILLS RD,DVP S DON MILLS RD N RAMP,15 m South of,4,Non-Fatal Injury,Non-Intersection,No Control,Approaching Head On,Clear,Dark,Dry,Major Arterial,FALSE,-79.33593421,43.70213151,1,Automobile or Station Wagon,North,1,21,Major,Use Unknown,Lost control,Unknown,,,Going Ahead,,,,,driver,,Toronto-Danforth (14),55 Division,Old East York,FALSE,FALSE,FALSE,FALSE,FALSE,FALSE,FALSE,FALSE,FALSE,FALSE,"{""coordinates"": [[-79.3359342056187, 43.70213150868771]], ""type"": ""MultiPoint""}"
7656,2018:8002190612,2018-11-28T18:12:00,DON MILLS RD,DVP S DON MILLS RD N RAMP,15 m South of,4,Non-Fatal Injury,Non-Intersection,No Control,Approaching Head On,Clear,Dark,Dry,Major Arterial,FALSE,-79.33593421,43.70213151,2,Automobile or Station Wagon,South,2,40,Minor,Lap and Shoulder Belt,Driving properly,Normal,,,Going Ahead,,,,,driver,,Toronto-Danforth (14),55 Division,Old East York,FALSE,FALSE,FALSE,FALSE,FALSE,FALSE,FALSE,FALSE,FALSE,FALSE,"{""coordinates"": [[-79.3359342056187, 43.70213150868771]], ""type"": ""MultiPoint""}"
7657,2018:8002190612,2018-11-28T18:12:00,DON MILLS RD,DVP S DON MILLS RD N RAMP,15 m South of,4,Non-Fatal Injury,Non-Intersection,No Control,Approaching Head On,Clear,Dark,Dry,Major Arterial,FALSE,-79.33593421,43.70213151,2,,,4,28,Major,Equipment Not Used But Available,,,,,,,,,,passenger,,Toronto-Danforth (14),55 Division,Old East York,FALSE,FALSE,FALSE,FALSE,FALSE,FALSE,FALSE,FALSE,FALSE,FALSE,"{""coordinates"": [[-79.3359342056187, 43.70213150868771]], ""type"": ""MultiPoint""}"