_id,collision_id,accdate,stname1,stname2,stname3,per_inv,acclass,accloc,traffictl,impactype,visible,light,rdsfcond,road_class,failtorem,longitude,latitude,veh_no,vehtype,initdir,per_no,invage,injury,safequip,drivact,drivcond,pedact,pedcond,manoeuvre,pedtype,cyclistype,cycact,cyccond,road_user,fatal_no,wardname,division,neighbourhood,aggressive,distracted,cyclist,motorcyclist,other_micromobility,older_adult,pedestrian,red_light,school_child,heavy_truck,geometry
7987,2019:9001605294,2019-08-23T07:52:00,DAVENPORT RD,BATHURST ST,,5,Non-Fatal Injury,At Intersection,Traffic Signal,Rear End,Clear,Daylight,Dry,Minor Arterial,FALSE,-79.41574549,43.67665708,2,Municipal Transit Bus (TTC),West,2,29,Minimal,No Equipment Available,Driving properly,Normal,,,Stopped,,,,,driver,,Toronto-St. Paul's (12),13 Division,Casa Loma,TRUE,FALSE,FALSE,FALSE,FALSE,FALSE,FALSE,FALSE,FALSE,TRUE,"{""coordinates"": [[-79.41574548774351, 43.67665707661012]], ""type"": ""MultiPoint""}"
7988,2019:9001605294,2019-08-23T07:52:00,DAVENPORT RD,BATHURST ST,,5,Non-Fatal Injury,At Intersection,Traffic Signal,Rear End,Clear,Daylight,Dry,Minor Arterial,FALSE,-79.41574549,43.67665708,1,,,3,25,None,Lap and Shoulder Belt,,,,,,,,,,passenger,,Toronto-St. Paul's (12),13 Division,Casa Loma,TRUE,FALSE,FALSE,FALSE,FALSE,FALSE,FALSE,FALSE,FALSE,TRUE,"{""coordinates"": [[-79.41574548774351, 43.67665707661012]], ""type"": ""MultiPoint""}"
7989,2019:9001605294,2019-08-23T07:52:00,DAVENPORT RD,BATHURST ST,,5,Non-Fatal Injury,At Intersection,Traffic Signal,Rear End,Clear,Daylight,Dry,Minor Arterial,FALSE,-79.41574549,43.67665708,2,,,4,44,Major,No Equipment Available,,,,,,,,,,passenger,,Toronto-St. Paul's (12),13 Division,Casa Loma,TRUE,FALSE,FALSE,FALSE,FALSE,FALSE,FALSE,FALSE,FALSE,TRUE,"{""coordinates"": [[-79.41574548774351, 43.67665707661012]], ""type"": ""MultiPoint""}"
7990,2019:9001605294,2019-08-23T07:52:00,DAVENPORT RD,BATHURST ST,,5,Non-Fatal Injury,At Intersection,Traffic Signal,Rear End,Clear,Daylight,Dry,Minor Arterial,FALSE,-79.41574549,43.67665708,2,,,5,62,Minimal,No Equipment Available,,,,,,,,,,passenger,,Toronto-St. Paul's (12),13 Division,Casa Loma,TRUE,FALSE,FALSE,FALSE,FALSE,FALSE,FALSE,FALSE,FALSE,TRUE,"{""coordinates"": [[-79.41574548774351, 43.67665707661012]], ""type"": ""MultiPoint""}"
7991,2019:9001605294,2019-08-23T07:52:00,DAVENPORT RD,BATHURST ST,,5,Non-Fatal Injury,At Intersection,Traffic Signal,Rear End,Clear,Daylight,Dry,Minor Arterial,FALSE,-79.41574549,43.67665708,1,Truck - Closed,West,1,36,None,Lap and Shoulder Belt,Following too closely,Normal,,,Going Ahead,,,,,driver,,Toronto-St. Paul's (12),13 Division,Casa Loma,TRUE,FALSE,FALSE,FALSE,FALSE,FALSE,FALSE,FALSE,FALSE,TRUE,"{""coordinates"": [[-79.41574548774351, 43.67665707661012]], ""type"": ""MultiPoint""}"
7992,2019:9001631104,2019-08-26T20:46:00,TWYN RIVERS DR,SHEPPARD AVE E,3 m West of,1,Non-Fatal Injury,Non-Intersection,No Control,SMV Other,Clear,Dark,Dry,Collector,FALSE,-79.15670409,43.81345563,1,Motorcycle,North,1,47,Major,Helmet,Lost control,Normal,,,Going Ahead,,,,,motorcyclist,,Scarborough-Rouge Park (25),42 Division,Morningside Heights,FALSE,FALSE,FALSE,TRUE,FALSE,FALSE,FALSE,FALSE,FALSE,FALSE,"{""coordinates"": [[-79.15670408553716, 43.81345562834059]], ""type"": ""MultiPoint""}"
7993,2019:9001678425,2019-09-02T14:48:00,495 THE WEST MALL,,305 m West of,3,Non-Fatal Injury,Non-Intersection,No Control,Angle,Clear,Daylight,Dry,Minor Arterial,FALSE,-79.56804376,43.64790592,2,Automobile or Station Wagon,West,2,32,None,Lap and Shoulder Belt,Failed to yield right-of-way,Normal,,,Going Ahead,,,,,driver,,Etobicoke Centre (2),22 Division,Etobicoke West Mall,TRUE,FALSE,FALSE,TRUE,FALSE,FALSE,FALSE,FALSE,FALSE,FALSE,"{""coordinates"": [[-79.5680437617636, 43.647905920583746]], ""type"": ""MultiPoint""}"
7994,2019:9001678425,2019-09-02T14:48:00,495 THE WEST MALL,,305 m West of,3,Non-Fatal Injury,Non-Intersection,No Control,Angle,Clear,Daylight,Dry,Minor Arterial,FALSE,-79.56804376,43.64790592,3,Motorcycle,North,3,,None,Use Unknown,Exceeding speed limit,Unknown,,,Going Ahead,,,,,motorcyclist,,Etobicoke Centre (2),22 Division,Etobicoke West Mall,TRUE,FALSE,FALSE,TRUE,FALSE,FALSE,FALSE,FALSE,FALSE,FALSE,"{""coordinates"": [[-79.5680437617636, 43.647905920583746]], ""type"": ""MultiPoint""}"
7995,2019:9001678425,2019-09-02T14:48:00,495 THE WEST MALL,,305 m West of,3,Non-Fatal Injury,Non-Intersection,No Control,Angle,Clear,Daylight,Dry,Minor Arterial,FALSE,-79.56804376,43.64790592,1,Motorcycle,North,1,20,Major,Helmet,Exceeding speed limit,Normal,,,Going Ahead,,,,,motorcyclist,,Etobicoke Centre (2),22 Division,Etobicoke West Mall,TRUE,FALSE,FALSE,TRUE,FALSE,FALSE,FALSE,FALSE,FALSE,FALSE,"{""coordinates"": [[-79.5680437617636, 43.647905920583746]], ""type"": ""MultiPoint""}"
7996,2019:9001686602,2019-09-03T18:00:00,KENNEDY RD,HIGHWAY 401 C E,2 m South of,1,Non-Fatal Injury,Non-Intersection,No Control,SMV Other,Clear,Daylight,Dry,Major Arterial,FALSE,-79.28433644,43.77437036,1,Automobile or Station Wagon,North,1,73,Major,Use Unknown,Other,Unknown,,,Going Ahead,,,,,driver,,Scarborough Centre (21),41 Division,Dorset Park,FALSE,FALSE,FALSE,FALSE,FALSE,TRUE,FALSE,FALSE,FALSE,FALSE,"{""coordinates"": [[-79.28433643517658, 43.77437036353572]], ""type"": ""MultiPoint""}"
7997,2019:9001693858,2019-09-04T17:22:00,O CONNOR DR,SUNRISE AVE,,3,Non-Fatal Injury,At Intersection,Traffic Signal,Angle,Clear,Daylight,Dry,Major Arterial,FALSE,-79.30443236,43.71883221,2,Automobile or Station Wagon,East,2,51,None,Lap and Shoulder Belt,Driving properly,Normal,,,Going Ahead,,,,,driver,,Beaches-East York (19),55 Division,Victoria Village,TRUE,FALSE,FALSE,FALSE,FALSE,FALSE,FALSE,TRUE,FALSE,FALSE,"{""coordinates"": [[-79.30443235637327, 43.71883220985835]], ""type"": ""MultiPoint""}"
7998,2019:9001693858,2019-09-04T17:22:00,O CONNOR DR,SUNRISE AVE,,3,Non-Fatal Injury,At Intersection,Traffic Signal,Angle,Clear,Daylight,Dry,Major Arterial,FALSE,-79.30443236,43.71883221,1,,,3,48,Minimal,Lap and Shoulder Belt,,,,,,,,,,passenger,,Beaches-East York (19),55 Division,Victoria Village,TRUE,FALSE,FALSE,FALSE,FALSE,FALSE,FALSE,TRUE,FALSE,FALSE,"{""coordinates"": [[-79.30443235637327, 43.71883220985835]], ""type"": ""MultiPoint""}"
7999,2019:9001693858,2019-09-04T17:22:00,O CONNOR DR,SUNRISE AVE,,3,Non-Fatal Injury,At Intersection,Traffic Signal,Angle,Clear,Daylight,Dry,Major Arterial,FALSE,-79.30443236,43.71883221,1,Automobile or Station Wagon,North,1,51,Major,Lap and Shoulder Belt,Disobeyed traffic control,Ability Impaired - Alcohol,,,Going Ahead,,,,,driver,,Beaches-East York (19),55 Division,Victoria Village,TRUE,FALSE,FALSE,FALSE,FALSE,FALSE,FALSE,TRUE,FALSE,FALSE,"{""coordinates"": [[-79.30443235637327, 43.71883220985835]], ""type"": ""MultiPoint""}"
8000,2019:9001695892,2019-09-04T23:07:00,WESTON RD,ROGERS RD,,2,Non-Fatal Injury,At Intersection,Traffic Signal,Turning Movement,Clear,Dark with Artificial Lighting,Dry,Major Arterial,FALSE,-79.47671209,43.68153616,2,Motorcycle,North,2,43,Major,Helmet,Driving properly,Normal,,,Going Ahead,,,,,motorcyclist,,York South-Weston (5),12 Division,Rockcliffe-Smythe,TRUE,TRUE,FALSE,TRUE,FALSE,FALSE,FALSE,FALSE,FALSE,TRUE,"{""coordinates"": [[-79.47671208563992, 43.68153615886893]], ""type"": ""MultiPoint""}"
8001,2019:9001695892,2019-09-04T23:07:00,WESTON RD,ROGERS RD,,2,Non-Fatal Injury,At Intersection,Traffic Signal,Turning Movement,Clear,Dark with Artificial Lighting,Dry,Major Arterial,FALSE,-79.47671209,43.68153616,1,Municipal Transit Bus (TTC),South,1,27,None,Lap and Shoulder Belt,Failed to yield right-of-way,Inattentive,,,Turning Left,,,,,driver,,York South-Weston (5),12 Division,Rockcliffe-Smythe,TRUE,TRUE,FALSE,TRUE,FALSE,FALSE,FALSE,FALSE,FALSE,TRUE,"{""coordinates"": [[-79.47671208563992, 43.68153615886893]], ""type"": ""MultiPoint""}"
8004,2019:9001722454,2019-09-08T15:15:00,STEELES AVE E,MOUNTCASTLE GT,,6,Non-Fatal Injury,At Intersection,Traffic Signal,Turning Movement,Clear,Daylight,Dry,Major Arterial,FALSE,-79.32041586,43.82049773,2,Automobile or Station Wagon,West,2,68,Major,Air Bag Deployed,Driving properly,Normal,,,Turning Left,,,,,driver,,Scarborough-Agincourt (22),42 Division,Steeles,TRUE,TRUE,FALSE,FALSE,FALSE,TRUE,FALSE,TRUE,TRUE,FALSE,"{""coordinates"": [[-79.32041585808882, 43.82049772843639]], ""type"": ""MultiPoint""}"
8005,2019:9001722454,2019-09-08T15:15:00,STEELES AVE E,MOUNTCASTLE GT,,6,Non-Fatal Injury,At Intersection,Traffic Signal,Turning Movement,Clear,Daylight,Dry,Major Arterial,FALSE,-79.32041586,43.82049773,2,,,6,66,Major,Air Bag Deployed,,,,,,,,,,passenger,,Scarborough-Agincourt (22),42 Division,Steeles,TRUE,TRUE,FALSE,FALSE,FALSE,TRUE,FALSE,TRUE,TRUE,FALSE,"{""coordinates"": [[-79.32041585808882, 43.82049772843639]], ""type"": ""MultiPoint""}"
8006,2019:9001722454,2019-09-08T15:15:00,STEELES AVE E,MOUNTCASTLE GT,,6,Non-Fatal Injury,At Intersection,Traffic Signal,Turning Movement,Clear,Daylight,Dry,Major Arterial,FALSE,-79.32041586,43.82049773,1,,,5,6,None,Child Safety Seat Used Correctly,,,,,,,,,,passenger,,Scarborough-Agincourt (22),42 Division,Steeles,TRUE,TRUE,FALSE,FALSE,FALSE,TRUE,FALSE,TRUE,TRUE,FALSE,"{""coordinates"": [[-79.32041585808882, 43.82049772843639]], ""type"": ""MultiPoint""}"
8007,2019:9001722454,2019-09-08T15:15:00,STEELES AVE E,MOUNTCASTLE GT,,6,Non-Fatal Injury,At Intersection,Traffic Signal,Turning Movement,Clear,Daylight,Dry,Major Arterial,FALSE,-79.32041586,43.82049773,1,,,4,1,Minimal,Child Safety Seat Used Correctly,,,,,,,,,,passenger,,Scarborough-Agincourt (22),42 Division,Steeles,TRUE,TRUE,FALSE,FALSE,FALSE,TRUE,FALSE,TRUE,TRUE,FALSE,"{""coordinates"": [[-79.32041585808882, 43.82049772843639]], ""type"": ""MultiPoint""}"
8008,2019:9001722454,2019-09-08T15:15:00,STEELES AVE E,MOUNTCASTLE GT,,6,Non-Fatal Injury,At Intersection,Traffic Signal,Turning Movement,Clear,Daylight,Dry,Major Arterial,FALSE,-79.32041586,43.82049773,1,Automobile or Station Wagon,East,1,30,Minimal,Air Bag Deployed,Disobeyed traffic control,Inattentive,,,Going Ahead,,,,,driver,,Scarborough-Agincourt (22),42 Division,Steeles,TRUE,TRUE,FALSE,FALSE,FALSE,TRUE,FALSE,TRUE,TRUE,FALSE,"{""coordinates"": [[-79.32041585808882, 43.82049772843639]], ""type"": ""MultiPoint""}"
8009,2019:9001722454,2019-09-08T15:15:00,STEELES AVE E,MOUNTCASTLE GT,,6,Non-Fatal Injury,At Intersection,Traffic Signal,Turning Movement,Clear,Daylight,Dry,Major Arterial,FALSE,-79.32041586,43.82049773,1,,,3,30,Minimal,Air Bag Deployed,,,,,,,,,,passenger,,Scarborough-Agincourt (22),42 Division,Steeles,TRUE,TRUE,FALSE,FALSE,FALSE,TRUE,FALSE,TRUE,TRUE,FALSE,"{""coordinates"": [[-79.32041585808882, 43.82049772843639]], ""type"": ""MultiPoint""}"
8010,2019:9001729898,2019-09-09T16:05:00,LAWRENCE AVE W,AVENUE RD,,2,Non-Fatal Injury,At Intersection,Traffic Signal,Turning Movement,Clear,Daylight,Dry,Major Arterial,FALSE,-79.41556994,43.72218547,2,Automobile or Station Wagon,South,2,35,Major,Lap and Shoulder Belt,Driving properly,Normal,,,Turning Left,,,,,driver,,Eglinton-Lawrence (8),53 Division,Bedford Park-Nortown,TRUE,FALSE,FALSE,FALSE,FALSE,FALSE,FALSE,TRUE,FALSE,FALSE,"{""coordinates"": [[-79.41556993794319, 43.72218547473537]], ""type"": ""MultiPoint""}"
8011,2019:9001729898,2019-09-09T16:05:00,LAWRENCE AVE W,AVENUE RD,,2,Non-Fatal Injury,At Intersection,Traffic Signal,Turning Movement,Clear,Daylight,Dry,Major Arterial,FALSE,-79.41556994,43.72218547,1,Automobile or Station Wagon,West,1,36,Minor,Lap and Shoulder Belt,Disobeyed traffic control,Normal,,,Going Ahead,,,,,driver,,Eglinton-Lawrence (8),53 Division,Bedford Park-Nortown,TRUE,FALSE,FALSE,FALSE,FALSE,FALSE,FALSE,TRUE,FALSE,FALSE,"{""coordinates"": [[-79.41556993794319, 43.72218547473537]], ""type"": ""MultiPoint""}"
8012,2019:9001731704,2019-09-09T20:43:00,EGLINTON AVE W,CHILTERN HILL RD,,2,Non-Fatal Injury,At Intersection,Stop Sign,Turning Movement,Clear,Dark,Dry,Major Arterial,FALSE,-79.42772362,43.70045698,1,Automobile or Station Wagon,North,1,46,None,Lap and Shoulder Belt,Failed to yield right-of-way,Normal,,,Turning Left,,,,,driver,,Toronto-St. Paul's (12),13 Division,Humewood-Cedarvale,TRUE,FALSE,FALSE,FALSE,FALSE,FALSE,FALSE,FALSE,FALSE,FALSE,"{""coordinates"": [[-79.42772362062756, 43.70045698208206]], ""type"": ""MultiPoint""}"
8013,2019:9001731704,2019-09-09T20:43:00,EGLINTON AVE W,CHILTERN HILL RD,,2,Non-Fatal Injury,At Intersection,Stop Sign,Turning Movement,Clear,Dark,Dry,Major Arterial,FALSE,-79.42772362,43.70045698,2,Automobile or Station Wagon,East,2,36,Major,Lap and Shoulder Belt,Driving properly,Normal,,,Going Ahead,,,,,driver,,Toronto-St. Paul's (12),13 Division,Humewood-Cedarvale,TRUE,FALSE,FALSE,FALSE,FALSE,FALSE,FALSE,FALSE,FALSE,FALSE,"{""coordinates"": [[-79.42772362062756, 43.70045698208206]], ""type"": ""MultiPoint""}"
8014,2019:9001749979,2019-09-12T10:55:00,BURNHAMTHORPE RD,THE WEST MALL,,3,Non-Fatal Injury,At Intersection,Traffic Signal,Angle,Clear,Daylight,Dry,Major Arterial,FALSE,-79.56720453,43.64448032,1,,,3,27,Major,Equipment Not Used But Available,,,,,,,,,,passenger,,Etobicoke Centre (2),22 Division,Etobicoke West Mall,TRUE,FALSE,FALSE,FALSE,FALSE,FALSE,FALSE,TRUE,FALSE,FALSE,"{""coordinates"": [[-79.5672045336909, 43.64448032341611]], ""type"": ""MultiPoint""}"
8015,2019:9001749979,2019-09-12T10:55:00,BURNHAMTHORPE RD,THE WEST MALL,,3,Non-Fatal Injury,At Intersection,Traffic Signal,Angle,Clear,Daylight,Dry,Major Arterial,FALSE,-79.56720453,43.64448032,1,Pickup Truck,West,1,26,None,Lap and Shoulder Belt,Disobeyed traffic control,Had Been Drinking,,,Going Ahead,,,,,driver,,Etobicoke Centre (2),22 Division,Etobicoke West Mall,TRUE,FALSE,FALSE,FALSE,FALSE,FALSE,FALSE,TRUE,FALSE,FALSE,"{""coordinates"": [[-79.5672045336909, 43.64448032341611]], ""type"": ""MultiPoint""}"
8016,2019:9001749979,2019-09-12T10:55:00,BURNHAMTHORPE RD,THE WEST MALL,,3,Non-Fatal Injury,At Intersection,Traffic Signal,Angle,Clear,Daylight,Dry,Major Arterial,FALSE,-79.56720453,43.64448032,2,Automobile or Station Wagon,South,2,50,Minor,Lap and Shoulder Belt,Driving properly,Normal,,,Going Ahead,,,,,driver,,Etobicoke Centre (2),22 Division,Etobicoke West Mall,TRUE,FALSE,FALSE,FALSE,FALSE,FALSE,FALSE,TRUE,FALSE,FALSE,"{""coordinates"": [[-79.5672045336909, 43.64448032341611]], ""type"": ""MultiPoint""}"
8017,2019:9001762726,2019-09-14T01:05:00,DON VALLEY PARKWAY N,SPANBRIDGE RD,25 m South of,3,Non-Fatal Injury,Non-Intersection,No Control,SMV Other,Rain,Dark with Artificial Lighting,Wet,Expressway,FALSE,-79.32543613,43.71254943,1,Automobile or Station Wagon,North,1,60,Major,Lap and Shoulder Belt,Lost control,Inattentive,,,Going Ahead,,,,,driver,,Don Valley East (16),55 Division,Flemingdon Park,FALSE,TRUE,FALSE,FALSE,FALSE,FALSE,FALSE,FALSE,FALSE,FALSE,"{""coordinates"": [[-79.32543612537607, 43.712549431784815]], ""type"": ""MultiPoint""}"
8018,2019:9001762726,2019-09-14T01:05:00,DON VALLEY PARKWAY N,SPANBRIDGE RD,25 m South of,3,Non-Fatal Injury,Non-Intersection,No Control,SMV Other,Rain,Dark with Artificial Lighting,Wet,Expressway,FALSE,-79.32543613,43.71254943,2,Automobile or Station Wagon,North,2,49,Minimal,Lap and Shoulder Belt,Driving properly,Normal,,,Going Ahead,,,,,driver,,Don Valley East (16),55 Division,Flemingdon Park,FALSE,TRUE,FALSE,FALSE,FALSE,FALSE,FALSE,FALSE,FALSE,FALSE,"{""coordinates"": [[-79.32543612537607, 43.712549431784815]], ""type"": ""MultiPoint""}"
8019,2019:9001762726,2019-09-14T01:05:00,DON VALLEY PARKWAY N,SPANBRIDGE RD,25 m South of,3,Non-Fatal Injury,Non-Intersection,No Control,SMV Other,Rain,Dark with Artificial Lighting,Wet,Expressway,FALSE,-79.32543613,43.71254943,2,,,3,30,Minimal,Lap and Shoulder Belt,,,,,,,,,,passenger,,Don Valley East (16),55 Division,Flemingdon Park,FALSE,TRUE,FALSE,FALSE,FALSE,FALSE,FALSE,FALSE,FALSE,FALSE,"{""coordinates"": [[-79.32543612537607, 43.712549431784815]], ""type"": ""MultiPoint""}"
8020,2019:9001771919,2019-09-15T10:30:00,WILSON AVE,DELAHAYE ST,63 m East of,2,Non-Fatal Injury,Non-Intersection,No Control,Approaching Head On,Clear,Daylight,Wet,Major Arterial,FALSE,-79.44102162,43.73582686,2,Pickup Truck,East,2,39,None,Lap and Shoulder Belt,Driving properly,Normal,,,Slowing or Stopping,,,,,driver,,York Centre (6),32 Division,Clanton Park,FALSE,FALSE,FALSE,FALSE,FALSE,TRUE,FALSE,FALSE,FALSE,FALSE,"{""coordinates"": [[-79.44102161992998, 43.735826860735834]], ""type"": ""MultiPoint""}"
8021,2019:9001771919,2019-09-15T10:30:00,WILSON AVE,DELAHAYE ST,63 m East of,2,Non-Fatal Injury,Non-Intersection,No Control,Approaching Head On,Clear,Daylight,Wet,Major Arterial,FALSE,-79.44102162,43.73582686,1,Automobile or Station Wagon,West,1,84,Major,Lap and Shoulder Belt,Lost control,Medical or Physical Disability,,,Going Ahead,,,,,driver,,York Centre (6),32 Division,Clanton Park,FALSE,FALSE,FALSE,FALSE,FALSE,TRUE,FALSE,FALSE,FALSE,FALSE,"{""coordinates"": [[-79.44102161992998, 43.735826860735834]], ""type"": ""MultiPoint""}"
8022,2019:9001778423,2019-09-16T10:16:00,BRIMLEY RD,HEATHER RD,,2,Non-Fatal Injury,At Intersection,Traffic Signal,Approaching Head On,Clear,Daylight,Dry,Major Arterial,FALSE,-79.26992447,43.79050652,2,Truck - Dump,North,2,61,None,Use Unknown,Driving properly,Normal,,,Going Ahead,,,,,driver,,Scarborough North (23),42 Division,Agincourt North,FALSE,FALSE,FALSE,FALSE,FALSE,FALSE,FALSE,FALSE,FALSE,TRUE,"{""coordinates"": [[-79.26992447176113, 43.790506517552174]], ""type"": ""MultiPoint""}"
8023,2019:9001778423,2019-09-16T10:16:00,BRIMLEY RD,HEATHER RD,,2,Non-Fatal Injury,At Intersection,Traffic Signal,Approaching Head On,Clear,Daylight,Dry,Major Arterial,FALSE,-79.26992447,43.79050652,1,Automobile or Station Wagon,South,1,23,Major,Equipment Not Used But Available,Other,Had Been Drinking,,,Going Ahead,,,,,driver,,Scarborough North (23),42 Division,Agincourt North,FALSE,FALSE,FALSE,FALSE,FALSE,FALSE,FALSE,FALSE,FALSE,TRUE,"{""coordinates"": [[-79.26992447176113, 43.790506517552174]], ""type"": ""MultiPoint""}"
8024,2019:9001821850,2019-09-21T22:42:00,MCCOWAN RD,HOLLYHEDGE DR,,2,Non-Fatal Injury,At Intersection,No Control,Turning Movement,Clear,Dark,Dry,Major Arterial,FALSE,-79.24466354,43.75347722,1,Passenger Van,North,1,36,Major,Helmet,Improper turn,Normal,,,Turning Left,,,,,driver,,Scarborough Centre (21),43 Division,Bendale South,FALSE,FALSE,FALSE,TRUE,FALSE,FALSE,FALSE,FALSE,FALSE,FALSE,"{""coordinates"": [[-79.24466353661445, 43.75347721621831]], ""type"": ""MultiPoint""}"
8025,2019:9001821850,2019-09-21T22:42:00,MCCOWAN RD,HOLLYHEDGE DR,,2,Non-Fatal Injury,At Intersection,No Control,Turning Movement,Clear,Dark,Dry,Major Arterial,FALSE,-79.24466354,43.75347722,2,Motorcycle,South,2,26,None,Lap and Shoulder Belt,Driving properly,Normal,,,Going Ahead,,,,,motorcyclist,,Scarborough Centre (21),43 Division,Bendale South,FALSE,FALSE,FALSE,TRUE,FALSE,FALSE,FALSE,FALSE,FALSE,FALSE,"{""coordinates"": [[-79.24466353661445, 43.75347721621831]], ""type"": ""MultiPoint""}"
8026,2019:9001837052,2019-09-24T03:21:00,EGLINTON AV W,HWY 401 W ON-RAMP,,2,Non-Fatal Injury,Intersection-Related,Traffic Signal,SMV Other,Clear,Dark with Artificial Lighting,Dry,Major Arterial,FALSE,-79.56441975,43.6741472,1,Automobile or Station Wagon,West,1,22,None,Use Unknown,Lost control,Ability Impaired - Alcohol Over .08,,,Going Ahead,,,,,driver,,Etobicoke Centre (2),22 Division,Eringate-Centennial-West Deane,FALSE,FALSE,FALSE,FALSE,FALSE,FALSE,FALSE,FALSE,FALSE,FALSE,"{""coordinates"": [[-79.56441974549598, 43.67414720370484]], ""type"": ""MultiPoint""}"
8027,2019:9001837052,2019-09-24T03:21:00,EGLINTON AV W,HWY 401 W ON-RAMP,,2,Non-Fatal Injury,Intersection-Related,Traffic Signal,SMV Other,Clear,Dark with Artificial Lighting,Dry,Major Arterial,FALSE,-79.56441975,43.6741472,1,,,2,22,Major,Lap and Shoulder Belt,,,,,,,,,,passenger,,Etobicoke Centre (2),22 Division,Eringate-Centennial-West Deane,FALSE,FALSE,FALSE,FALSE,FALSE,FALSE,FALSE,FALSE,FALSE,FALSE,"{""coordinates"": [[-79.56441974549598, 43.67414720370484]], ""type"": ""MultiPoint""}"
8028,2019:9001868191,2019-09-28T06:49:00,SHEPPARD AVE W,JANE ST,,2,Non-Fatal Injury,Non-Intersection,No Control,Approaching Head On,Rain,Dark with Artificial Lighting,Wet,Major Arterial,FALSE,-79.51186066,43.73944328,1,Automobile or Station Wagon,West,1,58,Major,Lap and Shoulder Belt,Lost control,Unknown,,,Going Ahead,,,,,driver,,York Centre (6),31 Division,Glenfield-Jane Heights,FALSE,FALSE,FALSE,FALSE,FALSE,FALSE,FALSE,FALSE,FALSE,TRUE,"{""coordinates"": [[-79.51186065811424, 43.739443280877765]], ""type"": ""MultiPoint""}"
8029,2019:9001868191,2019-09-28T06:49:00,SHEPPARD AVE W,JANE ST,,2,Non-Fatal Injury,Non-Intersection,No Control,Approaching Head On,Rain,Dark with Artificial Lighting,Wet,Major Arterial,FALSE,-79.51186066,43.73944328,2,Municipal Transit Bus (TTC),East,2,53,Minor,No Equipment Available,Driving properly,Normal,,,Going Ahead,,,,,driver,,York Centre (6),31 Division,Glenfield-Jane Heights,FALSE,FALSE,FALSE,FALSE,FALSE,FALSE,FALSE,FALSE,FALSE,TRUE,"{""coordinates"": [[-79.51186065811424, 43.739443280877765]], ""type"": ""MultiPoint""}"
8035,2019:9001949959,2019-10-09T14:46:00,KINGSTON RD,PORT UNION RD,82 m West of,2,Non-Fatal Injury,At/Near Private Drive,No Control,Turning Movement,Clear,Daylight,Dry,Major Arterial,FALSE,-79.14768614,43.79789165,1,Automobile or Station Wagon,South,1,84,Major,Lap and Shoulder Belt,Failed to yield right-of-way,Inattentive,,,Turning Left,,,,,driver,,Scarborough-Rouge Park (25),42 Division,Centennial Scarborough,TRUE,TRUE,FALSE,FALSE,FALSE,TRUE,FALSE,FALSE,FALSE,FALSE,"{""coordinates"": [[-79.14768613917047, 43.79789165048253]], ""type"": ""MultiPoint""}"
8036,2019:9001949959,2019-10-09T14:46:00,KINGSTON RD,PORT UNION RD,82 m West of,2,Non-Fatal Injury,At/Near Private Drive,No Control,Turning Movement,Clear,Daylight,Dry,Major Arterial,FALSE,-79.14768614,43.79789165,2,Pickup Truck,West,2,69,Minor,Lap and Shoulder Belt,Driving properly,Normal,,,Going Ahead,,,,,driver,,Scarborough-Rouge Park (25),42 Division,Centennial Scarborough,TRUE,TRUE,FALSE,FALSE,FALSE,TRUE,FALSE,FALSE,FALSE,FALSE,"{""coordinates"": [[-79.14768613917047, 43.79789165048253]], ""type"": ""MultiPoint""}"
8037,2019:9001955336,2019-10-10T09:32:00,LOWER SIMCOE ST,QUEENS QUAY W,25 m North of,2,Non-Fatal Injury,Non-Intersection,No Control,Turning Movement,Clear,Daylight,Dry,Collector,FALSE,-79.3829162,43.63976129,2,Automobile or Station Wagon,North,1,40,None,Lap and Shoulder Belt,Driving properly,Normal,,,Turning Left,,,,,driver,,Spadina-Fort York (10),52 Division,Harbourfront-CityPlace,TRUE,TRUE,FALSE,TRUE,FALSE,FALSE,FALSE,FALSE,FALSE,FALSE,"{""coordinates"": [[-79.38291619758071, 43.63976128623726]], ""type"": ""MultiPoint""}"
8038,2019:9001955336,2019-10-10T09:32:00,LOWER SIMCOE ST,QUEENS QUAY W,25 m North of,2,Non-Fatal Injury,Non-Intersection,No Control,Turning Movement,Clear,Daylight,Dry,Collector,FALSE,-79.3829162,43.63976129,1,Motorcycle,South,2,54,Major,Helmet,Improper passing,Inattentive,,,Going Ahead,,,,,motorcyclist,,Spadina-Fort York (10),52 Division,Harbourfront-CityPlace,TRUE,TRUE,FALSE,TRUE,FALSE,FALSE,FALSE,FALSE,FALSE,FALSE,"{""coordinates"": [[-79.38291619758071, 43.63976128623726]], ""type"": ""MultiPoint""}"
8039,2019:9001960766,2019-10-10T22:59:00,THE QUEENSWAY,STOCK AVE,47 m East of,2,Non-Fatal Injury,Non-Intersection,No Control,Rear End,Clear,Dark with Artificial Lighting,Dry,Major Arterial,FALSE,-79.52484612,43.62129837,2,Motorcycle,West,2,41,Major,Helmet,Driving properly,Normal,,,Going Ahead,,,,,motorcyclist,,Etobicoke-Lakeshore (3),22 Division,Etobicoke City Centre,FALSE,TRUE,FALSE,TRUE,FALSE,FALSE,FALSE,FALSE,FALSE,FALSE,"{""coordinates"": [[-79.52484612290837, 43.62129836813708]], ""type"": ""MultiPoint""}"
8040,2019:9001960766,2019-10-10T22:59:00,THE QUEENSWAY,STOCK AVE,47 m East of,2,Non-Fatal Injury,Non-Intersection,No Control,Rear End,Clear,Dark with Artificial Lighting,Dry,Major Arterial,FALSE,-79.52484612,43.62129837,1,Automobile or Station Wagon,West,1,42,None,Use Unknown,Improper lane change,Inattentive,,,Changing Lanes,,,,,driver,,Etobicoke-Lakeshore (3),22 Division,Etobicoke City Centre,FALSE,TRUE,FALSE,TRUE,FALSE,FALSE,FALSE,FALSE,FALSE,FALSE,"{""coordinates"": [[-79.52484612290837, 43.62129836813708]], ""type"": ""MultiPoint""}"