_id,collision_id,accdate,stname1,stname2,stname3,per_inv,acclass,accloc,traffictl,impactype,visible,light,rdsfcond,road_class,failtorem,longitude,latitude,veh_no,vehtype,initdir,per_no,invage,injury,safequip,drivact,drivcond,pedact,pedcond,manoeuvre,pedtype,cyclistype,cycact,cyccond,road_user,fatal_no,wardname,division,neighbourhood,aggressive,distracted,cyclist,motorcyclist,other_micromobility,older_adult,pedestrian,red_light,school_child,heavy_truck,geometry
8092,2019:9002262069,2019-11-23T12:45:00,KENNEDY RD,BRIGSTOCK RD,8 m South of,3,Non-Fatal Injury,At Intersection,No Control,Turning Movement,Clear,Daylight,Dry,Major Arterial,FALSE,-79.27942311,43.76122491,1,,,3,26,None,Lap and Shoulder Belt,,,,,,,,,,passenger,,Scarborough Centre (21),41 Division,Dorset Park,TRUE,TRUE,FALSE,TRUE,FALSE,TRUE,FALSE,FALSE,FALSE,FALSE,"{""coordinates"": [[-79.27942310839288, 43.761224909334985]], ""type"": ""MultiPoint""}"
8100,2019:9002320157,2019-12-01T20:10:00,LAWRENCE AVE E,AINSDALE RD,5 m East of,8,Non-Fatal Injury,At Intersection,No Control,Rear End,Snow,Dark with Artificial Lighting,Loose Snow,Major Arterial,FALSE,-79.2922863,43.74589747,4,,,8,35,None,Lap and Shoulder Belt,,,,,,,,,,passenger,,Scarborough Centre (21),41 Division,Wexford/Maryvale,TRUE,FALSE,FALSE,FALSE,FALSE,FALSE,FALSE,FALSE,FALSE,FALSE,"{""coordinates"": [[-79.29228630407877, 43.7458974706114]], ""type"": ""MultiPoint""}"
8101,2019:9002320157,2019-12-01T20:10:00,LAWRENCE AVE E,AINSDALE RD,5 m East of,8,Non-Fatal Injury,At Intersection,No Control,Rear End,Snow,Dark with Artificial Lighting,Loose Snow,Major Arterial,FALSE,-79.2922863,43.74589747,3,Automobile or Station Wagon,West,3,54,Minor,Lap and Shoulder Belt,Driving properly,Normal,,,Going Ahead,,,,,driver,,Scarborough Centre (21),41 Division,Wexford/Maryvale,TRUE,FALSE,FALSE,FALSE,FALSE,FALSE,FALSE,FALSE,FALSE,FALSE,"{""coordinates"": [[-79.29228630407877, 43.7458974706114]], ""type"": ""MultiPoint""}"
8102,2019:9002320157,2019-12-01T20:10:00,LAWRENCE AVE E,AINSDALE RD,5 m East of,8,Non-Fatal Injury,At Intersection,No Control,Rear End,Snow,Dark with Artificial Lighting,Loose Snow,Major Arterial,FALSE,-79.2922863,43.74589747,4,Automobile or Station Wagon,West,4,26,None,Lap and Shoulder Belt,Driving properly,Normal,,,Going Ahead,,,,,driver,,Scarborough Centre (21),41 Division,Wexford/Maryvale,TRUE,FALSE,FALSE,FALSE,FALSE,FALSE,FALSE,FALSE,FALSE,FALSE,"{""coordinates"": [[-79.29228630407877, 43.7458974706114]], ""type"": ""MultiPoint""}"
8103,2019:9002320157,2019-12-01T20:10:00,LAWRENCE AVE E,AINSDALE RD,5 m East of,8,Non-Fatal Injury,At Intersection,No Control,Rear End,Snow,Dark with Artificial Lighting,Loose Snow,Major Arterial,FALSE,-79.2922863,43.74589747,1,Automobile or Station Wagon,East,1,28,None,Equipment Not Used But Available,Speed too fast for conditions,Had Been Drinking,,,Going Ahead,,,,,driver,,Scarborough Centre (21),41 Division,Wexford/Maryvale,TRUE,FALSE,FALSE,FALSE,FALSE,FALSE,FALSE,FALSE,FALSE,FALSE,"{""coordinates"": [[-79.29228630407877, 43.7458974706114]], ""type"": ""MultiPoint""}"
8104,2019:9002320157,2019-12-01T20:10:00,LAWRENCE AVE E,AINSDALE RD,5 m East of,8,Non-Fatal Injury,At Intersection,No Control,Rear End,Snow,Dark with Artificial Lighting,Loose Snow,Major Arterial,FALSE,-79.2922863,43.74589747,2,,,7,31,Minimal,Lap and Shoulder Belt,,,,,,,,,,passenger,,Scarborough Centre (21),41 Division,Wexford/Maryvale,TRUE,FALSE,FALSE,FALSE,FALSE,FALSE,FALSE,FALSE,FALSE,FALSE,"{""coordinates"": [[-79.29228630407877, 43.7458974706114]], ""type"": ""MultiPoint""}"
8105,2019:9002320157,2019-12-01T20:10:00,LAWRENCE AVE E,AINSDALE RD,5 m East of,8,Non-Fatal Injury,At Intersection,No Control,Rear End,Snow,Dark with Artificial Lighting,Loose Snow,Major Arterial,FALSE,-79.2922863,43.74589747,1,,,5,24,Major,Lap and Shoulder Belt,,,,,,,,,,passenger,,Scarborough Centre (21),41 Division,Wexford/Maryvale,TRUE,FALSE,FALSE,FALSE,FALSE,FALSE,FALSE,FALSE,FALSE,FALSE,"{""coordinates"": [[-79.29228630407877, 43.7458974706114]], ""type"": ""MultiPoint""}"
8106,2019:9002320157,2019-12-01T20:10:00,LAWRENCE AVE E,AINSDALE RD,5 m East of,8,Non-Fatal Injury,At Intersection,No Control,Rear End,Snow,Dark with Artificial Lighting,Loose Snow,Major Arterial,FALSE,-79.2922863,43.74589747,2,Automobile or Station Wagon,East,2,50,None,Lap and Shoulder Belt,Driving properly,Normal,,,Going Ahead,,,,,driver,,Scarborough Centre (21),41 Division,Wexford/Maryvale,TRUE,FALSE,FALSE,FALSE,FALSE,FALSE,FALSE,FALSE,FALSE,FALSE,"{""coordinates"": [[-79.29228630407877, 43.7458974706114]], ""type"": ""MultiPoint""}"
8107,2019:9002320157,2019-12-01T20:10:00,LAWRENCE AVE E,AINSDALE RD,5 m East of,8,Non-Fatal Injury,At Intersection,No Control,Rear End,Snow,Dark with Artificial Lighting,Loose Snow,Major Arterial,FALSE,-79.2922863,43.74589747,2,,,6,31,None,Lap and Shoulder Belt,,,,,,,,,,passenger,,Scarborough Centre (21),41 Division,Wexford/Maryvale,TRUE,FALSE,FALSE,FALSE,FALSE,FALSE,FALSE,FALSE,FALSE,FALSE,"{""coordinates"": [[-79.29228630407877, 43.7458974706114]], ""type"": ""MultiPoint""}"
8108,2019:9002365700,2019-12-08T12:05:00,DANFORTH AVE,ST DUNSTAN DR,5 m East of,3,Non-Fatal Injury,At Intersection,Stop Sign,Turning Movement,Clear,Daylight,Dry,Major Arterial,FALSE,-79.28547331,43.69178598,3,Automobile or Station Wagon,West,3,47,None,Lap and Shoulder Belt,Driving properly,Normal,,,Going Ahead,,,,,driver,,Scarborough Southwest (20),41 Division,Oakridge,TRUE,TRUE,FALSE,TRUE,FALSE,FALSE,FALSE,FALSE,FALSE,FALSE,"{""coordinates"": [[-79.28547331157215, 43.69178598104206]], ""type"": ""MultiPoint""}"
8109,2019:9002365700,2019-12-08T12:05:00,DANFORTH AVE,ST DUNSTAN DR,5 m East of,3,Non-Fatal Injury,At Intersection,Stop Sign,Turning Movement,Clear,Daylight,Dry,Major Arterial,FALSE,-79.28547331,43.69178598,1,Automobile or Station Wagon,South,1,39,None,Lap and Shoulder Belt,Failed to yield right-of-way,Inattentive,,,Turning Left,,,,,driver,,Scarborough Southwest (20),41 Division,Oakridge,TRUE,TRUE,FALSE,TRUE,FALSE,FALSE,FALSE,FALSE,FALSE,FALSE,"{""coordinates"": [[-79.28547331157215, 43.69178598104206]], ""type"": ""MultiPoint""}"
8110,2019:9002365700,2019-12-08T12:05:00,DANFORTH AVE,ST DUNSTAN DR,5 m East of,3,Non-Fatal Injury,At Intersection,Stop Sign,Turning Movement,Clear,Daylight,Dry,Major Arterial,FALSE,-79.28547331,43.69178598,2,Motorcycle,East,2,42,Major,Helmet,Exceeding speed limit,Unknown,,,Going Ahead,,,,,motorcyclist,,Scarborough Southwest (20),41 Division,Oakridge,TRUE,TRUE,FALSE,TRUE,FALSE,FALSE,FALSE,FALSE,FALSE,FALSE,"{""coordinates"": [[-79.28547331157215, 43.69178598104206]], ""type"": ""MultiPoint""}"
8118,2019:9002407490,2019-12-14T07:20:00,LAWRENCE AVE W,ALLEN X N LAWRENCE RAMP,,2,Non-Fatal Injury,At Intersection,Traffic Signal,Turning Movement,Rain,Daylight,Wet,Major Arterial,FALSE,-79.44318078,43.71624603,2,Automobile or Station Wagon,North,2,49,None,Lap and Shoulder Belt,Driving properly,Normal,,,Turning Left,,,,,driver,,Eglinton-Lawrence (8),13 Division,Englemount-Lawrence,TRUE,FALSE,FALSE,FALSE,FALSE,FALSE,FALSE,TRUE,FALSE,FALSE,"{""coordinates"": [[-79.44318077540804, 43.7162460294796]], ""type"": ""MultiPoint""}"
8119,2019:9002407490,2019-12-14T07:20:00,LAWRENCE AVE W,ALLEN X N LAWRENCE RAMP,,2,Non-Fatal Injury,At Intersection,Traffic Signal,Turning Movement,Rain,Daylight,Wet,Major Arterial,FALSE,-79.44318078,43.71624603,1,Automobile or Station Wagon,West,1,38,Major,Air Bag Deployed,Disobeyed traffic control,Normal,,,Going Ahead,,,,,driver,,Eglinton-Lawrence (8),13 Division,Englemount-Lawrence,TRUE,FALSE,FALSE,FALSE,FALSE,FALSE,FALSE,TRUE,FALSE,FALSE,"{""coordinates"": [[-79.44318077540804, 43.7162460294796]], ""type"": ""MultiPoint""}"
8120,2019:9002413473,2019-12-15T03:09:00,MOUNT PLEASANT RD,SOUDAN AVE,,3,Non-Fatal Injury,At Intersection,Traffic Signal,Rear End,Clear,Dark,Dry,Major Arterial,FALSE,-79.38925613,43.70601494,2,Automobile or Station Wagon,North,2,55,Minimal,Lap and Shoulder Belt,Lost control,Inattentive,,,Going Ahead,,,,,driver,,Don Valley West (15),53 Division,Mount Pleasant East,FALSE,TRUE,FALSE,FALSE,FALSE,FALSE,FALSE,FALSE,FALSE,FALSE,"{""coordinates"": [[-79.38925613473789, 43.70601494225675]], ""type"": ""MultiPoint""}"
8121,2019:9002413473,2019-12-15T03:09:00,MOUNT PLEASANT RD,SOUDAN AVE,,3,Non-Fatal Injury,At Intersection,Traffic Signal,Rear End,Clear,Dark,Dry,Major Arterial,FALSE,-79.38925613,43.70601494,2,,,3,30,Major,Lap and Shoulder Belt,,,,,,,,,,passenger,,Don Valley West (15),53 Division,Mount Pleasant East,FALSE,TRUE,FALSE,FALSE,FALSE,FALSE,FALSE,FALSE,FALSE,FALSE,"{""coordinates"": [[-79.38925613473789, 43.70601494225675]], ""type"": ""MultiPoint""}"
8122,2019:9002413473,2019-12-15T03:09:00,MOUNT PLEASANT RD,SOUDAN AVE,,3,Non-Fatal Injury,At Intersection,Traffic Signal,Rear End,Clear,Dark,Dry,Major Arterial,FALSE,-79.38925613,43.70601494,1,Automobile or Station Wagon,North,1,22,None,Lap and Shoulder Belt,Driving properly,Normal,,,Slowing or Stopping,,,,,driver,,Don Valley West (15),53 Division,Mount Pleasant East,FALSE,TRUE,FALSE,FALSE,FALSE,FALSE,FALSE,FALSE,FALSE,FALSE,"{""coordinates"": [[-79.38925613473789, 43.70601494225675]], ""type"": ""MultiPoint""}"
8123,2019:9002423251,2019-12-16T15:55:00,4600 DUNDAS ST W,,No.4600 (Driveway),3,Non-Fatal Injury,At/Near Private Drive,No Control,Approaching Head On,Clear,Daylight,Dry,Major Arterial,FALSE,-79.52185533,43.65618757,2,,,3,66,Minor,Lap and Shoulder Belt,,,,,,,,,,passenger,,Etobicoke Centre (2),22 Division,Kingsway South,FALSE,FALSE,FALSE,FALSE,FALSE,TRUE,FALSE,FALSE,FALSE,FALSE,"{""coordinates"": [[-79.52185533176237, 43.6561875674673]], ""type"": ""MultiPoint""}"
8124,2019:9002423251,2019-12-16T15:55:00,4600 DUNDAS ST W,,No.4600 (Driveway),3,Non-Fatal Injury,At/Near Private Drive,No Control,Approaching Head On,Clear,Daylight,Dry,Major Arterial,FALSE,-79.52185533,43.65618757,2,Automobile or Station Wagon,East,2,72,Minor,Lap and Shoulder Belt,Driving properly,Normal,,,Stopped,,,,,driver,,Etobicoke Centre (2),22 Division,Kingsway South,FALSE,FALSE,FALSE,FALSE,FALSE,TRUE,FALSE,FALSE,FALSE,FALSE,"{""coordinates"": [[-79.52185533176237, 43.6561875674673]], ""type"": ""MultiPoint""}"
8125,2019:9002423251,2019-12-16T15:55:00,4600 DUNDAS ST W,,No.4600 (Driveway),3,Non-Fatal Injury,At/Near Private Drive,No Control,Approaching Head On,Clear,Daylight,Dry,Major Arterial,FALSE,-79.52185533,43.65618757,1,Automobile or Station Wagon,West,1,75,Major,Lap and Shoulder Belt,Lost control,Had Been Drinking,,,Going Ahead,,,,,driver,,Etobicoke Centre (2),22 Division,Kingsway South,FALSE,FALSE,FALSE,FALSE,FALSE,TRUE,FALSE,FALSE,FALSE,FALSE,"{""coordinates"": [[-79.52185533176237, 43.6561875674673]], ""type"": ""MultiPoint""}"
8126,2019:9002437548,2019-12-18T15:38:00,MARINE PARADE DR,WATERFRONT DR,96 m West of,2,Non-Fatal Injury,Non-Intersection,No Control,Rear End,Clear,Dark with Artificial Lighting,Dry,Collector,FALSE,-79.47598739,43.62839745,2,Automobile or Station Wagon,East,2,30,Minor,Lap and Shoulder Belt,Driving properly,Normal,,,Stopped,,,,,driver,,Etobicoke-Lakeshore (3),22 Division,Humber Bay Shores,TRUE,FALSE,FALSE,FALSE,FALSE,TRUE,FALSE,FALSE,FALSE,FALSE,"{""coordinates"": [[-79.47598738628125, 43.62839744819659]], ""type"": ""MultiPoint""}"
8127,2020:0000045664,2020-01-07T18:50:00,EGLINTON AVE E,PHARMACY AVE,,3,Non-Fatal Injury,At Intersection,Traffic Signal,Turning Movement,Clear,Dark,Dry,Major Arterial,FALSE,-79.29748196,43.72557659,2,Automobile or Station Wagon,East,2,51,Minimal,Air Bag Deployed,Driving properly,Normal,,,Going Ahead,,,,,driver,,Scarborough Southwest (20),41 Division,Clairlea-Birchmount,TRUE,TRUE,FALSE,FALSE,FALSE,FALSE,FALSE,FALSE,FALSE,FALSE,"{""coordinates"": [[-79.29748195692842, 43.7255765852145]], ""type"": ""MultiPoint""}"
8128,2019:9002437548,2019-12-18T15:38:00,MARINE PARADE DR,WATERFRONT DR,96 m West of,2,Non-Fatal Injury,Non-Intersection,No Control,Rear End,Clear,Dark with Artificial Lighting,Dry,Collector,FALSE,-79.47598739,43.62839745,1,Automobile or Station Wagon,East,1,70,Major,Lap and Shoulder Belt,Failed to yield right-of-way,Medical or Physical Disability,,,Going Ahead,,,,,driver,,Etobicoke-Lakeshore (3),22 Division,Humber Bay Shores,TRUE,FALSE,FALSE,FALSE,FALSE,TRUE,FALSE,FALSE,FALSE,FALSE,"{""coordinates"": [[-79.47598738628125, 43.62839744819659]], ""type"": ""MultiPoint""}"
8129,2019:9002439136,2019-12-18T19:45:00,NEWARK RD,SCARBOROUGH GOLF CLUB RD,,1,Non-Fatal Injury,At Intersection,Stop Sign,SMV Other,Clear,Dusk with Artificial Lighting,Dry,Local,FALSE,-79.22101999,43.77560626,1,Automobile or Station Wagon,West,1,32,Major,Use Unknown,Lost control,Other Condition,,,Going Ahead,,,,,driver,,Scarborough-Guildwood (24),43 Division,Morningside,FALSE,FALSE,FALSE,FALSE,FALSE,FALSE,FALSE,FALSE,FALSE,FALSE,"{""coordinates"": [[-79.22101999311538, 43.775606255347036]], ""type"": ""MultiPoint""}"
8130,2019:9002450194,2019-12-20T12:30:00,MCCOWAN RD,TOWN CENTRE CRT,3 m South of,6,Non-Fatal Injury,Intersection-Related,Traffic Signal,Rear End,Clear,Daylight,Dry,Major Arterial,FALSE,-79.25220137,43.77450002,2,,,6,35,Minimal,Lap and Shoulder Belt,,,,,,,,,,passenger,,Scarborough-Guildwood (24),43 Division,Woburn North,TRUE,FALSE,FALSE,FALSE,FALSE,TRUE,FALSE,FALSE,FALSE,FALSE,"{""coordinates"": [[-79.25220137262926, 43.77450002439253]], ""type"": ""MultiPoint""}"
8131,2019:9002450194,2019-12-20T12:30:00,MCCOWAN RD,TOWN CENTRE CRT,3 m South of,6,Non-Fatal Injury,Intersection-Related,Traffic Signal,Rear End,Clear,Daylight,Dry,Major Arterial,FALSE,-79.25220137,43.77450002,2,,,5,33,None,Lap and Shoulder Belt,,,,,,,,,,passenger,,Scarborough-Guildwood (24),43 Division,Woburn North,TRUE,FALSE,FALSE,FALSE,FALSE,TRUE,FALSE,FALSE,FALSE,FALSE,"{""coordinates"": [[-79.25220137262926, 43.77450002439253]], ""type"": ""MultiPoint""}"
8132,2019:9002450194,2019-12-20T12:30:00,MCCOWAN RD,TOWN CENTRE CRT,3 m South of,6,Non-Fatal Injury,Intersection-Related,Traffic Signal,Rear End,Clear,Daylight,Dry,Major Arterial,FALSE,-79.25220137,43.77450002,2,Automobile or Station Wagon,South,1,33,None,Lap and Shoulder Belt,Driving properly,Normal,,,Stopped,,,,,driver,,Scarborough-Guildwood (24),43 Division,Woburn North,TRUE,FALSE,FALSE,FALSE,FALSE,TRUE,FALSE,FALSE,FALSE,FALSE,"{""coordinates"": [[-79.25220137262926, 43.77450002439253]], ""type"": ""MultiPoint""}"
8133,2019:9002450194,2019-12-20T12:30:00,MCCOWAN RD,TOWN CENTRE CRT,3 m South of,6,Non-Fatal Injury,Intersection-Related,Traffic Signal,Rear End,Clear,Daylight,Dry,Major Arterial,FALSE,-79.25220137,43.77450002,1,Automobile or Station Wagon,South,2,77,None,Lap and Shoulder Belt,Following too closely,Normal,,,Going Ahead,,,,,driver,,Scarborough-Guildwood (24),43 Division,Woburn North,TRUE,FALSE,FALSE,FALSE,FALSE,TRUE,FALSE,FALSE,FALSE,FALSE,"{""coordinates"": [[-79.25220137262926, 43.77450002439253]], ""type"": ""MultiPoint""}"
8134,2019:9002450194,2019-12-20T12:30:00,MCCOWAN RD,TOWN CENTRE CRT,3 m South of,6,Non-Fatal Injury,Intersection-Related,Traffic Signal,Rear End,Clear,Daylight,Dry,Major Arterial,FALSE,-79.25220137,43.77450002,1,,,4,82,Major,Lap and Shoulder Belt,,,,,,,,,,passenger,,Scarborough-Guildwood (24),43 Division,Woburn North,TRUE,FALSE,FALSE,FALSE,FALSE,TRUE,FALSE,FALSE,FALSE,FALSE,"{""coordinates"": [[-79.25220137262926, 43.77450002439253]], ""type"": ""MultiPoint""}"
8135,2019:9002450194,2019-12-20T12:30:00,MCCOWAN RD,TOWN CENTRE CRT,3 m South of,6,Non-Fatal Injury,Intersection-Related,Traffic Signal,Rear End,Clear,Daylight,Dry,Major Arterial,FALSE,-79.25220137,43.77450002,2,,,3,42,Minimal,Lap and Shoulder Belt,,,,,,,,,,passenger,,Scarborough-Guildwood (24),43 Division,Woburn North,TRUE,FALSE,FALSE,FALSE,FALSE,TRUE,FALSE,FALSE,FALSE,FALSE,"{""coordinates"": [[-79.25220137262926, 43.77450002439253]], ""type"": ""MultiPoint""}"
8136,2019:9002471073,2019-12-23T14:15:00,ROYAL YORK RD,LAMBETH RD,,3,Non-Fatal Injury,At Intersection,No Control,Turning Movement,Clear,Daylight,Dry,Minor Arterial,FALSE,-79.51708695,43.66030362,2,Automobile or Station Wagon,South,2,59,Minimal,Lap and Shoulder Belt,Driving properly,Normal,,,Going Ahead,,,,,driver,,Etobicoke Centre (2),22 Division,Edenbridge-Humber Valley,FALSE,TRUE,FALSE,FALSE,FALSE,TRUE,FALSE,FALSE,TRUE,FALSE,"{""coordinates"": [[-79.5170869463578, 43.66030361785533]], ""type"": ""MultiPoint""}"
8137,2019:9002471073,2019-12-23T14:15:00,ROYAL YORK RD,LAMBETH RD,,3,Non-Fatal Injury,At Intersection,No Control,Turning Movement,Clear,Daylight,Dry,Minor Arterial,FALSE,-79.51708695,43.66030362,2,,,3,17,Minor,Lap and Shoulder Belt,,,,,,,,,,passenger,,Etobicoke Centre (2),22 Division,Edenbridge-Humber Valley,FALSE,TRUE,FALSE,FALSE,FALSE,TRUE,FALSE,FALSE,TRUE,FALSE,"{""coordinates"": [[-79.5170869463578, 43.66030361785533]], ""type"": ""MultiPoint""}"
8138,2019:9002471073,2019-12-23T14:15:00,ROYAL YORK RD,LAMBETH RD,,3,Non-Fatal Injury,At Intersection,No Control,Turning Movement,Clear,Daylight,Dry,Minor Arterial,FALSE,-79.51708695,43.66030362,1,Automobile or Station Wagon,North,1,66,Major,Lap and Shoulder Belt,Improper turn,Inattentive,,,Making U-Turn,,,,,driver,,Etobicoke Centre (2),22 Division,Edenbridge-Humber Valley,FALSE,TRUE,FALSE,FALSE,FALSE,TRUE,FALSE,FALSE,TRUE,FALSE,"{""coordinates"": [[-79.5170869463578, 43.66030361785533]], ""type"": ""MultiPoint""}"
8139,2019:9002484268,2019-12-25T21:18:00,LAKE SHORE BLVD E,LOWER JARVIS ST,,8,Non-Fatal Injury,At Intersection,Traffic Signal,Turning Movement,Clear,Dark with Artificial Lighting,Dry,Major Arterial,FALSE,-79.36980886,43.64555579,3,,,5,4,Minimal,Child Safety Seat Used Correctly,,,,,,,,,,passenger,,Spadina-Fort York (10),51 Division,St Lawrence-East Bayfront-The Islands,FALSE,FALSE,FALSE,FALSE,FALSE,TRUE,FALSE,FALSE,TRUE,FALSE,"{""coordinates"": [[-79.36980886314488, 43.645555790489425]], ""type"": ""MultiPoint""}"
8140,2019:9002484268,2019-12-25T21:18:00,LAKE SHORE BLVD E,LOWER JARVIS ST,,8,Non-Fatal Injury,At Intersection,Traffic Signal,Turning Movement,Clear,Dark with Artificial Lighting,Dry,Major Arterial,FALSE,-79.36980886,43.64555579,2,,,3,84,Major,Lap and Shoulder Belt,,,,,,,,,,passenger,,Spadina-Fort York (10),51 Division,St Lawrence-East Bayfront-The Islands,FALSE,FALSE,FALSE,FALSE,FALSE,TRUE,FALSE,FALSE,TRUE,FALSE,"{""coordinates"": [[-79.36980886314488, 43.645555790489425]], ""type"": ""MultiPoint""}"
8141,2019:9002484268,2019-12-25T21:18:00,LAKE SHORE BLVD E,LOWER JARVIS ST,,8,Non-Fatal Injury,At Intersection,Traffic Signal,Turning Movement,Clear,Dark with Artificial Lighting,Dry,Major Arterial,FALSE,-79.36980886,43.64555579,2,Automobile or Station Wagon,West,6,64,Minimal,Lap and Shoulder Belt,Driving properly,Normal,,,Going Ahead,,,,,driver,,Spadina-Fort York (10),51 Division,St Lawrence-East Bayfront-The Islands,FALSE,FALSE,FALSE,FALSE,FALSE,TRUE,FALSE,FALSE,TRUE,FALSE,"{""coordinates"": [[-79.36980886314488, 43.645555790489425]], ""type"": ""MultiPoint""}"
8142,2019:9002484268,2019-12-25T21:18:00,LAKE SHORE BLVD E,LOWER JARVIS ST,,8,Non-Fatal Injury,At Intersection,Traffic Signal,Turning Movement,Clear,Dark with Artificial Lighting,Dry,Major Arterial,FALSE,-79.36980886,43.64555579,3,Automobile or Station Wagon,West,1,46,Minimal,Lap and Shoulder Belt,Driving properly,Normal,,,Going Ahead,,,,,driver,,Spadina-Fort York (10),51 Division,St Lawrence-East Bayfront-The Islands,FALSE,FALSE,FALSE,FALSE,FALSE,TRUE,FALSE,FALSE,TRUE,FALSE,"{""coordinates"": [[-79.36980886314488, 43.645555790489425]], ""type"": ""MultiPoint""}"
8143,2019:9002484268,2019-12-25T21:18:00,LAKE SHORE BLVD E,LOWER JARVIS ST,,8,Non-Fatal Injury,At Intersection,Traffic Signal,Turning Movement,Clear,Dark with Artificial Lighting,Dry,Major Arterial,FALSE,-79.36980886,43.64555579,1,Automobile or Station Wagon,East,8,20,Minimal,Lap and Shoulder Belt,Improper turn,Normal,,,Turning Left,,,,,driver,,Spadina-Fort York (10),51 Division,St Lawrence-East Bayfront-The Islands,FALSE,FALSE,FALSE,FALSE,FALSE,TRUE,FALSE,FALSE,TRUE,FALSE,"{""coordinates"": [[-79.36980886314488, 43.645555790489425]], ""type"": ""MultiPoint""}"
8144,2019:9002484268,2019-12-25T21:18:00,LAKE SHORE BLVD E,LOWER JARVIS ST,,8,Non-Fatal Injury,At Intersection,Traffic Signal,Turning Movement,Clear,Dark with Artificial Lighting,Dry,Major Arterial,FALSE,-79.36980886,43.64555579,3,,,4,34,Minimal,Lap and Shoulder Belt,,,,,,,,,,passenger,,Spadina-Fort York (10),51 Division,St Lawrence-East Bayfront-The Islands,FALSE,FALSE,FALSE,FALSE,FALSE,TRUE,FALSE,FALSE,TRUE,FALSE,"{""coordinates"": [[-79.36980886314488, 43.645555790489425]], ""type"": ""MultiPoint""}"
8145,2019:9002484268,2019-12-25T21:18:00,LAKE SHORE BLVD E,LOWER JARVIS ST,,8,Non-Fatal Injury,At Intersection,Traffic Signal,Turning Movement,Clear,Dark with Artificial Lighting,Dry,Major Arterial,FALSE,-79.36980886,43.64555579,3,,,7,0,Minimal,Child Safety Seat Used Correctly,,,,,,,,,,passenger,,Spadina-Fort York (10),51 Division,St Lawrence-East Bayfront-The Islands,FALSE,FALSE,FALSE,FALSE,FALSE,TRUE,FALSE,FALSE,TRUE,FALSE,"{""coordinates"": [[-79.36980886314488, 43.645555790489425]], ""type"": ""MultiPoint""}"
8146,2020:0000045664,2020-01-07T18:50:00,EGLINTON AVE E,PHARMACY AVE,,3,Non-Fatal Injury,At Intersection,Traffic Signal,Turning Movement,Clear,Dark,Dry,Major Arterial,FALSE,-79.29748196,43.72557659,1,Automobile or Station Wagon,West,1,38,None,Lap and Shoulder Belt,Failed to yield right-of-way,Inattentive,,,Turning Left,,,,,driver,,Scarborough Southwest (20),41 Division,Clairlea-Birchmount,TRUE,TRUE,FALSE,FALSE,FALSE,FALSE,FALSE,FALSE,FALSE,FALSE,"{""coordinates"": [[-79.29748195692842, 43.7255765852145]], ""type"": ""MultiPoint""}"
8147,2020:0000056815,2020-01-09T11:00:00,MARTIN GROVE RD,BELFIELD RD,,4,Non-Fatal Injury,At Intersection,Traffic Signal,Angle,Clear,Daylight,Dry,Major Arterial,FALSE,-79.57558914,43.70187624,4,Automobile or Station Wagon,North,4,35,None,Lap and Shoulder Belt,Driving properly,Normal,,,Stopped,,,,,driver,,Etobicoke North (1),23 Division,West Humber-Clairville,TRUE,TRUE,FALSE,FALSE,FALSE,FALSE,FALSE,TRUE,FALSE,TRUE,"{""coordinates"": [[-79.57558914141431, 43.701876235302855]], ""type"": ""MultiPoint""}"
8148,2020:0000056815,2020-01-09T11:00:00,MARTIN GROVE RD,BELFIELD RD,,4,Non-Fatal Injury,At Intersection,Traffic Signal,Angle,Clear,Daylight,Dry,Major Arterial,FALSE,-79.57558914,43.70187624,3,Pickup Truck,East,3,58,None,Lap and Shoulder Belt,Driving properly,Normal,,,Going Ahead,,,,,driver,,Etobicoke North (1),23 Division,West Humber-Clairville,TRUE,TRUE,FALSE,FALSE,FALSE,FALSE,FALSE,TRUE,FALSE,TRUE,"{""coordinates"": [[-79.57558914141431, 43.701876235302855]], ""type"": ""MultiPoint""}"
8149,2020:0000056815,2020-01-09T11:00:00,MARTIN GROVE RD,BELFIELD RD,,4,Non-Fatal Injury,At Intersection,Traffic Signal,Angle,Clear,Daylight,Dry,Major Arterial,FALSE,-79.57558914,43.70187624,1,Delivery Van,South,1,49,None,Lap and Shoulder Belt,Disobeyed traffic control,Inattentive,,,Going Ahead,,,,,driver,,Etobicoke North (1),23 Division,West Humber-Clairville,TRUE,TRUE,FALSE,FALSE,FALSE,FALSE,FALSE,TRUE,FALSE,TRUE,"{""coordinates"": [[-79.57558914141431, 43.701876235302855]], ""type"": ""MultiPoint""}"
8150,2020:0000056815,2020-01-09T11:00:00,MARTIN GROVE RD,BELFIELD RD,,4,Non-Fatal Injury,At Intersection,Traffic Signal,Angle,Clear,Daylight,Dry,Major Arterial,FALSE,-79.57558914,43.70187624,2,Automobile or Station Wagon,East,2,52,Major,Lap and Shoulder Belt,Driving properly,Normal,,,Going Ahead,,,,,driver,,Etobicoke North (1),23 Division,West Humber-Clairville,TRUE,TRUE,FALSE,FALSE,FALSE,FALSE,FALSE,TRUE,FALSE,TRUE,"{""coordinates"": [[-79.57558914141431, 43.701876235302855]], ""type"": ""MultiPoint""}"
8152,2020:0000093249,2020-01-14T13:56:00,LAKE SHORE BV E,DON RY,250 m West of,3,Non-Fatal Injury,Non-Intersection,No Control,Turning Movement,Clear,Daylight,Dry,Major Arterial,FALSE,-79.34885087,43.65002277,2,Automobile or Station Wagon,,3,46,None,Lap and Shoulder Belt,,,,,,,,,,passenger,,Spadina-Fort York (10),51 Division,St Lawrence-East Bayfront-The Islands,FALSE,FALSE,FALSE,FALSE,FALSE,TRUE,FALSE,FALSE,FALSE,FALSE,"{""coordinates"": [[-79.34885086869458, 43.65002276906969]], ""type"": ""MultiPoint""}"
8153,2020:0000093249,2020-01-14T13:56:00,LAKE SHORE BV E,DON RY,250 m West of,3,Non-Fatal Injury,Non-Intersection,No Control,Turning Movement,Clear,Daylight,Dry,Major Arterial,FALSE,-79.34885087,43.65002277,1,Pickup Truck,West,1,39,None,Lap and Shoulder Belt,Improper turn,Normal,,,Turning Left,,,,,driver,,Spadina-Fort York (10),51 Division,St Lawrence-East Bayfront-The Islands,FALSE,FALSE,FALSE,FALSE,FALSE,TRUE,FALSE,FALSE,FALSE,FALSE,"{""coordinates"": [[-79.34885086869458, 43.65002276906969]], ""type"": ""MultiPoint""}"