_id,collision_id,accdate,stname1,stname2,stname3,per_inv,acclass,accloc,traffictl,impactype,visible,light,rdsfcond,road_class,failtorem,longitude,latitude,veh_no,vehtype,initdir,per_no,invage,injury,safequip,drivact,drivcond,pedact,pedcond,manoeuvre,pedtype,cyclistype,cycact,cyccond,road_user,fatal_no,wardname,division,neighbourhood,aggressive,distracted,cyclist,motorcyclist,other_micromobility,older_adult,pedestrian,red_light,school_child,heavy_truck,geometry
8202,2020:0000540779,2020-03-15T15:23:00,BRIMLEY RD,KINGSTON RD,,3,Non-Fatal Injury,At Intersection,Traffic Signal,Turning Movement,Clear,Daylight,Dry,Major Arterial,FALSE,-79.24033007,43.71815311,2,Automobile or Station Wagon,South,2,23,None,Lap and Shoulder Belt,Driving properly,Normal,,,Going Ahead,,,,,driver,,Scarborough Southwest (20),43 Division,Cliffcrest,FALSE,FALSE,TRUE,FALSE,FALSE,FALSE,FALSE,FALSE,FALSE,FALSE,"{""coordinates"": [[-79.24033007338313, 43.71815311107822]], ""type"": ""MultiPoint""}"
8203,2020:0000540779,2020-03-15T15:23:00,BRIMLEY RD,KINGSTON RD,,3,Non-Fatal Injury,At Intersection,Traffic Signal,Turning Movement,Clear,Daylight,Dry,Major Arterial,FALSE,-79.24033007,43.71815311,2,,,3,21,None,Lap and Shoulder Belt,,,,,,,,,,passenger,,Scarborough Southwest (20),43 Division,Cliffcrest,FALSE,FALSE,TRUE,FALSE,FALSE,FALSE,FALSE,FALSE,FALSE,FALSE,"{""coordinates"": [[-79.24033007338313, 43.71815311107822]], ""type"": ""MultiPoint""}"
8204,2020:0000540779,2020-03-15T15:23:00,BRIMLEY RD,KINGSTON RD,,3,Non-Fatal Injury,At Intersection,Traffic Signal,Turning Movement,Clear,Daylight,Dry,Major Arterial,FALSE,-79.24033007,43.71815311,1,Bicycle,North,1,50,Major,Helmet,,,,,Turning Left,,Cyclist turns left into path of driver,Failed to Yield Right of Way,Unknown,cyclist,,Scarborough Southwest (20),43 Division,Cliffcrest,FALSE,FALSE,TRUE,FALSE,FALSE,FALSE,FALSE,FALSE,FALSE,FALSE,"{""coordinates"": [[-79.24033007338313, 43.71815311107822]], ""type"": ""MultiPoint""}"
8205,2020:0000565895,2020-03-19T12:20:00,MCCOWAN RD,MILNER AVE,6 m South of,5,Non-Fatal Injury,At Intersection,Traffic Signal,Sideswipe,Clear,Daylight,Dry,Major Arterial,FALSE,-79.25643568,43.78530707,2,Automobile or Station Wagon,North,2,58,None,Lap and Shoulder Belt,Driving properly,Normal,,,Stopped,,,,,driver,,Scarborough North (23),42 Division,Agincourt South-Malvern West,FALSE,FALSE,FALSE,FALSE,FALSE,FALSE,FALSE,FALSE,FALSE,TRUE,"{""coordinates"": [[-79.25643568466677, 43.78530706842572]], ""type"": ""MultiPoint""}"
8206,2020:0000565895,2020-03-19T12:20:00,MCCOWAN RD,MILNER AVE,6 m South of,5,Non-Fatal Injury,At Intersection,Traffic Signal,Sideswipe,Clear,Daylight,Dry,Major Arterial,FALSE,-79.25643568,43.78530707,3,,,5,51,Minor,Lap and Shoulder Belt,,,,,,,,,,passenger,,Scarborough North (23),42 Division,Agincourt South-Malvern West,FALSE,FALSE,FALSE,FALSE,FALSE,FALSE,FALSE,FALSE,FALSE,TRUE,"{""coordinates"": [[-79.25643568466677, 43.78530706842572]], ""type"": ""MultiPoint""}"
8207,2020:0000565895,2020-03-19T12:20:00,MCCOWAN RD,MILNER AVE,6 m South of,5,Non-Fatal Injury,At Intersection,Traffic Signal,Sideswipe,Clear,Daylight,Dry,Major Arterial,FALSE,-79.25643568,43.78530707,4,Truck - Closed,North,4,45,None,Lap and Shoulder Belt,Driving properly,Normal,,,Stopped,,,,,driver,,Scarborough North (23),42 Division,Agincourt South-Malvern West,FALSE,FALSE,FALSE,FALSE,FALSE,FALSE,FALSE,FALSE,FALSE,TRUE,"{""coordinates"": [[-79.25643568466677, 43.78530706842572]], ""type"": ""MultiPoint""}"
8208,2020:0000565895,2020-03-19T12:20:00,MCCOWAN RD,MILNER AVE,6 m South of,5,Non-Fatal Injury,At Intersection,Traffic Signal,Sideswipe,Clear,Daylight,Dry,Major Arterial,FALSE,-79.25643568,43.78530707,1,Automobile or Station Wagon,North,1,46,Major,Lap and Shoulder Belt,Lost control,Normal,,,Stopped,,,,,driver,,Scarborough North (23),42 Division,Agincourt South-Malvern West,FALSE,FALSE,FALSE,FALSE,FALSE,FALSE,FALSE,FALSE,FALSE,TRUE,"{""coordinates"": [[-79.25643568466677, 43.78530706842572]], ""type"": ""MultiPoint""}"
8209,2020:0000565895,2020-03-19T12:20:00,MCCOWAN RD,MILNER AVE,6 m South of,5,Non-Fatal Injury,At Intersection,Traffic Signal,Sideswipe,Clear,Daylight,Dry,Major Arterial,FALSE,-79.25643568,43.78530707,3,Automobile or Station Wagon,North,3,44,Minor,Lap and Shoulder Belt,Driving properly,Normal,,,Stopped,,,,,driver,,Scarborough North (23),42 Division,Agincourt South-Malvern West,FALSE,FALSE,FALSE,FALSE,FALSE,FALSE,FALSE,FALSE,FALSE,TRUE,"{""coordinates"": [[-79.25643568466677, 43.78530706842572]], ""type"": ""MultiPoint""}"
8210,2020:0000568853,2020-03-19T21:16:00,BROADVIEW AVE,MONTCREST BLVD,,2,Non-Fatal Injury,At Intersection,Stop Sign,Turning Movement,Rain,Dark with Artificial Lighting,Wet,Minor Arterial,FALSE,-79.35606063,43.67316273,1,Automobile or Station Wagon,North,1,27,Major,Use Unknown,Improper turn,Unknown,,,Turning Left,,,,,driver,,Toronto-Danforth (14),55 Division,North Riverdale,FALSE,FALSE,FALSE,FALSE,FALSE,FALSE,FALSE,FALSE,FALSE,FALSE,"{""coordinates"": [[-79.3560606269641, 43.673162729683874]], ""type"": ""MultiPoint""}"
8211,2020:0000568853,2020-03-19T21:16:00,BROADVIEW AVE,MONTCREST BLVD,,2,Non-Fatal Injury,At Intersection,Stop Sign,Turning Movement,Rain,Dark with Artificial Lighting,Wet,Minor Arterial,FALSE,-79.35606063,43.67316273,2,Automobile or Station Wagon,North,2,25,Minimal,Use Unknown,Driving properly,Normal,,,Going Ahead,,,,,driver,,Toronto-Danforth (14),55 Division,North Riverdale,FALSE,FALSE,FALSE,FALSE,FALSE,FALSE,FALSE,FALSE,FALSE,FALSE,"{""coordinates"": [[-79.3560606269641, 43.673162729683874]], ""type"": ""MultiPoint""}"
8212,2020:0000608251,2020-03-26T18:45:00,LASCELLES BLVD,FROBISHER AVE,,1,Non-Fatal Injury,At Intersection,Stop Sign,SMV Other,Clear,Dark with Artificial Lighting,Dry,Local,FALSE,-79.4001128,43.69647059,1,Automobile or Station Wagon,North,1,36,Major,Air Bag Deployed,Lost control,Medical or Physical Disability,,,Turning Left,,,,,driver,,Toronto-St. Paul's (12),53 Division,Yonge-Eglinton,FALSE,FALSE,FALSE,FALSE,FALSE,FALSE,FALSE,FALSE,FALSE,FALSE,"{""coordinates"": [[-79.40011279774005, 43.69647058683]], ""type"": ""MultiPoint""}"
8217,2020:0000658260,2020-04-04T09:17:00,KEELE ST,SHEPPARD AVE W,,3,Non-Fatal Injury,At Intersection,Traffic Signal,Angle,Clear,Daylight,Dry,Major Arterial,FALSE,-79.48640895,43.74470372,1,Automobile or Station Wagon,South,1,23,Major,Lap and Shoulder Belt,Disobeyed traffic control,Unknown,,,Going Ahead,,,,,driver,,York Centre (6),31 Division,Downsview,TRUE,FALSE,FALSE,FALSE,FALSE,FALSE,FALSE,TRUE,FALSE,TRUE,"{""coordinates"": [[-79.48640895029743, 43.744703715366335]], ""type"": ""MultiPoint""}"
8218,2020:0000658260,2020-04-04T09:17:00,KEELE ST,SHEPPARD AVE W,,3,Non-Fatal Injury,At Intersection,Traffic Signal,Angle,Clear,Daylight,Dry,Major Arterial,FALSE,-79.48640895,43.74470372,1,Automobile or Station Wagon,,3,24,Major,Lap and Shoulder Belt,,,,,,,,,,passenger,,York Centre (6),31 Division,Downsview,TRUE,FALSE,FALSE,FALSE,FALSE,FALSE,FALSE,TRUE,FALSE,TRUE,"{""coordinates"": [[-79.48640895029743, 43.744703715366335]], ""type"": ""MultiPoint""}"
8219,2020:0000658260,2020-04-04T09:17:00,KEELE ST,SHEPPARD AVE W,,3,Non-Fatal Injury,At Intersection,Traffic Signal,Angle,Clear,Daylight,Dry,Major Arterial,FALSE,-79.48640895,43.74470372,2,Municipal Transit Bus (TTC),West,2,57,Minimal,Lap and Shoulder Belt,Driving properly,Normal,,,Going Ahead,,,,,driver,,York Centre (6),31 Division,Downsview,TRUE,FALSE,FALSE,FALSE,FALSE,FALSE,FALSE,TRUE,FALSE,TRUE,"{""coordinates"": [[-79.48640895029743, 43.744703715366335]], ""type"": ""MultiPoint""}"
8220,2020:0000772626,2020-04-23T13:23:00,YONGE ST,BELSIZE DR,2 m South of,2,Non-Fatal Injury,Intersection-Related,Traffic Signal,Rear End,Clear,Daylight,Dry,Major Arterial,FALSE,-79.39699999,43.70022424,2,Motorcycle,South,2,60,Major,Helmet,Driving properly,Normal,,,Slowing or Stopping,,,,,motorcyclist,,Toronto-St. Paul's (12),53 Division,South Eglinton-Davisville,TRUE,FALSE,FALSE,TRUE,FALSE,TRUE,FALSE,FALSE,FALSE,FALSE,"{""coordinates"": [[-79.39699999327142, 43.70022424369861]], ""type"": ""MultiPoint""}"
8221,2020:0000772626,2020-04-23T13:23:00,YONGE ST,BELSIZE DR,2 m South of,2,Non-Fatal Injury,Intersection-Related,Traffic Signal,Rear End,Clear,Daylight,Dry,Major Arterial,FALSE,-79.39699999,43.70022424,1,Passenger Van,South,1,77,None,Other Safety Equipment Used,Following too closely,Medical or Physical Disability,,,Going Ahead,,,,,driver,,Toronto-St. Paul's (12),53 Division,South Eglinton-Davisville,TRUE,FALSE,FALSE,TRUE,FALSE,TRUE,FALSE,FALSE,FALSE,FALSE,"{""coordinates"": [[-79.39699999327142, 43.70022424369861]], ""type"": ""MultiPoint""}"
8222,2020:0000778481,2020-04-24T13:45:00,347 MORNINGSIDE AVE,,1 m East of,2,Non-Fatal Injury,At/Near Private Drive,No Control,Turning Movement,Clear,Daylight,Dry,Major Arterial,FALSE,-79.18922063,43.77593429,2,Automobile or Station Wagon,North,2,19,None,Lap and Shoulder Belt,Driving properly,Normal,,,Turning Right,,,,,driver,,Scarborough-Rouge Park (25),43 Division,West Hill,FALSE,TRUE,TRUE,FALSE,FALSE,FALSE,FALSE,FALSE,TRUE,FALSE,"{""coordinates"": [[-79.18922063313126, 43.77593428776649]], ""type"": ""MultiPoint""}"
8223,2020:0000778481,2020-04-24T13:45:00,347 MORNINGSIDE AVE,,1 m East of,2,Non-Fatal Injury,At/Near Private Drive,No Control,Turning Movement,Clear,Daylight,Dry,Major Arterial,FALSE,-79.18922063,43.77593429,1,Bicycle,North,1,57,Major,No Equipment Available,,,,,Going Ahead,,"Cyclist without right-of-way rides into path of driver (at intersection, laneway, or driveway)",Failed to Yield Right of Way,Inattentive,cyclist,,Scarborough-Rouge Park (25),43 Division,West Hill,FALSE,TRUE,TRUE,FALSE,FALSE,FALSE,FALSE,FALSE,TRUE,FALSE,"{""coordinates"": [[-79.18922063313126, 43.77593428776649]], ""type"": ""MultiPoint""}"
8224,2020:0000826306,2020-05-02T16:32:00,DUNDAS ST W,BLOOR ST W,,7,Non-Fatal Injury,At Intersection,Traffic Signal,Angle,Clear,Daylight,Dry,Major Arterial,FALSE,-79.45244298,43.65630954,2,,,5,55,None,Air Bag Deployed,,,,,,,,,,passenger,,Parkdale-High Park (4),11 Division,Roncesvalles,TRUE,FALSE,FALSE,FALSE,FALSE,FALSE,FALSE,TRUE,FALSE,FALSE,"{""coordinates"": [[-79.45244297944464, 43.65630954132682]], ""type"": ""MultiPoint""}"
8225,2020:0000826306,2020-05-02T16:32:00,DUNDAS ST W,BLOOR ST W,,7,Non-Fatal Injury,At Intersection,Traffic Signal,Angle,Clear,Daylight,Dry,Major Arterial,FALSE,-79.45244298,43.65630954,1,Automobile or Station Wagon,South,1,52,Major,Air Bag Deployed,Disobeyed traffic control,Ability Impaired - Drugs,,,Going Ahead,,,,,driver,,Parkdale-High Park (4),11 Division,Roncesvalles,TRUE,FALSE,FALSE,FALSE,FALSE,FALSE,FALSE,TRUE,FALSE,FALSE,"{""coordinates"": [[-79.45244297944464, 43.65630954132682]], ""type"": ""MultiPoint""}"
8226,2020:0000826306,2020-05-02T16:32:00,DUNDAS ST W,BLOOR ST W,,7,Non-Fatal Injury,At Intersection,Traffic Signal,Angle,Clear,Daylight,Dry,Major Arterial,FALSE,-79.45244298,43.65630954,3,Automobile or Station Wagon,North,3,39,Minor,Air Bag Deployed,Driving properly,Normal,,,Stopped,,,,,driver,,Parkdale-High Park (4),11 Division,Roncesvalles,TRUE,FALSE,FALSE,FALSE,FALSE,FALSE,FALSE,TRUE,FALSE,FALSE,"{""coordinates"": [[-79.45244297944464, 43.65630954132682]], ""type"": ""MultiPoint""}"
8227,2020:0000826306,2020-05-02T16:32:00,DUNDAS ST W,BLOOR ST W,,7,Non-Fatal Injury,At Intersection,Traffic Signal,Angle,Clear,Daylight,Dry,Major Arterial,FALSE,-79.45244298,43.65630954,2,,,6,28,None,Air Bag Deployed,,,,,,,,,,passenger,,Parkdale-High Park (4),11 Division,Roncesvalles,TRUE,FALSE,FALSE,FALSE,FALSE,FALSE,FALSE,TRUE,FALSE,FALSE,"{""coordinates"": [[-79.45244297944464, 43.65630954132682]], ""type"": ""MultiPoint""}"
8228,2020:0000826306,2020-05-02T16:32:00,DUNDAS ST W,BLOOR ST W,,7,Non-Fatal Injury,At Intersection,Traffic Signal,Angle,Clear,Daylight,Dry,Major Arterial,FALSE,-79.45244298,43.65630954,4,Pickup Truck,North,4,43,None,Lap and Shoulder Belt,Driving properly,Normal,,,Stopped,,,,,driver,,Parkdale-High Park (4),11 Division,Roncesvalles,TRUE,FALSE,FALSE,FALSE,FALSE,FALSE,FALSE,TRUE,FALSE,FALSE,"{""coordinates"": [[-79.45244297944464, 43.65630954132682]], ""type"": ""MultiPoint""}"
8229,2020:0000826306,2020-05-02T16:32:00,DUNDAS ST W,BLOOR ST W,,7,Non-Fatal Injury,At Intersection,Traffic Signal,Angle,Clear,Daylight,Dry,Major Arterial,FALSE,-79.45244298,43.65630954,3,,,7,25,None,Air Bag Deployed,,,,,,,,,,passenger,,Parkdale-High Park (4),11 Division,Roncesvalles,TRUE,FALSE,FALSE,FALSE,FALSE,FALSE,FALSE,TRUE,FALSE,FALSE,"{""coordinates"": [[-79.45244297944464, 43.65630954132682]], ""type"": ""MultiPoint""}"
8230,2020:0000826306,2020-05-02T16:32:00,DUNDAS ST W,BLOOR ST W,,7,Non-Fatal Injury,At Intersection,Traffic Signal,Angle,Clear,Daylight,Dry,Major Arterial,FALSE,-79.45244298,43.65630954,2,Automobile or Station Wagon,East,2,54,Minimal,Air Bag Deployed,Driving properly,Normal,,,Going Ahead,,,,,driver,,Parkdale-High Park (4),11 Division,Roncesvalles,TRUE,FALSE,FALSE,FALSE,FALSE,FALSE,FALSE,TRUE,FALSE,FALSE,"{""coordinates"": [[-79.45244297944464, 43.65630954132682]], ""type"": ""MultiPoint""}"
8231,2020:0000827861,2020-05-02T21:53:00,BRENTCLIFFE RD,EGLINTON AVE E,200 m East of,1,Non-Fatal Injury,Non-Intersection,No Control,SMV Other,Clear,Dark with Artificial Lighting,Dry,Major Arterial,FALSE,-79.35737282,43.71508243,1,Automobile or Station Wagon,West,1,53,Major,Lap and Shoulder Belt,Lost control,Unknown,,,Going Ahead,,,,,driver,,Don Valley West (15),53 Division,Thorncliffe Park,FALSE,FALSE,FALSE,FALSE,FALSE,FALSE,FALSE,FALSE,FALSE,FALSE,"{""coordinates"": [[-79.3573728242734, 43.71508243307584]], ""type"": ""MultiPoint""}"
8232,2020:0000838759,2020-05-04T18:47:00,THE QUEENSWAY,STEPHEN DR,,3,Non-Fatal Injury,At Intersection,Traffic Signal,Turning Movement,Clear,Daylight,Dry,Major Arterial,FALSE,-79.48421952,43.63030862,1,Delivery Van,West,1,41,Major,Lap and Shoulder Belt,Disobeyed traffic control,Inattentive,,,Going Ahead,,,,,driver,,Etobicoke-Lakeshore (3),22 Division,Stonegate-Queensway,TRUE,TRUE,FALSE,FALSE,FALSE,FALSE,FALSE,TRUE,FALSE,TRUE,"{""coordinates"": [[-79.48421951612478, 43.63030862324086]], ""type"": ""MultiPoint""}"
8233,2020:0000838759,2020-05-04T18:47:00,THE QUEENSWAY,STEPHEN DR,,3,Non-Fatal Injury,At Intersection,Traffic Signal,Turning Movement,Clear,Daylight,Dry,Major Arterial,FALSE,-79.48421952,43.63030862,3,Bus - Other,South,3,45,Minor,Lap and Shoulder Belt,Driving properly,Normal,,,Turning Left,,,,,driver,,Etobicoke-Lakeshore (3),22 Division,Stonegate-Queensway,TRUE,TRUE,FALSE,FALSE,FALSE,FALSE,FALSE,TRUE,FALSE,TRUE,"{""coordinates"": [[-79.48421951612478, 43.63030862324086]], ""type"": ""MultiPoint""}"
8234,2020:0000838759,2020-05-04T18:47:00,THE QUEENSWAY,STEPHEN DR,,3,Non-Fatal Injury,At Intersection,Traffic Signal,Turning Movement,Clear,Daylight,Dry,Major Arterial,FALSE,-79.48421952,43.63030862,2,Automobile or Station Wagon,South,2,39,Minimal,Lap and Shoulder Belt,Driving properly,Normal,,,Turning Left,,,,,driver,,Etobicoke-Lakeshore (3),22 Division,Stonegate-Queensway,TRUE,TRUE,FALSE,FALSE,FALSE,FALSE,FALSE,TRUE,FALSE,TRUE,"{""coordinates"": [[-79.48421951612478, 43.63030862324086]], ""type"": ""MultiPoint""}"
8236,2020:0000909285,2020-05-16T17:52:00,RATHBURN RD,CENTENNIAL PARK RD,2 m West of,1,Non-Fatal Injury,At Intersection,No Control,SMV Other,Clear,Daylight,Dry,Minor Arterial,FALSE,-79.58118159,43.65089284,1,Motorcycle,West,1,23,Major,Lap and Shoulder Belt,Lost control,Normal,,,Going Ahead,,,,,motorcyclist,,Etobicoke Centre (2),22 Division,Eringate-Centennial-West Deane,FALSE,FALSE,FALSE,TRUE,FALSE,FALSE,FALSE,FALSE,FALSE,FALSE,"{""coordinates"": [[-79.58118159065792, 43.65089284292894]], ""type"": ""MultiPoint""}"
8237,2020:0000923482,2020-05-19T09:20:00,QUEEN ST E,CARLAW AVE,5 m West of,2,Non-Fatal Injury,At Intersection,Traffic Signal,Angle,Clear,Daylight,Dry,Minor Arterial,FALSE,-79.34005414,43.66098619,2,Streetcar,West,2,40,None,Use Unknown,Driving properly,Normal,,,Going Ahead,,,,,driver,,Toronto-Danforth (14),55 Division,South Riverdale,FALSE,FALSE,FALSE,FALSE,FALSE,FALSE,FALSE,FALSE,FALSE,TRUE,"{""coordinates"": [[-79.34005414412685, 43.660986194596994]], ""type"": ""MultiPoint""}"
8238,2020:0000923482,2020-05-19T09:20:00,QUEEN ST E,CARLAW AVE,5 m West of,2,Non-Fatal Injury,At Intersection,Traffic Signal,Angle,Clear,Daylight,Dry,Minor Arterial,FALSE,-79.34005414,43.66098619,1,Automobile or Station Wagon,South,1,45,Major,Use Unknown,Lost control,Medical or Physical Disability,,,Going Ahead,,,,,driver,,Toronto-Danforth (14),55 Division,South Riverdale,FALSE,FALSE,FALSE,FALSE,FALSE,FALSE,FALSE,FALSE,FALSE,TRUE,"{""coordinates"": [[-79.34005414412685, 43.660986194596994]], ""type"": ""MultiPoint""}"
8242,2020:0000987519,2020-05-29T00:44:00,LAWRENCE AVE E,MARKHAM RD,45 m West of,3,Non-Fatal Injury,Non-Intersection,No Control,Turning Movement,Clear,Dark with Artificial Lighting,Dry,Major Arterial,FALSE,-79.2267268,43.75941287,1,Motorcycle,South,1,33,Major,Helmet,Speed too fast for conditions,Normal,,,Going Ahead,,,,,motorcyclist,,Scarborough-Guildwood (24),43 Division,Golfdale-Cedarbrae-Woburn,TRUE,FALSE,FALSE,TRUE,FALSE,FALSE,FALSE,FALSE,FALSE,FALSE,"{""coordinates"": [[-79.22672680031991, 43.75941286803227]], ""type"": ""MultiPoint""}"
8243,2020:0000987519,2020-05-29T00:44:00,LAWRENCE AVE E,MARKHAM RD,45 m West of,3,Non-Fatal Injury,Non-Intersection,No Control,Turning Movement,Clear,Dark with Artificial Lighting,Dry,Major Arterial,FALSE,-79.2267268,43.75941287,2,Automobile or Station Wagon,South,2,21,None,Lap and Shoulder Belt,Failed to yield right-of-way,Normal,,,Turning Left,,,,,driver,,Scarborough-Guildwood (24),43 Division,Golfdale-Cedarbrae-Woburn,TRUE,FALSE,FALSE,TRUE,FALSE,FALSE,FALSE,FALSE,FALSE,FALSE,"{""coordinates"": [[-79.22672680031991, 43.75941286803227]], ""type"": ""MultiPoint""}"
8244,2020:0000987519,2020-05-29T00:44:00,LAWRENCE AVE E,MARKHAM RD,45 m West of,3,Non-Fatal Injury,Non-Intersection,No Control,Turning Movement,Clear,Dark with Artificial Lighting,Dry,Major Arterial,FALSE,-79.2267268,43.75941287,2,,,3,24,None,Lap and Shoulder Belt,,,,,,,,,,passenger,,Scarborough-Guildwood (24),43 Division,Golfdale-Cedarbrae-Woburn,TRUE,FALSE,FALSE,TRUE,FALSE,FALSE,FALSE,FALSE,FALSE,FALSE,"{""coordinates"": [[-79.22672680031991, 43.75941286803227]], ""type"": ""MultiPoint""}"
8245,2020:0000992739,2020-05-29T20:07:00,ERINGATE DR,RANGOON RD,6 m East of,1,Non-Fatal Injury,At Intersection,No Control,SMV Other,Clear,Daylight,Dry,Collector,FALSE,-79.57648186,43.66215382,1,Automobile or Station Wagon,East,1,56,Major,Lap and Shoulder Belt,Lost control,Normal,,,Turning Left,,,,,driver,,Etobicoke Centre (2),22 Division,Eringate-Centennial-West Deane,FALSE,FALSE,FALSE,FALSE,FALSE,FALSE,FALSE,FALSE,FALSE,FALSE,"{""coordinates"": [[-79.57648185628547, 43.662153816914795]], ""type"": ""MultiPoint""}"
8248,2020:0001010845,2020-06-01T18:57:00,2525 WARDEN AVE,,,3,Non-Fatal Injury,Non-Intersection,No Control,SMV Other,Clear,Daylight,Dry,Major Arterial,FALSE,-79.31354179,43.79125425,1,,,3,20,None,Lap and Shoulder Belt,,,,,,,,,,passenger,,Scarborough-Agincourt (22),42 Division,L'Amoreaux West,FALSE,FALSE,FALSE,FALSE,FALSE,FALSE,FALSE,FALSE,TRUE,FALSE,"{""coordinates"": [[-79.31354178984955, 43.79125424986947]], ""type"": ""MultiPoint""}"
8249,2020:0001010845,2020-06-01T18:57:00,2525 WARDEN AVE,,,3,Non-Fatal Injury,Non-Intersection,No Control,SMV Other,Clear,Daylight,Dry,Major Arterial,FALSE,-79.31354179,43.79125425,1,Automobile or Station Wagon,North,1,19,None,Lap and Shoulder Belt,Improper turn,Normal,,,Turning Right,,,,,driver,,Scarborough-Agincourt (22),42 Division,L'Amoreaux West,FALSE,FALSE,FALSE,FALSE,FALSE,FALSE,FALSE,FALSE,TRUE,FALSE,"{""coordinates"": [[-79.31354178984955, 43.79125424986947]], ""type"": ""MultiPoint""}"
8250,2020:0001010845,2020-06-01T18:57:00,2525 WARDEN AVE,,,3,Non-Fatal Injury,Non-Intersection,No Control,SMV Other,Clear,Daylight,Dry,Major Arterial,FALSE,-79.31354179,43.79125425,1,,,2,17,Major,Lap and Shoulder Belt,,,,,,,,,,passenger,,Scarborough-Agincourt (22),42 Division,L'Amoreaux West,FALSE,FALSE,FALSE,FALSE,FALSE,FALSE,FALSE,FALSE,TRUE,FALSE,"{""coordinates"": [[-79.31354178984955, 43.79125424986947]], ""type"": ""MultiPoint""}"
8251,2020:0001016316,2020-06-02T15:55:00,LAKE SHORE BLVD W,LOWER SIMCOE ST,,2,Non-Fatal Injury,At Intersection,Traffic Signal,Angle,Clear,Daylight,Dry,Major Arterial,FALSE,-79.38315271,43.64026864,2,Automobile or Station Wagon,North,2,26,None,Lap and Shoulder Belt,Driving properly,Normal,,,Going Ahead,,,,,driver,,Spadina-Fort York (10),52 Division,Harbourfront-CityPlace,TRUE,TRUE,FALSE,TRUE,FALSE,FALSE,FALSE,TRUE,FALSE,FALSE,"{""coordinates"": [[-79.38315270847542, 43.64026864118101]], ""type"": ""MultiPoint""}"
8252,2020:0001016316,2020-06-02T15:55:00,LAKE SHORE BLVD W,LOWER SIMCOE ST,,2,Non-Fatal Injury,At Intersection,Traffic Signal,Angle,Clear,Daylight,Dry,Major Arterial,FALSE,-79.38315271,43.64026864,1,Motorcycle,East,1,34,Major,Use Unknown,Disobeyed traffic control,Inattentive,,,Going Ahead,,,,,motorcyclist,,Spadina-Fort York (10),52 Division,Harbourfront-CityPlace,TRUE,TRUE,FALSE,TRUE,FALSE,FALSE,FALSE,TRUE,FALSE,FALSE,"{""coordinates"": [[-79.38315270847542, 43.64026864118101]], ""type"": ""MultiPoint""}"
8253,2020:0001052462,2020-06-08T08:30:00,LAWRENCE AVE W,RENFIELD ST,,2,Non-Fatal Injury,At Intersection,Stop Sign,Turning Movement,Clear,Daylight,Dry,Major Arterial,FALSE,-79.49876867,43.70382927,1,Automobile or Station Wagon,North,1,47,Minimal,Lap and Shoulder Belt,Failed to yield right-of-way,Normal,,,Turning Right,,,,,driver,,York South-Weston (5),12 Division,Brookhaven-Amesbury,TRUE,FALSE,FALSE,TRUE,FALSE,FALSE,FALSE,FALSE,FALSE,FALSE,"{""coordinates"": [[-79.49876866553905, 43.70382926981566]], ""type"": ""MultiPoint""}"
8254,2020:0001052462,2020-06-08T08:30:00,LAWRENCE AVE W,RENFIELD ST,,2,Non-Fatal Injury,At Intersection,Stop Sign,Turning Movement,Clear,Daylight,Dry,Major Arterial,FALSE,-79.49876867,43.70382927,2,Motorcycle,East,2,25,Major,Helmet,Exceeding speed limit,Normal,,,Going Ahead,,,,,motorcyclist,,York South-Weston (5),12 Division,Brookhaven-Amesbury,TRUE,FALSE,FALSE,TRUE,FALSE,FALSE,FALSE,FALSE,FALSE,FALSE,"{""coordinates"": [[-79.49876866553905, 43.70382926981566]], ""type"": ""MultiPoint""}"
8259,2020:0001071838,2020-06-11T02:19:00,F G GARDINER XY E,GARDINER JAMESON AV RAMP,9 m East of,2,Non-Fatal Injury,Non-Intersection,No Control,SMV Other,Rain,Dark with Artificial Lighting,Wet,Expressway,FALSE,-79.43708502,43.63382952,0,,,2,20,Major,Lap and Shoulder Belt,,,,,,,,,,passenger,,Parkdale-High Park (4),14 Division,South Parkdale,FALSE,TRUE,FALSE,FALSE,FALSE,FALSE,FALSE,FALSE,FALSE,FALSE,"{""coordinates"": [[-79.43708501604434, 43.6338295155873]], ""type"": ""MultiPoint""}"
8260,2020:0001071838,2020-06-11T02:19:00,F G GARDINER XY E,GARDINER JAMESON AV RAMP,9 m East of,2,Non-Fatal Injury,Non-Intersection,No Control,SMV Other,Rain,Dark with Artificial Lighting,Wet,Expressway,FALSE,-79.43708502,43.63382952,1,Automobile or Station Wagon,East,1,24,Major,Lap and Shoulder Belt,Lost control,Inattentive,,,Going Ahead,,,,,driver,,Parkdale-High Park (4),14 Division,South Parkdale,FALSE,TRUE,FALSE,FALSE,FALSE,FALSE,FALSE,FALSE,FALSE,FALSE,"{""coordinates"": [[-79.43708501604434, 43.6338295155873]], ""type"": ""MultiPoint""}"
8261,2020:0001109990,2020-06-16T21:07:00,DUNDAS ST W,ROYAL YORK RD,34 m West of,2,Non-Fatal Injury,Overpass or Bridge,No Control,Rear End,Clear,Dark,Dry,Major Arterial,FALSE,-79.51675126,43.65803387,2,Automobile or Station Wagon,West,2,53,None,Lap and Shoulder Belt,Other,Normal,,,Going Ahead,,,,,driver,,Etobicoke-Lakeshore (3),22 Division,Kingsway South,FALSE,FALSE,FALSE,FALSE,FALSE,FALSE,FALSE,FALSE,FALSE,FALSE,"{""coordinates"": [[-79.51675125672018, 43.658033873813245]], ""type"": ""MultiPoint""}"
8262,2020:0001109990,2020-06-16T21:07:00,DUNDAS ST W,ROYAL YORK RD,34 m West of,2,Non-Fatal Injury,Overpass or Bridge,No Control,Rear End,Clear,Dark,Dry,Major Arterial,FALSE,-79.51675126,43.65803387,1,Automobile or Station Wagon,West,1,25,Major,Lap and Shoulder Belt,Other,Medical or Physical Disability,,,Reversing,,,,,driver,,Etobicoke-Lakeshore (3),22 Division,Kingsway South,FALSE,FALSE,FALSE,FALSE,FALSE,FALSE,FALSE,FALSE,FALSE,FALSE,"{""coordinates"": [[-79.51675125672018, 43.658033873813245]], ""type"": ""MultiPoint""}"