_id,collision_id,accdate,stname1,stname2,stname3,per_inv,acclass,accloc,traffictl,impactype,visible,light,rdsfcond,road_class,failtorem,longitude,latitude,veh_no,vehtype,initdir,per_no,invage,injury,safequip,drivact,drivcond,pedact,pedcond,manoeuvre,pedtype,cyclistype,cycact,cyccond,road_user,fatal_no,wardname,division,neighbourhood,aggressive,distracted,cyclist,motorcyclist,other_micromobility,older_adult,pedestrian,red_light,school_child,heavy_truck,geometry
8432,2021:1000067206,2021-01-11T19:15:00,KINGSTON RD,SCARBOROUGH GOLF CLUB RD,33 m West of,5,Non-Fatal Injury,Non-Intersection,No Control,Rear End,Clear,Dark,Dry,Major Arterial,FALSE,-79.20969035,43.74555787,1,Automobile or Station Wagon,East,1,36,Major,Lap and Shoulder Belt,Speed too fast for conditions,Ability Impaired - Alcohol,,,Stopped,,,,,driver,,Scarborough-Guildwood (24),43 Division,Scarborough Village,TRUE,FALSE,FALSE,FALSE,FALSE,FALSE,FALSE,FALSE,TRUE,TRUE,"{""coordinates"": [[-79.20969035008484, 43.74555786746254]], ""type"": ""MultiPoint""}"
8433,2021:1000067206,2021-01-11T19:15:00,KINGSTON RD,SCARBOROUGH GOLF CLUB RD,33 m West of,5,Non-Fatal Injury,Non-Intersection,No Control,Rear End,Clear,Dark,Dry,Major Arterial,FALSE,-79.20969035,43.74555787,2,,,4,39,Minor,No Equipment Available,,,,,,,,,,passenger,,Scarborough-Guildwood (24),43 Division,Scarborough Village,TRUE,FALSE,FALSE,FALSE,FALSE,FALSE,FALSE,FALSE,TRUE,TRUE,"{""coordinates"": [[-79.20969035008484, 43.74555786746254]], ""type"": ""MultiPoint""}"
8434,2021:1000067206,2021-01-11T19:15:00,KINGSTON RD,SCARBOROUGH GOLF CLUB RD,33 m West of,5,Non-Fatal Injury,Non-Intersection,No Control,Rear End,Clear,Dark,Dry,Major Arterial,FALSE,-79.20969035,43.74555787,2,,,3,23,Minor,No Equipment Available,,,,,,,,,,passenger,,Scarborough-Guildwood (24),43 Division,Scarborough Village,TRUE,FALSE,FALSE,FALSE,FALSE,FALSE,FALSE,FALSE,TRUE,TRUE,"{""coordinates"": [[-79.20969035008484, 43.74555786746254]], ""type"": ""MultiPoint""}"
8435,2021:1000067206,2021-01-11T19:15:00,KINGSTON RD,SCARBOROUGH GOLF CLUB RD,33 m West of,5,Non-Fatal Injury,Non-Intersection,No Control,Rear End,Clear,Dark,Dry,Major Arterial,FALSE,-79.20969035,43.74555787,2,Intercity Coach Bus,East,2,55,Minor,Lap Belt Only,Driving properly,Normal,,,Going Ahead,,,,,driver,,Scarborough-Guildwood (24),43 Division,Scarborough Village,TRUE,FALSE,FALSE,FALSE,FALSE,FALSE,FALSE,FALSE,TRUE,TRUE,"{""coordinates"": [[-79.20969035008484, 43.74555786746254]], ""type"": ""MultiPoint""}"
8436,2021:1000067206,2021-01-11T19:15:00,KINGSTON RD,SCARBOROUGH GOLF CLUB RD,33 m West of,5,Non-Fatal Injury,Non-Intersection,No Control,Rear End,Clear,Dark,Dry,Major Arterial,FALSE,-79.20969035,43.74555787,2,,,5,19,Minor,No Equipment Available,,,,,,,,,,passenger,,Scarborough-Guildwood (24),43 Division,Scarborough Village,TRUE,FALSE,FALSE,FALSE,FALSE,FALSE,FALSE,FALSE,TRUE,TRUE,"{""coordinates"": [[-79.20969035008484, 43.74555786746254]], ""type"": ""MultiPoint""}"
8437,2021:1000078163,2021-01-13T12:58:00,MCLEVIN AVE,MARKHAM RD,107 m East of,1,Non-Fatal Injury,Non-Intersection,No Control,SMV Other,Clear,Daylight,Wet,Minor Arterial,FALSE,-79.23983409,43.79873097,1,Automobile or Station Wagon,West,1,22,Major,Air Bag Deployed,Speed too fast for conditions,Normal,,,Going Ahead,,,,,driver,,Scarborough North (23),42 Division,Malvern West,TRUE,FALSE,FALSE,FALSE,FALSE,FALSE,FALSE,FALSE,FALSE,FALSE,"{""coordinates"": [[-79.23983408751799, 43.798730972822824]], ""type"": ""MultiPoint""}"
8438,2021:1000113248,2021-01-18T21:20:00,LESLIE ST,BANNATYNE DR,102 m North of,2,Non-Fatal Injury,Non-Intersection,No Control,SMV Other,Snow,Dark,Wet,Major Arterial,FALSE,-79.36150027,43.7596381,1,Automobile or Station Wagon,South,1,67,Major,Lap and Shoulder Belt,Lost control,Normal,,,Going Ahead,,,,,driver,,Don Valley West (15),33 Division,St.Andrew-Windfields,FALSE,FALSE,FALSE,FALSE,FALSE,TRUE,FALSE,FALSE,FALSE,FALSE,"{""coordinates"": [[-79.36150027301794, 43.75963809633661]], ""type"": ""MultiPoint""}"
8439,2021:1000113248,2021-01-18T21:20:00,LESLIE ST,BANNATYNE DR,102 m North of,2,Non-Fatal Injury,Non-Intersection,No Control,SMV Other,Snow,Dark,Wet,Major Arterial,FALSE,-79.36150027,43.7596381,2,Automobile or Station Wagon,Unknown,2,,None,Use Unknown,,,,,Parked,,,,,other,,Don Valley West (15),33 Division,St.Andrew-Windfields,FALSE,FALSE,FALSE,FALSE,FALSE,TRUE,FALSE,FALSE,FALSE,FALSE,"{""coordinates"": [[-79.36150027301794, 43.75963809633661]], ""type"": ""MultiPoint""}"
8440,2021:1000167735,2021-01-27T09:05:00,AVENUE RD,EGLINTON AVE W,,2,Non-Fatal Injury,At Intersection,Traffic Signal,Turning Movement,Clear,Daylight,Wet,Major Arterial,FALSE,-79.40847462,43.70452724,2,Automobile or Station Wagon,North,2,33,Major,Lap and Shoulder Belt,Driving properly,Normal,,,Going Ahead,,,,,driver,,Toronto-St. Paul's (12),53 Division,Yonge-Eglinton,FALSE,FALSE,FALSE,FALSE,FALSE,FALSE,FALSE,FALSE,TRUE,FALSE,"{""coordinates"": [[-79.40847461670204, 43.704527236662116]], ""type"": ""MultiPoint""}"
8441,2021:1000167735,2021-01-27T09:05:00,AVENUE RD,EGLINTON AVE W,,2,Non-Fatal Injury,At Intersection,Traffic Signal,Turning Movement,Clear,Daylight,Wet,Major Arterial,FALSE,-79.40847462,43.70452724,1,Automobile or Station Wagon,South,1,17,None,Lap and Shoulder Belt,Improper turn,Normal,,,Turning Left,,,,,driver,,Toronto-St. Paul's (12),53 Division,Yonge-Eglinton,FALSE,FALSE,FALSE,FALSE,FALSE,FALSE,FALSE,FALSE,TRUE,FALSE,"{""coordinates"": [[-79.40847461670204, 43.704527236662116]], ""type"": ""MultiPoint""}"
8442,2021:1000182420,2021-01-29T11:30:00,HORNER AVE,KIPLING AVE,,2,Non-Fatal Injury,At Intersection,Traffic Signal,Angle,Clear,Daylight,Dry,Major Arterial,FALSE,-79.52071101,43.60713058,2,Automobile or Station Wagon,West,2,65,Major,Equipment Not Used But Available,Disobeyed traffic control,Inattentive,,,Going Ahead,,,,,driver,,Etobicoke-Lakeshore (3),22 Division,Mimico-Queensway,TRUE,TRUE,FALSE,FALSE,FALSE,TRUE,FALSE,TRUE,FALSE,FALSE,"{""coordinates"": [[-79.52071101189695, 43.607130584573675]], ""type"": ""MultiPoint""}"
8443,2021:1000182420,2021-01-29T11:30:00,HORNER AVE,KIPLING AVE,,2,Non-Fatal Injury,At Intersection,Traffic Signal,Angle,Clear,Daylight,Dry,Major Arterial,FALSE,-79.52071101,43.60713058,1,Pickup Truck,North,1,24,Major,Use Unknown,Driving properly,Normal,,,Going Ahead,,,,,driver,,Etobicoke-Lakeshore (3),22 Division,Mimico-Queensway,TRUE,TRUE,FALSE,FALSE,FALSE,TRUE,FALSE,TRUE,FALSE,FALSE,"{""coordinates"": [[-79.52071101189695, 43.607130584573675]], ""type"": ""MultiPoint""}"
8444,2021:1000182776,2021-01-29T12:25:00,FINCH AVE E,MCCOWAN RD,,2,Non-Fatal Injury,Intersection-Related,Traffic Signal,Rear End,Clear,Daylight,Dry,Major Arterial,FALSE,-79.26646834,43.80795494,1,Automobile or Station Wagon,East,1,67,Major,Lap and Shoulder Belt,Following too closely,Inattentive,,,Going Ahead,,,,,driver,,Scarborough North (23),42 Division,Agincourt North,TRUE,TRUE,FALSE,FALSE,FALSE,TRUE,FALSE,FALSE,FALSE,FALSE,"{""coordinates"": [[-79.26646833584054, 43.80795494107821]], ""type"": ""MultiPoint""}"
8445,2021:1000182776,2021-01-29T12:25:00,FINCH AVE E,MCCOWAN RD,,2,Non-Fatal Injury,Intersection-Related,Traffic Signal,Rear End,Clear,Daylight,Dry,Major Arterial,FALSE,-79.26646834,43.80795494,2,Automobile or Station Wagon,East,2,53,None,Lap and Shoulder Belt,Driving properly,Normal,,,Stopped,,,,,driver,,Scarborough North (23),42 Division,Agincourt North,TRUE,TRUE,FALSE,FALSE,FALSE,TRUE,FALSE,FALSE,FALSE,FALSE,"{""coordinates"": [[-79.26646833584054, 43.80795494107821]], ""type"": ""MultiPoint""}"
8446,2021:1000186475,2021-01-29T22:35:00,GREENWOOD AVE,MOUNTJOY AVE,30 m South of,4,Non-Fatal Injury,Intersection-Related,No Control,Approaching Head On,Clear,Dark with Artificial Lighting,Wet,Minor Arterial,FALSE,-79.33177621,43.679991,1,Automobile or Station Wagon,North,1,48,Minor,Lap and Shoulder Belt,Lost control,Unknown,,,Going Ahead,,,,,driver,,Toronto-Danforth (14),55 Division,Greenwood-Coxwell,FALSE,FALSE,FALSE,FALSE,FALSE,FALSE,FALSE,FALSE,FALSE,FALSE,"{""coordinates"": [[-79.33177620870106, 43.67999100239261]], ""type"": ""MultiPoint""}"
8447,2021:1000186475,2021-01-29T22:35:00,GREENWOOD AVE,MOUNTJOY AVE,30 m South of,4,Non-Fatal Injury,Intersection-Related,No Control,Approaching Head On,Clear,Dark with Artificial Lighting,Wet,Minor Arterial,FALSE,-79.33177621,43.679991,2,Automobile or Station Wagon,South,2,33,Minor,Lap and Shoulder Belt,Driving properly,Normal,,,Going Ahead,,,,,driver,,Toronto-Danforth (14),55 Division,Greenwood-Coxwell,FALSE,FALSE,FALSE,FALSE,FALSE,FALSE,FALSE,FALSE,FALSE,FALSE,"{""coordinates"": [[-79.33177620870106, 43.67999100239261]], ""type"": ""MultiPoint""}"
8448,2021:1000186475,2021-01-29T22:35:00,GREENWOOD AVE,MOUNTJOY AVE,30 m South of,4,Non-Fatal Injury,Intersection-Related,No Control,Approaching Head On,Clear,Dark with Artificial Lighting,Wet,Minor Arterial,FALSE,-79.33177621,43.679991,2,,,4,28,Minor,Equipment Not Used But Available,,,,,,,,,,passenger,,Toronto-Danforth (14),55 Division,Greenwood-Coxwell,FALSE,FALSE,FALSE,FALSE,FALSE,FALSE,FALSE,FALSE,FALSE,FALSE,"{""coordinates"": [[-79.33177620870106, 43.67999100239261]], ""type"": ""MultiPoint""}"
8449,2021:1000186475,2021-01-29T22:35:00,GREENWOOD AVE,MOUNTJOY AVE,30 m South of,4,Non-Fatal Injury,Intersection-Related,No Control,Approaching Head On,Clear,Dark with Artificial Lighting,Wet,Minor Arterial,FALSE,-79.33177621,43.679991,2,,,3,28,Major,Equipment Not Used But Available,,,,,,,,,,passenger,,Toronto-Danforth (14),55 Division,Greenwood-Coxwell,FALSE,FALSE,FALSE,FALSE,FALSE,FALSE,FALSE,FALSE,FALSE,FALSE,"{""coordinates"": [[-79.33177620870106, 43.67999100239261]], ""type"": ""MultiPoint""}"
8450,2021:1000204044,2021-02-01T17:35:00,2550 PICKERING TOWN LINE,,164 m South of,1,Non-Fatal Injury,Non-Intersection,No Control,SMV Other,Clear,Dusk,Dry,Collector,FALSE,-79.16650785,43.84704406,1,Pickup Truck,South,1,21,Major,Lap and Shoulder Belt,Lost control,Ability Impaired - Alcohol Over .08,,,Going Ahead,,,,,driver,,Scarborough-Rouge Park (25),42 Division,Morningside Heights,FALSE,FALSE,FALSE,FALSE,FALSE,FALSE,FALSE,FALSE,FALSE,FALSE,"{""coordinates"": [[-79.16650784834465, 43.84704405609145]], ""type"": ""MultiPoint""}"
8451,2021:1000228775,2021-02-05T11:00:00,54 THORNCLIFFE PARK DR,,1 m South of,4,Non-Fatal Injury,At/Near Private Drive,No Control,Angle,Clear,Daylight,Dry,Collector,FALSE,-79.34159522,43.70445848,1,,,3,59,None,Lap and Shoulder Belt,,,,,,,,,,passenger,,Don Valley West (15),53 Division,Thorncliffe Park,FALSE,FALSE,FALSE,FALSE,FALSE,TRUE,FALSE,FALSE,FALSE,FALSE,"{""coordinates"": [[-79.34159522330536, 43.70445848150267]], ""type"": ""MultiPoint""}"
8452,2021:1000228775,2021-02-05T11:00:00,54 THORNCLIFFE PARK DR,,1 m South of,4,Non-Fatal Injury,At/Near Private Drive,No Control,Angle,Clear,Daylight,Dry,Collector,FALSE,-79.34159522,43.70445848,1,Automobile or Station Wagon,West,1,68,None,Lap and Shoulder Belt,Other,Normal,,,Reversing,,,,,driver,,Don Valley West (15),53 Division,Thorncliffe Park,FALSE,FALSE,FALSE,FALSE,FALSE,TRUE,FALSE,FALSE,FALSE,FALSE,"{""coordinates"": [[-79.34159522330536, 43.70445848150267]], ""type"": ""MultiPoint""}"
8453,2021:1000228775,2021-02-05T11:00:00,54 THORNCLIFFE PARK DR,,1 m South of,4,Non-Fatal Injury,At/Near Private Drive,No Control,Angle,Clear,Daylight,Dry,Collector,FALSE,-79.34159522,43.70445848,2,,,4,32,Major,Lap and Shoulder Belt,,,,,,,,,,passenger,,Don Valley West (15),53 Division,Thorncliffe Park,FALSE,FALSE,FALSE,FALSE,FALSE,TRUE,FALSE,FALSE,FALSE,FALSE,"{""coordinates"": [[-79.34159522330536, 43.70445848150267]], ""type"": ""MultiPoint""}"
8454,2021:1000228775,2021-02-05T11:00:00,54 THORNCLIFFE PARK DR,,1 m South of,4,Non-Fatal Injury,At/Near Private Drive,No Control,Angle,Clear,Daylight,Dry,Collector,FALSE,-79.34159522,43.70445848,2,Automobile or Station Wagon,South,2,31,None,Lap and Shoulder Belt,Other,Normal,,,Stopped,,,,,driver,,Don Valley West (15),53 Division,Thorncliffe Park,FALSE,FALSE,FALSE,FALSE,FALSE,TRUE,FALSE,FALSE,FALSE,FALSE,"{""coordinates"": [[-79.34159522330536, 43.70445848150267]], ""type"": ""MultiPoint""}"
8455,2021:1000247746,2021-02-08T12:27:00,RENFORTH DR,CONVAIR DR,,2,Non-Fatal Injury,At Intersection,Traffic Signal,Angle,Clear,Daylight,Dry,Major Arterial,FALSE,-79.5932589,43.67211782,2,Automobile or Station Wagon,West,2,54,Major,Air Bag Deployed,Driving properly,Normal,,,Going Ahead,,,,,driver,,,,,TRUE,TRUE,FALSE,FALSE,FALSE,TRUE,FALSE,TRUE,FALSE,FALSE,"{""coordinates"": [[-79.59325889781789, 43.67211782048856]], ""type"": ""MultiPoint""}"
8456,2021:1000247746,2021-02-08T12:27:00,RENFORTH DR,CONVAIR DR,,2,Non-Fatal Injury,At Intersection,Traffic Signal,Angle,Clear,Daylight,Dry,Major Arterial,FALSE,-79.5932589,43.67211782,1,Automobile or Station Wagon,North,1,69,Minor,Air Bag Deployed,Disobeyed traffic control,Inattentive,,,Going Ahead,,,,,driver,,,,,TRUE,TRUE,FALSE,FALSE,FALSE,TRUE,FALSE,TRUE,FALSE,FALSE,"{""coordinates"": [[-79.59325889781789, 43.67211782048856]], ""type"": ""MultiPoint""}"
8457,2021:1000256266,2021-02-09T17:47:00,DIXON RD,CARLINGVIEW DR,,2,Non-Fatal Injury,At Intersection,Traffic Signal,Angle,Clear,Dark with Artificial Lighting,Dry,Major Arterial,FALSE,-79.5955248,43.68668614,1,Automobile or Station Wagon,West,1,49,Major,Lap and Shoulder Belt,Disobeyed traffic control,Normal,,,Going Ahead,,,,,driver,,Etobicoke North (1),23 Division,West Humber-Clairville,TRUE,FALSE,FALSE,FALSE,FALSE,FALSE,FALSE,TRUE,FALSE,TRUE,"{""coordinates"": [[-79.59552480343395, 43.68668614317546]], ""type"": ""MultiPoint""}"
8458,2021:1000256266,2021-02-09T17:47:00,DIXON RD,CARLINGVIEW DR,,2,Non-Fatal Injury,At Intersection,Traffic Signal,Angle,Clear,Dark with Artificial Lighting,Dry,Major Arterial,FALSE,-79.5955248,43.68668614,2,Municipal Transit Bus (TTC),South,2,60,None,Lap and Shoulder Belt,Driving properly,Normal,,,Going Ahead,,,,,driver,,Etobicoke North (1),23 Division,West Humber-Clairville,TRUE,FALSE,FALSE,FALSE,FALSE,FALSE,FALSE,TRUE,FALSE,TRUE,"{""coordinates"": [[-79.59552480343395, 43.68668614317546]], ""type"": ""MultiPoint""}"
8459,2021:1000271831,2021-02-12T01:26:00,65 SHORNCLIFFE RD,LOCKPORT AVE,,2,Non-Fatal Injury,Intersection-Related,No Control,SMV Other,Clear,Dark with Artificial Lighting,Dry,Minor Arterial,FALSE,-79.54283625,43.6275316,1,,,2,24,Minor,Lap and Shoulder Belt,,,,,,,,,,passenger,,Etobicoke-Lakeshore (3),22 Division,Etobicoke City Centre,FALSE,TRUE,FALSE,FALSE,FALSE,FALSE,FALSE,FALSE,FALSE,FALSE,"{""coordinates"": [[-79.54283624727047, 43.627531602663595]], ""type"": ""MultiPoint""}"
8460,2021:1000271831,2021-02-12T01:26:00,65 SHORNCLIFFE RD,LOCKPORT AVE,,2,Non-Fatal Injury,Intersection-Related,No Control,SMV Other,Clear,Dark with Artificial Lighting,Dry,Minor Arterial,FALSE,-79.54283625,43.6275316,1,Automobile or Station Wagon,South,1,23,Major,Lap and Shoulder Belt,Lost control,Inattentive,,,Going Ahead,,,,,driver,,Etobicoke-Lakeshore (3),22 Division,Etobicoke City Centre,FALSE,TRUE,FALSE,FALSE,FALSE,FALSE,FALSE,FALSE,FALSE,FALSE,"{""coordinates"": [[-79.54283624727047, 43.627531602663595]], ""type"": ""MultiPoint""}"
8461,2021:1000283889,2021-02-13T22:03:00,MIDLAND AVE,BENJAMIN BLVD,25 m South of,4,Non-Fatal Injury,Intersection-Related,No Control,SMV Other,Snow,Dark,Ice,Minor Arterial,FALSE,-79.25706898,43.73205007,1,,,3,35,Minor,Use Unknown,,,,,,,,,,passenger,,Scarborough Southwest (20),41 Division,Kennedy Park,TRUE,TRUE,FALSE,FALSE,FALSE,FALSE,FALSE,FALSE,FALSE,FALSE,"{""coordinates"": [[-79.25706897562416, 43.73205007416607]], ""type"": ""MultiPoint""}"
8462,2021:1000283889,2021-02-13T22:03:00,MIDLAND AVE,BENJAMIN BLVD,25 m South of,4,Non-Fatal Injury,Intersection-Related,No Control,SMV Other,Snow,Dark,Ice,Minor Arterial,FALSE,-79.25706898,43.73205007,1,,,2,31,Minor,Use Unknown,,,,,,,,,,passenger,,Scarborough Southwest (20),41 Division,Kennedy Park,TRUE,TRUE,FALSE,FALSE,FALSE,FALSE,FALSE,FALSE,FALSE,FALSE,"{""coordinates"": [[-79.25706897562416, 43.73205007416607]], ""type"": ""MultiPoint""}"
8463,2021:1000283889,2021-02-13T22:03:00,MIDLAND AVE,BENJAMIN BLVD,25 m South of,4,Non-Fatal Injury,Intersection-Related,No Control,SMV Other,Snow,Dark,Ice,Minor Arterial,FALSE,-79.25706898,43.73205007,1,,,4,21,Major,Use Unknown,,,,,,,,,,passenger,,Scarborough Southwest (20),41 Division,Kennedy Park,TRUE,TRUE,FALSE,FALSE,FALSE,FALSE,FALSE,FALSE,FALSE,FALSE,"{""coordinates"": [[-79.25706897562416, 43.73205007416607]], ""type"": ""MultiPoint""}"
8464,2021:1000283889,2021-02-13T22:03:00,MIDLAND AVE,BENJAMIN BLVD,25 m South of,4,Non-Fatal Injury,Intersection-Related,No Control,SMV Other,Snow,Dark,Ice,Minor Arterial,FALSE,-79.25706898,43.73205007,1,Automobile or Station Wagon,South,1,35,Minor,Use Unknown,Speed too fast for conditions,Inattentive,,,Going Ahead,,,,,driver,,Scarborough Southwest (20),41 Division,Kennedy Park,TRUE,TRUE,FALSE,FALSE,FALSE,FALSE,FALSE,FALSE,FALSE,FALSE,"{""coordinates"": [[-79.25706897562416, 43.73205007416607]], ""type"": ""MultiPoint""}"
8465,2021:1000289849,2021-02-14T23:20:00,STEELES AVE W,DUFFERIN ST,,6,Non-Fatal Injury,At Intersection,Traffic Signal,Angle,Clear,Dark with Artificial Lighting,Dry,Major Arterial,FALSE,-79.47004382,43.78721086,2,Intercity Coach Bus,West,2,41,None,Use Unknown,Driving properly,Normal,,,Going Ahead,,,,,driver,,York Centre (6),32 Division,Bathurst Manor,TRUE,FALSE,FALSE,FALSE,FALSE,FALSE,FALSE,TRUE,FALSE,TRUE,"{""coordinates"": [[-79.47004381669768, 43.78721085647178]], ""type"": ""MultiPoint""}"
8466,2021:1000289849,2021-02-14T23:20:00,STEELES AVE W,DUFFERIN ST,,6,Non-Fatal Injury,At Intersection,Traffic Signal,Angle,Clear,Dark with Artificial Lighting,Dry,Major Arterial,FALSE,-79.47004382,43.78721086,2,,,3,63,None,Use Unknown,,,,,,,,,,passenger,,York Centre (6),32 Division,Bathurst Manor,TRUE,FALSE,FALSE,FALSE,FALSE,FALSE,FALSE,TRUE,FALSE,TRUE,"{""coordinates"": [[-79.47004381669768, 43.78721085647178]], ""type"": ""MultiPoint""}"
8467,2021:1000289849,2021-02-14T23:20:00,STEELES AVE W,DUFFERIN ST,,6,Non-Fatal Injury,At Intersection,Traffic Signal,Angle,Clear,Dark with Artificial Lighting,Dry,Major Arterial,FALSE,-79.47004382,43.78721086,2,,,6,21,None,Use Unknown,,,,,,,,,,passenger,,York Centre (6),32 Division,Bathurst Manor,TRUE,FALSE,FALSE,FALSE,FALSE,FALSE,FALSE,TRUE,FALSE,TRUE,"{""coordinates"": [[-79.47004381669768, 43.78721085647178]], ""type"": ""MultiPoint""}"
8468,2021:1000289849,2021-02-14T23:20:00,STEELES AVE W,DUFFERIN ST,,6,Non-Fatal Injury,At Intersection,Traffic Signal,Angle,Clear,Dark with Artificial Lighting,Dry,Major Arterial,FALSE,-79.47004382,43.78721086,1,Automobile or Station Wagon,South,1,50,Major,Use Unknown,Disobeyed traffic control,Unknown,,,Going Ahead,,,,,driver,,York Centre (6),32 Division,Bathurst Manor,TRUE,FALSE,FALSE,FALSE,FALSE,FALSE,FALSE,TRUE,FALSE,TRUE,"{""coordinates"": [[-79.47004381669768, 43.78721085647178]], ""type"": ""MultiPoint""}"
8469,2021:1000289849,2021-02-14T23:20:00,STEELES AVE W,DUFFERIN ST,,6,Non-Fatal Injury,At Intersection,Traffic Signal,Angle,Clear,Dark with Artificial Lighting,Dry,Major Arterial,FALSE,-79.47004382,43.78721086,2,,,5,21,None,Use Unknown,,,,,,,,,,passenger,,York Centre (6),32 Division,Bathurst Manor,TRUE,FALSE,FALSE,FALSE,FALSE,FALSE,FALSE,TRUE,FALSE,TRUE,"{""coordinates"": [[-79.47004381669768, 43.78721085647178]], ""type"": ""MultiPoint""}"
8470,2021:1000289849,2021-02-14T23:20:00,STEELES AVE W,DUFFERIN ST,,6,Non-Fatal Injury,At Intersection,Traffic Signal,Angle,Clear,Dark with Artificial Lighting,Dry,Major Arterial,FALSE,-79.47004382,43.78721086,2,,,4,21,None,Use Unknown,,,,,,,,,,passenger,,York Centre (6),32 Division,Bathurst Manor,TRUE,FALSE,FALSE,FALSE,FALSE,FALSE,FALSE,TRUE,FALSE,TRUE,"{""coordinates"": [[-79.47004381669768, 43.78721085647178]], ""type"": ""MultiPoint""}"
8471,2021:1000299624,2021-02-16T14:34:00,ST CLAIR AVE E,PHARMACY AVE,10 m West of,2,Non-Fatal Injury,Intersection-Related,Traffic Signal,Rear End,Snow,Daylight,Wet,Major Arterial,FALSE,-79.2908978,43.70977992,1,Automobile or Station Wagon,West,1,65,Major,Use Unknown,Lost control,Medical or Physical Disability,,,Going Ahead,,,,,driver,,Scarborough Southwest (20),41 Division,Clairlea-Birchmount,FALSE,FALSE,FALSE,FALSE,FALSE,TRUE,FALSE,FALSE,FALSE,FALSE,"{""coordinates"": [[-79.29089779807704, 43.7097799154256]], ""type"": ""MultiPoint""}"
8472,2021:1000299624,2021-02-16T14:34:00,ST CLAIR AVE E,PHARMACY AVE,10 m West of,2,Non-Fatal Injury,Intersection-Related,Traffic Signal,Rear End,Snow,Daylight,Wet,Major Arterial,FALSE,-79.2908978,43.70977992,2,Automobile or Station Wagon,West,2,42,Minor,Use Unknown,Driving properly,Normal,,,Stopped,,,,,driver,,Scarborough Southwest (20),41 Division,Clairlea-Birchmount,FALSE,FALSE,FALSE,FALSE,FALSE,TRUE,FALSE,FALSE,FALSE,FALSE,"{""coordinates"": [[-79.29089779807704, 43.7097799154256]], ""type"": ""MultiPoint""}"
8473,2021:1000367345,2021-02-26T22:00:00,BELLAMY RD N,BRAEBURN BLVD,,5,Non-Fatal Injury,At Intersection,No Control,Rear End,Clear,Dark with Artificial Lighting,Dry,Minor Arterial,FALSE,-79.23225813,43.74938785,2,Automobile or Station Wagon,South,2,29,Minimal,Lap and Shoulder Belt,Driving properly,Normal,,,Slowing or Stopping,,,,,driver,,Scarborough-Guildwood (24),43 Division,Golfdale-Cedarbrae-Woburn,TRUE,TRUE,FALSE,FALSE,FALSE,FALSE,FALSE,FALSE,FALSE,FALSE,"{""coordinates"": [[-79.23225812706278, 43.74938784743637]], ""type"": ""MultiPoint""}"
8474,2021:1000367345,2021-02-26T22:00:00,BELLAMY RD N,BRAEBURN BLVD,,5,Non-Fatal Injury,At Intersection,No Control,Rear End,Clear,Dark with Artificial Lighting,Dry,Minor Arterial,FALSE,-79.23225813,43.74938785,2,,,4,28,Minimal,Lap and Shoulder Belt,,,,,,,,,,passenger,,Scarborough-Guildwood (24),43 Division,Golfdale-Cedarbrae-Woburn,TRUE,TRUE,FALSE,FALSE,FALSE,FALSE,FALSE,FALSE,FALSE,FALSE,"{""coordinates"": [[-79.23225812706278, 43.74938784743637]], ""type"": ""MultiPoint""}"
8475,2021:1000367345,2021-02-26T22:00:00,BELLAMY RD N,BRAEBURN BLVD,,5,Non-Fatal Injury,At Intersection,No Control,Rear End,Clear,Dark with Artificial Lighting,Dry,Minor Arterial,FALSE,-79.23225813,43.74938785,1,Automobile or Station Wagon,South,1,28,Major,Lap and Shoulder Belt,Following too closely,Inattentive,,,Going Ahead,,,,,driver,,Scarborough-Guildwood (24),43 Division,Golfdale-Cedarbrae-Woburn,TRUE,TRUE,FALSE,FALSE,FALSE,FALSE,FALSE,FALSE,FALSE,FALSE,"{""coordinates"": [[-79.23225812706278, 43.74938784743637]], ""type"": ""MultiPoint""}"
8476,2021:1000367345,2021-02-26T22:00:00,BELLAMY RD N,BRAEBURN BLVD,,5,Non-Fatal Injury,At Intersection,No Control,Rear End,Clear,Dark with Artificial Lighting,Dry,Minor Arterial,FALSE,-79.23225813,43.74938785,2,,,5,35,Minimal,Lap and Shoulder Belt,,,,,,,,,,passenger,,Scarborough-Guildwood (24),43 Division,Golfdale-Cedarbrae-Woburn,TRUE,TRUE,FALSE,FALSE,FALSE,FALSE,FALSE,FALSE,FALSE,FALSE,"{""coordinates"": [[-79.23225812706278, 43.74938784743637]], ""type"": ""MultiPoint""}"
8477,2021:1000367345,2021-02-26T22:00:00,BELLAMY RD N,BRAEBURN BLVD,,5,Non-Fatal Injury,At Intersection,No Control,Rear End,Clear,Dark with Artificial Lighting,Dry,Minor Arterial,FALSE,-79.23225813,43.74938785,2,,,3,29,Minimal,Lap and Shoulder Belt,,,,,,,,,,passenger,,Scarborough-Guildwood (24),43 Division,Golfdale-Cedarbrae-Woburn,TRUE,TRUE,FALSE,FALSE,FALSE,FALSE,FALSE,FALSE,FALSE,FALSE,"{""coordinates"": [[-79.23225812706278, 43.74938784743637]], ""type"": ""MultiPoint""}"
8478,2021:1000373871,2021-02-27T23:07:00,LN N DUNDAS W HURON,HURON ST,70 m West of,1,Non-Fatal Injury,Laneway,No Control,SMV Other,Clear,Dark with Artificial Lighting,Wet,Laneway,FALSE,-79.3967483,43.6536468,1,Automobile or Station Wagon,West,1,50,Major,Use Unknown,Lost control,Medical or Physical Disability,,,Going Ahead,,,,,driver,,University-Rosedale (11),52 Division,Kensington-Chinatown,FALSE,FALSE,FALSE,FALSE,FALSE,FALSE,FALSE,FALSE,FALSE,FALSE,"{""coordinates"": [[-79.39674829561442, 43.65364680155415]], ""type"": ""MultiPoint""}"
8479,2021:1000488018,2021-03-16T17:34:00,KENNEDY RD,FINCH AVE E,100 m North of,3,Non-Fatal Injury,Non-Intersection,No Control,Approaching Head On,Clear,Daylight,Dry,Major Arterial,FALSE,-79.29733692,43.8020689,1,,,3,19,Major,Lap and Shoulder Belt,,,,,,,,,,passenger,,Scarborough-Agincourt (22),42 Division,East L'Amoreaux,FALSE,TRUE,FALSE,FALSE,FALSE,TRUE,FALSE,FALSE,TRUE,FALSE,"{""coordinates"": [[-79.29733692012127, 43.80206889830478]], ""type"": ""MultiPoint""}"