_id,collision_id,accdate,stname1,stname2,stname3,per_inv,acclass,accloc,traffictl,impactype,visible,light,rdsfcond,road_class,failtorem,longitude,latitude,veh_no,vehtype,initdir,per_no,invage,injury,safequip,drivact,drivcond,pedact,pedcond,manoeuvre,pedtype,cyclistype,cycact,cyccond,road_user,fatal_no,wardname,division,neighbourhood,aggressive,distracted,cyclist,motorcyclist,other_micromobility,older_adult,pedestrian,red_light,school_child,heavy_truck,geometry
8480,2021:1000488018,2021-03-16T17:34:00,KENNEDY RD,FINCH AVE E,100 m North of,3,Non-Fatal Injury,Non-Intersection,No Control,Approaching Head On,Clear,Daylight,Dry,Major Arterial,FALSE,-79.29733692,43.8020689,1,Automobile or Station Wagon,South,1,19,Minor,Use Unknown,Lost control,Inattentive,,,Going Ahead,,,,,driver,,Scarborough-Agincourt (22),42 Division,East L'Amoreaux,FALSE,TRUE,FALSE,FALSE,FALSE,TRUE,FALSE,FALSE,TRUE,FALSE,"{""coordinates"": [[-79.29733692012127, 43.80206889830478]], ""type"": ""MultiPoint""}"
8481,2021:1000488018,2021-03-16T17:34:00,KENNEDY RD,FINCH AVE E,100 m North of,3,Non-Fatal Injury,Non-Intersection,No Control,Approaching Head On,Clear,Daylight,Dry,Major Arterial,FALSE,-79.29733692,43.8020689,2,Automobile or Station Wagon,North,2,70,Minor,Lap and Shoulder Belt,Driving properly,Normal,,,Going Ahead,,,,,driver,,Scarborough-Agincourt (22),42 Division,East L'Amoreaux,FALSE,TRUE,FALSE,FALSE,FALSE,TRUE,FALSE,FALSE,TRUE,FALSE,"{""coordinates"": [[-79.29733692012127, 43.80206889830478]], ""type"": ""MultiPoint""}"
8482,2021:1000488865,2021-03-16T20:14:00,HIGHWAY 27 N,REXDALE BLVD,,2,Non-Fatal Injury,At Intersection,Traffic Signal,Turning Movement,Clear,Dark with Artificial Lighting,Dry,Major Arterial,FALSE,-79.59557815,43.71719607,1,Delivery Van,South,1,30,Major,Lap and Shoulder Belt,Improper turn,Inattentive,,,Turning Left,,,,,driver,,Etobicoke North (1),23 Division,West Humber-Clairville,FALSE,TRUE,FALSE,FALSE,FALSE,FALSE,FALSE,FALSE,FALSE,TRUE,"{""coordinates"": [[-79.59557815159172, 43.717196073452456]], ""type"": ""MultiPoint""}"
8483,2021:1000488865,2021-03-16T20:14:00,HIGHWAY 27 N,REXDALE BLVD,,2,Non-Fatal Injury,At Intersection,Traffic Signal,Turning Movement,Clear,Dark with Artificial Lighting,Dry,Major Arterial,FALSE,-79.59557815,43.71719607,2,Automobile or Station Wagon,North,2,34,Major,Lap and Shoulder Belt,Driving properly,Normal,,,Going Ahead,,,,,driver,,Etobicoke North (1),23 Division,West Humber-Clairville,FALSE,TRUE,FALSE,FALSE,FALSE,FALSE,FALSE,FALSE,FALSE,TRUE,"{""coordinates"": [[-79.59557815159172, 43.717196073452456]], ""type"": ""MultiPoint""}"
8484,2021:1000521213,2021-03-21T15:15:00,ORIOLE PKWY,WILBERTON RD,10 m South of,1,Non-Fatal Injury,Intersection-Related,No Control,SMV Other,Clear,Daylight,Dry,Major Arterial,FALSE,-79.40214985,43.69450221,1,Motorcycle,North,1,53,Major,Helmet,Lost control,Normal,,,Slowing or Stopping,,,,,motorcyclist,,Toronto-St. Paul's (12),53 Division,Yonge-St.Clair,FALSE,FALSE,FALSE,TRUE,FALSE,FALSE,FALSE,FALSE,FALSE,FALSE,"{""coordinates"": [[-79.4021498529748, 43.69450220635314]], ""type"": ""MultiPoint""}"
8485,2021:1000534087,2021-03-23T12:18:00,BURNHAMTHORPE RD,MILL RD,,4,Non-Fatal Injury,At Intersection,Traffic Signal,Turning Movement,Clear,Daylight,Dry,Major Arterial,FALSE,-79.58432493,43.63913214,2,Automobile or Station Wagon,East,2,31,None,Lap and Shoulder Belt,Driving properly,Normal,,,Going Ahead,,,,,driver,,Etobicoke Centre (2),22 Division,Markland Wood,FALSE,FALSE,FALSE,FALSE,FALSE,FALSE,FALSE,FALSE,TRUE,FALSE,"{""coordinates"": [[-79.58432492738974, 43.639132142040914]], ""type"": ""MultiPoint""}"
8486,2021:1000534087,2021-03-23T12:18:00,BURNHAMTHORPE RD,MILL RD,,4,Non-Fatal Injury,At Intersection,Traffic Signal,Turning Movement,Clear,Daylight,Dry,Major Arterial,FALSE,-79.58432493,43.63913214,1,Automobile or Station Wagon,West,1,18,Major,Lap and Shoulder Belt,Improper turn,Normal,,,Turning Left,,,,,driver,,Etobicoke Centre (2),22 Division,Markland Wood,FALSE,FALSE,FALSE,FALSE,FALSE,FALSE,FALSE,FALSE,TRUE,FALSE,"{""coordinates"": [[-79.58432492738974, 43.639132142040914]], ""type"": ""MultiPoint""}"
8487,2021:1000534087,2021-03-23T12:18:00,BURNHAMTHORPE RD,MILL RD,,4,Non-Fatal Injury,At Intersection,Traffic Signal,Turning Movement,Clear,Daylight,Dry,Major Arterial,FALSE,-79.58432493,43.63913214,1,,,4,14,None,Lap and Shoulder Belt,,,,,,,,,,passenger,,Etobicoke Centre (2),22 Division,Markland Wood,FALSE,FALSE,FALSE,FALSE,FALSE,FALSE,FALSE,FALSE,TRUE,FALSE,"{""coordinates"": [[-79.58432492738974, 43.639132142040914]], ""type"": ""MultiPoint""}"
8488,2021:1000534087,2021-03-23T12:18:00,BURNHAMTHORPE RD,MILL RD,,4,Non-Fatal Injury,At Intersection,Traffic Signal,Turning Movement,Clear,Daylight,Dry,Major Arterial,FALSE,-79.58432493,43.63913214,1,,,3,11,None,Lap and Shoulder Belt,,,,,,,,,,passenger,,Etobicoke Centre (2),22 Division,Markland Wood,FALSE,FALSE,FALSE,FALSE,FALSE,FALSE,FALSE,FALSE,TRUE,FALSE,"{""coordinates"": [[-79.58432492738974, 43.639132142040914]], ""type"": ""MultiPoint""}"
8489,2021:1000552333,2021-03-25T22:19:00,LAKE SHORE BLVD E,DON ROADWAY,60 m West of,1,Non-Fatal Injury,Non-Intersection,No Control,SMV Other,Clear,Dark,Dry,Major Arterial,FALSE,-79.3476149,43.65052249,1,Automobile or Station Wagon,East,1,38,Major,Lap and Shoulder Belt,Lost control,Normal,,,Going Ahead,,,,,driver,,Spadina-Fort York (10),51 Division,St Lawrence-East Bayfront-The Islands,FALSE,FALSE,FALSE,FALSE,FALSE,FALSE,FALSE,FALSE,FALSE,FALSE,"{""coordinates"": [[-79.34761490366216, 43.650522492467985]], ""type"": ""MultiPoint""}"
8490,2021:1000599778,2021-04-01T19:02:00,QUEENS QUAY E,SMALL ST,20 m South of,1,Non-Fatal Injury,Intersection-Related,No Control,SMV Other,Clear,Daylight,Dry,Minor Arterial,FALSE,-79.36194294,43.64634161,1,Motorcycle,East,1,45,Major,Helmet,Lost control,Unknown,,,Going Ahead,,,,,motorcyclist,,Spadina-Fort York (10),51 Division,St Lawrence-East Bayfront-The Islands,FALSE,FALSE,FALSE,TRUE,FALSE,FALSE,FALSE,FALSE,FALSE,FALSE,"{""coordinates"": [[-79.36194294071045, 43.64634160621191]], ""type"": ""MultiPoint""}"
8491,2021:1000617527,2021-04-04T17:19:00,WILSON AVE,YONGE BLVD,,3,Non-Fatal Injury,At Intersection,Traffic Signal,Angle,Clear,Daylight,Dry,Major Arterial,FALSE,-79.41518844,43.74121699,2,Automobile or Station Wagon,North,3,17,None,Lap and Shoulder Belt,Driving properly,Normal,,,Going Ahead,,,,,driver,,Eglinton-Lawrence (8),32 Division,Bedford Park-Nortown,TRUE,FALSE,FALSE,TRUE,FALSE,FALSE,FALSE,TRUE,TRUE,FALSE,"{""coordinates"": [[-79.41518843677937, 43.741216993196886]], ""type"": ""MultiPoint""}"
8492,2021:1000617527,2021-04-04T17:19:00,WILSON AVE,YONGE BLVD,,3,Non-Fatal Injury,At Intersection,Traffic Signal,Angle,Clear,Daylight,Dry,Major Arterial,FALSE,-79.41518844,43.74121699,2,,,1,52,None,Lap and Shoulder Belt,,,,,,,,,,passenger,,Eglinton-Lawrence (8),32 Division,Bedford Park-Nortown,TRUE,FALSE,FALSE,TRUE,FALSE,FALSE,FALSE,TRUE,TRUE,FALSE,"{""coordinates"": [[-79.41518843677937, 43.741216993196886]], ""type"": ""MultiPoint""}"
8493,2021:1000617527,2021-04-04T17:19:00,WILSON AVE,YONGE BLVD,,3,Non-Fatal Injury,At Intersection,Traffic Signal,Angle,Clear,Daylight,Dry,Major Arterial,FALSE,-79.41518844,43.74121699,1,Motorcycle,East,2,49,Major,Helmet,Disobeyed traffic control,Normal,,,Going Ahead,,,,,motorcyclist,,Eglinton-Lawrence (8),32 Division,Bedford Park-Nortown,TRUE,FALSE,FALSE,TRUE,FALSE,FALSE,FALSE,TRUE,TRUE,FALSE,"{""coordinates"": [[-79.41518843677937, 43.741216993196886]], ""type"": ""MultiPoint""}"
8494,2021:1000625824,2021-04-05T23:45:00,EASTERN AVE,GILEAD PL,50 m East of,6,Non-Fatal Injury,Non-Intersection,No Control,SMV Other,Clear,Dark with Artificial Lighting,Dry,Minor Arterial,TRUE,-79.35960833,43.65320806,2,,,6,27,None,Lap and Shoulder Belt,,,,,,,,,,passenger,,Toronto Centre (13),51 Division,St Lawrence-East Bayfront-The Islands,FALSE,FALSE,FALSE,FALSE,FALSE,FALSE,FALSE,FALSE,TRUE,FALSE,"{""coordinates"": [[-79.35960833137545, 43.653208056684484]], ""type"": ""MultiPoint""}"
8495,2021:1000625824,2021-04-05T23:45:00,EASTERN AVE,GILEAD PL,50 m East of,6,Non-Fatal Injury,Non-Intersection,No Control,SMV Other,Clear,Dark with Artificial Lighting,Dry,Minor Arterial,TRUE,-79.35960833,43.65320806,1,,,3,19,Minor,Use Unknown,,,,,,,,,,passenger,,Toronto Centre (13),51 Division,St Lawrence-East Bayfront-The Islands,FALSE,FALSE,FALSE,FALSE,FALSE,FALSE,FALSE,FALSE,TRUE,FALSE,"{""coordinates"": [[-79.35960833137545, 43.653208056684484]], ""type"": ""MultiPoint""}"
8496,2021:1000625824,2021-04-05T23:45:00,EASTERN AVE,GILEAD PL,50 m East of,6,Non-Fatal Injury,Non-Intersection,No Control,SMV Other,Clear,Dark with Artificial Lighting,Dry,Minor Arterial,TRUE,-79.35960833,43.65320806,1,Automobile or Station Wagon,West,1,19,Major,Use Unknown,Other,Ability Impaired - Alcohol,,,Going Ahead,,,,,driver,,Toronto Centre (13),51 Division,St Lawrence-East Bayfront-The Islands,FALSE,FALSE,FALSE,FALSE,FALSE,FALSE,FALSE,FALSE,TRUE,FALSE,"{""coordinates"": [[-79.35960833137545, 43.653208056684484]], ""type"": ""MultiPoint""}"
8497,2021:1000625824,2021-04-05T23:45:00,EASTERN AVE,GILEAD PL,50 m East of,6,Non-Fatal Injury,Non-Intersection,No Control,SMV Other,Clear,Dark with Artificial Lighting,Dry,Minor Arterial,TRUE,-79.35960833,43.65320806,1,,,5,17,Major,Use Unknown,,,,,,,,,,passenger,,Toronto Centre (13),51 Division,St Lawrence-East Bayfront-The Islands,FALSE,FALSE,FALSE,FALSE,FALSE,FALSE,FALSE,FALSE,TRUE,FALSE,"{""coordinates"": [[-79.35960833137545, 43.653208056684484]], ""type"": ""MultiPoint""}"
8498,2021:1000625824,2021-04-05T23:45:00,EASTERN AVE,GILEAD PL,50 m East of,6,Non-Fatal Injury,Non-Intersection,No Control,SMV Other,Clear,Dark with Artificial Lighting,Dry,Minor Arterial,TRUE,-79.35960833,43.65320806,2,Automobile or Station Wagon,West,2,29,None,Lap and Shoulder Belt,Driving properly,Normal,,,Going Ahead,,,,,driver,,Toronto Centre (13),51 Division,St Lawrence-East Bayfront-The Islands,FALSE,FALSE,FALSE,FALSE,FALSE,FALSE,FALSE,FALSE,TRUE,FALSE,"{""coordinates"": [[-79.35960833137545, 43.653208056684484]], ""type"": ""MultiPoint""}"
8499,2021:1000625824,2021-04-05T23:45:00,EASTERN AVE,GILEAD PL,50 m East of,6,Non-Fatal Injury,Non-Intersection,No Control,SMV Other,Clear,Dark with Artificial Lighting,Dry,Minor Arterial,TRUE,-79.35960833,43.65320806,1,,,4,16,Minor,Equipment Not Used But Available,,,,,,,,,,passenger,,Toronto Centre (13),51 Division,St Lawrence-East Bayfront-The Islands,FALSE,FALSE,FALSE,FALSE,FALSE,FALSE,FALSE,FALSE,TRUE,FALSE,"{""coordinates"": [[-79.35960833137545, 43.653208056684484]], ""type"": ""MultiPoint""}"
8500,2021:1000628967,2021-04-06T12:38:00,107 THE QUEENSWAY,,,2,Non-Fatal Injury,Non-Intersection,No Control,Other,Clear,Daylight,Dry,Major Arterial,FALSE,-79.47134106,43.63674018,1,Municipal Transit Bus (TTC),East,1,54,None,Lap and Shoulder Belt,Driving properly,Normal,,,Going Ahead,,,,,driver,,Parkdale-High Park (4),11 Division,High Park-Swansea,FALSE,FALSE,FALSE,FALSE,FALSE,TRUE,FALSE,FALSE,FALSE,TRUE,"{""coordinates"": [[-79.47134106090684, 43.63674018041542]], ""type"": ""MultiPoint""}"
8501,2021:1000628967,2021-04-06T12:38:00,107 THE QUEENSWAY,,,2,Non-Fatal Injury,Non-Intersection,No Control,Other,Clear,Daylight,Dry,Major Arterial,FALSE,-79.47134106,43.63674018,1,,,2,79,Major,No Equipment Available,,,,,,,,,,passenger,,Parkdale-High Park (4),11 Division,High Park-Swansea,FALSE,FALSE,FALSE,FALSE,FALSE,TRUE,FALSE,FALSE,FALSE,TRUE,"{""coordinates"": [[-79.47134106090684, 43.63674018041542]], ""type"": ""MultiPoint""}"
8502,2021:1000646644,2021-04-08T19:50:00,MORNINGSIDE AVE,MILNER AVE,,3,Non-Fatal Injury,At Intersection,Traffic Signal,Turning Movement,Clear,Dusk with Artificial Lighting,Dry,Major Arterial,FALSE,-79.19904729,43.80020722,2,Motorcycle,North,2,32,Major,Helmet,Driving properly,Normal,,,Going Ahead,,,,,motorcyclist,,Scarborough-Rouge Park (25),42 Division,Morningside Heights,TRUE,TRUE,FALSE,TRUE,FALSE,FALSE,FALSE,FALSE,FALSE,FALSE,"{""coordinates"": [[-79.19904728947252, 43.800207221697896]], ""type"": ""MultiPoint""}"
8503,2021:1000646644,2021-04-08T19:50:00,MORNINGSIDE AVE,MILNER AVE,,3,Non-Fatal Injury,At Intersection,Traffic Signal,Turning Movement,Clear,Dusk with Artificial Lighting,Dry,Major Arterial,FALSE,-79.19904729,43.80020722,1,,,3,27,None,Use Unknown,,,,,,,,,,passenger,,Scarborough-Rouge Park (25),42 Division,Morningside Heights,TRUE,TRUE,FALSE,TRUE,FALSE,FALSE,FALSE,FALSE,FALSE,FALSE,"{""coordinates"": [[-79.19904728947252, 43.800207221697896]], ""type"": ""MultiPoint""}"
8504,2021:1000646644,2021-04-08T19:50:00,MORNINGSIDE AVE,MILNER AVE,,3,Non-Fatal Injury,At Intersection,Traffic Signal,Turning Movement,Clear,Dusk with Artificial Lighting,Dry,Major Arterial,FALSE,-79.19904729,43.80020722,1,Automobile or Station Wagon,South,1,56,None,Use Unknown,Failed to yield right-of-way,Inattentive,,,Turning Left,,,,,driver,,Scarborough-Rouge Park (25),42 Division,Morningside Heights,TRUE,TRUE,FALSE,TRUE,FALSE,FALSE,FALSE,FALSE,FALSE,FALSE,"{""coordinates"": [[-79.19904728947252, 43.800207221697896]], ""type"": ""MultiPoint""}"
8505,2021:1000656014,2021-04-10T05:51:00,DANFORTH AVE,DEWHURST BLVD,33 m East of,2,Non-Fatal Injury,Non-Intersection,No Control,Approaching Head On,Clear,Dark with Artificial Lighting,Dry,Major Arterial,FALSE,-79.33889445,43.68003297,2,Municipal Transit Bus (TTC),West,2,47,Minor,Lap and Shoulder Belt,Driving properly,Normal,,,Going Ahead,,,,,driver,,Toronto-Danforth (14),55 Division,Blake-Jones,FALSE,FALSE,FALSE,FALSE,FALSE,FALSE,FALSE,FALSE,FALSE,TRUE,"{""coordinates"": [[-79.33889444709024, 43.68003297414376]], ""type"": ""MultiPoint""}"
8506,2021:1000656014,2021-04-10T05:51:00,DANFORTH AVE,DEWHURST BLVD,33 m East of,2,Non-Fatal Injury,Non-Intersection,No Control,Approaching Head On,Clear,Dark with Artificial Lighting,Dry,Major Arterial,FALSE,-79.33889445,43.68003297,1,Automobile or Station Wagon,East,1,26,Major,Lap and Shoulder Belt,Lost control,Unknown,,,Going Ahead,,,,,driver,,Toronto-Danforth (14),55 Division,Blake-Jones,FALSE,FALSE,FALSE,FALSE,FALSE,FALSE,FALSE,FALSE,FALSE,TRUE,"{""coordinates"": [[-79.33889444709024, 43.68003297414376]], ""type"": ""MultiPoint""}"
8510,2021:1000747804,2021-04-23T21:13:00,LEITCH AVE,MURRAY ROSS PKWY,,6,Non-Fatal Injury,At Intersection,Stop Sign,Turning Movement,Clear,Dark with Artificial Lighting,Dry,Collector,FALSE,-79.49609827,43.76584096,1,,,4,21,None,Lap and Shoulder Belt,,,,,,,,,,passenger,,Humber River-Black Creek (7),31 Division,York University Heights,TRUE,TRUE,FALSE,TRUE,FALSE,FALSE,FALSE,FALSE,FALSE,FALSE,"{""coordinates"": [[-79.49609826809802, 43.765840958669834]], ""type"": ""MultiPoint""}"
8511,2021:1000747804,2021-04-23T21:13:00,LEITCH AVE,MURRAY ROSS PKWY,,6,Non-Fatal Injury,At Intersection,Stop Sign,Turning Movement,Clear,Dark with Artificial Lighting,Dry,Collector,FALSE,-79.49609827,43.76584096,1,Automobile or Station Wagon,South,1,20,None,Lap and Shoulder Belt,Failed to yield right-of-way,Inattentive,,,Turning Left,,,,,driver,,Humber River-Black Creek (7),31 Division,York University Heights,TRUE,TRUE,FALSE,TRUE,FALSE,FALSE,FALSE,FALSE,FALSE,FALSE,"{""coordinates"": [[-79.49609826809802, 43.765840958669834]], ""type"": ""MultiPoint""}"
8512,2021:1000747804,2021-04-23T21:13:00,LEITCH AVE,MURRAY ROSS PKWY,,6,Non-Fatal Injury,At Intersection,Stop Sign,Turning Movement,Clear,Dark with Artificial Lighting,Dry,Collector,FALSE,-79.49609827,43.76584096,1,,,6,21,None,Lap and Shoulder Belt,,,,,,,,,,passenger,,Humber River-Black Creek (7),31 Division,York University Heights,TRUE,TRUE,FALSE,TRUE,FALSE,FALSE,FALSE,FALSE,FALSE,FALSE,"{""coordinates"": [[-79.49609826809802, 43.765840958669834]], ""type"": ""MultiPoint""}"
8513,2021:1000747804,2021-04-23T21:13:00,LEITCH AVE,MURRAY ROSS PKWY,,6,Non-Fatal Injury,At Intersection,Stop Sign,Turning Movement,Clear,Dark with Artificial Lighting,Dry,Collector,FALSE,-79.49609827,43.76584096,1,,,3,20,None,Lap and Shoulder Belt,,,,,,,,,,passenger,,Humber River-Black Creek (7),31 Division,York University Heights,TRUE,TRUE,FALSE,TRUE,FALSE,FALSE,FALSE,FALSE,FALSE,FALSE,"{""coordinates"": [[-79.49609826809802, 43.765840958669834]], ""type"": ""MultiPoint""}"
8514,2021:1000747804,2021-04-23T21:13:00,LEITCH AVE,MURRAY ROSS PKWY,,6,Non-Fatal Injury,At Intersection,Stop Sign,Turning Movement,Clear,Dark with Artificial Lighting,Dry,Collector,FALSE,-79.49609827,43.76584096,1,,,5,22,None,Lap and Shoulder Belt,,,,,,,,,,passenger,,Humber River-Black Creek (7),31 Division,York University Heights,TRUE,TRUE,FALSE,TRUE,FALSE,FALSE,FALSE,FALSE,FALSE,FALSE,"{""coordinates"": [[-79.49609826809802, 43.765840958669834]], ""type"": ""MultiPoint""}"
8515,2021:1000747804,2021-04-23T21:13:00,LEITCH AVE,MURRAY ROSS PKWY,,6,Non-Fatal Injury,At Intersection,Stop Sign,Turning Movement,Clear,Dark with Artificial Lighting,Dry,Collector,FALSE,-79.49609827,43.76584096,2,Motorcycle,West,2,33,Major,Helmet,Exceeding speed limit,Normal,,,Going Ahead,,,,,motorcyclist,,Humber River-Black Creek (7),31 Division,York University Heights,TRUE,TRUE,FALSE,TRUE,FALSE,FALSE,FALSE,FALSE,FALSE,FALSE,"{""coordinates"": [[-79.49609826809802, 43.765840958669834]], ""type"": ""MultiPoint""}"
8516,2021:1000750988,2021-04-24T11:10:00,EGLINTON AVE W,LLOYD MANOR RD,35 m East of,2,Non-Fatal Injury,Non-Intersection,No Control,Rear End,Clear,Daylight,Dry,Major Arterial,FALSE,-79.55762957,43.675551,1,Automobile or Station Wagon,West,1,26,None,Lap and Shoulder Belt,Following too closely,Inattentive,,,Going Ahead,,,,,driver,,Etobicoke Centre (2),22 Division,Princess-Rosethorn,TRUE,TRUE,FALSE,FALSE,FALSE,TRUE,FALSE,FALSE,FALSE,FALSE,"{""coordinates"": [[-79.55762957291462, 43.6755510034035]], ""type"": ""MultiPoint""}"
8517,2021:1000750988,2021-04-24T11:10:00,EGLINTON AVE W,LLOYD MANOR RD,35 m East of,2,Non-Fatal Injury,Non-Intersection,No Control,Rear End,Clear,Daylight,Dry,Major Arterial,FALSE,-79.55762957,43.675551,2,Automobile or Station Wagon,West,2,66,Major,Lap and Shoulder Belt,Driving properly,Normal,,,Slowing or Stopping,,,,,driver,,Etobicoke Centre (2),22 Division,Princess-Rosethorn,TRUE,TRUE,FALSE,FALSE,FALSE,TRUE,FALSE,FALSE,FALSE,FALSE,"{""coordinates"": [[-79.55762957291462, 43.6755510034035]], ""type"": ""MultiPoint""}"
8518,2021:1000799379,2021-05-01T12:29:00,KANE AVE,ROGERS RD,,3,Non-Fatal Injury,At Intersection,Stop Sign,Angle,Clear,Daylight,Dry,Minor Arterial,FALSE,-79.46650394,43.68198246,2,Automobile or Station Wagon,East,2,58,Minimal,Lap and Shoulder Belt,Driving properly,Normal,,,Going Ahead,,,,,driver,,Davenport (9),12 Division,Keelesdale-Eglinton West,TRUE,TRUE,FALSE,FALSE,FALSE,FALSE,FALSE,FALSE,FALSE,FALSE,"{""coordinates"": [[-79.46650393595844, 43.68198246389883]], ""type"": ""MultiPoint""}"
8519,2021:1000799379,2021-05-01T12:29:00,KANE AVE,ROGERS RD,,3,Non-Fatal Injury,At Intersection,Stop Sign,Angle,Clear,Daylight,Dry,Minor Arterial,FALSE,-79.46650394,43.68198246,2,,,3,36,Major,Equipment Not Used But Available,,,,,,,,,,passenger,,Davenport (9),12 Division,Keelesdale-Eglinton West,TRUE,TRUE,FALSE,FALSE,FALSE,FALSE,FALSE,FALSE,FALSE,FALSE,"{""coordinates"": [[-79.46650393595844, 43.68198246389883]], ""type"": ""MultiPoint""}"
8520,2021:1000799379,2021-05-01T12:29:00,KANE AVE,ROGERS RD,,3,Non-Fatal Injury,At Intersection,Stop Sign,Angle,Clear,Daylight,Dry,Minor Arterial,FALSE,-79.46650394,43.68198246,1,Automobile or Station Wagon,South,1,30,None,Lap and Shoulder Belt,Failed to yield right-of-way,Inattentive,,,Going Ahead,,,,,driver,,Davenport (9),12 Division,Keelesdale-Eglinton West,TRUE,TRUE,FALSE,FALSE,FALSE,FALSE,FALSE,FALSE,FALSE,FALSE,"{""coordinates"": [[-79.46650393595844, 43.68198246389883]], ""type"": ""MultiPoint""}"
8521,2021:1000799560,2021-05-01T13:03:00,LAWRENCE AVE E,GREENBRAE CRCT,11 m West of,3,Non-Fatal Injury,Intersection-Related,Traffic Signal,Rear End,Clear,Daylight,Dry,Major Arterial,FALSE,-79.23304395,43.75811206,1,Motorcycle,East,1,62,Major,Use Unknown,Lost control,Normal,,,Slowing or Stopping,,,,,motorcyclist,,Scarborough-Guildwood (24),43 Division,Golfdale-Cedarbrae-Woburn,FALSE,FALSE,FALSE,TRUE,FALSE,FALSE,FALSE,FALSE,FALSE,FALSE,"{""coordinates"": [[-79.23304394882385, 43.75811206239728]], ""type"": ""MultiPoint""}"
8522,2021:1000799560,2021-05-01T13:03:00,LAWRENCE AVE E,GREENBRAE CRCT,11 m West of,3,Non-Fatal Injury,Intersection-Related,Traffic Signal,Rear End,Clear,Daylight,Dry,Major Arterial,FALSE,-79.23304395,43.75811206,2,,,3,48,Minimal,Use Unknown,,,,,,,,,,passenger,,Scarborough-Guildwood (24),43 Division,Golfdale-Cedarbrae-Woburn,FALSE,FALSE,FALSE,TRUE,FALSE,FALSE,FALSE,FALSE,FALSE,FALSE,"{""coordinates"": [[-79.23304394882385, 43.75811206239728]], ""type"": ""MultiPoint""}"
8523,2021:1000799560,2021-05-01T13:03:00,LAWRENCE AVE E,GREENBRAE CRCT,11 m West of,3,Non-Fatal Injury,Intersection-Related,Traffic Signal,Rear End,Clear,Daylight,Dry,Major Arterial,FALSE,-79.23304395,43.75811206,2,Automobile or Station Wagon,East,2,46,None,Use Unknown,Driving properly,Normal,,,Slowing or Stopping,,,,,driver,,Scarborough-Guildwood (24),43 Division,Golfdale-Cedarbrae-Woburn,FALSE,FALSE,FALSE,TRUE,FALSE,FALSE,FALSE,FALSE,FALSE,FALSE,"{""coordinates"": [[-79.23304394882385, 43.75811206239728]], ""type"": ""MultiPoint""}"
8524,2021:1000802607,2021-05-01T22:17:00,KINGSTON RD,MORNINGSIDE AVE,,2,Non-Fatal Injury,At Intersection,Traffic Signal,Turning Movement,Clear,Dark with Artificial Lighting,Dry,Major Arterial,FALSE,-79.18683263,43.7705403,1,Automobile or Station Wagon,East,1,39,Major,Air Bag Deployed,Failed to yield right-of-way,Had Been Drinking,,,Turning Left,,,,,driver,,Scarborough-Rouge Park (25),43 Division,West Hill,TRUE,FALSE,FALSE,FALSE,FALSE,FALSE,FALSE,FALSE,FALSE,FALSE,"{""coordinates"": [[-79.18683263309056, 43.77054030219386]], ""type"": ""MultiPoint""}"
8525,2021:1000802607,2021-05-01T22:17:00,KINGSTON RD,MORNINGSIDE AVE,,2,Non-Fatal Injury,At Intersection,Traffic Signal,Turning Movement,Clear,Dark with Artificial Lighting,Dry,Major Arterial,FALSE,-79.18683263,43.7705403,2,Automobile or Station Wagon,West,2,54,Major,Air Bag Deployed,Driving properly,Normal,,,Going Ahead,,,,,driver,,Scarborough-Rouge Park (25),43 Division,West Hill,TRUE,FALSE,FALSE,FALSE,FALSE,FALSE,FALSE,FALSE,FALSE,FALSE,"{""coordinates"": [[-79.18683263309056, 43.77054030219386]], ""type"": ""MultiPoint""}"
8526,2021:1000863120,2021-05-10T17:52:00,WESTON RD,STEELES AVE W,,6,Non-Fatal Injury,At Intersection,Traffic Signal,Rear End,Clear,Daylight,Dry,Major Arterial,FALSE,-79.54648285,43.77020884,4,Automobile or Station Wagon,North,4,25,None,Use Unknown,Driving properly,Normal,,,Stopped,,,,,driver,,Humber River-Black Creek (7),31 Division,Humber Summit,TRUE,FALSE,FALSE,FALSE,FALSE,FALSE,FALSE,TRUE,FALSE,FALSE,"{""coordinates"": [[-79.54648284802732, 43.7702088407974]], ""type"": ""MultiPoint""}"
8527,2021:1000863120,2021-05-10T17:52:00,WESTON RD,STEELES AVE W,,6,Non-Fatal Injury,At Intersection,Traffic Signal,Rear End,Clear,Daylight,Dry,Major Arterial,FALSE,-79.54648285,43.77020884,5,Automobile or Station Wagon,North,5,56,None,Use Unknown,Driving properly,Normal,,,Stopped,,,,,driver,,Humber River-Black Creek (7),31 Division,Humber Summit,TRUE,FALSE,FALSE,FALSE,FALSE,FALSE,FALSE,TRUE,FALSE,FALSE,"{""coordinates"": [[-79.54648284802732, 43.7702088407974]], ""type"": ""MultiPoint""}"
8528,2021:1000863120,2021-05-10T17:52:00,WESTON RD,STEELES AVE W,,6,Non-Fatal Injury,At Intersection,Traffic Signal,Rear End,Clear,Daylight,Dry,Major Arterial,FALSE,-79.54648285,43.77020884,1,Automobile or Station Wagon,North,1,59,Major,Use Unknown,Disobeyed traffic control,Unknown,,,Going Ahead,,,,,driver,,Humber River-Black Creek (7),31 Division,Humber Summit,TRUE,FALSE,FALSE,FALSE,FALSE,FALSE,FALSE,TRUE,FALSE,FALSE,"{""coordinates"": [[-79.54648284802732, 43.7702088407974]], ""type"": ""MultiPoint""}"
8529,2021:1000863120,2021-05-10T17:52:00,WESTON RD,STEELES AVE W,,6,Non-Fatal Injury,At Intersection,Traffic Signal,Rear End,Clear,Daylight,Dry,Major Arterial,FALSE,-79.54648285,43.77020884,2,Automobile or Station Wagon,North,2,55,Major,Lap and Shoulder Belt,Driving properly,Normal,,,Stopped,,,,,driver,,Humber River-Black Creek (7),31 Division,Humber Summit,TRUE,FALSE,FALSE,FALSE,FALSE,FALSE,FALSE,TRUE,FALSE,FALSE,"{""coordinates"": [[-79.54648284802732, 43.7702088407974]], ""type"": ""MultiPoint""}"