_id,collision_id,accdate,stname1,stname2,stname3,per_inv,acclass,accloc,traffictl,impactype,visible,light,rdsfcond,road_class,failtorem,longitude,latitude,veh_no,vehtype,initdir,per_no,invage,injury,safequip,drivact,drivcond,pedact,pedcond,manoeuvre,pedtype,cyclistype,cycact,cyccond,road_user,fatal_no,wardname,division,neighbourhood,aggressive,distracted,cyclist,motorcyclist,other_micromobility,older_adult,pedestrian,red_light,school_child,heavy_truck,geometry
8583,2021:1001246886,2021-07-03T14:40:00,RIPLEY AV,SOUTH KINGSWAY,4 m South of,2,Non-Fatal Injury,At Intersection,Stop Sign,Turning Movement,Clear,Daylight,Dry,Minor Arterial,FALSE,-79.47507947,43.63676689,1,Automobile or Station Wagon,South,1,56,None,Lap and Shoulder Belt,Improper turn,Inattentive,,,Turning Left,,,,,driver,,Parkdale-High Park (4),11 Division,High Park-Swansea,FALSE,TRUE,FALSE,TRUE,FALSE,FALSE,FALSE,FALSE,FALSE,FALSE,"{""coordinates"": [[-79.47507947160526, 43.63676688896099]], ""type"": ""MultiPoint""}"
8594,2021:1001375642,2021-07-22T06:24:00,1854 EGLINTON AVE W,1854 EGLINTON AVE W,,2,Non-Fatal Injury,At Intersection,Stop Sign,SMV Other,Clear,Daylight,Dry,Major Arterial,FALSE,-79.45126798,43.69542543,1,Automobile or Station Wagon,West,1,27,None,Lap and Shoulder Belt,Driving properly,Normal,,,Going Ahead,,,,,driver,,Davenport (9),13 Division,Caledonia-Fairbank,FALSE,TRUE,FALSE,FALSE,FALSE,FALSE,TRUE,FALSE,FALSE,FALSE,"{""coordinates"": [[-79.45126798358386, 43.69542543053605]], ""type"": ""MultiPoint""}"
8595,2021:1001375642,2021-07-22T06:24:00,1854 EGLINTON AVE W,1854 EGLINTON AVE W,,2,Non-Fatal Injury,At Intersection,Stop Sign,SMV Other,Clear,Daylight,Dry,Major Arterial,FALSE,-79.45126798,43.69542543,1,,South,2,25,Major,No Equipment Available,,,Crossing without right-of-way (intersection),Inattentive,Going Ahead,,,,,pedestrian,,Davenport (9),13 Division,Caledonia-Fairbank,FALSE,TRUE,FALSE,FALSE,FALSE,FALSE,TRUE,FALSE,FALSE,FALSE,"{""coordinates"": [[-79.45126798358386, 43.69542543053605]], ""type"": ""MultiPoint""}"
8596,2021:1001386663,2021-07-23T16:55:00,ALBION RD,FINCH AV W,200 m West of,2,Non-Fatal Injury,At/Near Private Drive,No Control,Turning Movement,Clear,Daylight,Dry,Major Arterial,FALSE,-79.59160319,43.74152619,2,Automobile or Station Wagon,East,2,50,None,Lap and Shoulder Belt,Driving properly,Normal,,,Going Ahead,,,,,driver,,Etobicoke North (1),23 Division,Mount Olive-Silverstone-Jamestown,TRUE,FALSE,FALSE,FALSE,FALSE,FALSE,FALSE,FALSE,FALSE,FALSE,"{""coordinates"": [[-79.59160318615595, 43.741526193476616]], ""type"": ""MultiPoint""}"
8597,2021:1001386663,2021-07-23T16:55:00,ALBION RD,FINCH AV W,200 m West of,2,Non-Fatal Injury,At/Near Private Drive,No Control,Turning Movement,Clear,Daylight,Dry,Major Arterial,FALSE,-79.59160319,43.74152619,1,Automobile or Station Wagon,North,1,50,Major,Lap and Shoulder Belt,Failed to yield right-of-way,Normal,,,Turning Left,,,,,driver,,Etobicoke North (1),23 Division,Mount Olive-Silverstone-Jamestown,TRUE,FALSE,FALSE,FALSE,FALSE,FALSE,FALSE,FALSE,FALSE,FALSE,"{""coordinates"": [[-79.59160318615595, 43.741526193476616]], ""type"": ""MultiPoint""}"
8598,2021:1001394967,2021-07-24T21:37:00,WILLIAM R ALLEN RD N,WILSON AVE,,7,Non-Fatal Injury,Intersection-Related,No Control,Rear End,Rain,Dark with Artificial Lighting,Wet,,FALSE,-79.44966574,43.73398056,2,,,6,36,Minor,Equipment Not Used But Available,,,,,,,,,,passenger,,York Centre (6),32 Division,Clanton Park,TRUE,TRUE,FALSE,FALSE,FALSE,FALSE,FALSE,FALSE,TRUE,FALSE,"{""coordinates"": [[-79.44966574198861, 43.73398055902056]], ""type"": ""MultiPoint""}"
8599,2021:1001394967,2021-07-24T21:37:00,WILLIAM R ALLEN RD N,WILSON AVE,,7,Non-Fatal Injury,Intersection-Related,No Control,Rear End,Rain,Dark with Artificial Lighting,Wet,,FALSE,-79.44966574,43.73398056,2,,,5,31,Minor,Air Bag Deployed,,,,,,,,,,passenger,,York Centre (6),32 Division,Clanton Park,TRUE,TRUE,FALSE,FALSE,FALSE,FALSE,FALSE,FALSE,TRUE,FALSE,"{""coordinates"": [[-79.44966574198861, 43.73398055902056]], ""type"": ""MultiPoint""}"
8600,2021:1001394967,2021-07-24T21:37:00,WILLIAM R ALLEN RD N,WILSON AVE,,7,Non-Fatal Injury,Intersection-Related,No Control,Rear End,Rain,Dark with Artificial Lighting,Wet,,FALSE,-79.44966574,43.73398056,1,,,3,18,None,Lap and Shoulder Belt,,,,,,,,,,passenger,,York Centre (6),32 Division,Clanton Park,TRUE,TRUE,FALSE,FALSE,FALSE,FALSE,FALSE,FALSE,TRUE,FALSE,"{""coordinates"": [[-79.44966574198861, 43.73398055902056]], ""type"": ""MultiPoint""}"
8601,2021:1001394967,2021-07-24T21:37:00,WILLIAM R ALLEN RD N,WILSON AVE,,7,Non-Fatal Injury,Intersection-Related,No Control,Rear End,Rain,Dark with Artificial Lighting,Wet,,FALSE,-79.44966574,43.73398056,2,,,7,38,Major,Equipment Not Used But Available,,,,,,,,,,passenger,,York Centre (6),32 Division,Clanton Park,TRUE,TRUE,FALSE,FALSE,FALSE,FALSE,FALSE,FALSE,TRUE,FALSE,"{""coordinates"": [[-79.44966574198861, 43.73398055902056]], ""type"": ""MultiPoint""}"
8602,2021:1001394967,2021-07-24T21:37:00,WILLIAM R ALLEN RD N,WILSON AVE,,7,Non-Fatal Injury,Intersection-Related,No Control,Rear End,Rain,Dark with Artificial Lighting,Wet,,FALSE,-79.44966574,43.73398056,2,Automobile or Station Wagon,North,2,30,Major,Air Bag Deployed,Driving properly,Normal,,,Going Ahead,,,,,driver,,York Centre (6),32 Division,Clanton Park,TRUE,TRUE,FALSE,FALSE,FALSE,FALSE,FALSE,FALSE,TRUE,FALSE,"{""coordinates"": [[-79.44966574198861, 43.73398055902056]], ""type"": ""MultiPoint""}"
8603,2021:1001394967,2021-07-24T21:37:00,WILLIAM R ALLEN RD N,WILSON AVE,,7,Non-Fatal Injury,Intersection-Related,No Control,Rear End,Rain,Dark with Artificial Lighting,Wet,,FALSE,-79.44966574,43.73398056,1,,,4,18,None,Lap and Shoulder Belt,,,,,,,,,,passenger,,York Centre (6),32 Division,Clanton Park,TRUE,TRUE,FALSE,FALSE,FALSE,FALSE,FALSE,FALSE,TRUE,FALSE,"{""coordinates"": [[-79.44966574198861, 43.73398055902056]], ""type"": ""MultiPoint""}"
8604,2021:1001394967,2021-07-24T21:37:00,WILLIAM R ALLEN RD N,WILSON AVE,,7,Non-Fatal Injury,Intersection-Related,No Control,Rear End,Rain,Dark with Artificial Lighting,Wet,,FALSE,-79.44966574,43.73398056,1,Automobile or Station Wagon,North,1,24,None,Lap and Shoulder Belt,Failed to yield right-of-way,Inattentive,,,Going Ahead,,,,,driver,,York Centre (6),32 Division,Clanton Park,TRUE,TRUE,FALSE,FALSE,FALSE,FALSE,FALSE,FALSE,TRUE,FALSE,"{""coordinates"": [[-79.44966574198861, 43.73398055902056]], ""type"": ""MultiPoint""}"
8605,2021:1001400939,2021-07-25T19:22:00,52 HOLLAND AVE,VICTORIA PARK AVE,22 m West of,2,Non-Fatal Injury,At/Near Private Drive,No Control,Angle,Clear,Daylight,Dry,Local,FALSE,-79.29936643,43.71572322,1,Automobile or Station Wagon,West,2,60,Major,Use Unknown,Other,Normal,,,Stopped,,,,,driver,,Beaches-East York (19),55 Division,O'Connor-Parkview,FALSE,FALSE,FALSE,FALSE,FALSE,FALSE,FALSE,FALSE,FALSE,FALSE,"{""coordinates"": [[-79.29936643354748, 43.7157232249428]], ""type"": ""MultiPoint""}"
8606,2021:1001400939,2021-07-25T19:22:00,52 HOLLAND AVE,VICTORIA PARK AVE,22 m West of,2,Non-Fatal Injury,At/Near Private Drive,No Control,Angle,Clear,Daylight,Dry,Local,FALSE,-79.29936643,43.71572322,1,Automobile or Station Wagon,South,1,47,None,Lap and Shoulder Belt,Other,Normal,,,Reversing,,,,,driver,,Beaches-East York (19),55 Division,O'Connor-Parkview,FALSE,FALSE,FALSE,FALSE,FALSE,FALSE,FALSE,FALSE,FALSE,FALSE,"{""coordinates"": [[-79.29936643354748, 43.7157232249428]], ""type"": ""MultiPoint""}"
8607,2021:1001402939,2021-07-26T04:00:00,OAKWOOD AVE,ROGERS RD,,4,Non-Fatal Injury,At Intersection,Traffic Signal,Turning Movement,Clear,Dark with Artificial Lighting,Dry,Minor Arterial,TRUE,-79.43865659,43.68705978,1,,,3,21,Minimal,Lap Belt Only of Combined Assembly,,,,,,,,,,passenger,,Toronto-St. Paul's (12),13 Division,Oakwood Village,FALSE,FALSE,FALSE,FALSE,FALSE,FALSE,FALSE,FALSE,FALSE,FALSE,"{""coordinates"": [[-79.43865658527884, 43.68705978490619]], ""type"": ""MultiPoint""}"
8608,2021:1001402939,2021-07-26T04:00:00,OAKWOOD AVE,ROGERS RD,,4,Non-Fatal Injury,At Intersection,Traffic Signal,Turning Movement,Clear,Dark with Artificial Lighting,Dry,Minor Arterial,TRUE,-79.43865659,43.68705978,2,Automobile or Station Wagon,North,2,27,Major,Lap Belt Only of Combined Assembly,Driving properly,Had Been Drinking,,,Going Ahead,,,,,driver,,Toronto-St. Paul's (12),13 Division,Oakwood Village,FALSE,FALSE,FALSE,FALSE,FALSE,FALSE,FALSE,FALSE,FALSE,FALSE,"{""coordinates"": [[-79.43865658527884, 43.68705978490619]], ""type"": ""MultiPoint""}"
8609,2021:1001402939,2021-07-26T04:00:00,OAKWOOD AVE,ROGERS RD,,4,Non-Fatal Injury,At Intersection,Traffic Signal,Turning Movement,Clear,Dark with Artificial Lighting,Dry,Minor Arterial,TRUE,-79.43865659,43.68705978,2,,,4,22,Minimal,Lap Belt Only of Combined Assembly,,,,,,,,,,passenger,,Toronto-St. Paul's (12),13 Division,Oakwood Village,FALSE,FALSE,FALSE,FALSE,FALSE,FALSE,FALSE,FALSE,FALSE,FALSE,"{""coordinates"": [[-79.43865658527884, 43.68705978490619]], ""type"": ""MultiPoint""}"
8610,2021:1001402939,2021-07-26T04:00:00,OAKWOOD AVE,ROGERS RD,,4,Non-Fatal Injury,At Intersection,Traffic Signal,Turning Movement,Clear,Dark with Artificial Lighting,Dry,Minor Arterial,TRUE,-79.43865659,43.68705978,1,Automobile or Station Wagon,South,1,21,Minor,Lap Belt Only of Combined Assembly,Improper turn,Unknown,,,Making U-Turn,,,,,driver,,Toronto-St. Paul's (12),13 Division,Oakwood Village,FALSE,FALSE,FALSE,FALSE,FALSE,FALSE,FALSE,FALSE,FALSE,FALSE,"{""coordinates"": [[-79.43865658527884, 43.68705978490619]], ""type"": ""MultiPoint""}"
8611,2021:1001406643,2021-07-26T15:32:00,FRONT ST W,SPADINA AVE,,2,Non-Fatal Injury,At Intersection,Traffic Controller,SMV Other,Clear,Daylight,Dry,Major Arterial,FALSE,-79.39390254,43.64267192,1,,South,2,56,Major,Use Unknown,,,Crossing without right-of-way (intersection),Had Been Drinking,Going Ahead,,,,,pedestrian,,Spadina-Fort York (10),14 Division,Harbourfront-CityPlace,FALSE,FALSE,FALSE,FALSE,FALSE,TRUE,TRUE,FALSE,FALSE,FALSE,"{""coordinates"": [[-79.39390254294587, 43.64267191606724]], ""type"": ""MultiPoint""}"
8612,2021:1001406643,2021-07-26T15:32:00,FRONT ST W,SPADINA AVE,,2,Non-Fatal Injury,At Intersection,Traffic Controller,SMV Other,Clear,Daylight,Dry,Major Arterial,FALSE,-79.39390254,43.64267192,1,Automobile or Station Wagon,West,1,65,None,Lap and Shoulder Belt,Driving properly,Normal,,,Going Ahead,,,,,driver,,Spadina-Fort York (10),14 Division,Harbourfront-CityPlace,FALSE,FALSE,FALSE,FALSE,FALSE,TRUE,TRUE,FALSE,FALSE,FALSE,"{""coordinates"": [[-79.39390254294587, 43.64267191606724]], ""type"": ""MultiPoint""}"
8615,2021:1001438929,2021-07-31T00:36:00,F G GARDINER XY E,LOWER JARVIS ST,30 m West of,4,Non-Fatal Injury,Non-Intersection,No Control,Rear End,Clear,Dark with Artificial Lighting,Dry,Expressway,FALSE,-79.37039633,43.6456359,2,Automobile or Station Wagon,East,2,50,None,Lap and Shoulder Belt,Driving properly,Normal,,,Going Ahead,,,,,driver,,Spadina-Fort York (10),51 Division,St Lawrence-East Bayfront-The Islands,TRUE,TRUE,FALSE,TRUE,FALSE,FALSE,FALSE,FALSE,TRUE,FALSE,"{""coordinates"": [[-79.37039632758149, 43.64563589995099]], ""type"": ""MultiPoint""}"
8616,2021:1001438929,2021-07-31T00:36:00,F G GARDINER XY E,LOWER JARVIS ST,30 m West of,4,Non-Fatal Injury,Non-Intersection,No Control,Rear End,Clear,Dark with Artificial Lighting,Dry,Expressway,FALSE,-79.37039633,43.6456359,1,Motorcycle,East,1,35,Major,Use Unknown,Speed too fast for conditions,Inattentive,,,Going Ahead,,,,,motorcyclist,,Spadina-Fort York (10),51 Division,St Lawrence-East Bayfront-The Islands,TRUE,TRUE,FALSE,TRUE,FALSE,FALSE,FALSE,FALSE,TRUE,FALSE,"{""coordinates"": [[-79.37039632758149, 43.64563589995099]], ""type"": ""MultiPoint""}"
8617,2021:1001438929,2021-07-31T00:36:00,F G GARDINER XY E,LOWER JARVIS ST,30 m West of,4,Non-Fatal Injury,Non-Intersection,No Control,Rear End,Clear,Dark with Artificial Lighting,Dry,Expressway,FALSE,-79.37039633,43.6456359,2,Automobile or Station Wagon,East,3,50,None,Lap and Shoulder Belt,,,,,Going Ahead,,,,,passenger,,Spadina-Fort York (10),51 Division,St Lawrence-East Bayfront-The Islands,TRUE,TRUE,FALSE,TRUE,FALSE,FALSE,FALSE,FALSE,TRUE,FALSE,"{""coordinates"": [[-79.37039632758149, 43.64563589995099]], ""type"": ""MultiPoint""}"
8618,2021:1001438929,2021-07-31T00:36:00,F G GARDINER XY E,LOWER JARVIS ST,30 m West of,4,Non-Fatal Injury,Non-Intersection,No Control,Rear End,Clear,Dark with Artificial Lighting,Dry,Expressway,FALSE,-79.37039633,43.6456359,2,Automobile or Station Wagon,East,4,19,None,Lap and Shoulder Belt,,,,,Going Ahead,,,,,passenger,,Spadina-Fort York (10),51 Division,St Lawrence-East Bayfront-The Islands,TRUE,TRUE,FALSE,TRUE,FALSE,FALSE,FALSE,FALSE,TRUE,FALSE,"{""coordinates"": [[-79.37039632758149, 43.64563589995099]], ""type"": ""MultiPoint""}"
8619,2021:1001445870,2021-08-01T00:54:00,LAKE SHORE BLVD W,BATHURST ST,,3,Non-Fatal Injury,At Intersection,Traffic Signal,Angle,Clear,Dark with Artificial Lighting,Dry,Major Arterial,FALSE,-79.39960935,43.63638531,2,Automobile or Station Wagon,West,2,41,Major,Lap and Shoulder Belt,Disobeyed traffic control,Other Condition,,,Going Ahead,,,,,driver,,Spadina-Fort York (10),14 Division,Fort York-Liberty Village,TRUE,FALSE,FALSE,FALSE,FALSE,FALSE,FALSE,TRUE,FALSE,FALSE,"{""coordinates"": [[-79.39960935119551, 43.63638530515882]], ""type"": ""MultiPoint""}"
8620,2021:1001445870,2021-08-01T00:54:00,LAKE SHORE BLVD W,BATHURST ST,,3,Non-Fatal Injury,At Intersection,Traffic Signal,Angle,Clear,Dark with Artificial Lighting,Dry,Major Arterial,FALSE,-79.39960935,43.63638531,1,Automobile or Station Wagon,North,1,33,Minimal,Lap and Shoulder Belt,Other,Normal,,,Going Ahead,,,,,driver,,Spadina-Fort York (10),14 Division,Fort York-Liberty Village,TRUE,FALSE,FALSE,FALSE,FALSE,FALSE,FALSE,TRUE,FALSE,FALSE,"{""coordinates"": [[-79.39960935119551, 43.63638530515882]], ""type"": ""MultiPoint""}"
8621,2021:1001445870,2021-08-01T00:54:00,LAKE SHORE BLVD W,BATHURST ST,,3,Non-Fatal Injury,At Intersection,Traffic Signal,Angle,Clear,Dark with Artificial Lighting,Dry,Major Arterial,FALSE,-79.39960935,43.63638531,1,Automobile or Station Wagon,North,3,31,Minimal,Lap and Shoulder Belt,,,,,Going Ahead,,,,,passenger,,Spadina-Fort York (10),14 Division,Fort York-Liberty Village,TRUE,FALSE,FALSE,FALSE,FALSE,FALSE,FALSE,TRUE,FALSE,FALSE,"{""coordinates"": [[-79.39960935119551, 43.63638530515882]], ""type"": ""MultiPoint""}"
8622,2021:1001452685,2021-08-02T05:30:00,WESTON RD,ROGERS RD,38 m South of,2,Non-Fatal Injury,At/Near Private Drive,No Control,Turning Movement,Clear,Dawn with Artificial Lighting,Dry,Major Arterial Ramp,FALSE,-79.47646032,43.68131872,2,Motorcycle,South,2,39,Major,Helmet,Exceeding speed limit,Normal,,,Going Ahead,,,,,motorcyclist,,York South-Weston (5),12 Division,Rockcliffe-Smythe,TRUE,FALSE,FALSE,TRUE,FALSE,TRUE,FALSE,FALSE,FALSE,FALSE,"{""coordinates"": [[-79.47646031555539, 43.68131872090954]], ""type"": ""MultiPoint""}"
8623,2021:1001452685,2021-08-02T05:30:00,WESTON RD,ROGERS RD,38 m South of,2,Non-Fatal Injury,At/Near Private Drive,No Control,Turning Movement,Clear,Dawn with Artificial Lighting,Dry,Major Arterial Ramp,FALSE,-79.47646032,43.68131872,1,Automobile or Station Wagon,North,1,70,None,Lap and Shoulder Belt,Improper turn,Normal,,,Turning Left,,,,,driver,,York South-Weston (5),12 Division,Rockcliffe-Smythe,TRUE,FALSE,FALSE,TRUE,FALSE,TRUE,FALSE,FALSE,FALSE,FALSE,"{""coordinates"": [[-79.47646031555539, 43.68131872090954]], ""type"": ""MultiPoint""}"
8624,2021:1001466029,2021-08-04T06:19:00,SUMACH ST,WASCANA AVE,5 m North of,1,Non-Fatal Injury,Non-Intersection,No Control,SMV Other,Clear,Daylight with Artificial Lighting,Dry,Local,FALSE,-79.35929552,43.6577628,1,Automobile or Station Wagon,South,1,60,Major,Lap and Shoulder Belt,Lost control,Medical or Physical Disability,,,Going Ahead,,,,,driver,,Toronto Centre (13),51 Division,Regent Park,FALSE,FALSE,FALSE,FALSE,FALSE,FALSE,FALSE,FALSE,FALSE,FALSE,"{""coordinates"": [[-79.3592955189066, 43.65776280396577]], ""type"": ""MultiPoint""}"
8627,2021:1001488085,2021-08-07T02:53:00,401 EB OFF RAMP,KINGSTON RD,26 m East of,1,Non-Fatal Injury,At Intersection,Traffic Signal,SMV Other,Clear,Dark,Dry,Minor Arterial,FALSE,-79.15214171,43.7948399,1,Motorcycle,East,1,42,Major,Helmet,Lost control,Normal,,,Going Ahead,,,,,motorcyclist,,Scarborough-Rouge Park (25),43 Division,Centennial Scarborough,FALSE,FALSE,FALSE,TRUE,FALSE,FALSE,FALSE,FALSE,FALSE,FALSE,"{""coordinates"": [[-79.15214171337364, 43.79483989610146]], ""type"": ""MultiPoint""}"
8628,2021:1001493213,2021-08-07T21:50:00,VEROBEACH BLVD,ST LUCIE DR,5 m East of,1,Non-Fatal Injury,Non-Intersection,No Control,SMV Unattended Vehicle,Clear,Dark,Dry,Local,FALSE,-79.54392705,43.73745968,1,Motorcycle,East,1,49,Major,Helmet,Exceeding speed limit,Unknown,,,Going Ahead,,,,,motorcyclist,,Humber River-Black Creek (7),31 Division,Humbermede,TRUE,FALSE,FALSE,TRUE,FALSE,FALSE,FALSE,FALSE,FALSE,FALSE,"{""coordinates"": [[-79.54392704743053, 43.737459675208775]], ""type"": ""MultiPoint""}"
8629,2021:1001493289,2021-08-07T22:05:00,ST CLAIR AV W,CALEDONIA RD,70 m East of,1,Non-Fatal Injury,Non-Intersection,No Control,SMV Other,Clear,Dark with Artificial Lighting,Dry,Major Arterial,TRUE,-79.45392305,43.67551654,1,Automobile or Station Wagon,East,1,44,Major,Air Bag Deployed,Lost control,Inattentive,,,Going Ahead,,,,,driver,,Davenport (9),13 Division,Corso Italia-Davenport,FALSE,TRUE,FALSE,FALSE,FALSE,FALSE,FALSE,FALSE,FALSE,FALSE,"{""coordinates"": [[-79.453923051936, 43.675516536781004]], ""type"": ""MultiPoint""}"
8630,2021:1001530843,2021-08-13T02:00:00,GARDIER XWY,DVP,,1,Non-Fatal Injury,Non-Intersection,No Control,SMV Other,Clear,Dark with Artificial Lighting,Dry,Major Arterial,FALSE,-79.34656204,43.6509917,1,Motorcycle,East,1,25,Major,Helmet,Lost control,Inattentive,,,Going Ahead,,,,,motorcyclist,,Toronto-Danforth (14),55 Division,South Riverdale,FALSE,TRUE,FALSE,TRUE,FALSE,FALSE,FALSE,FALSE,FALSE,FALSE,"{""coordinates"": [[-79.34656204443432, 43.65099169864434]], ""type"": ""MultiPoint""}"
8636,2021:1001551843,2021-08-16T06:31:00,ISLINGTON AVE,THOROLD GT,1 m South of,2,Non-Fatal Injury,Intersection-Related,Stop Sign,Turning Movement,Clear,Daylight,Dry,Local,FALSE,-79.57354435,43.76268629,2,Motorcycle,North,2,60,Major,Helmet,Driving properly,Normal,,,Going Ahead,,,,,motorcyclist,,Humber River-Black Creek (7),31 Division,Humber Summit,TRUE,TRUE,FALSE,TRUE,FALSE,FALSE,FALSE,FALSE,FALSE,FALSE,"{""coordinates"": [[-79.57354435386435, 43.762686289654326]], ""type"": ""MultiPoint""}"
8637,2021:1001551843,2021-08-16T06:31:00,ISLINGTON AVE,THOROLD GT,1 m South of,2,Non-Fatal Injury,Intersection-Related,Stop Sign,Turning Movement,Clear,Daylight,Dry,Local,FALSE,-79.57354435,43.76268629,1,Automobile or Station Wagon,East,1,47,None,Use Unknown,Failed to yield right-of-way,Inattentive,,,Turning Left,,,,,driver,,Humber River-Black Creek (7),31 Division,Humber Summit,TRUE,TRUE,FALSE,TRUE,FALSE,FALSE,FALSE,FALSE,FALSE,FALSE,"{""coordinates"": [[-79.57354435386435, 43.762686289654326]], ""type"": ""MultiPoint""}"
8638,2021:1001587761,2021-08-21T05:16:00,MORNINGSIDE AVE,JOHN STONER DR,154 m East of,1,Non-Fatal Injury,Non-Intersection,No Control,SMV Other,Clear,Dark with Artificial Lighting,Dry,Collector,FALSE,-79.2051508,43.8139287,1,Automobile or Station Wagon,West,1,26,Major,Equipment Not Used But Available,Lost control,Ability Impaired - Alcohol Over .08,,,Pulling Onto Shoulder or Toward Curb,,,,,driver,,Scarborough-Rouge Park (25),42 Division,Morningside Heights,FALSE,FALSE,FALSE,FALSE,FALSE,FALSE,FALSE,FALSE,FALSE,FALSE,"{""coordinates"": [[-79.20515080321717, 43.813928696652404]], ""type"": ""MultiPoint""}"
8639,2021:1001592099,2021-08-21T19:16:00,NANTUCKET BLVD,WICKWARE,50 m North of,1,Non-Fatal Injury,Non-Intersection,No Control,SMV Other,Clear,Daylight,Dry,Collector,FALSE,-79.27318989,43.75440041,1,Motorcycle,South,1,29,Major,No Equipment Available,Speed too fast for conditions,Ability Impaired - Drugs,,,Going Ahead,,,,,motorcyclist,,Scarborough Centre (21),41 Division,Dorset Park,TRUE,FALSE,FALSE,TRUE,FALSE,FALSE,FALSE,FALSE,FALSE,FALSE,"{""coordinates"": [[-79.27318988838687, 43.75440040743193]], ""type"": ""MultiPoint""}"
8642,2021:1001598412,2021-08-22T18:28:00,MARTIN GROVE RD,Near TOLLINGTON RD,1 m North of,8,Non-Fatal Injury,Non-Intersection,No Control,Turning Movement,Clear,Daylight,Dry,Major Arterial,FALSE,-79.56860827,43.68665178,2,Automobile or Station Wagon,North,7,32,None,Lap and Shoulder Belt,,,,,Going Ahead,,,,,passenger,,Etobicoke Centre (2),23 Division,Willowridge-Martingrove-Richview,FALSE,TRUE,FALSE,FALSE,FALSE,FALSE,FALSE,FALSE,TRUE,FALSE,"{""coordinates"": [[-79.56860826505215, 43.686651779130344]], ""type"": ""MultiPoint""}"
8643,2021:1001598412,2021-08-22T18:28:00,MARTIN GROVE RD,Near TOLLINGTON RD,1 m North of,8,Non-Fatal Injury,Non-Intersection,No Control,Turning Movement,Clear,Daylight,Dry,Major Arterial,FALSE,-79.56860827,43.68665178,1,Automobile or Station Wagon,North,6,18,Minimal,Lap and Shoulder Belt,,,,,Making U-Turn,,,,,passenger,,Etobicoke Centre (2),23 Division,Willowridge-Martingrove-Richview,FALSE,TRUE,FALSE,FALSE,FALSE,FALSE,FALSE,FALSE,TRUE,FALSE,"{""coordinates"": [[-79.56860826505215, 43.686651779130344]], ""type"": ""MultiPoint""}"
8644,2021:1001598412,2021-08-22T18:28:00,MARTIN GROVE RD,Near TOLLINGTON RD,1 m North of,8,Non-Fatal Injury,Non-Intersection,No Control,Turning Movement,Clear,Daylight,Dry,Major Arterial,FALSE,-79.56860827,43.68665178,1,Automobile or Station Wagon,North,1,17,Minor,Lap and Shoulder Belt,Improper turn,Inattentive,,,Making U-Turn,,,,,driver,,Etobicoke Centre (2),23 Division,Willowridge-Martingrove-Richview,FALSE,TRUE,FALSE,FALSE,FALSE,FALSE,FALSE,FALSE,TRUE,FALSE,"{""coordinates"": [[-79.56860826505215, 43.686651779130344]], ""type"": ""MultiPoint""}"
8645,2021:1001598412,2021-08-22T18:28:00,MARTIN GROVE RD,Near TOLLINGTON RD,1 m North of,8,Non-Fatal Injury,Non-Intersection,No Control,Turning Movement,Clear,Daylight,Dry,Major Arterial,FALSE,-79.56860827,43.68665178,2,Automobile or Station Wagon,North,8,4,None,Child Safety Seat Used Correctly,,,,,Going Ahead,,,,,passenger,,Etobicoke Centre (2),23 Division,Willowridge-Martingrove-Richview,FALSE,TRUE,FALSE,FALSE,FALSE,FALSE,FALSE,FALSE,TRUE,FALSE,"{""coordinates"": [[-79.56860826505215, 43.686651779130344]], ""type"": ""MultiPoint""}"
8646,2021:1001598412,2021-08-22T18:28:00,MARTIN GROVE RD,Near TOLLINGTON RD,1 m North of,8,Non-Fatal Injury,Non-Intersection,No Control,Turning Movement,Clear,Daylight,Dry,Major Arterial,FALSE,-79.56860827,43.68665178,1,Automobile or Station Wagon,North,4,17,Major,Lap and Shoulder Belt,,,,,Making U-Turn,,,,,passenger,,Etobicoke Centre (2),23 Division,Willowridge-Martingrove-Richview,FALSE,TRUE,FALSE,FALSE,FALSE,FALSE,FALSE,FALSE,TRUE,FALSE,"{""coordinates"": [[-79.56860826505215, 43.686651779130344]], ""type"": ""MultiPoint""}"
8647,2021:1001598412,2021-08-22T18:28:00,MARTIN GROVE RD,Near TOLLINGTON RD,1 m North of,8,Non-Fatal Injury,Non-Intersection,No Control,Turning Movement,Clear,Daylight,Dry,Major Arterial,FALSE,-79.56860827,43.68665178,1,Automobile or Station Wagon,North,3,18,Minimal,Lap and Shoulder Belt,,,,,Making U-Turn,,,,,passenger,,Etobicoke Centre (2),23 Division,Willowridge-Martingrove-Richview,FALSE,TRUE,FALSE,FALSE,FALSE,FALSE,FALSE,FALSE,TRUE,FALSE,"{""coordinates"": [[-79.56860826505215, 43.686651779130344]], ""type"": ""MultiPoint""}"
8648,2021:1001598412,2021-08-22T18:28:00,MARTIN GROVE RD,Near TOLLINGTON RD,1 m North of,8,Non-Fatal Injury,Non-Intersection,No Control,Turning Movement,Clear,Daylight,Dry,Major Arterial,FALSE,-79.56860827,43.68665178,2,Automobile or Station Wagon,North,2,30,Minimal,Lap and Shoulder Belt,Driving properly,Normal,,,Going Ahead,,,,,driver,,Etobicoke Centre (2),23 Division,Willowridge-Martingrove-Richview,FALSE,TRUE,FALSE,FALSE,FALSE,FALSE,FALSE,FALSE,TRUE,FALSE,"{""coordinates"": [[-79.56860826505215, 43.686651779130344]], ""type"": ""MultiPoint""}"
8649,2021:1001598412,2021-08-22T18:28:00,MARTIN GROVE RD,Near TOLLINGTON RD,1 m North of,8,Non-Fatal Injury,Non-Intersection,No Control,Turning Movement,Clear,Daylight,Dry,Major Arterial,FALSE,-79.56860827,43.68665178,1,Automobile or Station Wagon,North,5,18,Major,Lap Belt Only,,,,,Going Ahead,,,,,passenger,,Etobicoke Centre (2),23 Division,Willowridge-Martingrove-Richview,FALSE,TRUE,FALSE,FALSE,FALSE,FALSE,FALSE,FALSE,TRUE,FALSE,"{""coordinates"": [[-79.56860826505215, 43.686651779130344]], ""type"": ""MultiPoint""}"