_id,collision_id,accdate,stname1,stname2,stname3,per_inv,acclass,accloc,traffictl,impactype,visible,light,rdsfcond,road_class,failtorem,longitude,latitude,veh_no,vehtype,initdir,per_no,invage,injury,safequip,drivact,drivcond,pedact,pedcond,manoeuvre,pedtype,cyclistype,cycact,cyccond,road_user,fatal_no,wardname,division,neighbourhood,aggressive,distracted,cyclist,motorcyclist,other_micromobility,older_adult,pedestrian,red_light,school_child,heavy_truck,geometry
9061,2022:2001941837,2022-10-05T21:12:00,F G GARDINER XY W,GRAND AVE,345 m East of,3,Non-Fatal Injury,Non-Intersection,No Control,SMV Other,Clear,Dark with Artificial Lighting,Dry,Expressway,FALSE,-79.48930071,43.62565852,2,Pickup Truck,West,2,66,None,Use Unknown,Driving properly,Normal,,,Going Ahead,,,,,driver,,Etobicoke-Lakeshore (3),22 Division,Humber Bay Shores,FALSE,FALSE,FALSE,FALSE,FALSE,TRUE,FALSE,FALSE,FALSE,FALSE,"{""coordinates"": [[-79.48930071146042, 43.62565851728438]], ""type"": ""MultiPoint""}"
9062,2022:2001988783,2022-10-12T19:50:00,207 BELLAMY RD N,,74 m North of NELSON ST,1,Non-Fatal Injury,Non-Intersection,No Control,SMV Other,Clear,Dark with Artificial Lighting,Dry,Minor Arterial,FALSE,-79.23131208,43.74703036,1,Automobile or Station Wagon,South,1,45,Major,Lap and Shoulder Belt,Lost control,Medical or Physical Disability,,,Going Ahead,,,,,driver,,Scarborough Centre (21),43 Division,Eglinton East,FALSE,FALSE,FALSE,FALSE,FALSE,FALSE,FALSE,FALSE,FALSE,FALSE,"{""coordinates"": [[-79.23131208334121, 43.747030363254865]], ""type"": ""MultiPoint""}"
9063,2022:2001996096,2022-10-13T19:40:00,MIDDLEFIELD RD,MCCOWAN RD,16 m North of,5,Non-Fatal Injury,Non-Intersection,No Control,Turning Movement,Clear,Dark,Dry,Major Arterial,FALSE,-79.26197462,43.79870048,2,Automobile or Station Wagon,West,5,21,Major,Lap and Shoulder Belt,Driving properly,Normal,,,Going Ahead,,,,,driver,,Scarborough North (23),42 Division,Agincourt North,FALSE,FALSE,FALSE,FALSE,FALSE,FALSE,FALSE,FALSE,TRUE,FALSE,"{""coordinates"": [[-79.26197462308691, 43.7987004789991]], ""type"": ""MultiPoint""}"
9064,2022:2001996096,2022-10-13T19:40:00,MIDDLEFIELD RD,MCCOWAN RD,16 m North of,5,Non-Fatal Injury,Non-Intersection,No Control,Turning Movement,Clear,Dark,Dry,Major Arterial,FALSE,-79.26197462,43.79870048,1,Automobile or Station Wagon,East,4,18,None,Lap and Shoulder Belt,Improper turn,Normal,,,Turning Left,,,,,driver,,Scarborough North (23),42 Division,Agincourt North,FALSE,FALSE,FALSE,FALSE,FALSE,FALSE,FALSE,FALSE,TRUE,FALSE,"{""coordinates"": [[-79.26197462308691, 43.7987004789991]], ""type"": ""MultiPoint""}"
9065,2022:2001996096,2022-10-13T19:40:00,MIDDLEFIELD RD,MCCOWAN RD,16 m North of,5,Non-Fatal Injury,Non-Intersection,No Control,Turning Movement,Clear,Dark,Dry,Major Arterial,FALSE,-79.26197462,43.79870048,1,,,3,6,None,Lap and Shoulder Belt,,,,,,,,,,passenger,,Scarborough North (23),42 Division,Agincourt North,FALSE,FALSE,FALSE,FALSE,FALSE,FALSE,FALSE,FALSE,TRUE,FALSE,"{""coordinates"": [[-79.26197462308691, 43.7987004789991]], ""type"": ""MultiPoint""}"
9066,2022:2002008738,2022-10-15T16:49:00,MARTIN GROVE RD,BELFIELD RD,,3,Non-Fatal Injury,At Intersection,Traffic Signal,Turning Movement,Clear,Daylight,Dry,Major Arterial,FALSE,-79.57561203,43.7019449,2,Automobile or Station Wagon,South,2,22,Major,Lap and Shoulder Belt,Driving properly,Normal,,,Going Ahead,,,,,driver,,Etobicoke North (1),23 Division,West Humber-Clairville,FALSE,FALSE,FALSE,FALSE,FALSE,FALSE,FALSE,FALSE,FALSE,FALSE,"{""coordinates"": [[-79.57561202951453, 43.70194489988947]], ""type"": ""MultiPoint""}"
9067,2022:2002008738,2022-10-15T16:49:00,MARTIN GROVE RD,BELFIELD RD,,3,Non-Fatal Injury,At Intersection,Traffic Signal,Turning Movement,Clear,Daylight,Dry,Major Arterial,FALSE,-79.57561203,43.7019449,1,,,3,30,None,Lap and Shoulder Belt,,,,,,,,,,passenger,,Etobicoke North (1),23 Division,West Humber-Clairville,FALSE,FALSE,FALSE,FALSE,FALSE,FALSE,FALSE,FALSE,FALSE,FALSE,"{""coordinates"": [[-79.57561202951453, 43.70194489988947]], ""type"": ""MultiPoint""}"
9068,2022:2002008738,2022-10-15T16:49:00,MARTIN GROVE RD,BELFIELD RD,,3,Non-Fatal Injury,At Intersection,Traffic Signal,Turning Movement,Clear,Daylight,Dry,Major Arterial,FALSE,-79.57561203,43.7019449,1,Automobile or Station Wagon,North,1,30,Minor,Lap and Shoulder Belt,Improper turn,Normal,,,Turning Left,,,,,driver,,Etobicoke North (1),23 Division,West Humber-Clairville,FALSE,FALSE,FALSE,FALSE,FALSE,FALSE,FALSE,FALSE,FALSE,FALSE,"{""coordinates"": [[-79.57561202951453, 43.70194489988947]], ""type"": ""MultiPoint""}"
9069,2022:2002015530,2022-10-16T17:52:00,EVANS AVE,DELTA ST,,4,Non-Fatal Injury,At Intersection,Stop Sign,Turning Movement,Clear,Daylight,Dry,Major Arterial,FALSE,-79.53983792,43.61265047,2,Motorcycle,East,2,40,Major,Helmet,Driving properly,Normal,,,Going Ahead,,,,,motorcyclist,,Etobicoke-Lakeshore (3),22 Division,Alderwood,TRUE,FALSE,FALSE,TRUE,FALSE,FALSE,FALSE,FALSE,FALSE,FALSE,"{""coordinates"": [[-79.53983791902499, 43.612650472955835]], ""type"": ""MultiPoint""}"
9070,2022:2002015530,2022-10-16T17:52:00,EVANS AVE,DELTA ST,,4,Non-Fatal Injury,At Intersection,Stop Sign,Turning Movement,Clear,Daylight,Dry,Major Arterial,FALSE,-79.53983792,43.61265047,3,Automobile or Station Wagon,West,3,37,None,Lap and Shoulder Belt,Driving properly,Normal,,,Going Ahead,,,,,driver,,Etobicoke-Lakeshore (3),22 Division,Alderwood,TRUE,FALSE,FALSE,TRUE,FALSE,FALSE,FALSE,FALSE,FALSE,FALSE,"{""coordinates"": [[-79.53983791902499, 43.612650472955835]], ""type"": ""MultiPoint""}"
9071,2022:2002015530,2022-10-16T17:52:00,EVANS AVE,DELTA ST,,4,Non-Fatal Injury,At Intersection,Stop Sign,Turning Movement,Clear,Daylight,Dry,Major Arterial,FALSE,-79.53983792,43.61265047,1,,,4,30,None,Lap and Shoulder Belt,,,,,,,,,,passenger,,Etobicoke-Lakeshore (3),22 Division,Alderwood,TRUE,FALSE,FALSE,TRUE,FALSE,FALSE,FALSE,FALSE,FALSE,FALSE,"{""coordinates"": [[-79.53983791902499, 43.612650472955835]], ""type"": ""MultiPoint""}"
9072,2022:2002015530,2022-10-16T17:52:00,EVANS AVE,DELTA ST,,4,Non-Fatal Injury,At Intersection,Stop Sign,Turning Movement,Clear,Daylight,Dry,Major Arterial,FALSE,-79.53983792,43.61265047,1,Automobile or Station Wagon,North,1,29,None,Lap and Shoulder Belt,Disobeyed traffic control,Normal,,,Turning Left,,,,,driver,,Etobicoke-Lakeshore (3),22 Division,Alderwood,TRUE,FALSE,FALSE,TRUE,FALSE,FALSE,FALSE,FALSE,FALSE,FALSE,"{""coordinates"": [[-79.53983791902499, 43.612650472955835]], ""type"": ""MultiPoint""}"
9073,2022:2002017234,2022-10-17T00:12:00,MARLEE AVE,GLENGROVE AVE,8 m East of,4,Non-Fatal Injury,At Intersection,Stop Sign,Angle,Clear,Dark,Dry,Minor Arterial,TRUE,-79.44448541,43.71072617,3,,,4,38,Major,Lap and Shoulder Belt,,,,,,,,,,passenger,,Eglinton-Lawrence (8),13 Division,Yorkdale-Glen Park,FALSE,FALSE,FALSE,FALSE,FALSE,FALSE,FALSE,FALSE,FALSE,FALSE,"{""coordinates"": [[-79.44448541346446, 43.710726166323575]], ""type"": ""MultiPoint""}"
9074,2022:2002017234,2022-10-17T00:12:00,MARLEE AVE,GLENGROVE AVE,8 m East of,4,Non-Fatal Injury,At Intersection,Stop Sign,Angle,Clear,Dark,Dry,Minor Arterial,TRUE,-79.44448541,43.71072617,3,Automobile or Station Wagon,South,3,,None,Use Unknown,Driving properly,Normal,,,Going Ahead,,,,,driver,,Eglinton-Lawrence (8),13 Division,Yorkdale-Glen Park,FALSE,FALSE,FALSE,FALSE,FALSE,FALSE,FALSE,FALSE,FALSE,FALSE,"{""coordinates"": [[-79.44448541346446, 43.710726166323575]], ""type"": ""MultiPoint""}"
9075,2022:2002017234,2022-10-17T00:12:00,MARLEE AVE,GLENGROVE AVE,8 m East of,4,Non-Fatal Injury,At Intersection,Stop Sign,Angle,Clear,Dark,Dry,Minor Arterial,TRUE,-79.44448541,43.71072617,2,Automobile or Station Wagon,North,2,54,None,Lap and Shoulder Belt,Driving properly,Unknown,,,Going Ahead,,,,,driver,,Eglinton-Lawrence (8),13 Division,Yorkdale-Glen Park,FALSE,FALSE,FALSE,FALSE,FALSE,FALSE,FALSE,FALSE,FALSE,FALSE,"{""coordinates"": [[-79.44448541346446, 43.710726166323575]], ""type"": ""MultiPoint""}"
9076,2022:2002017234,2022-10-17T00:12:00,MARLEE AVE,GLENGROVE AVE,8 m East of,4,Non-Fatal Injury,At Intersection,Stop Sign,Angle,Clear,Dark,Dry,Minor Arterial,TRUE,-79.44448541,43.71072617,1,Automobile or Station Wagon,West,1,,None,Use Unknown,Lost control,Unknown,,,Going Ahead,,,,,driver,,Eglinton-Lawrence (8),13 Division,Yorkdale-Glen Park,FALSE,FALSE,FALSE,FALSE,FALSE,FALSE,FALSE,FALSE,FALSE,FALSE,"{""coordinates"": [[-79.44448541346446, 43.710726166323575]], ""type"": ""MultiPoint""}"
9077,2022:2002057432,2022-10-22T18:22:00,ROYAL YORK RD,THE QUEENSWAY,,5,Non-Fatal Injury,At Intersection,Traffic Signal,Turning Movement,Clear,Dusk,Dry,Major Arterial,FALSE,-79.50259114,43.62626507,0,,,5,53,None,Use Unknown,,,,,,,,,,other,,Etobicoke-Lakeshore (3),22 Division,Stonegate-Queensway,FALSE,TRUE,FALSE,TRUE,FALSE,FALSE,FALSE,FALSE,FALSE,FALSE,"{""coordinates"": [[-79.50259114067656, 43.626265073494174]], ""type"": ""MultiPoint""}"
9078,2022:2002057432,2022-10-22T18:22:00,ROYAL YORK RD,THE QUEENSWAY,,5,Non-Fatal Injury,At Intersection,Traffic Signal,Turning Movement,Clear,Dusk,Dry,Major Arterial,FALSE,-79.50259114,43.62626507,3,Motorcycle,West,3,32,Minimal,Helmet,Driving properly,Normal,,,Going Ahead,,,,,motorcyclist,,Etobicoke-Lakeshore (3),22 Division,Stonegate-Queensway,FALSE,TRUE,FALSE,TRUE,FALSE,FALSE,FALSE,FALSE,FALSE,FALSE,"{""coordinates"": [[-79.50259114067656, 43.626265073494174]], ""type"": ""MultiPoint""}"
9079,2022:2002057432,2022-10-22T18:22:00,ROYAL YORK RD,THE QUEENSWAY,,5,Non-Fatal Injury,At Intersection,Traffic Signal,Turning Movement,Clear,Dusk,Dry,Major Arterial,FALSE,-79.50259114,43.62626507,2,Motorcycle,West,2,32,Major,Helmet,Driving properly,Normal,,,Going Ahead,,,,,motorcyclist,,Etobicoke-Lakeshore (3),22 Division,Stonegate-Queensway,FALSE,TRUE,FALSE,TRUE,FALSE,FALSE,FALSE,FALSE,FALSE,FALSE,"{""coordinates"": [[-79.50259114067656, 43.626265073494174]], ""type"": ""MultiPoint""}"
9080,2022:2002057432,2022-10-22T18:22:00,ROYAL YORK RD,THE QUEENSWAY,,5,Non-Fatal Injury,At Intersection,Traffic Signal,Turning Movement,Clear,Dusk,Dry,Major Arterial,FALSE,-79.50259114,43.62626507,1,Automobile or Station Wagon,East,1,60,None,Use Unknown,Improper turn,Inattentive,,,Turning Left,,,,,driver,,Etobicoke-Lakeshore (3),22 Division,Stonegate-Queensway,FALSE,TRUE,FALSE,TRUE,FALSE,FALSE,FALSE,FALSE,FALSE,FALSE,"{""coordinates"": [[-79.50259114067656, 43.626265073494174]], ""type"": ""MultiPoint""}"
9081,2022:2002057432,2022-10-22T18:22:00,ROYAL YORK RD,THE QUEENSWAY,,5,Non-Fatal Injury,At Intersection,Traffic Signal,Turning Movement,Clear,Dusk,Dry,Major Arterial,FALSE,-79.50259114,43.62626507,4,Automobile or Station Wagon,South,4,54,None,Use Unknown,Driving properly,Normal,,,Stopped,,,,,driver,,Etobicoke-Lakeshore (3),22 Division,Stonegate-Queensway,FALSE,TRUE,FALSE,TRUE,FALSE,FALSE,FALSE,FALSE,FALSE,FALSE,"{""coordinates"": [[-79.50259114067656, 43.626265073494174]], ""type"": ""MultiPoint""}"
9082,2022:2002062999,2022-10-23T15:52:00,STEELES AVE W,400 S STEELES AVE W RAMP,,2,Non-Fatal Injury,At Intersection,Traffic Signal,Turning Movement,Clear,Daylight,Dry,Major Arterial,FALSE,-79.53776244,43.77202844,1,Pickup Truck,East,1,61,Minimal,Lap and Shoulder Belt,Improper turn,Inattentive,,,Turning Left,,,,,driver,,Humber River-Black Creek (7),31 Division,Humber Summit,TRUE,TRUE,FALSE,TRUE,FALSE,FALSE,FALSE,FALSE,FALSE,FALSE,"{""coordinates"": [[-79.53776243697884, 43.77202844142854]], ""type"": ""MultiPoint""}"
9083,2022:2002062999,2022-10-23T15:52:00,STEELES AVE W,400 S STEELES AVE W RAMP,,2,Non-Fatal Injury,At Intersection,Traffic Signal,Turning Movement,Clear,Daylight,Dry,Major Arterial,FALSE,-79.53776244,43.77202844,2,Motorcycle,West,2,35,Major,Helmet,Exceeding speed limit,Normal,,,Going Ahead,,,,,motorcyclist,,Humber River-Black Creek (7),31 Division,Humber Summit,TRUE,TRUE,FALSE,TRUE,FALSE,FALSE,FALSE,FALSE,FALSE,FALSE,"{""coordinates"": [[-79.53776243697884, 43.77202844142854]], ""type"": ""MultiPoint""}"
9085,2022:2002130324,2022-11-01T20:35:00,JANE ST,SPENVALLEY DR,,5,Non-Fatal Injury,At Intersection,Traffic Signal,Turning Movement,Clear,Dark with Artificial Lighting,Dry,Major Arterial,TRUE,-79.51365356,43.74123237,1,Automobile or Station Wagon,West,1,19,None,Lap and Shoulder Belt,Disobeyed traffic control,Inattentive,,,Going Ahead,,,,,driver,,Humber River-Black Creek (7),31 Division,Glenfield-Jane Heights,TRUE,TRUE,FALSE,FALSE,FALSE,FALSE,FALSE,TRUE,TRUE,FALSE,"{""coordinates"": [[-79.51365356486272, 43.74123237497083]], ""type"": ""MultiPoint""}"
9086,2022:2002130324,2022-11-01T20:35:00,JANE ST,SPENVALLEY DR,,5,Non-Fatal Injury,At Intersection,Traffic Signal,Turning Movement,Clear,Dark with Artificial Lighting,Dry,Major Arterial,TRUE,-79.51365356,43.74123237,2,,,5,21,Minimal,Lap and Shoulder Belt,,,,,,,,,,passenger,,Humber River-Black Creek (7),31 Division,Glenfield-Jane Heights,TRUE,TRUE,FALSE,FALSE,FALSE,FALSE,FALSE,TRUE,TRUE,FALSE,"{""coordinates"": [[-79.51365356486272, 43.74123237497083]], ""type"": ""MultiPoint""}"
9087,2022:2002130324,2022-11-01T20:35:00,JANE ST,SPENVALLEY DR,,5,Non-Fatal Injury,At Intersection,Traffic Signal,Turning Movement,Clear,Dark with Artificial Lighting,Dry,Major Arterial,TRUE,-79.51365356,43.74123237,2,Automobile or Station Wagon,East,2,43,Minimal,Lap and Shoulder Belt,Driving properly,Normal,,,Turning Left,,,,,driver,,Humber River-Black Creek (7),31 Division,Glenfield-Jane Heights,TRUE,TRUE,FALSE,FALSE,FALSE,FALSE,FALSE,TRUE,TRUE,FALSE,"{""coordinates"": [[-79.51365356486272, 43.74123237497083]], ""type"": ""MultiPoint""}"
9088,2022:2002130324,2022-11-01T20:35:00,JANE ST,SPENVALLEY DR,,5,Non-Fatal Injury,At Intersection,Traffic Signal,Turning Movement,Clear,Dark with Artificial Lighting,Dry,Major Arterial,TRUE,-79.51365356,43.74123237,1,,,4,19,None,Lap and Shoulder Belt,,,,,,,,,,passenger,,Humber River-Black Creek (7),31 Division,Glenfield-Jane Heights,TRUE,TRUE,FALSE,FALSE,FALSE,FALSE,FALSE,TRUE,TRUE,FALSE,"{""coordinates"": [[-79.51365356486272, 43.74123237497083]], ""type"": ""MultiPoint""}"
9089,2022:2002130324,2022-11-01T20:35:00,JANE ST,SPENVALLEY DR,,5,Non-Fatal Injury,At Intersection,Traffic Signal,Turning Movement,Clear,Dark with Artificial Lighting,Dry,Major Arterial,TRUE,-79.51365356,43.74123237,1,,,3,39,Major,Equipment Not Used But Available,,,,,,,,,,passenger,,Humber River-Black Creek (7),31 Division,Glenfield-Jane Heights,TRUE,TRUE,FALSE,FALSE,FALSE,FALSE,FALSE,TRUE,TRUE,FALSE,"{""coordinates"": [[-79.51365356486272, 43.74123237497083]], ""type"": ""MultiPoint""}"
9090,2022:2002155585,2022-11-05T09:35:00,7431 KINGSTON RD,,298 m East of PORT UNION RD,2,Non-Fatal Injury,Non-Intersection,No Control,Approaching Head On,Clear,Daylight,Dry,Major Arterial,FALSE,-79.14320005,43.80069163,2,Automobile or Station Wagon,West,2,59,Minor,Lap and Shoulder Belt,Driving properly,Normal,,,Going Ahead,,,,,driver,,Scarborough-Rouge Park (25),42 Division,West Rouge,FALSE,FALSE,FALSE,FALSE,FALSE,FALSE,FALSE,FALSE,FALSE,FALSE,"{""coordinates"": [[-79.1432000475299, 43.80069163479444]], ""type"": ""MultiPoint""}"
9091,2022:2002155585,2022-11-05T09:35:00,7431 KINGSTON RD,,298 m East of PORT UNION RD,2,Non-Fatal Injury,Non-Intersection,No Control,Approaching Head On,Clear,Daylight,Dry,Major Arterial,FALSE,-79.14320005,43.80069163,1,Automobile or Station Wagon,East,1,26,Major,Lap and Shoulder Belt,Lost control,Had Been Drinking,,,Going Ahead,,,,,driver,,Scarborough-Rouge Park (25),42 Division,West Rouge,FALSE,FALSE,FALSE,FALSE,FALSE,FALSE,FALSE,FALSE,FALSE,FALSE,"{""coordinates"": [[-79.1432000475299, 43.80069163479444]], ""type"": ""MultiPoint""}"
9092,2022:2002215490,2022-11-13T16:57:00,ROYAL YORK RD,LELAND AVE,180 m South of,1,Non-Fatal Injury,Non-Intersection,No Control,SMV Other,Clear,Daylight,Dry,Minor Arterial,FALSE,-79.50848102,43.63887265,1,Delivery Van,South,1,66,Major,Use Unknown,Lost control,Unknown,,,Going Ahead,,,,,driver,,Etobicoke-Lakeshore (3),22 Division,Stonegate-Queensway,FALSE,FALSE,FALSE,FALSE,FALSE,TRUE,FALSE,FALSE,FALSE,TRUE,"{""coordinates"": [[-79.50848101774686, 43.63887264901846]], ""type"": ""MultiPoint""}"
9095,2022:2002243711,2022-11-17T16:40:00,519 OLD WESTON RD,,10 m West of,4,Non-Fatal Injury,Non-Intersection,No Control,Approaching Head On,Clear,Daylight,Dry,Minor Arterial,FALSE,-79.46415409,43.67722935,2,Automobile or Station Wagon,North,2,69,None,Lap and Shoulder Belt,Driving properly,Normal,,,Slowing or Stopping,,,,,driver,,Davenport (9),12 Division,Weston-Pelham Park,FALSE,FALSE,FALSE,FALSE,FALSE,TRUE,FALSE,FALSE,TRUE,FALSE,"{""coordinates"": [[-79.46415408625664, 43.67722934973882]], ""type"": ""MultiPoint""}"
9096,2022:2002243711,2022-11-17T16:40:00,519 OLD WESTON RD,,10 m West of,4,Non-Fatal Injury,Non-Intersection,No Control,Approaching Head On,Clear,Daylight,Dry,Minor Arterial,FALSE,-79.46415409,43.67722935,1,Pickup Truck,South,1,43,Major,Lap and Shoulder Belt,Lost control,Medical or Physical Disability,,,Going Ahead,,,,,driver,,Davenport (9),12 Division,Weston-Pelham Park,FALSE,FALSE,FALSE,FALSE,FALSE,TRUE,FALSE,FALSE,TRUE,FALSE,"{""coordinates"": [[-79.46415408625664, 43.67722934973882]], ""type"": ""MultiPoint""}"
9097,2022:2002243711,2022-11-17T16:40:00,519 OLD WESTON RD,,10 m West of,4,Non-Fatal Injury,Non-Intersection,No Control,Approaching Head On,Clear,Daylight,Dry,Minor Arterial,FALSE,-79.46415409,43.67722935,1,,,4,13,None,Lap and Shoulder Belt,,,,,,,,,,passenger,,Davenport (9),12 Division,Weston-Pelham Park,FALSE,FALSE,FALSE,FALSE,FALSE,TRUE,FALSE,FALSE,TRUE,FALSE,"{""coordinates"": [[-79.46415408625664, 43.67722934973882]], ""type"": ""MultiPoint""}"
9098,2022:2002243711,2022-11-17T16:40:00,519 OLD WESTON RD,,10 m West of,4,Non-Fatal Injury,Non-Intersection,No Control,Approaching Head On,Clear,Daylight,Dry,Minor Arterial,FALSE,-79.46415409,43.67722935,3,Automobile or Station Wagon,North,3,41,None,Lap and Shoulder Belt,Driving properly,Normal,,,Slowing or Stopping,,,,,driver,,Davenport (9),12 Division,Weston-Pelham Park,FALSE,FALSE,FALSE,FALSE,FALSE,TRUE,FALSE,FALSE,TRUE,FALSE,"{""coordinates"": [[-79.46415408625664, 43.67722934973882]], ""type"": ""MultiPoint""}"
9099,2022:2002271059,2022-11-21T14:04:00,KIPLING AVE,REDWATER DR,,4,Non-Fatal Injury,At Intersection,Traffic Signal,Turning Movement,Clear,Daylight,Dry,Major Arterial,FALSE,-79.56848614,43.71551376,2,Automobile or Station Wagon,West,2,70,Major,Lap and Shoulder Belt,Driving properly,Normal,,,Turning Left,,,,,driver,,Etobicoke North (1),23 Division,Rexdale-Kipling,FALSE,TRUE,FALSE,FALSE,FALSE,TRUE,FALSE,FALSE,FALSE,FALSE,"{""coordinates"": [[-79.56848614048221, 43.71551376201968]], ""type"": ""MultiPoint""}"
9100,2022:2002271059,2022-11-21T14:04:00,KIPLING AVE,REDWATER DR,,4,Non-Fatal Injury,At Intersection,Traffic Signal,Turning Movement,Clear,Daylight,Dry,Major Arterial,FALSE,-79.56848614,43.71551376,3,Automobile or Station Wagon,East,3,36,None,Use Unknown,Driving properly,Unknown,,,Going Ahead,,,,,driver,,Etobicoke North (1),23 Division,Rexdale-Kipling,FALSE,TRUE,FALSE,FALSE,FALSE,TRUE,FALSE,FALSE,FALSE,FALSE,"{""coordinates"": [[-79.56848614048221, 43.71551376201968]], ""type"": ""MultiPoint""}"
9101,2022:2002271059,2022-11-21T14:04:00,KIPLING AVE,REDWATER DR,,4,Non-Fatal Injury,At Intersection,Traffic Signal,Turning Movement,Clear,Daylight,Dry,Major Arterial,FALSE,-79.56848614,43.71551376,1,Automobile or Station Wagon,North,1,30,None,Use Unknown,Lost control,Inattentive,,,Going Ahead,,,,,driver,,Etobicoke North (1),23 Division,Rexdale-Kipling,FALSE,TRUE,FALSE,FALSE,FALSE,TRUE,FALSE,FALSE,FALSE,FALSE,"{""coordinates"": [[-79.56848614048221, 43.71551376201968]], ""type"": ""MultiPoint""}"
9102,2022:2002271059,2022-11-21T14:04:00,KIPLING AVE,REDWATER DR,,4,Non-Fatal Injury,At Intersection,Traffic Signal,Turning Movement,Clear,Daylight,Dry,Major Arterial,FALSE,-79.56848614,43.71551376,2,,,4,64,Major,Lap and Shoulder Belt,,,,,,,,,,passenger,,Etobicoke North (1),23 Division,Rexdale-Kipling,FALSE,TRUE,FALSE,FALSE,FALSE,TRUE,FALSE,FALSE,FALSE,FALSE,"{""coordinates"": [[-79.56848614048221, 43.71551376201968]], ""type"": ""MultiPoint""}"
9103,2022:2002272909,2022-11-21T18:30:00,JANE ST,SPENVALLEY DR,15 m North of,4,Non-Fatal Injury,Intersection-Related,Traffic Signal,Rear End,Clear,Dark with Artificial Lighting,Dry,Major Arterial,FALSE,-79.51363831,43.74116753,1,Automobile or Station Wagon,South,1,57,None,Use Unknown,Other,Inattentive,,,Going Ahead,,,,,driver,,Humber River-Black Creek (7),31 Division,Glenfield-Jane Heights,FALSE,TRUE,FALSE,FALSE,FALSE,TRUE,FALSE,FALSE,FALSE,FALSE,"{""coordinates"": [[-79.51363830616337, 43.74116752518683]], ""type"": ""MultiPoint""}"
9104,2022:2002272909,2022-11-21T18:30:00,JANE ST,SPENVALLEY DR,15 m North of,4,Non-Fatal Injury,Intersection-Related,Traffic Signal,Rear End,Clear,Dark with Artificial Lighting,Dry,Major Arterial,FALSE,-79.51363831,43.74116753,3,Automobile or Station Wagon,South,3,43,Minimal,Lap and Shoulder Belt,Driving properly,Normal,,,Slowing or Stopping,,,,,driver,,Humber River-Black Creek (7),31 Division,Glenfield-Jane Heights,FALSE,TRUE,FALSE,FALSE,FALSE,TRUE,FALSE,FALSE,FALSE,FALSE,"{""coordinates"": [[-79.51363830616337, 43.74116752518683]], ""type"": ""MultiPoint""}"
9105,2022:2002272909,2022-11-21T18:30:00,JANE ST,SPENVALLEY DR,15 m North of,4,Non-Fatal Injury,Intersection-Related,Traffic Signal,Rear End,Clear,Dark with Artificial Lighting,Dry,Major Arterial,FALSE,-79.51363831,43.74116753,2,Automobile or Station Wagon,South,2,65,None,Use Unknown,Driving properly,Normal,,,Slowing or Stopping,,,,,driver,,Humber River-Black Creek (7),31 Division,Glenfield-Jane Heights,FALSE,TRUE,FALSE,FALSE,FALSE,TRUE,FALSE,FALSE,FALSE,FALSE,"{""coordinates"": [[-79.51363830616337, 43.74116752518683]], ""type"": ""MultiPoint""}"
9106,2022:2002272909,2022-11-21T18:30:00,JANE ST,SPENVALLEY DR,15 m North of,4,Non-Fatal Injury,Intersection-Related,Traffic Signal,Rear End,Clear,Dark with Artificial Lighting,Dry,Major Arterial,FALSE,-79.51363831,43.74116753,2,,,4,29,Major,Lap and Shoulder Belt,,,,,,,,,,passenger,,Humber River-Black Creek (7),31 Division,Glenfield-Jane Heights,FALSE,TRUE,FALSE,FALSE,FALSE,TRUE,FALSE,FALSE,FALSE,FALSE,"{""coordinates"": [[-79.51363830616337, 43.74116752518683]], ""type"": ""MultiPoint""}"
9107,2022:2002303433,2022-11-25T22:45:00,PAPE AVE,BROWNING AVE,10 m North of,4,Non-Fatal Injury,Intersection-Related,No Control,Sideswipe,Clear,Dark with Artificial Lighting,Dry,Major Arterial,FALSE,-79.34641704,43.68319155,3,Automobile or Station Wagon,North,3,26,Minimal,Lap and Shoulder Belt,Driving properly,Normal,,,Going Ahead,,,,,driver,,Toronto-Danforth (14),55 Division,Danforth East York,FALSE,FALSE,FALSE,FALSE,FALSE,FALSE,FALSE,FALSE,TRUE,FALSE,"{""coordinates"": [[-79.34641703968718, 43.68319155363977]], ""type"": ""MultiPoint""}"
9108,2022:2002303433,2022-11-25T22:45:00,PAPE AVE,BROWNING AVE,10 m North of,4,Non-Fatal Injury,Intersection-Related,No Control,Sideswipe,Clear,Dark with Artificial Lighting,Dry,Major Arterial,FALSE,-79.34641704,43.68319155,2,Automobile or Station Wagon,South,2,19,Minor,Lap and Shoulder Belt,Driving properly,Normal,,,Going Ahead,,,,,driver,,Toronto-Danforth (14),55 Division,Danforth East York,FALSE,FALSE,FALSE,FALSE,FALSE,FALSE,FALSE,FALSE,TRUE,FALSE,"{""coordinates"": [[-79.34641703968718, 43.68319155363977]], ""type"": ""MultiPoint""}"
9109,2022:2002303433,2022-11-25T22:45:00,PAPE AVE,BROWNING AVE,10 m North of,4,Non-Fatal Injury,Intersection-Related,No Control,Sideswipe,Clear,Dark with Artificial Lighting,Dry,Major Arterial,FALSE,-79.34641704,43.68319155,1,Automobile or Station Wagon,South,1,31,None,Use Unknown,Improper lane change,Normal,,,Changing Lanes,,,,,driver,,Toronto-Danforth (14),55 Division,Danforth East York,FALSE,FALSE,FALSE,FALSE,FALSE,FALSE,FALSE,FALSE,TRUE,FALSE,"{""coordinates"": [[-79.34641703968718, 43.68319155363977]], ""type"": ""MultiPoint""}"
9110,2022:2002303433,2022-11-25T22:45:00,PAPE AVE,BROWNING AVE,10 m North of,4,Non-Fatal Injury,Intersection-Related,No Control,Sideswipe,Clear,Dark with Artificial Lighting,Dry,Major Arterial,FALSE,-79.34641704,43.68319155,3,,,4,28,Major,Lap and Shoulder Belt,,,,,,,,,,passenger,,Toronto-Danforth (14),55 Division,Danforth East York,FALSE,FALSE,FALSE,FALSE,FALSE,FALSE,FALSE,FALSE,TRUE,FALSE,"{""coordinates"": [[-79.34641703968718, 43.68319155363977]], ""type"": ""MultiPoint""}"