_id,collision_id,accdate,stname1,stname2,stname3,per_inv,acclass,accloc,traffictl,impactype,visible,light,rdsfcond,road_class,failtorem,longitude,latitude,veh_no,vehtype,initdir,per_no,invage,injury,safequip,drivact,drivcond,pedact,pedcond,manoeuvre,pedtype,cyclistype,cycact,cyccond,road_user,fatal_no,wardname,division,neighbourhood,aggressive,distracted,cyclist,motorcyclist,other_micromobility,older_adult,pedestrian,red_light,school_child,heavy_truck,geometry
9418,2023:3001622602,2023-07-12T18:40:00,1176 YONGE ST,SCRIVENER SQ,,2,Non-Fatal Injury,Non-Intersection,,Other,Clear,Daylight,Dry,Major Arterial,TRUE,-79.39105671,43.68072351,2,Bicycle,South,1,33,Major,Use Unknown,,,,,Going Ahead,,Insufficient information to describe collision,Driving Properly,Normal,cyclist,,University-Rosedale (11),53 Division,Annex,TRUE,FALSE,TRUE,FALSE,FALSE,FALSE,FALSE,FALSE,FALSE,FALSE,"{""coordinates"": [[-79.39105671423137, 43.680723507863945]], ""type"": ""MultiPoint""}"
9420,2023:3001627049,2023-07-13T10:20:00,1085 ROYAL YORK RD,THE KINGSWAY,200 m South of,2,Non-Fatal Injury,Non-Intersection,Stop Sign,SMV Other,Clear,Daylight,Dry,Minor Arterial,FALSE,-79.51427934,43.65413144,1,,,2,77,Major,No Equipment Available,,,,,,,,,,passenger,,Etobicoke-Lakeshore (3),22 Division,Kingsway South,FALSE,FALSE,FALSE,FALSE,FALSE,TRUE,FALSE,FALSE,FALSE,TRUE,"{""coordinates"": [[-79.51427933692494, 43.65413143750348]], ""type"": ""MultiPoint""}"
9421,2023:3001627049,2023-07-13T10:20:00,1085 ROYAL YORK RD,THE KINGSWAY,200 m South of,2,Non-Fatal Injury,Non-Intersection,Stop Sign,SMV Other,Clear,Daylight,Dry,Minor Arterial,FALSE,-79.51427934,43.65413144,1,Municipal Transit Bus (TTC),North,1,51,None,Lap and Shoulder Belt,Driving properly,Normal,,,Slowing or Stopping,,,,,driver,,Etobicoke-Lakeshore (3),22 Division,Kingsway South,FALSE,FALSE,FALSE,FALSE,FALSE,TRUE,FALSE,FALSE,FALSE,TRUE,"{""coordinates"": [[-79.51427933692494, 43.65413143750348]], ""type"": ""MultiPoint""}"
9422,2023:3001644736,2023-07-15T11:35:00,DANFORTH RD,TRUDELLE ST,,3,Non-Fatal Injury,Intersection-Related,Traffic Signal,Turning Movement,Clear,Daylight,Wet,Major Arterial,FALSE,-79.24550279,43.7399236,2,Motorcycle,North,2,24,Minor,Helmet,Driving properly,Normal,,,Going Ahead,,,,,motorcyclist,,Scarborough Centre (21),43 Division,Eglinton East,FALSE,FALSE,FALSE,TRUE,FALSE,FALSE,FALSE,FALSE,FALSE,FALSE,"{""coordinates"": [[-79.24550278558122, 43.73992359620813]], ""type"": ""MultiPoint""}"
9423,2023:3001644736,2023-07-15T11:35:00,DANFORTH RD,TRUDELLE ST,,3,Non-Fatal Injury,Intersection-Related,Traffic Signal,Turning Movement,Clear,Daylight,Wet,Major Arterial,FALSE,-79.24550279,43.7399236,2,,,3,22,Major,Other Safety Equipment Used,,,,,,,,,,motorcyclist,,Scarborough Centre (21),43 Division,Eglinton East,FALSE,FALSE,FALSE,TRUE,FALSE,FALSE,FALSE,FALSE,FALSE,FALSE,"{""coordinates"": [[-79.24550278558122, 43.73992359620813]], ""type"": ""MultiPoint""}"
9424,2023:3001644736,2023-07-15T11:35:00,DANFORTH RD,TRUDELLE ST,,3,Non-Fatal Injury,Intersection-Related,Traffic Signal,Turning Movement,Clear,Daylight,Wet,Major Arterial,FALSE,-79.24550279,43.7399236,1,Pickup Truck,South,1,61,None,Lap and Shoulder Belt,Improper turn,Normal,,,Turning Left,,,,,driver,,Scarborough Centre (21),43 Division,Eglinton East,FALSE,FALSE,FALSE,TRUE,FALSE,FALSE,FALSE,FALSE,FALSE,FALSE,"{""coordinates"": [[-79.24550278558122, 43.73992359620813]], ""type"": ""MultiPoint""}"
9425,2023:3001648805,2023-07-15T21:29:00,CALEDONIA RD,LOTHERTON PTWY,5 m East of,2,Non-Fatal Injury,At/Near Private Drive,No Control,Turning Movement,Rain,Dark,Wet,Minor Arterial,FALSE,-79.4655731,43.70742648,1,Automobile or Station Wagon,East,1,31,Minimal,Lap and Shoulder Belt,Failed to yield right-of-way,Normal,,,Turning Left,,,,,driver,,Eglinton-Lawrence (8),13 Division,Yorkdale-Glen Park,TRUE,FALSE,FALSE,TRUE,FALSE,FALSE,FALSE,FALSE,TRUE,FALSE,"{""coordinates"": [[-79.46557310353202, 43.707426482771986]], ""type"": ""MultiPoint""}"
9426,2023:3001648805,2023-07-15T21:29:00,CALEDONIA RD,LOTHERTON PTWY,5 m East of,2,Non-Fatal Injury,At/Near Private Drive,No Control,Turning Movement,Rain,Dark,Wet,Minor Arterial,FALSE,-79.4655731,43.70742648,2,Motorcycle,South,2,19,Major,Use Unknown,Driving properly,Normal,,,Going Ahead,,,,,motorcyclist,,Eglinton-Lawrence (8),13 Division,Yorkdale-Glen Park,TRUE,FALSE,FALSE,TRUE,FALSE,FALSE,FALSE,FALSE,TRUE,FALSE,"{""coordinates"": [[-79.46557310353202, 43.707426482771986]], ""type"": ""MultiPoint""}"
9427,2023:3001649078,2023-07-15T22:00:00,JANE ST,STEELES AV W,5 m South of,2,Non-Fatal Injury,Intersection-Related,Traffic Signal,Reversing,Rain,Dark with Artificial Lighting,Wet,Major Arterial,FALSE,-79.52169491,43.77531288,1,Automobile or Station Wagon,North,1,36,None,Lap and Shoulder Belt,Improper turn,Normal,,,Turning Left,,,,,driver,,Humber River-Black Creek (7),31 Division,Black Creek,FALSE,FALSE,FALSE,FALSE,FALSE,FALSE,TRUE,FALSE,FALSE,FALSE,"{""coordinates"": [[-79.52169490800223, 43.77531287758764]], ""type"": ""MultiPoint""}"
9428,2023:3001649078,2023-07-15T22:00:00,JANE ST,STEELES AV W,5 m South of,2,Non-Fatal Injury,Intersection-Related,Traffic Signal,Reversing,Rain,Dark with Artificial Lighting,Wet,Major Arterial,FALSE,-79.52169491,43.77531288,1,,,2,21,Major,No Equipment Available,,,Crossing with right-of-way (intersection),Normal,,Driver turns left into pedestrian crossing with right-of-way (at intersection),,,,pedestrian,,Humber River-Black Creek (7),31 Division,Black Creek,FALSE,FALSE,FALSE,FALSE,FALSE,FALSE,TRUE,FALSE,FALSE,FALSE,"{""coordinates"": [[-79.52169490800223, 43.77531287758764]], ""type"": ""MultiPoint""}"
9429,2023:3001649588,2023-07-15T23:35:00,LAWRENCE AVE E,EAST AVE,,2,Non-Fatal Injury,Intersection-Related,Traffic Signal,SMV Other,Clear,Dawn with Artificial Lighting,Dry,Major Arterial,FALSE,-79.13158381,43.78071478,1,,,2,12,Major,No Equipment Available,,,Crossing with right-of-way (intersection),Normal,,Driver turns left into pedestrian crossing with right-of-way (at intersection),,,,pedestrian,,Scarborough-Rouge Park (25),43 Division,West Rouge,TRUE,FALSE,FALSE,FALSE,FALSE,FALSE,TRUE,FALSE,TRUE,FALSE,"{""coordinates"": [[-79.13158381496937, 43.78071478178715]], ""type"": ""MultiPoint""}"
9430,2023:3001649588,2023-07-15T23:35:00,LAWRENCE AVE E,EAST AVE,,2,Non-Fatal Injury,Intersection-Related,Traffic Signal,SMV Other,Clear,Dawn with Artificial Lighting,Dry,Major Arterial,FALSE,-79.13158381,43.78071478,1,Automobile or Station Wagon,North,1,18,None,Lap and Shoulder Belt,Speed too fast for conditions,Normal,,,Turning Left,,,,,driver,,Scarborough-Rouge Park (25),43 Division,West Rouge,TRUE,FALSE,FALSE,FALSE,FALSE,FALSE,TRUE,FALSE,TRUE,FALSE,"{""coordinates"": [[-79.13158381496937, 43.78071478178715]], ""type"": ""MultiPoint""}"
9432,2023:3001688296,2023-07-20T14:27:00,YONGE ST,CHAPLIN CR,8 m North of,3,Non-Fatal Injury,Intersection-Related,Traffic Signal,Reversing,Clear,Daylight,Dry,Major Arterial,FALSE,-79.39660327,43.69830545,1,,,2,30,None,Lap and Shoulder Belt,,,,,,,,,,passenger,,Toronto-St. Paul's (12),53 Division,South Eglinton-Davisville,FALSE,FALSE,FALSE,FALSE,FALSE,FALSE,TRUE,FALSE,FALSE,FALSE,"{""coordinates"": [[-79.39660326704748, 43.69830545094223]], ""type"": ""MultiPoint""}"
9433,2023:3001688296,2023-07-20T14:27:00,YONGE ST,CHAPLIN CR,8 m North of,3,Non-Fatal Injury,Intersection-Related,Traffic Signal,Reversing,Clear,Daylight,Dry,Major Arterial,FALSE,-79.39660327,43.69830545,1,Passenger Van,South,1,37,None,Lap and Shoulder Belt,Lost control,Normal,,,Going Ahead,,,,,driver,,Toronto-St. Paul's (12),53 Division,South Eglinton-Davisville,FALSE,FALSE,FALSE,FALSE,FALSE,FALSE,TRUE,FALSE,FALSE,FALSE,"{""coordinates"": [[-79.39660326704748, 43.69830545094223]], ""type"": ""MultiPoint""}"
9434,2023:3001688296,2023-07-20T14:27:00,YONGE ST,CHAPLIN CR,8 m North of,3,Non-Fatal Injury,Intersection-Related,Traffic Signal,Reversing,Clear,Daylight,Dry,Major Arterial,FALSE,-79.39660327,43.69830545,1,,,3,48,Major,No Equipment Available,,,On sidewalk or shoulder,Normal,,Driver going straight hits pedestrian crossing with right-of-way (at intersection),,,,pedestrian,,Toronto-St. Paul's (12),53 Division,South Eglinton-Davisville,FALSE,FALSE,FALSE,FALSE,FALSE,FALSE,TRUE,FALSE,FALSE,FALSE,"{""coordinates"": [[-79.39660326704748, 43.69830545094223]], ""type"": ""MultiPoint""}"
9435,2023:3001739879,2023-07-22T18:30:00,95 QUEENS QUAY E,COOPER ST,10 m East of,2,Non-Fatal Injury,Non-Intersection,,Reversing,Clear,Daylight,Dry,Minor Arterial,FALSE,-79.37105246,43.64310294,1,,,2,59,Major,No Equipment Available,,,Crossing with right-of-way (intersection),Normal,,Driver hits pedestrian at PXO/pedestrian midblock signal,,,,pedestrian,,Spadina-Fort York (10),51 Division,St Lawrence-East Bayfront-The Islands,FALSE,FALSE,TRUE,FALSE,FALSE,FALSE,TRUE,FALSE,FALSE,FALSE,"{""coordinates"": [[-79.37105246055634, 43.64310294252069]], ""type"": ""MultiPoint""}"
9436,2023:3001739879,2023-07-22T18:30:00,95 QUEENS QUAY E,COOPER ST,10 m East of,2,Non-Fatal Injury,Non-Intersection,,Reversing,Clear,Daylight,Dry,Minor Arterial,FALSE,-79.37105246,43.64310294,1,E-Bike (Power-Assisted Bicycle),East,1,60,None,Use Unknown,,Unknown,,,Going Ahead,,,,,cyclist,,Spadina-Fort York (10),51 Division,St Lawrence-East Bayfront-The Islands,FALSE,FALSE,TRUE,FALSE,FALSE,FALSE,TRUE,FALSE,FALSE,FALSE,"{""coordinates"": [[-79.37105246055634, 43.64310294252069]], ""type"": ""MultiPoint""}"
9437,2023:3001713995,2023-07-23T14:00:00,SIMCOE ST,NELSON ST,10 m West of,3,Non-Fatal Injury,At/Near Private Drive,,Reversing,Clear,Daylight,Dry,Collector,FALSE,-79.38679192,43.649031,1,Delivery Van,West,1,25,None,Lap and Shoulder Belt,Driving properly,Normal,,,Going Ahead,,,,,driver,,Spadina-Fort York (10),52 Division,Wellington Place,FALSE,FALSE,FALSE,FALSE,FALSE,FALSE,TRUE,FALSE,FALSE,TRUE,"{""coordinates"": [[-79.38679192342836, 43.649031004241294]], ""type"": ""MultiPoint""}"
9438,2023:3001713995,2023-07-23T14:00:00,SIMCOE ST,NELSON ST,10 m West of,3,Non-Fatal Injury,At/Near Private Drive,,Reversing,Clear,Daylight,Dry,Collector,FALSE,-79.38679192,43.649031,1,,,3,22,None,Lap and Shoulder Belt,,,,,,,,,,passenger,,Spadina-Fort York (10),52 Division,Wellington Place,FALSE,FALSE,FALSE,FALSE,FALSE,FALSE,TRUE,FALSE,FALSE,TRUE,"{""coordinates"": [[-79.38679192342836, 43.649031004241294]], ""type"": ""MultiPoint""}"
9439,2023:3001713995,2023-07-23T14:00:00,SIMCOE ST,NELSON ST,10 m West of,3,Non-Fatal Injury,At/Near Private Drive,,Reversing,Clear,Daylight,Dry,Collector,FALSE,-79.38679192,43.649031,1,,West,2,37,Major,Equipment Not Used But Available,,,Other,Other Condition,Going Ahead,Driver hits pedestrian at private driveway,,,,pedestrian,,Spadina-Fort York (10),52 Division,Wellington Place,FALSE,FALSE,FALSE,FALSE,FALSE,FALSE,TRUE,FALSE,FALSE,TRUE,"{""coordinates"": [[-79.38679192342836, 43.649031004241294]], ""type"": ""MultiPoint""}"
9440,2023:3001717343,2023-07-23T23:31:00,KEELE ST,TORO RD,,4,Non-Fatal Injury,Intersection-Related,Traffic Signal,Rear End,Clear,Dark with Artificial Lighting,Dry,Major Arterial,FALSE,-79.49004816,43.75982899,2,,,3,8,Major,Lap and Shoulder Belt,,,,,,,,,,passenger,,York Centre (6),31 Division,York University Heights,FALSE,FALSE,FALSE,FALSE,FALSE,FALSE,FALSE,FALSE,TRUE,FALSE,"{""coordinates"": [[-79.49004815578907, 43.75982898981028]], ""type"": ""MultiPoint""}"
9441,2023:3001717343,2023-07-23T23:31:00,KEELE ST,TORO RD,,4,Non-Fatal Injury,Intersection-Related,Traffic Signal,Rear End,Clear,Dark with Artificial Lighting,Dry,Major Arterial,FALSE,-79.49004816,43.75982899,1,,,4,37,None,Lap and Shoulder Belt,,,,,,,,,,passenger,,York Centre (6),31 Division,York University Heights,FALSE,FALSE,FALSE,FALSE,FALSE,FALSE,FALSE,FALSE,TRUE,FALSE,"{""coordinates"": [[-79.49004815578907, 43.75982898981028]], ""type"": ""MultiPoint""}"
9442,2023:3001717343,2023-07-23T23:31:00,KEELE ST,TORO RD,,4,Non-Fatal Injury,Intersection-Related,Traffic Signal,Rear End,Clear,Dark with Artificial Lighting,Dry,Major Arterial,FALSE,-79.49004816,43.75982899,2,Automobile or Station Wagon,South,1,21,Minor,Lap and Shoulder Belt,Driving properly,Normal,,,Stopped,,,,,driver,,York Centre (6),31 Division,York University Heights,FALSE,FALSE,FALSE,FALSE,FALSE,FALSE,FALSE,FALSE,TRUE,FALSE,"{""coordinates"": [[-79.49004815578907, 43.75982898981028]], ""type"": ""MultiPoint""}"
9443,2023:3001717343,2023-07-23T23:31:00,KEELE ST,TORO RD,,4,Non-Fatal Injury,Intersection-Related,Traffic Signal,Rear End,Clear,Dark with Artificial Lighting,Dry,Major Arterial,FALSE,-79.49004816,43.75982899,2,,,2,10,Minor,Lap and Shoulder Belt,,,,,,,,,,passenger,,York Centre (6),31 Division,York University Heights,FALSE,FALSE,FALSE,FALSE,FALSE,FALSE,FALSE,FALSE,TRUE,FALSE,"{""coordinates"": [[-79.49004815578907, 43.75982898981028]], ""type"": ""MultiPoint""}"
9444,2023:3001723451,2023-07-24T17:30:00,MORNINGSIDE AV,ELLESMERE RD,475 m South of,1,Non-Fatal Injury,Non-Intersection,No Control,SMV Other,Rain,Daylight,Wet,Major Arterial,FALSE,-79.19163152,43.78123672,1,Automobile or Station Wagon,South,1,21,Major,Lap and Shoulder Belt,Speed too fast for conditions,Normal,,,Going Ahead,,,,,driver,,Scarborough-Guildwood (24),43 Division,Morningside,TRUE,FALSE,FALSE,FALSE,FALSE,FALSE,FALSE,FALSE,FALSE,FALSE,"{""coordinates"": [[-79.19163152141992, 43.78123672060679]], ""type"": ""MultiPoint""}"
9445,2023:3001727076,2023-07-25T06:33:00,KIPLING AV,KINGSVIEW BV,33 m South of,2,Non-Fatal Injury,Intersection-Related,Traffic Signal,Approaching Head On,Clear,Daylight,Dry,Major Arterial,FALSE,-79.55973525,43.69664246,1,Automobile or Station Wagon,North,1,24,Minor,Lap and Shoulder Belt,Lost control,Other Condition,,,Going Ahead,,,,,driver,,Etobicoke North (1),23 Division,Kingsview Village-The Westway,FALSE,FALSE,FALSE,FALSE,FALSE,FALSE,FALSE,FALSE,FALSE,FALSE,"{""coordinates"": [[-79.55973524907552, 43.69664245522714]], ""type"": ""MultiPoint""}"
9446,2023:3001727076,2023-07-25T06:33:00,KIPLING AV,KINGSVIEW BV,33 m South of,2,Non-Fatal Injury,Intersection-Related,Traffic Signal,Approaching Head On,Clear,Daylight,Dry,Major Arterial,FALSE,-79.55973525,43.69664246,2,Passenger Van,South,2,50,Major,Lap and Shoulder Belt,Driving properly,Normal,,,Going Ahead,,,,,driver,,Etobicoke North (1),23 Division,Kingsview Village-The Westway,FALSE,FALSE,FALSE,FALSE,FALSE,FALSE,FALSE,FALSE,FALSE,FALSE,"{""coordinates"": [[-79.55973524907552, 43.69664245522714]], ""type"": ""MultiPoint""}"
9447,2023:3001751416,2023-07-27T23:22:00,MARKHAM RD,BLAKEMANOR BV,66 m North of,5,Non-Fatal Injury,Non-Intersection,No Control,Rear End,Clear,Dark with Artificial Lighting,Dry,Major Arterial,FALSE,-79.22243145,43.75169954,2,Automobile or Station Wagon,North,3,28,Minimal,Lap and Shoulder Belt,Driving properly,Unknown,,,Going Ahead,,,,,driver,,Scarborough-Guildwood (24),43 Division,Golfdale-Cedarbrae-Woburn,TRUE,FALSE,FALSE,FALSE,FALSE,FALSE,FALSE,FALSE,FALSE,FALSE,"{""coordinates"": [[-79.22243145104679, 43.751699544270295]], ""type"": ""MultiPoint""}"
9448,2023:3001751416,2023-07-27T23:22:00,MARKHAM RD,BLAKEMANOR BV,66 m North of,5,Non-Fatal Injury,Non-Intersection,No Control,Rear End,Clear,Dark with Artificial Lighting,Dry,Major Arterial,FALSE,-79.22243145,43.75169954,3,Automobile or Station Wagon,South,4,30,Minimal,Use Unknown,Driving properly,Normal,,,Going Ahead,,,,,driver,,Scarborough-Guildwood (24),43 Division,Golfdale-Cedarbrae-Woburn,TRUE,FALSE,FALSE,FALSE,FALSE,FALSE,FALSE,FALSE,FALSE,FALSE,"{""coordinates"": [[-79.22243145104679, 43.751699544270295]], ""type"": ""MultiPoint""}"
9449,2023:3001751416,2023-07-27T23:22:00,MARKHAM RD,BLAKEMANOR BV,66 m North of,5,Non-Fatal Injury,Non-Intersection,No Control,Rear End,Clear,Dark with Artificial Lighting,Dry,Major Arterial,FALSE,-79.22243145,43.75169954,1,,North,1,57,Major,Equipment Not Used But Available,,,,,,,,,,passenger,,Scarborough-Guildwood (24),43 Division,Golfdale-Cedarbrae-Woburn,TRUE,FALSE,FALSE,FALSE,FALSE,FALSE,FALSE,FALSE,FALSE,FALSE,"{""coordinates"": [[-79.22243145104679, 43.751699544270295]], ""type"": ""MultiPoint""}"
9450,2023:3001751416,2023-07-27T23:22:00,MARKHAM RD,BLAKEMANOR BV,66 m North of,5,Non-Fatal Injury,Non-Intersection,No Control,Rear End,Clear,Dark with Artificial Lighting,Dry,Major Arterial,FALSE,-79.22243145,43.75169954,4,Automobile or Station Wagon,South,5,47,None,Lap and Shoulder Belt,Driving properly,Normal,,,Going Ahead,,,,,driver,,Scarborough-Guildwood (24),43 Division,Golfdale-Cedarbrae-Woburn,TRUE,FALSE,FALSE,FALSE,FALSE,FALSE,FALSE,FALSE,FALSE,FALSE,"{""coordinates"": [[-79.22243145104679, 43.751699544270295]], ""type"": ""MultiPoint""}"
9451,2023:3001751416,2023-07-27T23:22:00,MARKHAM RD,BLAKEMANOR BV,66 m North of,5,Non-Fatal Injury,Non-Intersection,No Control,Rear End,Clear,Dark with Artificial Lighting,Dry,Major Arterial,FALSE,-79.22243145,43.75169954,1,Automobile or Station Wagon,North,2,24,Major,Equipment Not Used But Available,Exceeding speed limit,Had Been Drinking,,,Changing Lanes,,,,,driver,,Scarborough-Guildwood (24),43 Division,Golfdale-Cedarbrae-Woburn,TRUE,FALSE,FALSE,FALSE,FALSE,FALSE,FALSE,FALSE,FALSE,FALSE,"{""coordinates"": [[-79.22243145104679, 43.751699544270295]], ""type"": ""MultiPoint""}"
9454,2023:3001762588,2023-07-29T09:54:00,LESLIE ST,LAKE SHORE BLVD E,,2,Non-Fatal Injury,Non-Intersection,,Rear End,Rain,Daylight,Wet,Minor Arterial,TRUE,-79.32826671,43.65898728,2,Truck - Dump,South,2,0,None,Lap and Shoulder Belt,Driving properly,Normal,,,Going Ahead,,,,,driver,,Toronto-Danforth (14),55 Division,South Riverdale,FALSE,FALSE,TRUE,FALSE,FALSE,FALSE,FALSE,FALSE,TRUE,TRUE,"{""coordinates"": [[-79.32826670957512, 43.65898727631204]], ""type"": ""MultiPoint""}"
9455,2023:3001762588,2023-07-29T09:54:00,LESLIE ST,LAKE SHORE BLVD E,,2,Non-Fatal Injury,Non-Intersection,,Rear End,Rain,Daylight,Wet,Minor Arterial,TRUE,-79.32826671,43.65898728,1,Bicycle,South,1,16,Major,Helmet,,,,,Going Ahead,,Rear end with cyclist and driver travelling in same direction,Lost control,Normal,cyclist,,Toronto-Danforth (14),55 Division,South Riverdale,FALSE,FALSE,TRUE,FALSE,FALSE,FALSE,FALSE,FALSE,TRUE,TRUE,"{""coordinates"": [[-79.32826670957512, 43.65898727631204]], ""type"": ""MultiPoint""}"
9457,2023:3001772212,2023-07-29T22:10:00,COLLEGE ST,HURON ST,,2,Non-Fatal Injury,Intersection-Related,Traffic Signal,Turning Movement,Clear,Daylight,Dry,Major Arterial,FALSE,-79.39816736,43.6582664,1,Automobile or Station Wagon,West,1,62,None,Lap and Shoulder Belt,Improper turn,Normal,,,Turning Right,,,,,driver,,University-Rosedale (11),52 Division,Kensington-Chinatown,FALSE,FALSE,TRUE,FALSE,FALSE,FALSE,FALSE,FALSE,TRUE,FALSE,"{""coordinates"": [[-79.39816735843799, 43.65826640086029]], ""type"": ""MultiPoint""}"
9458,2023:3001772212,2023-07-29T22:10:00,COLLEGE ST,HURON ST,,2,Non-Fatal Injury,Intersection-Related,Traffic Signal,Turning Movement,Clear,Daylight,Dry,Major Arterial,FALSE,-79.39816736,43.6582664,2,E-Bike (Power-Assisted Bicycle),West,2,18,Major,No Equipment Available,Driving properly,Normal,,,Going Ahead,,,,,cyclist,,University-Rosedale (11),52 Division,Kensington-Chinatown,FALSE,FALSE,TRUE,FALSE,FALSE,FALSE,FALSE,FALSE,TRUE,FALSE,"{""coordinates"": [[-79.39816735843799, 43.65826640086029]], ""type"": ""MultiPoint""}"
9459,2023:3001774225,2023-07-30T20:17:00,LAKE SHORE BLVD E,ASHBRIDGES BAY PARK RD,,2,Non-Fatal Injury,Intersection-Related,Traffic Signal,Turning Movement,Clear,Dusk with Artificial Lighting,Dry,Major Arterial,FALSE,-79.31479317,43.66229078,2,Motorcycle,West,2,39,Major,Helmet,Driving properly,Normal,,,Going Ahead,,,,,motorcyclist,,Beaches-East York (19),55 Division,The Beaches,FALSE,FALSE,FALSE,TRUE,FALSE,FALSE,FALSE,FALSE,FALSE,FALSE,"{""coordinates"": [[-79.3147931684128, 43.66229078421225]], ""type"": ""MultiPoint""}"
9460,2023:3001774225,2023-07-30T20:17:00,LAKE SHORE BLVD E,ASHBRIDGES BAY PARK RD,,2,Non-Fatal Injury,Intersection-Related,Traffic Signal,Turning Movement,Clear,Dusk with Artificial Lighting,Dry,Major Arterial,FALSE,-79.31479317,43.66229078,1,Automobile or Station Wagon,East,1,48,None,Lap and Shoulder Belt,Improper turn,Normal,,,Turning Left,,,,,driver,,Beaches-East York (19),55 Division,The Beaches,FALSE,FALSE,FALSE,TRUE,FALSE,FALSE,FALSE,FALSE,FALSE,FALSE,"{""coordinates"": [[-79.3147931684128, 43.66229078421225]], ""type"": ""MultiPoint""}"
9461,2023:3001801230,2023-08-03T00:01:00,WESTON RD,BLACK CREEK DR,3 m West of,2,Non-Fatal Injury,Intersection-Related,Traffic Signal,Turning Movement,Clear,Dark with Artificial Lighting,Dry,Major Arterial,TRUE,-79.48028265,43.68336722,2,Automobile or Station Wagon,South,2,32,Major,Use Unknown,,,,,Turning Left,,,,,driver,,York South-Weston (5),12 Division,Rockcliffe-Smythe,TRUE,FALSE,FALSE,FALSE,FALSE,FALSE,FALSE,TRUE,FALSE,FALSE,"{""coordinates"": [[-79.48028264574671, 43.683367217780955]], ""type"": ""MultiPoint""}"
9462,2023:3001801230,2023-08-03T00:01:00,WESTON RD,BLACK CREEK DR,3 m West of,2,Non-Fatal Injury,Intersection-Related,Traffic Signal,Turning Movement,Clear,Dark with Artificial Lighting,Dry,Major Arterial,TRUE,-79.48028265,43.68336722,1,Automobile or Station Wagon,South,1,32,Major,Helmet,Disobeyed traffic control,Other Condition,,,Turning Left,,,,,driver,,York South-Weston (5),12 Division,Rockcliffe-Smythe,TRUE,FALSE,FALSE,FALSE,FALSE,FALSE,FALSE,TRUE,FALSE,FALSE,"{""coordinates"": [[-79.48028264574671, 43.683367217780955]], ""type"": ""MultiPoint""}"
9463,2023:3001810408,2023-08-04T01:10:00,LAWRENCE AVE E,BIRCHMOUNT RD,181 m East of,2,Non-Fatal Injury,At/Near Private Drive,,Reversing,Rain,Dark with Artificial Lighting,Wet,Major Arterial,FALSE,-79.28052938,43.74837319,1,,,2,0,Major,Use Unknown,,,Other,Other Condition,,Driver hits pedestrian at private driveway,,,,pedestrian,,Scarborough Centre (21),41 Division,Dorset Park,TRUE,FALSE,FALSE,FALSE,FALSE,FALSE,TRUE,FALSE,FALSE,FALSE,"{""coordinates"": [[-79.28052938412425, 43.74837319434483]], ""type"": ""MultiPoint""}"
9464,2023:3001810408,2023-08-04T01:10:00,LAWRENCE AVE E,BIRCHMOUNT RD,181 m East of,2,Non-Fatal Injury,At/Near Private Drive,,Reversing,Rain,Dark with Artificial Lighting,Wet,Major Arterial,FALSE,-79.28052938,43.74837319,1,Automobile or Station Wagon,East,1,22,None,Lap and Shoulder Belt,Failed to yield right-of-way,Normal,,,Going Ahead,,,,,driver,,Scarborough Centre (21),41 Division,Dorset Park,TRUE,FALSE,FALSE,FALSE,FALSE,FALSE,TRUE,FALSE,FALSE,FALSE,"{""coordinates"": [[-79.28052938412425, 43.74837319434483]], ""type"": ""MultiPoint""}"
9467,2023:3001817720,2023-08-04T21:41:00,KINGSTON RD,KALMAR AVE,,1,Non-Fatal Injury,Intersection-Related,No Control,Reversing,Clear,Daylight with Artificial Lighting,Dry,Major Arterial,TRUE,-79.26792567,43.68971839,1,,West,1,69,Major,Use Unknown,,,Crossing - no traffic control,Normal,Going Ahead,Driver going straight hits pedestrian crossing with right-of-way (at intersection),,,,pedestrian,,Scarborough Southwest (20),41 Division,Birchcliffe-Cliffside,FALSE,FALSE,FALSE,FALSE,FALSE,TRUE,TRUE,FALSE,FALSE,FALSE,"{""coordinates"": [[-79.26792567433823, 43.68971839063779]], ""type"": ""MultiPoint""}"
9468,2023:3001826353,2023-08-05T22:00:00,LESLIE ST,SHEPPARD AV E,,2,Non-Fatal Injury,Intersection-Related,Traffic Signal,Reversing,Clear,Dusk with Artificial Lighting,Dry,Major Arterial,FALSE,-79.36413241,43.77166584,1,,,2,27,Major,No Equipment Available,,,Other,Normal,,Driver turns right into pedestrian crossing with right-of-way (at intersection),,,,pedestrian,,Don Valley North (17),33 Division,Don Valley Village,FALSE,FALSE,FALSE,FALSE,FALSE,FALSE,TRUE,FALSE,FALSE,FALSE,"{""coordinates"": [[-79.36413240629157, 43.771665839721024]], ""type"": ""MultiPoint""}"
9469,2023:3001826353,2023-08-05T22:00:00,LESLIE ST,SHEPPARD AV E,,2,Non-Fatal Injury,Intersection-Related,Traffic Signal,Reversing,Clear,Dusk with Artificial Lighting,Dry,Major Arterial,FALSE,-79.36413241,43.77166584,1,Automobile or Station Wagon,North,1,27,None,Lap and Shoulder Belt,Other,Normal,,,Turning Right,,,,,driver,,Don Valley North (17),33 Division,Don Valley Village,FALSE,FALSE,FALSE,FALSE,FALSE,FALSE,TRUE,FALSE,FALSE,FALSE,"{""coordinates"": [[-79.36413240629157, 43.771665839721024]], ""type"": ""MultiPoint""}"
9470,2023:3001831500,2023-08-06T15:34:00,STEELES AVE W,EMERALD LANE,,5,Non-Fatal Injury,Intersection-Related,Traffic Signal,Turning Movement,Clear,Daylight,Dry,Major Arterial,FALSE,-79.44099866,43.79344785,1,,,4,6,None,Lap and Shoulder Belt,,,,,,,,,,passenger,,,32 Division,Newtonbrook West,FALSE,FALSE,FALSE,TRUE,FALSE,FALSE,FALSE,FALSE,TRUE,FALSE,"{""coordinates"": [[-79.44099865749219, 43.79344785097925]], ""type"": ""MultiPoint""}"