_id,collision_id,accdate,stname1,stname2,stname3,per_inv,acclass,accloc,traffictl,impactype,visible,light,rdsfcond,road_class,failtorem,longitude,latitude,veh_no,vehtype,initdir,per_no,invage,injury,safequip,drivact,drivcond,pedact,pedcond,manoeuvre,pedtype,cyclistype,cycact,cyccond,road_user,fatal_no,wardname,division,neighbourhood,aggressive,distracted,cyclist,motorcyclist,other_micromobility,older_adult,pedestrian,red_light,school_child,heavy_truck,geometry
9564,2023:3002086345,2023-09-06T20:30:00,BRIMLEY RD,STEELES AV E,16 m East of,9,Non-Fatal Injury,Intersection-Related,Traffic Signal,,Clear,Dusk,Dry,Major Arterial,FALSE,-79.28718216,43.82827967,3,,,7,71,Minor,Lap and Shoulder Belt,,,,,,,,,,passenger,,Scarborough North (23),42 Division,Milliken,TRUE,FALSE,FALSE,FALSE,FALSE,TRUE,FALSE,FALSE,FALSE,FALSE,"{""coordinates"": [[-79.28718215700745, 43.828279673962086]], ""type"": ""MultiPoint""}"
9565,2023:3002086345,2023-09-06T20:30:00,BRIMLEY RD,STEELES AV E,16 m East of,9,Non-Fatal Injury,Intersection-Related,Traffic Signal,,Clear,Dusk,Dry,Major Arterial,FALSE,-79.28718216,43.82827967,4,,,8,26,None,Lap and Shoulder Belt,,,,,,,,,,passenger,,Scarborough North (23),42 Division,Milliken,TRUE,FALSE,FALSE,FALSE,FALSE,TRUE,FALSE,FALSE,FALSE,FALSE,"{""coordinates"": [[-79.28718215700745, 43.828279673962086]], ""type"": ""MultiPoint""}"
9566,2023:3002086345,2023-09-06T20:30:00,BRIMLEY RD,STEELES AV E,16 m East of,9,Non-Fatal Injury,Intersection-Related,Traffic Signal,,Clear,Dusk,Dry,Major Arterial,FALSE,-79.28718216,43.82827967,5,Automobile or Station Wagon,West,5,28,Minimal,Lap and Shoulder Belt,Driving properly,Normal,,,Going Ahead,,,,,driver,,Scarborough North (23),42 Division,Milliken,TRUE,FALSE,FALSE,FALSE,FALSE,TRUE,FALSE,FALSE,FALSE,FALSE,"{""coordinates"": [[-79.28718215700745, 43.828279673962086]], ""type"": ""MultiPoint""}"
9567,2023:3002086345,2023-09-06T20:30:00,BRIMLEY RD,STEELES AV E,16 m East of,9,Non-Fatal Injury,Intersection-Related,Traffic Signal,,Clear,Dusk,Dry,Major Arterial,FALSE,-79.28718216,43.82827967,2,Automobile or Station Wagon,West,2,22,Major,Lap and Shoulder Belt,Exceeding speed limit,Normal,,,Going Ahead,,,,,driver,,Scarborough North (23),42 Division,Milliken,TRUE,FALSE,FALSE,FALSE,FALSE,TRUE,FALSE,FALSE,FALSE,FALSE,"{""coordinates"": [[-79.28718215700745, 43.828279673962086]], ""type"": ""MultiPoint""}"
9568,2023:3002086345,2023-09-06T20:30:00,BRIMLEY RD,STEELES AV E,16 m East of,9,Non-Fatal Injury,Intersection-Related,Traffic Signal,,Clear,Dusk,Dry,Major Arterial,FALSE,-79.28718216,43.82827967,3,Automobile or Station Wagon,West,3,72,None,Lap and Shoulder Belt,Driving properly,Normal,,,Turning Left,,,,,driver,,Scarborough North (23),42 Division,Milliken,TRUE,FALSE,FALSE,FALSE,FALSE,TRUE,FALSE,FALSE,FALSE,FALSE,"{""coordinates"": [[-79.28718215700745, 43.828279673962086]], ""type"": ""MultiPoint""}"
9569,2023:3002086345,2023-09-06T20:30:00,BRIMLEY RD,STEELES AV E,16 m East of,9,Non-Fatal Injury,Intersection-Related,Traffic Signal,,Clear,Dusk,Dry,Major Arterial,FALSE,-79.28718216,43.82827967,1,Automobile or Station Wagon,West,1,28,Minor,Lap and Shoulder Belt,Driving properly,Normal,,,Changing Lanes,,,,,driver,,Scarborough North (23),42 Division,Milliken,TRUE,FALSE,FALSE,FALSE,FALSE,TRUE,FALSE,FALSE,FALSE,FALSE,"{""coordinates"": [[-79.28718215700745, 43.828279673962086]], ""type"": ""MultiPoint""}"
9570,2023:3002103400,2023-09-08T18:53:00,STEELES AV W,KIPLING AV,200 m East of,4,Non-Fatal Injury,Non-Intersection,No Control,Approaching Head On,Clear,Dark,Dry,Major Arterial,FALSE,-79.58745276,43.76003509,3,Automobile or Station Wagon,East,3,60,None,Lap and Shoulder Belt,Driving properly,Normal,,,Going Ahead,,,,,driver,,Etobicoke North (1),23 Division,Mount Olive-Silverstone-Jamestown,FALSE,FALSE,FALSE,FALSE,FALSE,FALSE,FALSE,FALSE,FALSE,FALSE,"{""coordinates"": [[-79.58745276098621, 43.76003509118295]], ""type"": ""MultiPoint""}"
9571,2023:3002103400,2023-09-08T18:53:00,STEELES AV W,KIPLING AV,200 m East of,4,Non-Fatal Injury,Non-Intersection,No Control,Approaching Head On,Clear,Dark,Dry,Major Arterial,FALSE,-79.58745276,43.76003509,2,,,4,53,Minor,Lap and Shoulder Belt,,,,,,,,,,passenger,,Etobicoke North (1),23 Division,Mount Olive-Silverstone-Jamestown,FALSE,FALSE,FALSE,FALSE,FALSE,FALSE,FALSE,FALSE,FALSE,FALSE,"{""coordinates"": [[-79.58745276098621, 43.76003509118295]], ""type"": ""MultiPoint""}"
9572,2023:3002103400,2023-09-08T18:53:00,STEELES AV W,KIPLING AV,200 m East of,4,Non-Fatal Injury,Non-Intersection,No Control,Approaching Head On,Clear,Dark,Dry,Major Arterial,FALSE,-79.58745276,43.76003509,2,Automobile or Station Wagon,East,2,54,Minor,Lap and Shoulder Belt,Driving properly,Normal,,,Going Ahead,,,,,driver,,Etobicoke North (1),23 Division,Mount Olive-Silverstone-Jamestown,FALSE,FALSE,FALSE,FALSE,FALSE,FALSE,FALSE,FALSE,FALSE,FALSE,"{""coordinates"": [[-79.58745276098621, 43.76003509118295]], ""type"": ""MultiPoint""}"
9573,2023:3002103400,2023-09-08T18:53:00,STEELES AV W,KIPLING AV,200 m East of,4,Non-Fatal Injury,Non-Intersection,No Control,Approaching Head On,Clear,Dark,Dry,Major Arterial,FALSE,-79.58745276,43.76003509,1,Automobile or Station Wagon,West,1,53,Major,Lap and Shoulder Belt,Lost control,Normal,,,Going Ahead,,,,,driver,,Etobicoke North (1),23 Division,Mount Olive-Silverstone-Jamestown,FALSE,FALSE,FALSE,FALSE,FALSE,FALSE,FALSE,FALSE,FALSE,FALSE,"{""coordinates"": [[-79.58745276098621, 43.76003509118295]], ""type"": ""MultiPoint""}"
9574,2023:3002104181,2023-09-08T20:39:00,VICTORIA PARK AVE,BISCAYNE BLVD,5 m North of,2,Non-Fatal Injury,Non-Intersection,No Control,Reversing,Clear,Dark with Artificial Lighting,Dry,Major Arterial,FALSE,-79.30447049,43.72911663,1,,,2,59,Fatal,No Equipment Available,,,Crossing without right-of-way (intersection),Normal,,Driver hits pedestrian at midblock,,,,pedestrian,28,Scarborough Centre (21),41 Division,Wexford/Maryvale,FALSE,FALSE,FALSE,FALSE,FALSE,FALSE,TRUE,FALSE,FALSE,FALSE,"{""coordinates"": [[-79.30447048992211, 43.72911663330942]], ""type"": ""MultiPoint""}"
9575,2023:3002104181,2023-09-08T20:39:00,VICTORIA PARK AVE,BISCAYNE BLVD,5 m North of,2,Non-Fatal Injury,Non-Intersection,No Control,Reversing,Clear,Dark with Artificial Lighting,Dry,Major Arterial,FALSE,-79.30447049,43.72911663,1,Automobile or Station Wagon,South,1,20,None,Lap and Shoulder Belt,Driving properly,Normal,,,Going Ahead,,,,,driver,,Scarborough Centre (21),41 Division,Wexford/Maryvale,FALSE,FALSE,FALSE,FALSE,FALSE,FALSE,TRUE,FALSE,FALSE,FALSE,"{""coordinates"": [[-79.30447048992211, 43.72911663330942]], ""type"": ""MultiPoint""}"
9576,2023:3002113122,2023-09-09T23:26:00,BLOOR ST W,KIPLING AV,100 m East of,2,Non-Fatal Injury,Intersection-Related,,,Clear,Dark,Dry,Major Arterial,FALSE,-79.53415396,43.64209228,1,Motorcycle,West,1,29,Major,Helmet,Exceeding speed limit,Normal,,,Going Ahead,,,,,motorcyclist,,Etobicoke-Lakeshore (3),22 Division,Etobicoke City Centre,TRUE,FALSE,FALSE,TRUE,FALSE,FALSE,FALSE,FALSE,FALSE,FALSE,"{""coordinates"": [[-79.53415395792061, 43.64209228354358]], ""type"": ""MultiPoint""}"
9577,2023:3002113122,2023-09-09T23:26:00,BLOOR ST W,KIPLING AV,100 m East of,2,Non-Fatal Injury,Intersection-Related,,,Clear,Dark,Dry,Major Arterial,FALSE,-79.53415396,43.64209228,2,Automobile or Station Wagon,West,2,47,None,Lap and Shoulder Belt,Driving properly,Normal,,,Stopped,,,,,driver,,Etobicoke-Lakeshore (3),22 Division,Etobicoke City Centre,TRUE,FALSE,FALSE,TRUE,FALSE,FALSE,FALSE,FALSE,FALSE,FALSE,"{""coordinates"": [[-79.53415395792061, 43.64209228354358]], ""type"": ""MultiPoint""}"
9578,2023:3002116014,2023-09-10T11:05:00,SKYWAY AV,161 SKYWAY AV,4 m West of,2,Non-Fatal Injury,At/Near Private Drive,No Control,Turning Movement,Clear,Daylight,Dry,Minor Arterial,FALSE,-79.58129597,43.68125782,2,Automobile or Station Wagon,North,2,37,None,Lap and Shoulder Belt,Driving properly,Normal,,,Going Ahead,,,,,driver,,Etobicoke North (1),23 Division,West Humber-Clairville,TRUE,FALSE,FALSE,FALSE,FALSE,FALSE,FALSE,FALSE,FALSE,FALSE,"{""coordinates"": [[-79.58129597458371, 43.68125781538139]], ""type"": ""MultiPoint""}"
9579,2023:3002116014,2023-09-10T11:05:00,SKYWAY AV,161 SKYWAY AV,4 m West of,2,Non-Fatal Injury,At/Near Private Drive,No Control,Turning Movement,Clear,Daylight,Dry,Minor Arterial,FALSE,-79.58129597,43.68125782,1,Automobile or Station Wagon,South,1,55,Major,Equipment Not Used But Available,Failed to yield right-of-way,Normal,,,Turning Left,,,,,driver,,Etobicoke North (1),23 Division,West Humber-Clairville,TRUE,FALSE,FALSE,FALSE,FALSE,FALSE,FALSE,FALSE,FALSE,FALSE,"{""coordinates"": [[-79.58129597458371, 43.68125781538139]], ""type"": ""MultiPoint""}"
9580,2023:3002123068,2023-09-11T09:15:00,ANSFORD AVE,WILSON HEIGHTS BLVD,5 m South of,2,Non-Fatal Injury,Intersection-Related,Stop Sign,Reversing,Clear,Daylight,Dry,Minor Arterial,FALSE,-79.44772787,43.73559417,1,Pickup Truck,West,1,43,None,Lap and Shoulder Belt,Failed to yield right-of-way,Inattentive,,,Turning Left,,,,,driver,,York Centre (6),32 Division,Clanton Park,TRUE,TRUE,FALSE,FALSE,FALSE,TRUE,TRUE,FALSE,FALSE,FALSE,"{""coordinates"": [[-79.44772786969283, 43.73559417292608]], ""type"": ""MultiPoint""}"
9581,2023:3002123068,2023-09-11T09:15:00,ANSFORD AVE,WILSON HEIGHTS BLVD,5 m South of,2,Non-Fatal Injury,Intersection-Related,Stop Sign,Reversing,Clear,Daylight,Dry,Minor Arterial,FALSE,-79.44772787,43.73559417,1,,,2,66,Major,Use Unknown,,,Crossing without right-of-way (intersection),Normal,,Driver turns left into pedestrian crossing without right-of-way (at intersection),,,,pedestrian,,York Centre (6),32 Division,Clanton Park,TRUE,TRUE,FALSE,FALSE,FALSE,TRUE,TRUE,FALSE,FALSE,FALSE,"{""coordinates"": [[-79.44772786969283, 43.73559417292608]], ""type"": ""MultiPoint""}"
9582,2023:3002139943,2023-09-13T08:58:00,KEELE ST,WILSON AVE,,3,Non-Fatal Injury,Intersection-Related,Traffic Signal,,Clear,Daylight,Dry,Major Arterial,FALSE,-79.48204496,43.72664494,2,Automobile or Station Wagon,North,2,38,None,Lap and Shoulder Belt,Driving properly,Normal,,,Slowing or Stopping,,,,,driver,,York Centre (6),31 Division,Downsview,TRUE,FALSE,FALSE,FALSE,FALSE,FALSE,FALSE,FALSE,FALSE,TRUE,"{""coordinates"": [[-79.4820449615494, 43.72664494121287]], ""type"": ""MultiPoint""}"
9583,2023:3002139943,2023-09-13T08:58:00,KEELE ST,WILSON AVE,,3,Non-Fatal Injury,Intersection-Related,Traffic Signal,,Clear,Daylight,Dry,Major Arterial,FALSE,-79.48204496,43.72664494,1,,,3,61,Major,No Equipment Available,,,,,,,,,,passenger,,York Centre (6),31 Division,Downsview,TRUE,FALSE,FALSE,FALSE,FALSE,FALSE,FALSE,FALSE,FALSE,TRUE,"{""coordinates"": [[-79.4820449615494, 43.72664494121287]], ""type"": ""MultiPoint""}"
9584,2023:3002139943,2023-09-13T08:58:00,KEELE ST,WILSON AVE,,3,Non-Fatal Injury,Intersection-Related,Traffic Signal,,Clear,Daylight,Dry,Major Arterial,FALSE,-79.48204496,43.72664494,1,Bus - Other,North,1,37,None,Lap and Shoulder Belt,Following too closely,Normal,,,Going Ahead,,,,,driver,,York Centre (6),31 Division,Downsview,TRUE,FALSE,FALSE,FALSE,FALSE,FALSE,FALSE,FALSE,FALSE,TRUE,"{""coordinates"": [[-79.4820449615494, 43.72664494121287]], ""type"": ""MultiPoint""}"
9585,2023:3002144420,2023-09-13T18:38:00,ISLINGTON AVE,SPRINGBROOK GRDN,9 m North,10,Non-Fatal Injury,Intersection-Related,Stop Sign,Turning Movement,Clear,Dark with Artificial Lighting,Dry,Major Arterial,FALSE,-79.52170365,43.64069409,1,,,5,46,Minor,Lap and Shoulder Belt,,,,,,,,,,passenger,,Etobicoke-Lakeshore (3),22 Division,Stonegate-Queensway,TRUE,FALSE,FALSE,FALSE,FALSE,FALSE,FALSE,FALSE,TRUE,FALSE,"{""coordinates"": [[-79.52170365125647, 43.640694086822286]], ""type"": ""MultiPoint""}"
9586,2023:3002144420,2023-09-13T18:38:00,ISLINGTON AVE,SPRINGBROOK GRDN,9 m North,10,Non-Fatal Injury,Intersection-Related,Stop Sign,Turning Movement,Clear,Dark with Artificial Lighting,Dry,Major Arterial,FALSE,-79.52170365,43.64069409,3,,,10,43,Major,Lap and Shoulder Belt,,,,,,,,,,passenger,,Etobicoke-Lakeshore (3),22 Division,Stonegate-Queensway,TRUE,FALSE,FALSE,FALSE,FALSE,FALSE,FALSE,FALSE,TRUE,FALSE,"{""coordinates"": [[-79.52170365125647, 43.640694086822286]], ""type"": ""MultiPoint""}"
9587,2023:3002144420,2023-09-13T18:38:00,ISLINGTON AVE,SPRINGBROOK GRDN,9 m North,10,Non-Fatal Injury,Intersection-Related,Stop Sign,Turning Movement,Clear,Dark with Artificial Lighting,Dry,Major Arterial,FALSE,-79.52170365,43.64069409,2,Automobile or Station Wagon,West,2,42,None,Lap and Shoulder Belt,Driving properly,Normal,,,Turning Left,,,,,driver,,Etobicoke-Lakeshore (3),22 Division,Stonegate-Queensway,TRUE,FALSE,FALSE,FALSE,FALSE,FALSE,FALSE,FALSE,TRUE,FALSE,"{""coordinates"": [[-79.52170365125647, 43.640694086822286]], ""type"": ""MultiPoint""}"
9588,2023:3002144420,2023-09-13T18:38:00,ISLINGTON AVE,SPRINGBROOK GRDN,9 m North,10,Non-Fatal Injury,Intersection-Related,Stop Sign,Turning Movement,Clear,Dark with Artificial Lighting,Dry,Major Arterial,FALSE,-79.52170365,43.64069409,1,,,6,15,Minor,Lap and Shoulder Belt,,,,,,,,,,passenger,,Etobicoke-Lakeshore (3),22 Division,Stonegate-Queensway,TRUE,FALSE,FALSE,FALSE,FALSE,FALSE,FALSE,FALSE,TRUE,FALSE,"{""coordinates"": [[-79.52170365125647, 43.640694086822286]], ""type"": ""MultiPoint""}"
9589,2023:3002144420,2023-09-13T18:38:00,ISLINGTON AVE,SPRINGBROOK GRDN,9 m North,10,Non-Fatal Injury,Intersection-Related,Stop Sign,Turning Movement,Clear,Dark with Artificial Lighting,Dry,Major Arterial,FALSE,-79.52170365,43.64069409,1,Automobile or Station Wagon,North,1,30,Minor,Lap and Shoulder Belt,Exceeding speed limit,Normal,,,Going Ahead,,,,,driver,,Etobicoke-Lakeshore (3),22 Division,Stonegate-Queensway,TRUE,FALSE,FALSE,FALSE,FALSE,FALSE,FALSE,FALSE,TRUE,FALSE,"{""coordinates"": [[-79.52170365125647, 43.640694086822286]], ""type"": ""MultiPoint""}"
9590,2023:3002144420,2023-09-13T18:38:00,ISLINGTON AVE,SPRINGBROOK GRDN,9 m North,10,Non-Fatal Injury,Intersection-Related,Stop Sign,Turning Movement,Clear,Dark with Artificial Lighting,Dry,Major Arterial,FALSE,-79.52170365,43.64069409,3,Automobile or Station Wagon,South,3,44,Major,Lap and Shoulder Belt,Driving properly,Normal,,,Going Ahead,,,,,driver,,Etobicoke-Lakeshore (3),22 Division,Stonegate-Queensway,TRUE,FALSE,FALSE,FALSE,FALSE,FALSE,FALSE,FALSE,TRUE,FALSE,"{""coordinates"": [[-79.52170365125647, 43.640694086822286]], ""type"": ""MultiPoint""}"
9591,2023:3002144420,2023-09-13T18:38:00,ISLINGTON AVE,SPRINGBROOK GRDN,9 m North,10,Non-Fatal Injury,Intersection-Related,Stop Sign,Turning Movement,Clear,Dark with Artificial Lighting,Dry,Major Arterial,FALSE,-79.52170365,43.64069409,1,,,7,46,Minor,Lap and Shoulder Belt,,,,,,,,,,passenger,,Etobicoke-Lakeshore (3),22 Division,Stonegate-Queensway,TRUE,FALSE,FALSE,FALSE,FALSE,FALSE,FALSE,FALSE,TRUE,FALSE,"{""coordinates"": [[-79.52170365125647, 43.640694086822286]], ""type"": ""MultiPoint""}"
9592,2023:3002144420,2023-09-13T18:38:00,ISLINGTON AVE,SPRINGBROOK GRDN,9 m North,10,Non-Fatal Injury,Intersection-Related,Stop Sign,Turning Movement,Clear,Dark with Artificial Lighting,Dry,Major Arterial,FALSE,-79.52170365,43.64069409,4,Automobile or Station Wagon,South,4,41,None,Lap and Shoulder Belt,Driving properly,Normal,,,Going Ahead,,,,,driver,,Etobicoke-Lakeshore (3),22 Division,Stonegate-Queensway,TRUE,FALSE,FALSE,FALSE,FALSE,FALSE,FALSE,FALSE,TRUE,FALSE,"{""coordinates"": [[-79.52170365125647, 43.640694086822286]], ""type"": ""MultiPoint""}"
9593,2023:3002144420,2023-09-13T18:38:00,ISLINGTON AVE,SPRINGBROOK GRDN,9 m North,10,Non-Fatal Injury,Intersection-Related,Stop Sign,Turning Movement,Clear,Dark with Artificial Lighting,Dry,Major Arterial,FALSE,-79.52170365,43.64069409,2,,,9,3,None,Child Safety Seat Used Correctly,,,,,,,,,,passenger,,Etobicoke-Lakeshore (3),22 Division,Stonegate-Queensway,TRUE,FALSE,FALSE,FALSE,FALSE,FALSE,FALSE,FALSE,TRUE,FALSE,"{""coordinates"": [[-79.52170365125647, 43.640694086822286]], ""type"": ""MultiPoint""}"
9594,2023:3002144420,2023-09-13T18:38:00,ISLINGTON AVE,SPRINGBROOK GRDN,9 m North,10,Non-Fatal Injury,Intersection-Related,Stop Sign,Turning Movement,Clear,Dark with Artificial Lighting,Dry,Major Arterial,FALSE,-79.52170365,43.64069409,2,,,8,42,None,Lap and Shoulder Belt,,,,,,,,,,passenger,,Etobicoke-Lakeshore (3),22 Division,Stonegate-Queensway,TRUE,FALSE,FALSE,FALSE,FALSE,FALSE,FALSE,FALSE,TRUE,FALSE,"{""coordinates"": [[-79.52170365125647, 43.640694086822286]], ""type"": ""MultiPoint""}"
9595,2023:3002151449,2023-09-14T16:12:00,FAIRGLEN AV,HUNTINGWOOD DR,5 m West of,3,Non-Fatal Injury,Intersection-Related,Stop Sign,Reversing,Clear,Daylight,Dry,Local,FALSE,-79.32279627,43.78099654,1,Automobile or Station Wagon,South,1,21,Minimal,Lap and Shoulder Belt,Disobeyed traffic control,Fatigue/Fell Asleep,,,Going Ahead,,,,,driver,,Scarborough-Agincourt (22),42 Division,L'Amoreaux West,TRUE,FALSE,FALSE,FALSE,FALSE,FALSE,TRUE,FALSE,TRUE,FALSE,"{""coordinates"": [[-79.32279626997868, 43.780996539404505]], ""type"": ""MultiPoint""}"
9596,2023:3002151449,2023-09-14T16:12:00,FAIRGLEN AV,HUNTINGWOOD DR,5 m West of,3,Non-Fatal Injury,Intersection-Related,Stop Sign,Reversing,Clear,Daylight,Dry,Local,FALSE,-79.32279627,43.78099654,2,,,3,15,Major,Lap and Shoulder Belt,,,On sidewalk or shoulder,Normal,,Driver going straight hits pedestrian crossing with right-of-way (at intersection),,,,pedestrian,,Scarborough-Agincourt (22),42 Division,L'Amoreaux West,TRUE,FALSE,FALSE,FALSE,FALSE,FALSE,TRUE,FALSE,TRUE,FALSE,"{""coordinates"": [[-79.32279626997868, 43.780996539404505]], ""type"": ""MultiPoint""}"
9597,2023:3002151449,2023-09-14T16:12:00,FAIRGLEN AV,HUNTINGWOOD DR,5 m West of,3,Non-Fatal Injury,Intersection-Related,Stop Sign,Reversing,Clear,Daylight,Dry,Local,FALSE,-79.32279627,43.78099654,2,,,2,18,Major,No Equipment Available,,,On sidewalk or shoulder,Normal,,Driver going straight hits pedestrian crossing with right-of-way (at intersection),,,,pedestrian,,Scarborough-Agincourt (22),42 Division,L'Amoreaux West,TRUE,FALSE,FALSE,FALSE,FALSE,FALSE,TRUE,FALSE,TRUE,FALSE,"{""coordinates"": [[-79.32279626997868, 43.780996539404505]], ""type"": ""MultiPoint""}"
9598,2023:3002174448,2023-09-17T12:50:00,BREMNER BV,VAN DE WATER CR,,2,Non-Fatal Injury,Intersection-Related,Traffic Signal,Reversing,Clear,Daylight,Dry,Minor Arterial,FALSE,-79.38889765,43.64041742,1,,,2,26,Major,Other Safety Equipment Used,,,Other,Normal,,Other,,,,pedestrian,,Spadina-Fort York (10),52 Division,Harbourfront-CityPlace,FALSE,FALSE,TRUE,FALSE,FALSE,FALSE,TRUE,FALSE,FALSE,FALSE,"{""coordinates"": [[-79.3888976537337, 43.64041742299252]], ""type"": ""MultiPoint""}"
9599,2023:3002174448,2023-09-17T12:50:00,BREMNER BV,VAN DE WATER CR,,2,Non-Fatal Injury,Intersection-Related,Traffic Signal,Reversing,Clear,Daylight,Dry,Minor Arterial,FALSE,-79.38889765,43.64041742,1,Bicycle,West,1,27,None,Helmet,,,,,Going Ahead,,Cyclist hits pedestrian,Disobeyed Traffic Control,,cyclist,,Spadina-Fort York (10),52 Division,Harbourfront-CityPlace,FALSE,FALSE,TRUE,FALSE,FALSE,FALSE,TRUE,FALSE,FALSE,FALSE,"{""coordinates"": [[-79.3888976537337, 43.64041742299252]], ""type"": ""MultiPoint""}"
9600,2023:3002194264,2023-09-19T20:27:00,ST CLAIR AV W,OLD WESTON RD,60 m East of,2,Non-Fatal Injury,Intersection-Related,Traffic Signal,Reversing,Clear,Dark with Artificial Lighting,Dry,Major Arterial,FALSE,-79.46230778,43.67370075,1,Bus - Other,East,2,77,Major,Use Unknown,,,Other,Normal,,Other,,,,pedestrian,,Davenport (9),11 Division,Weston-Pelham Park,FALSE,FALSE,FALSE,FALSE,FALSE,TRUE,TRUE,FALSE,FALSE,TRUE,"{""coordinates"": [[-79.46230777551897, 43.673700753550236]], ""type"": ""MultiPoint""}"
9601,2023:3002194264,2023-09-19T20:27:00,ST CLAIR AV W,OLD WESTON RD,60 m East of,2,Non-Fatal Injury,Intersection-Related,Traffic Signal,Reversing,Clear,Dark with Artificial Lighting,Dry,Major Arterial,FALSE,-79.46230778,43.67370075,1,Bus - Other,East,1,35,None,Lap Belt Only,Driving properly,Normal,,,Slowing or Stopping,,,,,driver,,Davenport (9),11 Division,Weston-Pelham Park,FALSE,FALSE,FALSE,FALSE,FALSE,TRUE,TRUE,FALSE,FALSE,TRUE,"{""coordinates"": [[-79.46230777551897, 43.673700753550236]], ""type"": ""MultiPoint""}"
9602,2023:3002195066,2023-09-19T22:15:00,MORTIMER AV,BROADVIEW AV,13 m East of,1,Non-Fatal Injury,Non-Intersection,Traffic Signal,Reversing,Clear,Dark with Artificial Lighting,Dry,Minor Arterial,FALSE,-79.35691511,43.68393543,1,,,1,88,Major,Use Unknown,,,On sidewalk or shoulder,Other Condition,,Unknown,,,,pedestrian,,Toronto-Danforth (14),55 Division,Broadview North,FALSE,FALSE,FALSE,FALSE,FALSE,TRUE,TRUE,FALSE,FALSE,FALSE,"{""coordinates"": [[-79.35691510509999, 43.683935434273]], ""type"": ""MultiPoint""}"
9605,2023:3002203614,2023-09-21T00:15:00,WARDEN AV,FINCH AV E,,2,Non-Fatal Injury,Intersection-Related,Traffic Signal,Reversing,Clear,Dark with Artificial Lighting,Dry,Major Arterial,FALSE,-79.3157238,43.79677793,1,,,2,57,Major,No Equipment Available,,,Crossing with right-of-way (intersection),Normal,,Driver turns left into pedestrian crossing with right-of-way (at intersection),,,,pedestrian,,Scarborough-Agincourt (22),42 Division,East L'Amoreaux,TRUE,FALSE,FALSE,FALSE,FALSE,FALSE,TRUE,FALSE,FALSE,FALSE,"{""coordinates"": [[-79.31572379504883, 43.796777934325675]], ""type"": ""MultiPoint""}"
9606,2023:3002203614,2023-09-21T00:15:00,WARDEN AV,FINCH AV E,,2,Non-Fatal Injury,Intersection-Related,Traffic Signal,Reversing,Clear,Dark with Artificial Lighting,Dry,Major Arterial,FALSE,-79.3157238,43.79677793,1,Automobile or Station Wagon,South,1,59,None,Lap and Shoulder Belt,Failed to yield right-of-way,Normal,,,Turning Left,,,,,driver,,Scarborough-Agincourt (22),42 Division,East L'Amoreaux,TRUE,FALSE,FALSE,FALSE,FALSE,FALSE,TRUE,FALSE,FALSE,FALSE,"{""coordinates"": [[-79.31572379504883, 43.796777934325675]], ""type"": ""MultiPoint""}"
9607,2023:3002204131,2023-09-21T03:46:00,ALBION RD,WESTMORE DR,65 m East of,2,Non-Fatal Injury,Intersection-Related,,Reversing,Clear,Dark with Artificial Lighting,Dry,Major Arterial,FALSE,-79.60310832,43.74348314,1,,,2,40,Major,Use Unknown,,,Crossing without right-of-way (intersection),Normal,,Driver hits pedestrian at midblock,,,,pedestrian,,Etobicoke North (1),23 Division,West Humber-Clairville,FALSE,FALSE,FALSE,FALSE,FALSE,FALSE,TRUE,FALSE,FALSE,FALSE,"{""coordinates"": [[-79.60310832380851, 43.74348314480792]], ""type"": ""MultiPoint""}"
9608,2023:3002204131,2023-09-21T03:46:00,ALBION RD,WESTMORE DR,65 m East of,2,Non-Fatal Injury,Intersection-Related,,Reversing,Clear,Dark with Artificial Lighting,Dry,Major Arterial,FALSE,-79.60310832,43.74348314,1,Automobile or Station Wagon,East,1,55,None,Lap and Shoulder Belt,Driving properly,Normal,,,Going Ahead,,,,,driver,,Etobicoke North (1),23 Division,West Humber-Clairville,FALSE,FALSE,FALSE,FALSE,FALSE,FALSE,TRUE,FALSE,FALSE,FALSE,"{""coordinates"": [[-79.60310832380851, 43.74348314480792]], ""type"": ""MultiPoint""}"
9609,2023:3002207754,2023-09-21T14:10:00,HANNA RD,GLENVALE BV,,2,Non-Fatal Injury,Intersection-Related,Stop Sign,Reversing,Clear,Daylight,Dry,Local,FALSE,-79.37388286,43.71673422,1,,East,2,45,Major,Use Unknown,,,Crossing with right-of-way (intersection),Normal,,Driver turns left into pedestrian crossing with right-of-way (at intersection),,,,pedestrian,,Don Valley West (15),53 Division,Leaside-Bennington,TRUE,FALSE,FALSE,FALSE,FALSE,FALSE,TRUE,FALSE,FALSE,FALSE,"{""coordinates"": [[-79.37388286099288, 43.71673421862269]], ""type"": ""MultiPoint""}"
9610,2023:3002207754,2023-09-21T14:10:00,HANNA RD,GLENVALE BV,,2,Non-Fatal Injury,Intersection-Related,Stop Sign,Reversing,Clear,Daylight,Dry,Local,FALSE,-79.37388286,43.71673422,1,Automobile or Station Wagon,North,1,64,None,Lap and Shoulder Belt,Failed to yield right-of-way,Normal,,,Turning Left,,,,,driver,,Don Valley West (15),53 Division,Leaside-Bennington,TRUE,FALSE,FALSE,FALSE,FALSE,FALSE,TRUE,FALSE,FALSE,FALSE,"{""coordinates"": [[-79.37388286099288, 43.71673421862269]], ""type"": ""MultiPoint""}"
9611,2023:3002219111,2023-09-22T21:55:00,QUEEN'S PARK CR E,QUEENS PARK,4 m North of,1,Non-Fatal Injury,Non-Intersection,Traffic Signal,Sideswipe,Clear,Dark with Artificial Lighting,Dry,Major Arterial,TRUE,-79.39230796,43.66604456,2,Motorcycle,North,1,45,Major,Helmet,Driving properly,Normal,,,Going Ahead,,,,,motorcyclist,,University-Rosedale (11),52 Division,Bay-Cloverhill,FALSE,FALSE,FALSE,TRUE,FALSE,FALSE,FALSE,FALSE,FALSE,FALSE,"{""coordinates"": [[-79.39230796004313, 43.666044558096544]], ""type"": ""MultiPoint""}"