_id,collision_id,accdate,stname1,stname2,stname3,per_inv,acclass,accloc,traffictl,impactype,visible,light,rdsfcond,road_class,failtorem,longitude,latitude,veh_no,vehtype,initdir,per_no,invage,injury,safequip,drivact,drivcond,pedact,pedcond,manoeuvre,pedtype,cyclistype,cycact,cyccond,road_user,fatal_no,wardname,division,neighbourhood,aggressive,distracted,cyclist,motorcyclist,other_micromobility,older_adult,pedestrian,red_light,school_child,heavy_truck,geometry
9720,2023:3002611595,2023-11-11T06:28:00,F G GARDINER XY E,KIPLING AV,657 m West of,6,Non-Fatal Injury,Non-Intersection,No Control,Sideswipe,Clear,Dark with Artificial Lighting,Dry,Expressway,TRUE,-79.53356654,43.61627824,4,,,6,48,Major,Lap and Shoulder Belt,,,,,,,,,,passenger,,Etobicoke-Lakeshore (3),22 Division,Alderwood,FALSE,FALSE,FALSE,FALSE,FALSE,TRUE,FALSE,FALSE,FALSE,FALSE,"{""coordinates"": [[-79.5335665417077, 43.61627824017488]], ""type"": ""MultiPoint""}"
9721,2023:3002616293,2023-11-11T20:20:00,sandhurst crcl,finch ave e,61 m North of,1,Non-Fatal Injury,Non-Intersection,No Control,SMV Other,Clear,Dark with Artificial Lighting,Dry,Major Arterial,FALSE,-79.27039748,43.80718438,1,Motorcycle,West,1,25,Major,Helmet,Driving properly,Normal,,,Turning Left,,,,,motorcyclist,,Scarborough North (23),42 Division,Agincourt North,FALSE,FALSE,FALSE,TRUE,FALSE,FALSE,FALSE,FALSE,FALSE,FALSE,"{""coordinates"": [[-79.27039748089192, 43.80718437661301]], ""type"": ""MultiPoint""}"
9726,2023:3002629156,2023-11-13T15:42:00,WOODBINE AVE,MORTIMER AVE,,2,Non-Fatal Injury,Intersection-Related,Traffic Signal,Turning Movement,Clear,Daylight,Dry,Major Arterial,FALSE,-79.3158231,43.69281218,1,Automobile or Station Wagon,North,1,46,None,Lap and Shoulder Belt,Improper turn,Normal,,,Turning Left,,,,,driver,,Beaches-East York (19),55 Division,Woodbine-Lumsden,FALSE,FALSE,FALSE,TRUE,FALSE,FALSE,FALSE,FALSE,FALSE,FALSE,"{""coordinates"": [[-79.31582309764025, 43.692812176519006]], ""type"": ""MultiPoint""}"
9727,2023:3002629156,2023-11-13T15:42:00,WOODBINE AVE,MORTIMER AVE,,2,Non-Fatal Injury,Intersection-Related,Traffic Signal,Turning Movement,Clear,Daylight,Dry,Major Arterial,FALSE,-79.3158231,43.69281218,2,Motorcycle,South,2,54,Major,Helmet,Driving properly,Normal,,,Going Ahead,,,,,motorcyclist,,Beaches-East York (19),55 Division,Woodbine-Lumsden,FALSE,FALSE,FALSE,TRUE,FALSE,FALSE,FALSE,FALSE,FALSE,FALSE,"{""coordinates"": [[-79.31582309764025, 43.692812176519006]], ""type"": ""MultiPoint""}"
9734,2023:3002657688,2023-11-17T07:02:00,DAVENPORT RD,DUPONT ST,1 m North of,2,Non-Fatal Injury,Intersection-Related,Traffic Signal,Turning Movement,Clear,Dark with Artificial Lighting,Dry,Major Arterial,FALSE,-79.40256187,43.67581401,2,E-Scooter (Electric Kick-Style Scooter),North,2,31,Major,No Equipment Available,Other,Other Condition,,,Going Ahead,,,,,other_micromobility,,University-Rosedale (11),53 Division,Annex,TRUE,FALSE,FALSE,FALSE,TRUE,FALSE,FALSE,TRUE,FALSE,FALSE,"{""coordinates"": [[-79.40256187053389, 43.67581401000807]], ""type"": ""MultiPoint""}"
9735,2023:3002657688,2023-11-17T07:02:00,DAVENPORT RD,DUPONT ST,1 m North of,2,Non-Fatal Injury,Intersection-Related,Traffic Signal,Turning Movement,Clear,Dark with Artificial Lighting,Dry,Major Arterial,FALSE,-79.40256187,43.67581401,1,Automobile or Station Wagon,East,1,39,None,Lap and Shoulder Belt,Disobeyed traffic control,Other Condition,,,Turning Right,,,,,driver,,University-Rosedale (11),53 Division,Annex,TRUE,FALSE,FALSE,FALSE,TRUE,FALSE,FALSE,TRUE,FALSE,FALSE,"{""coordinates"": [[-79.40256187053389, 43.67581401000807]], ""type"": ""MultiPoint""}"
9736,2023:3002668525,2023-11-18T15:10:00,DANFORTH AV,2265 DANFORTH AV,,2,Non-Fatal Injury,At/Near Private Drive,No Control,Turning Movement,Clear,Daylight,Dry,Major Arterial,TRUE,-79.30817844,43.68673535,2,E-Bike (Power-Assisted Bicycle),East,2,65,Major,Helmet,Driving properly,Normal,,,Going Ahead,,,,,cyclist,,Beaches-East York (19),55 Division,East End-Danforth,TRUE,TRUE,TRUE,FALSE,FALSE,TRUE,FALSE,FALSE,FALSE,FALSE,"{""coordinates"": [[-79.30817843821735, 43.68673535353537]], ""type"": ""MultiPoint""}"
9737,2023:3002668525,2023-11-18T15:10:00,DANFORTH AV,2265 DANFORTH AV,,2,Non-Fatal Injury,At/Near Private Drive,No Control,Turning Movement,Clear,Daylight,Dry,Major Arterial,TRUE,-79.30817844,43.68673535,1,Automobile or Station Wagon,East,1,0,None,Lap and Shoulder Belt,Failed to yield right-of-way,Inattentive,,,Turning Right,,,,,driver,,Beaches-East York (19),55 Division,East End-Danforth,TRUE,TRUE,TRUE,FALSE,FALSE,TRUE,FALSE,FALSE,FALSE,FALSE,"{""coordinates"": [[-79.30817843821735, 43.68673535353537]], ""type"": ""MultiPoint""}"
9738,2023:3002671468,2023-11-18T22:30:00,DANFORTH AV,PHARMACY AV,2 m West of,2,Non-Fatal Injury,Intersection-Related,Traffic Signal,Rear End,Clear,Dusk with Artificial Lighting,Dry,Major Arterial,FALSE,-79.28352781,43.69214075,1,Automobile or Station Wagon,East,1,47,None,Use Unknown,Improper passing,Normal,,,Going Ahead,,,,,driver,,Scarborough Southwest (20),41 Division,Oakridge,TRUE,FALSE,TRUE,FALSE,FALSE,FALSE,FALSE,FALSE,FALSE,FALSE,"{""coordinates"": [[-79.28352781193941, 43.69214074515043]], ""type"": ""MultiPoint""}"
9739,2023:3002671468,2023-11-18T22:30:00,DANFORTH AV,PHARMACY AV,2 m West of,2,Non-Fatal Injury,Intersection-Related,Traffic Signal,Rear End,Clear,Dusk with Artificial Lighting,Dry,Major Arterial,FALSE,-79.28352781,43.69214075,2,E-Bike (Power-Assisted Bicycle),East,2,38,Major,Use Unknown,Driving properly,Normal,,,Stopped,,,,,cyclist,,Scarborough Southwest (20),41 Division,Oakridge,TRUE,FALSE,TRUE,FALSE,FALSE,FALSE,FALSE,FALSE,FALSE,FALSE,"{""coordinates"": [[-79.28352781193941, 43.69214074515043]], ""type"": ""MultiPoint""}"
9740,2023:3002675190,2023-11-19T12:46:00,ROTHERHAM AV,KEELE ST,3 m West of,3,Non-Fatal Injury,Intersection-Related,No Control,Turning Movement,Clear,Daylight,Dry,Major Arterial,FALSE,-79.47317966,43.68583913,2,,South,3,83,Major,Lap and Shoulder Belt,,,,,,,,,,passenger,,York South-Weston (5),12 Division,Keelesdale-Eglinton West,TRUE,FALSE,FALSE,FALSE,FALSE,TRUE,FALSE,FALSE,FALSE,FALSE,"{""coordinates"": [[-79.47317966181915, 43.68583913053675]], ""type"": ""MultiPoint""}"
9741,2023:3002675190,2023-11-19T12:46:00,ROTHERHAM AV,KEELE ST,3 m West of,3,Non-Fatal Injury,Intersection-Related,No Control,Turning Movement,Clear,Daylight,Dry,Major Arterial,FALSE,-79.47317966,43.68583913,1,Automobile or Station Wagon,North,1,32,None,Lap and Shoulder Belt,Failed to yield right-of-way,Normal,,,Turning Left,,,,,driver,,York South-Weston (5),12 Division,Keelesdale-Eglinton West,TRUE,FALSE,FALSE,FALSE,FALSE,TRUE,FALSE,FALSE,FALSE,FALSE,"{""coordinates"": [[-79.47317966181915, 43.68583913053675]], ""type"": ""MultiPoint""}"
9742,2023:3002675190,2023-11-19T12:46:00,ROTHERHAM AV,KEELE ST,3 m West of,3,Non-Fatal Injury,Intersection-Related,No Control,Turning Movement,Clear,Daylight,Dry,Major Arterial,FALSE,-79.47317966,43.68583913,2,Automobile or Station Wagon,South,2,90,None,Lap and Shoulder Belt,Driving properly,Normal,,,Going Ahead,,,,,driver,,York South-Weston (5),12 Division,Keelesdale-Eglinton West,TRUE,FALSE,FALSE,FALSE,FALSE,TRUE,FALSE,FALSE,FALSE,FALSE,"{""coordinates"": [[-79.47317966181915, 43.68583913053675]], ""type"": ""MultiPoint""}"
9743,2023:3002690239,2023-11-21T12:48:00,750 YORK MILLS RD,YORK MILLS RD,10 m South of,3,Non-Fatal Injury,At/Near Private Drive,No Control,Turning Movement,Rain,Daylight,Wet,Major Arterial,FALSE,-79.36086704,43.75289371,2,Automobile or Station Wagon,West,2,21,None,Lap and Shoulder Belt,Driving properly,Normal,,,Going Ahead,,,,,driver,,Don Valley West (15),33 Division,Banbury-Don Mills,TRUE,FALSE,FALSE,FALSE,FALSE,TRUE,FALSE,FALSE,FALSE,FALSE,"{""coordinates"": [[-79.36086703907165, 43.75289371102234]], ""type"": ""MultiPoint""}"
9744,2023:3002690239,2023-11-21T12:48:00,750 YORK MILLS RD,YORK MILLS RD,10 m South of,3,Non-Fatal Injury,At/Near Private Drive,No Control,Turning Movement,Rain,Daylight,Wet,Major Arterial,FALSE,-79.36086704,43.75289371,1,Automobile or Station Wagon,South,1,69,None,Lap and Shoulder Belt,Failed to yield right-of-way,Other Condition,,,Turning Left,,,,,driver,,Don Valley West (15),33 Division,Banbury-Don Mills,TRUE,FALSE,FALSE,FALSE,FALSE,TRUE,FALSE,FALSE,FALSE,FALSE,"{""coordinates"": [[-79.36086703907165, 43.75289371102234]], ""type"": ""MultiPoint""}"
9745,2023:3002690239,2023-11-21T12:48:00,750 YORK MILLS RD,YORK MILLS RD,10 m South of,3,Non-Fatal Injury,At/Near Private Drive,No Control,Turning Movement,Rain,Daylight,Wet,Major Arterial,FALSE,-79.36086704,43.75289371,1,,South,3,56,Major,Other Safety Equipment Used,,,,,,,,,,passenger,,Don Valley West (15),33 Division,Banbury-Don Mills,TRUE,FALSE,FALSE,FALSE,FALSE,TRUE,FALSE,FALSE,FALSE,FALSE,"{""coordinates"": [[-79.36086703907165, 43.75289371102234]], ""type"": ""MultiPoint""}"
9749,2023:3002731107,2023-11-26T18:10:00,EGLINTON AV E,ROSEMOUNT DR,,2,Non-Fatal Injury,Intersection-Related,Traffic Signal,Reversing,Rain,Dark,Wet,Major Arterial,TRUE,-79.27357139,43.73071877,1,Automobile or Station Wagon,South,1,15,None,Lap and Shoulder Belt,Failed to yield right-of-way,Other Condition,,,Turning Left,,,,,driver,,Scarborough Southwest (20),41 Division,Ionview,TRUE,FALSE,FALSE,FALSE,FALSE,FALSE,TRUE,FALSE,TRUE,FALSE,"{""coordinates"": [[-79.27357138629517, 43.73071876613862]], ""type"": ""MultiPoint""}"
9750,2023:3002731107,2023-11-26T18:10:00,EGLINTON AV E,ROSEMOUNT DR,,2,Non-Fatal Injury,Intersection-Related,Traffic Signal,Reversing,Rain,Dark,Wet,Major Arterial,TRUE,-79.27357139,43.73071877,1,,North,2,24,Major,No Equipment Available,,,Crossing with right-of-way (intersection),Normal,,Driver turns left into pedestrian crossing with right-of-way (at intersection),,,,pedestrian,,Scarborough Southwest (20),41 Division,Ionview,TRUE,FALSE,FALSE,FALSE,FALSE,FALSE,TRUE,FALSE,TRUE,FALSE,"{""coordinates"": [[-79.27357138629517, 43.73071876613862]], ""type"": ""MultiPoint""}"
9751,2023:3002742062,2023-11-28T06:55:00,DON MILLS RD W,ESTERBROOKE AVE,11 m North of,2,Non-Fatal Injury,Intersection-Related,Traffic Signal,Reversing,Clear,Dark,Dry,Major Arterial,FALSE,-79.34870574,43.77908922,1,Automobile or Station Wagon,East,2,63,None,Lap and Shoulder Belt,Improper turn,Normal,,,Turning Left,,,,,driver,,Don Valley North (17),33 Division,Don Valley Village,FALSE,FALSE,FALSE,FALSE,FALSE,FALSE,TRUE,FALSE,FALSE,FALSE,"{""coordinates"": [[-79.34870573786645, 43.77908922186134]], ""type"": ""MultiPoint""}"
9752,2023:3002742062,2023-11-28T06:55:00,DON MILLS RD W,ESTERBROOKE AVE,11 m North of,2,Non-Fatal Injury,Intersection-Related,Traffic Signal,Reversing,Clear,Dark,Dry,Major Arterial,FALSE,-79.34870574,43.77908922,1,,West,1,20,Major,No Equipment Available,,,Crossing with right-of-way (intersection),Normal,,Driver turns left into pedestrian crossing with right-of-way (at intersection),,,,pedestrian,,Don Valley North (17),33 Division,Don Valley Village,FALSE,FALSE,FALSE,FALSE,FALSE,FALSE,TRUE,FALSE,FALSE,FALSE,"{""coordinates"": [[-79.34870573786645, 43.77908922186134]], ""type"": ""MultiPoint""}"
9755,2023:3002755183,2023-11-29T19:24:00,113 TORYORK DR,ORMONT DRIVE,,2,Non-Fatal Injury,Non-Intersection,,Reversing,Clear,Dark with Artificial Lighting,Dry,Collector,FALSE,-79.55144961,43.75660183,1,,,2,43,Major,Use Unknown,,,Crossing without right-of-way (intersection),Normal,,Driver hits pedestrian at midblock,,,,pedestrian,,Humber River-Black Creek (7),31 Division,Humber Summit,FALSE,FALSE,FALSE,FALSE,FALSE,FALSE,TRUE,FALSE,FALSE,FALSE,"{""coordinates"": [[-79.55144960786035, 43.756601825456464]], ""type"": ""MultiPoint""}"
9756,2023:3002755183,2023-11-29T19:24:00,113 TORYORK DR,ORMONT DRIVE,,2,Non-Fatal Injury,Non-Intersection,,Reversing,Clear,Dark with Artificial Lighting,Dry,Collector,FALSE,-79.55144961,43.75660183,1,Automobile or Station Wagon,East,1,60,None,Lap and Shoulder Belt,Driving properly,Normal,,,Going Ahead,,,,,driver,,Humber River-Black Creek (7),31 Division,Humber Summit,FALSE,FALSE,FALSE,FALSE,FALSE,FALSE,TRUE,FALSE,FALSE,FALSE,"{""coordinates"": [[-79.55144960786035, 43.756601825456464]], ""type"": ""MultiPoint""}"
9757,2023:3002758869,2023-11-30T10:01:00,JANE ST,MAPLE LEAF DR,,2,Non-Fatal Injury,Intersection-Related,Traffic Signal,Reversing,Clear,Daylight,Dry,Major Arterial,FALSE,-79.50552831,43.70925377,1,,East,2,76,Major,No Equipment Available,,,Crossing with right-of-way (intersection),Normal,,Driver turns left into pedestrian crossing with right-of-way (at intersection),,,,pedestrian,,York South-Weston (5),12 Division,Rustic,TRUE,FALSE,FALSE,FALSE,FALSE,TRUE,TRUE,FALSE,FALSE,FALSE,"{""coordinates"": [[-79.50552830841627, 43.70925377468824]], ""type"": ""MultiPoint""}"
9758,2023:3002758869,2023-11-30T10:01:00,JANE ST,MAPLE LEAF DR,,2,Non-Fatal Injury,Intersection-Related,Traffic Signal,Reversing,Clear,Daylight,Dry,Major Arterial,FALSE,-79.50552831,43.70925377,1,Automobile or Station Wagon,East,1,49,None,Lap and Shoulder Belt,Failed to yield right-of-way,Normal,,,Turning Left,,,,,driver,,York South-Weston (5),12 Division,Rustic,TRUE,FALSE,FALSE,FALSE,FALSE,TRUE,TRUE,FALSE,FALSE,FALSE,"{""coordinates"": [[-79.50552830841627, 43.70925377468824]], ""type"": ""MultiPoint""}"
9759,2023:3002763481,2023-11-30T19:56:00,WESTON RD,RAY AVE,20 m East of,2,Non-Fatal Injury,Non-Intersection,,Reversing,Clear,Dark,Dry,Minor Arterial,FALSE,-79.49417579,43.68866585,1,Automobile or Station Wagon,West,1,66,None,Lap and Shoulder Belt,Driving properly,Normal,,,Going Ahead,,,,,driver,,York South-Weston (5),12 Division,Mount Dennis,FALSE,FALSE,FALSE,FALSE,FALSE,TRUE,TRUE,FALSE,FALSE,FALSE,"{""coordinates"": [[-79.49417578940088, 43.68866584925693]], ""type"": ""MultiPoint""}"
9760,2023:3002763481,2023-11-30T19:56:00,WESTON RD,RAY AVE,20 m East of,2,Non-Fatal Injury,Non-Intersection,,Reversing,Clear,Dark,Dry,Minor Arterial,FALSE,-79.49417579,43.68866585,1,,,2,46,Major,Use Unknown,,,Crossing without right-of-way (intersection),Had Been Drinking,,Driver hits pedestrian at midblock,,,,pedestrian,,York South-Weston (5),12 Division,Mount Dennis,FALSE,FALSE,FALSE,FALSE,FALSE,TRUE,TRUE,FALSE,FALSE,FALSE,"{""coordinates"": [[-79.49417578940088, 43.68866584925693]], ""type"": ""MultiPoint""}"
9761,2023:3002769085,2023-12-01T13:49:00,JONES AV,BOULTBEE AV,10 m South of,2,Non-Fatal Injury,Intersection-Related,Traffic Signal,Reversing,Rain,Daylight with Artificial Lighting,Wet,Minor Arterial,FALSE,-79.33702525,43.67276979,1,,,2,71,Major,No Equipment Available,,,Crossing with right-of-way (intersection),Normal,,Driver turns left into pedestrian crossing with right-of-way (at intersection),,,,pedestrian,,Toronto-Danforth (14),55 Division,Blake-Jones,TRUE,FALSE,FALSE,FALSE,FALSE,TRUE,TRUE,FALSE,FALSE,FALSE,"{""coordinates"": [[-79.33702525216945, 43.67276978873493]], ""type"": ""MultiPoint""}"
9762,2023:3002769085,2023-12-01T13:49:00,JONES AV,BOULTBEE AV,10 m South of,2,Non-Fatal Injury,Intersection-Related,Traffic Signal,Reversing,Rain,Daylight with Artificial Lighting,Wet,Minor Arterial,FALSE,-79.33702525,43.67276979,1,Automobile or Station Wagon,East,1,25,None,Lap and Shoulder Belt,Failed to yield right-of-way,Normal,,,Turning Left,,,,,driver,,Toronto-Danforth (14),55 Division,Blake-Jones,TRUE,FALSE,FALSE,FALSE,FALSE,TRUE,TRUE,FALSE,FALSE,FALSE,"{""coordinates"": [[-79.33702525216945, 43.67276978873493]], ""type"": ""MultiPoint""}"
9764,2023:3002895177,2023-12-17T17:00:00,ANNDALE DR,BALES AVE,,3,Non-Fatal Injury,Intersection-Related,Stop Sign,Reversing,Rain,Dark,Wet,Local,FALSE,-79.40935191,43.76034006,1,,,2,70,None,Lap and Shoulder Belt,,,,,,,,,,passenger,,Willowdale (18),32 Division,Avondale,TRUE,FALSE,FALSE,FALSE,FALSE,TRUE,TRUE,FALSE,FALSE,FALSE,"{""coordinates"": [[-79.40935191459648, 43.76034005960822]], ""type"": ""MultiPoint""}"
9765,2023:3002778824,2023-12-02T17:35:00,EMMETT AVE,VERONA AVE,1 m East of,2,Non-Fatal Injury,Intersection-Related,Stop Sign,Reversing,Clear,Dark with Artificial Lighting,Wet,Collector,FALSE,-79.50397195,43.68890237,1,,,2,47,Major,Use Unknown,,,Crossing with right-of-way (intersection),Normal,,Driver going straight hits pedestrian crossing with right-of-way (at intersection),,,,pedestrian,,York South-Weston (5),12 Division,Mount Dennis,TRUE,FALSE,FALSE,FALSE,FALSE,FALSE,TRUE,FALSE,FALSE,FALSE,"{""coordinates"": [[-79.50397194744508, 43.68890237312808]], ""type"": ""MultiPoint""}"
9766,2023:3002778824,2023-12-02T17:35:00,EMMETT AVE,VERONA AVE,1 m East of,2,Non-Fatal Injury,Intersection-Related,Stop Sign,Reversing,Clear,Dark with Artificial Lighting,Wet,Collector,FALSE,-79.50397195,43.68890237,1,Automobile or Station Wagon,West,1,47,None,Lap and Shoulder Belt,Failed to yield right-of-way,,,,Going Ahead,,,,,driver,,York South-Weston (5),12 Division,Mount Dennis,TRUE,FALSE,FALSE,FALSE,FALSE,FALSE,TRUE,FALSE,FALSE,FALSE,"{""coordinates"": [[-79.50397194744508, 43.68890237312808]], ""type"": ""MultiPoint""}"
9769,2023:3002818319,2023-12-07T16:12:00,FRONT ST W,SPADINA AVE,,2,Non-Fatal Injury,Intersection-Related,Traffic Signal,Reversing,Clear,Daylight,Dry,Minor Arterial,FALSE,-79.39364314,43.64281687,1,,North,2,27,Major,Use Unknown,,,Crossing without right-of-way (intersection),Normal,,Driver going straight hits pedestrian crossing without right-of-way (at intersection),,,,pedestrian,,Spadina-Fort York (10),52 Division,Wellington Place,FALSE,FALSE,FALSE,FALSE,FALSE,FALSE,TRUE,FALSE,FALSE,FALSE,"{""coordinates"": [[-79.39364314280802, 43.64281687414261]], ""type"": ""MultiPoint""}"
9770,2023:3002818319,2023-12-07T16:12:00,FRONT ST W,SPADINA AVE,,2,Non-Fatal Injury,Intersection-Related,Traffic Signal,Reversing,Clear,Daylight,Dry,Minor Arterial,FALSE,-79.39364314,43.64281687,1,Automobile or Station Wagon,West,1,58,None,Lap and Shoulder Belt,Driving properly,Normal,,,Going Ahead,,,,,driver,,Spadina-Fort York (10),52 Division,Wellington Place,FALSE,FALSE,FALSE,FALSE,FALSE,FALSE,TRUE,FALSE,FALSE,FALSE,"{""coordinates"": [[-79.39364314280802, 43.64281687414261]], ""type"": ""MultiPoint""}"
9771,2023:3002820255,2023-12-07T20:47:00,DUNDAS ST W,SHORNCLIFFE RD,5 m East of,2,Non-Fatal Injury,Intersection-Related,Traffic Signal,Reversing,Clear,Dark with Artificial Lighting,Dry,Major Arterial,FALSE,-79.5446673,43.6321245,1,,,2,68,Major,Use Unknown,,,Crossing with right-of-way (intersection),Normal,,Driver turns right into pedestrian crossing with right-of-way (at intersection),,,,pedestrian,,Etobicoke-Lakeshore (3),22 Division,Etobicoke City Centre,FALSE,FALSE,FALSE,FALSE,FALSE,TRUE,TRUE,FALSE,FALSE,TRUE,"{""coordinates"": [[-79.54466729581675, 43.632124497944595]], ""type"": ""MultiPoint""}"
9772,2023:3002820255,2023-12-07T20:47:00,DUNDAS ST W,SHORNCLIFFE RD,5 m East of,2,Non-Fatal Injury,Intersection-Related,Traffic Signal,Reversing,Clear,Dark with Artificial Lighting,Dry,Major Arterial,FALSE,-79.5446673,43.6321245,1,Truck - Closed,East,1,52,None,Lap and Shoulder Belt,Improper turn,Normal,,,Turning Right,,,,,driver,,Etobicoke-Lakeshore (3),22 Division,Etobicoke City Centre,FALSE,FALSE,FALSE,FALSE,FALSE,TRUE,TRUE,FALSE,FALSE,TRUE,"{""coordinates"": [[-79.54466729581675, 43.632124497944595]], ""type"": ""MultiPoint""}"
9775,2023:3002836008,2023-12-09T20:48:00,318 RUSTIC RD,,5 m South of,2,Non-Fatal Injury,Intersection-Related,Traffic Signal,Reversing,Rain,Dark with Artificial Lighting,Wet,Collector,FALSE,-79.49014741,43.71537253,1,,North,2,78,Major,Use Unknown,,,Crossing without right-of-way (intersection),Normal,,Driver hits pedestrian at midblock,,,,pedestrian,,York South-Weston (5),12 Division,Maple Leaf,FALSE,FALSE,FALSE,FALSE,FALSE,TRUE,TRUE,FALSE,FALSE,FALSE,"{""coordinates"": [[-79.49014741317978, 43.715372526683616]], ""type"": ""MultiPoint""}"
9776,2023:3002836008,2023-12-09T20:48:00,318 RUSTIC RD,,5 m South of,2,Non-Fatal Injury,Intersection-Related,Traffic Signal,Reversing,Rain,Dark with Artificial Lighting,Wet,Collector,FALSE,-79.49014741,43.71537253,1,Automobile or Station Wagon,West,1,81,None,Lap and Shoulder Belt,Driving properly,Normal,,,Going Ahead,,,,,driver,,York South-Weston (5),12 Division,Maple Leaf,FALSE,FALSE,FALSE,FALSE,FALSE,TRUE,TRUE,FALSE,FALSE,FALSE,"{""coordinates"": [[-79.49014741317978, 43.715372526683616]], ""type"": ""MultiPoint""}"
9777,2023:3002850941,2023-12-10T12:40:00,BIRCHMOUNT RD,DANFORTH AVE,25 m North of,2,Non-Fatal Injury,Intersection-Related,Traffic Signal,Reversing,Clear,Dark with Artificial Lighting,Dry,Minor Arterial,FALSE,-79.26400415,43.69699301,1,,,2,29,Major,No Equipment Available,,,Crossing with right-of-way (intersection),Normal,,Driver turns right into pedestrian crossing with right-of-way (at intersection),,,,pedestrian,,Scarborough Southwest (20),41 Division,Birchcliffe-Cliffside,TRUE,TRUE,FALSE,FALSE,FALSE,FALSE,TRUE,FALSE,FALSE,FALSE,"{""coordinates"": [[-79.26400414951775, 43.69699301328819]], ""type"": ""MultiPoint""}"
9778,2023:3002850941,2023-12-10T12:40:00,BIRCHMOUNT RD,DANFORTH AVE,25 m North of,2,Non-Fatal Injury,Intersection-Related,Traffic Signal,Reversing,Clear,Dark with Artificial Lighting,Dry,Minor Arterial,FALSE,-79.26400415,43.69699301,1,Automobile or Station Wagon,West,1,34,None,Lap and Shoulder Belt,Failed to yield right-of-way,Inattentive,,,Turning Right,,,,,driver,,Scarborough Southwest (20),41 Division,Birchcliffe-Cliffside,TRUE,TRUE,FALSE,FALSE,FALSE,FALSE,TRUE,FALSE,FALSE,FALSE,"{""coordinates"": [[-79.26400414951775, 43.69699301328819]], ""type"": ""MultiPoint""}"
9779,2023:3002861573,2023-12-13T10:19:00,BRIAR HILL AV,DUFFERIN ST,2 m East of,2,Non-Fatal Injury,Intersection-Related,Traffic Signal,Reversing,Clear,Daylight,Dry,Major Arterial,FALSE,-79.45208432,43.70234529,1,Automobile or Station Wagon,East,1,25,None,Lap and Shoulder Belt,Improper turn,Fatigue/Fell Asleep,,,Turning Left,,,,,driver,,Eglinton-Lawrence (8),13 Division,Briar Hill-Belgravia,FALSE,FALSE,FALSE,FALSE,FALSE,TRUE,TRUE,FALSE,FALSE,FALSE,"{""coordinates"": [[-79.45208431843356, 43.70234528981697]], ""type"": ""MultiPoint""}"
9780,2023:3002861573,2023-12-13T10:19:00,BRIAR HILL AV,DUFFERIN ST,2 m East of,2,Non-Fatal Injury,Intersection-Related,Traffic Signal,Reversing,Clear,Daylight,Dry,Major Arterial,FALSE,-79.45208432,43.70234529,1,,,2,89,Major,No Equipment Available,,,Crossing with right-of-way (intersection),Normal,,Driver turns left into pedestrian crossing with right-of-way (at intersection),,,,pedestrian,,Eglinton-Lawrence (8),13 Division,Briar Hill-Belgravia,FALSE,FALSE,FALSE,FALSE,FALSE,TRUE,TRUE,FALSE,FALSE,FALSE,"{""coordinates"": [[-79.45208431843356, 43.70234528981697]], ""type"": ""MultiPoint""}"
9781,2023:3002895177,2023-12-17T17:00:00,ANNDALE DR,BALES AVE,,3,Non-Fatal Injury,Intersection-Related,Stop Sign,Reversing,Rain,Dark,Wet,Local,FALSE,-79.40935191,43.76034006,1,Automobile or Station Wagon,West,1,42,None,Lap and Shoulder Belt,Failed to yield right-of-way,Normal,,,Turning Left,,,,,driver,,Willowdale (18),32 Division,Avondale,TRUE,FALSE,FALSE,FALSE,FALSE,TRUE,TRUE,FALSE,FALSE,FALSE,"{""coordinates"": [[-79.40935191459648, 43.76034005960822]], ""type"": ""MultiPoint""}"
9782,2023:3002895177,2023-12-17T17:00:00,ANNDALE DR,BALES AVE,,3,Non-Fatal Injury,Intersection-Related,Stop Sign,Reversing,Rain,Dark,Wet,Local,FALSE,-79.40935191,43.76034006,1,,,3,52,Major,Use Unknown,,,Crossing with right-of-way (intersection),Normal,,Driver turns left into pedestrian crossing with right-of-way (at intersection),,,,pedestrian,,Willowdale (18),32 Division,Avondale,TRUE,FALSE,FALSE,FALSE,FALSE,TRUE,TRUE,FALSE,FALSE,FALSE,"{""coordinates"": [[-79.40935191459648, 43.76034005960822]], ""type"": ""MultiPoint""}"
9783,2023:3002895047,2023-12-17T17:07:00,ALBION RD,ELMHURST DR,2 m South of,2,Non-Fatal Injury,Intersection-Related,Traffic Signal,Reversing,Rain,Dark,Wet,Major Arterial,FALSE,-79.55048836,43.72487119,1,Automobile or Station Wagon,South,1,70,None,Lap and Shoulder Belt,Driving properly,Normal,,,Going Ahead,,,,,driver,,Etobicoke North (1),23 Division,Elms-Old Rexdale,FALSE,FALSE,FALSE,FALSE,FALSE,TRUE,TRUE,FALSE,FALSE,FALSE,"{""coordinates"": [[-79.55048835847765, 43.72487118851842]], ""type"": ""MultiPoint""}"
9784,2023:3002895047,2023-12-17T17:07:00,ALBION RD,ELMHURST DR,2 m South of,2,Non-Fatal Injury,Intersection-Related,Traffic Signal,Reversing,Rain,Dark,Wet,Major Arterial,FALSE,-79.55048836,43.72487119,1,,East,2,78,Major,Use Unknown,,,Crossing without right-of-way (intersection),Other Condition,,Driver going straight hits pedestrian crossing without right-of-way (at intersection),,,,pedestrian,,Etobicoke North (1),23 Division,Elms-Old Rexdale,FALSE,FALSE,FALSE,FALSE,FALSE,TRUE,TRUE,FALSE,FALSE,FALSE,"{""coordinates"": [[-79.55048835847765, 43.72487118851842]], ""type"": ""MultiPoint""}"