_id,collision_id,accdate,stname1,stname2,stname3,per_inv,acclass,accloc,traffictl,impactype,visible,light,rdsfcond,road_class,failtorem,longitude,latitude,veh_no,vehtype,initdir,per_no,invage,injury,safequip,drivact,drivcond,pedact,pedcond,manoeuvre,pedtype,cyclistype,cycact,cyccond,road_user,fatal_no,wardname,division,neighbourhood,aggressive,distracted,cyclist,motorcyclist,other_micromobility,older_adult,pedestrian,red_light,school_child,heavy_truck,geometry
9832,2024:4000070953,2024-01-10T13:13:00,VANDERHOOF AV,AERODROME CR,,2,Non-Fatal Injury,Intersection-Related,Stop Sign,Turning Movement,Clear,Daylight,Dry,Local,FALSE,-79.35533577,43.71366336,2,Automobile or Station Wagon,South,2,59,Major,Lap and Shoulder Belt,,Unknown,,,Turning Right,,,,,driver,,Don Valley West (15),53 Division,Thorncliffe Park,FALSE,FALSE,FALSE,FALSE,FALSE,FALSE,FALSE,FALSE,TRUE,FALSE,"{""coordinates"": [[-79.35533577430573, 43.713663363187095]], ""type"": ""MultiPoint""}"
9833,2024:4000070953,2024-01-10T13:13:00,VANDERHOOF AV,AERODROME CR,,2,Non-Fatal Injury,Intersection-Related,Stop Sign,Turning Movement,Clear,Daylight,Dry,Local,FALSE,-79.35533577,43.71366336,1,Automobile or Station Wagon,West,1,16,None,Lap and Shoulder Belt,Lost control,Normal,,,Turning Right,,,,,driver,,Don Valley West (15),53 Division,Thorncliffe Park,FALSE,FALSE,FALSE,FALSE,FALSE,FALSE,FALSE,FALSE,TRUE,FALSE,"{""coordinates"": [[-79.35533577430573, 43.713663363187095]], ""type"": ""MultiPoint""}"
9834,2024:4000087560,2024-01-12T14:49:00,NORTHGLEN AVE,COWLEY AVE,,2,Non-Fatal Injury,Four-way,Stop Sign,Angle,Clear,Daylight,Dry,Local,FALSE,-79.55354077,43.65258762,2,Automobile or Station Wagon,East,2,54,None,Use Unknown,Driving properly,Normal,,,Going Ahead,,,,,driver,,Etobicoke Centre (2),22 Division,Islington,FALSE,FALSE,FALSE,FALSE,TRUE,FALSE,FALSE,FALSE,FALSE,FALSE,"{""coordinates"": [[-79.553540770629, 43.652587619501155]], ""type"": ""MultiPoint""}"
9835,2024:4000087560,2024-01-12T14:49:00,NORTHGLEN AVE,COWLEY AVE,,2,Non-Fatal Injury,Four-way,Stop Sign,Angle,Clear,Daylight,Dry,Local,FALSE,-79.55354077,43.65258762,1,E-Scooter (Electric Kick-Style Scooter),South,1,28,Major,No Equipment Available,,,,,Going Ahead,,"Cyclist without right-of-way rides into path of driver (at intersection, laneway, or driveway)",Disobeyed Traffic Control,Normal,other_micromobility,,Etobicoke Centre (2),22 Division,Islington,FALSE,FALSE,FALSE,FALSE,TRUE,FALSE,FALSE,FALSE,FALSE,FALSE,"{""coordinates"": [[-79.553540770629, 43.652587619501155]], ""type"": ""MultiPoint""}"
9836,2024:4000130665,2024-01-18T08:39:00,MORNINGSIDE AVE,LAWRENCE AVE E,30 m North of,2,Non-Fatal Injury,Intersection-Related,Traffic Signal,Reversing,Clear,Daylight,Dry,Minor Arterial,FALSE,-79.18622991,43.76840789,1,,,2,39,Major,Use Unknown,,,Crossing without right-of-way (intersection),Normal,,Driver going straight hits pedestrian crossing without right-of-way (at intersection),,,,pedestrian,,Scarborough-Guildwood (24),43 Division,West Hill,FALSE,FALSE,FALSE,FALSE,FALSE,FALSE,TRUE,FALSE,FALSE,FALSE,"{""coordinates"": [[-79.18622991162907, 43.76840788527467]], ""type"": ""MultiPoint""}"
9839,2024:4000149043,2024-01-20T14:52:00,BATHURST ST,COLLEGE ST,190 m North of,3,Non-Fatal Injury,Non-Intersection,No Control,Approaching Head On,Clear,Daylight,Dry,Major Arterial,FALSE,-79.40831447,43.65795361,1,Automobile or Station Wagon,,3,75,Major,Lap and Shoulder Belt,,,,,,,,,,passenger,,University-Rosedale (11),14 Division,University,TRUE,FALSE,FALSE,FALSE,FALSE,TRUE,FALSE,FALSE,FALSE,TRUE,"{""coordinates"": [[-79.40831447335843, 43.657953610595456]], ""type"": ""MultiPoint""}"
9840,2024:4000149043,2024-01-20T14:52:00,BATHURST ST,COLLEGE ST,190 m North of,3,Non-Fatal Injury,Non-Intersection,No Control,Approaching Head On,Clear,Daylight,Dry,Major Arterial,FALSE,-79.40831447,43.65795361,2,Streetcar,North,2,50,None,Lap and Shoulder Belt,Driving properly,Normal,,,Going Ahead,,,,,driver,,University-Rosedale (11),14 Division,University,TRUE,FALSE,FALSE,FALSE,FALSE,TRUE,FALSE,FALSE,FALSE,TRUE,"{""coordinates"": [[-79.40831447335843, 43.657953610595456]], ""type"": ""MultiPoint""}"
9841,2024:4000149043,2024-01-20T14:52:00,BATHURST ST,COLLEGE ST,190 m North of,3,Non-Fatal Injury,Non-Intersection,No Control,Approaching Head On,Clear,Daylight,Dry,Major Arterial,FALSE,-79.40831447,43.65795361,1,Automobile or Station Wagon,South,1,78,Major,Lap and Shoulder Belt,Exceeding speed limit,Normal,,,Going Ahead,,,,,driver,,University-Rosedale (11),14 Division,University,TRUE,FALSE,FALSE,FALSE,FALSE,TRUE,FALSE,FALSE,FALSE,TRUE,"{""coordinates"": [[-79.40831447335843, 43.657953610595456]], ""type"": ""MultiPoint""}"
9842,2024:4000161611,2024-01-22T10:51:00,400 MIDWEST RD,GREAT W DR,325 m South of,2,Non-Fatal Injury,Non-Intersection,No Control,Rear End,Clear,Daylight,Dry,Collector,FALSE,-79.27251086,43.76395622,2,Pickup Truck,North,2,29,None,Lap and Shoulder Belt,Driving properly,Normal,,,Slowing or Stopping,,,,,driver,,Scarborough Centre (21),41 Division,Dorset Park,TRUE,FALSE,FALSE,FALSE,FALSE,FALSE,FALSE,FALSE,FALSE,FALSE,"{""coordinates"": [[-79.27251086307005, 43.76395622435856]], ""type"": ""MultiPoint""}"
9843,2024:4000161611,2024-01-22T10:51:00,400 MIDWEST RD,GREAT W DR,325 m South of,2,Non-Fatal Injury,Non-Intersection,No Control,Rear End,Clear,Daylight,Dry,Collector,FALSE,-79.27251086,43.76395622,1,Automobile or Station Wagon,North,1,20,Major,Lap and Shoulder Belt,Exceeding speed limit,Normal,,,Going Ahead,,,,,driver,,Scarborough Centre (21),41 Division,Dorset Park,TRUE,FALSE,FALSE,FALSE,FALSE,FALSE,FALSE,FALSE,FALSE,FALSE,"{""coordinates"": [[-79.27251086307005, 43.76395622435856]], ""type"": ""MultiPoint""}"
9844,2024:4000191749,2024-01-26T07:15:00,DORIS AV,FINCH AV E,,2,Non-Fatal Injury,Intersection-Related,Traffic Signal,SMV Other,Rain,Dark with Artificial Lighting,Wet,,FALSE,-79.41218734,43.78044209,1,Passenger Van,North,1,64,None,Lap and Shoulder Belt,Failed to yield right-of-way,Normal,,,Turning Right,,,,,driver,,Willowdale (18),32 Division,East Willowdale,TRUE,FALSE,FALSE,FALSE,FALSE,FALSE,TRUE,FALSE,FALSE,FALSE,"{""coordinates"": [[-79.41218733990432, 43.78044209298617]], ""type"": ""MultiPoint""}"
9845,2024:4000191749,2024-01-26T07:15:00,DORIS AV,FINCH AV E,,2,Non-Fatal Injury,Intersection-Related,Traffic Signal,SMV Other,Rain,Dark with Artificial Lighting,Wet,,FALSE,-79.41218734,43.78044209,1,,,2,21,Major,No Equipment Available,,,Crossing with right-of-way (intersection),Normal,,Driver turns right into pedestrian crossing with right-of-way (at intersection),,,,pedestrian,,Willowdale (18),32 Division,East Willowdale,TRUE,FALSE,FALSE,FALSE,FALSE,FALSE,TRUE,FALSE,FALSE,FALSE,"{""coordinates"": [[-79.41218733990432, 43.78044209298617]], ""type"": ""MultiPoint""}"
9846,2024:4000198393,2024-01-26T23:36:00,BRIMLEY RD,STRODE DR,,3,Non-Fatal Injury,Intersection-Related,No Control,Rear End,Clear,Dark with Artificial Lighting,Wet,Major Arterial,FALSE,-79.24950822,43.73945058,1,Automobile or Station Wagon,,3,0,Major,Lap and Shoulder Belt,,,,,,,,,,passenger,,Scarborough Centre (21),41 Division,Eglinton East,FALSE,FALSE,FALSE,FALSE,FALSE,FALSE,FALSE,FALSE,FALSE,TRUE,"{""coordinates"": [[-79.24950822400771, 43.739450577868205]], ""type"": ""MultiPoint""}"
9847,2024:4000198393,2024-01-26T23:36:00,BRIMLEY RD,STRODE DR,,3,Non-Fatal Injury,Intersection-Related,No Control,Rear End,Clear,Dark with Artificial Lighting,Wet,Major Arterial,FALSE,-79.24950822,43.73945058,1,Automobile or Station Wagon,South,1,26,Minor,Lap and Shoulder Belt,Lost control,Other Condition,,,Going Ahead,,,,,driver,,Scarborough Centre (21),41 Division,Eglinton East,FALSE,FALSE,FALSE,FALSE,FALSE,FALSE,FALSE,FALSE,FALSE,TRUE,"{""coordinates"": [[-79.24950822400771, 43.739450577868205]], ""type"": ""MultiPoint""}"
9848,2024:4000198393,2024-01-26T23:36:00,BRIMLEY RD,STRODE DR,,3,Non-Fatal Injury,Intersection-Related,No Control,Rear End,Clear,Dark with Artificial Lighting,Wet,Major Arterial,FALSE,-79.24950822,43.73945058,2,Truck - Dump,South,2,30,None,Other Safety Equipment Used,Driving properly,Normal,,,Slowing or Stopping,,,,,driver,,Scarborough Centre (21),41 Division,Eglinton East,FALSE,FALSE,FALSE,FALSE,FALSE,FALSE,FALSE,FALSE,FALSE,TRUE,"{""coordinates"": [[-79.24950822400771, 43.739450577868205]], ""type"": ""MultiPoint""}"
9849,2024:4000199163,2024-01-27T02:33:00,EGLINTON AVE W,SCARLETT RD,242 m W of,4,Non-Fatal Injury,Non-Intersection,,SMV Other,Clear,Dark,Wet,Major Arterial,FALSE,-79.51466836,43.68346706,1,Automobile or Station Wagon,West,1,34,Minimal,Use Unknown,Exceeding speed limit,Unknown,,,Going Ahead,,,,,driver,,Etobicoke Centre (2),22 Division,Edenbridge-Humber Valley,TRUE,FALSE,FALSE,FALSE,FALSE,FALSE,FALSE,FALSE,FALSE,FALSE,"{""coordinates"": [[-79.51466836300813, 43.683467056298554]], ""type"": ""MultiPoint""}"
9850,2024:4000199163,2024-01-27T02:33:00,EGLINTON AVE W,SCARLETT RD,242 m W of,4,Non-Fatal Injury,Non-Intersection,,SMV Other,Clear,Dark,Wet,Major Arterial,FALSE,-79.51466836,43.68346706,1,,,2,35,Minor,Lap and Shoulder Belt,,,,,,,,,,passenger,,Etobicoke Centre (2),22 Division,Edenbridge-Humber Valley,TRUE,FALSE,FALSE,FALSE,FALSE,FALSE,FALSE,FALSE,FALSE,FALSE,"{""coordinates"": [[-79.51466836300813, 43.683467056298554]], ""type"": ""MultiPoint""}"
9851,2024:4000199163,2024-01-27T02:33:00,EGLINTON AVE W,SCARLETT RD,242 m W of,4,Non-Fatal Injury,Non-Intersection,,SMV Other,Clear,Dark,Wet,Major Arterial,FALSE,-79.51466836,43.68346706,1,,,4,28,Major,Lap and Shoulder Belt,,,,,,,,,,passenger,,Etobicoke Centre (2),22 Division,Edenbridge-Humber Valley,TRUE,FALSE,FALSE,FALSE,FALSE,FALSE,FALSE,FALSE,FALSE,FALSE,"{""coordinates"": [[-79.51466836300813, 43.683467056298554]], ""type"": ""MultiPoint""}"
9852,2024:4000204314,2024-01-27T19:09:00,GRAYDON HALL DR,FENELON DR,2 m East of,2,Non-Fatal Injury,Non-Intersection,No Control,SMV Other,Clear,Dark,Dry,Collector,FALSE,-79.33913085,43.76365113,1,Automobile or Station Wagon,East,1,46,Major,Lap and Shoulder Belt,Lost control,Medical or Physical Disability,,,Going Ahead,,,,,driver,,Don Valley East (16),33 Division,Fenside-Parkwoods,FALSE,FALSE,FALSE,FALSE,FALSE,FALSE,FALSE,FALSE,TRUE,FALSE,"{""coordinates"": [[-79.33913084709985, 43.763651130280195]], ""type"": ""MultiPoint""}"
9853,2024:4000204314,2024-01-27T19:09:00,GRAYDON HALL DR,FENELON DR,2 m East of,2,Non-Fatal Injury,Non-Intersection,No Control,SMV Other,Clear,Dark,Dry,Collector,FALSE,-79.33913085,43.76365113,1,Automobile or Station Wagon,,2,14,Minimal,Lap and Shoulder Belt,,,,,,,,,,passenger,,Don Valley East (16),33 Division,Fenside-Parkwoods,FALSE,FALSE,FALSE,FALSE,FALSE,FALSE,FALSE,FALSE,TRUE,FALSE,"{""coordinates"": [[-79.33913084709985, 43.763651130280195]], ""type"": ""MultiPoint""}"
9854,2024:4000206703,2024-01-28T03:13:00,CARLTON ST,YONGE ST,3 m West of,2,Non-Fatal Injury,Intersection-Related,Traffic Signal,Reversing,Clear,Dark with Artificial Lighting,Dry,Major Arterial,FALSE,-79.38306875,43.66129906,1,,,2,33,Major,No Equipment Available,,,Walking on roadway with traffic,Had Been Drinking,,Driver hits pedestrian on sidewalk or shoulder,,,,pedestrian,,Toronto Centre (13),51 Division,Downtown Yonge East,FALSE,FALSE,FALSE,FALSE,FALSE,FALSE,TRUE,FALSE,FALSE,FALSE,"{""coordinates"": [[-79.38306875291298, 43.661299062395805]], ""type"": ""MultiPoint""}"
9855,2024:4000206703,2024-01-28T03:13:00,CARLTON ST,YONGE ST,3 m West of,2,Non-Fatal Injury,Intersection-Related,Traffic Signal,Reversing,Clear,Dark with Artificial Lighting,Dry,Major Arterial,FALSE,-79.38306875,43.66129906,1,Automobile or Station Wagon,West,1,29,None,Lap and Shoulder Belt,Driving properly,Normal,,,Going Ahead,,,,,driver,,Toronto Centre (13),51 Division,Downtown Yonge East,FALSE,FALSE,FALSE,FALSE,FALSE,FALSE,TRUE,FALSE,FALSE,FALSE,"{""coordinates"": [[-79.38306875291298, 43.661299062395805]], ""type"": ""MultiPoint""}"
9858,2024:4000247530,2024-02-02T10:02:00,127 MAITLAND ST,JARVIS STREET,1 m North of,2,Non-Fatal Injury,Non-Intersection,No Control,Reversing,Clear,Daylight,Dry,Collector,FALSE,-79.37851399,43.66499168,1,Automobile or Station Wagon,East,1,58,None,Lap and Shoulder Belt,,Unknown,,,Going Ahead,,,,,driver,,Toronto Centre (13),51 Division,Church-Wellesley,FALSE,FALSE,FALSE,FALSE,FALSE,FALSE,TRUE,FALSE,FALSE,FALSE,"{""coordinates"": [[-79.37851398995221, 43.66499168198435]], ""type"": ""MultiPoint""}"
9859,2024:4000247530,2024-02-02T10:02:00,127 MAITLAND ST,JARVIS STREET,1 m North of,2,Non-Fatal Injury,Non-Intersection,No Control,Reversing,Clear,Daylight,Dry,Collector,FALSE,-79.37851399,43.66499168,1,,,2,57,Major,No Equipment Available,,,Crossing - no traffic control,Had Been Drinking,,Driver hits pedestrian at midblock,,,,pedestrian,,Toronto Centre (13),51 Division,Church-Wellesley,FALSE,FALSE,FALSE,FALSE,FALSE,FALSE,TRUE,FALSE,FALSE,FALSE,"{""coordinates"": [[-79.37851398995221, 43.66499168198435]], ""type"": ""MultiPoint""}"
9860,2024:4000247868,2024-02-02T10:50:00,YONGE ST,3083 YONGE ST,10 m East of,4,Non-Fatal Injury,Non-Intersection,Traffic Signal,Reversing,Clear,Daylight,Dry,Major Arterial,TRUE,-79.4019667,43.72505411,2,,,4,71,Major,No Equipment Available,,,On sidewalk or shoulder,Normal,,Driver hits pedestrian on sidewalk or shoulder,,,,pedestrian,,Don Valley West (15),53 Division,Lawrence Park South,FALSE,FALSE,FALSE,FALSE,FALSE,TRUE,TRUE,FALSE,FALSE,TRUE,"{""coordinates"": [[-79.40196669895602, 43.725054108390374]], ""type"": ""MultiPoint""}"
9861,2024:4000247868,2024-02-02T10:50:00,YONGE ST,3083 YONGE ST,10 m East of,4,Non-Fatal Injury,Non-Intersection,Traffic Signal,Reversing,Clear,Daylight,Dry,Major Arterial,TRUE,-79.4019667,43.72505411,2,Automobile or Station Wagon,East,2,56,None,Lap and Shoulder Belt,Lost control,Normal,,,Going Ahead,,,,,driver,,Don Valley West (15),53 Division,Lawrence Park South,FALSE,FALSE,FALSE,FALSE,FALSE,TRUE,TRUE,FALSE,FALSE,TRUE,"{""coordinates"": [[-79.40196669895602, 43.725054108390374]], ""type"": ""MultiPoint""}"
9862,2024:4000247868,2024-02-02T10:50:00,YONGE ST,3083 YONGE ST,10 m East of,4,Non-Fatal Injury,Non-Intersection,Traffic Signal,Reversing,Clear,Daylight,Dry,Major Arterial,TRUE,-79.4019667,43.72505411,2,Automobile or Station Wagon,,3,78,None,Lap and Shoulder Belt,,,,,,,,,,passenger,,Don Valley West (15),53 Division,Lawrence Park South,FALSE,FALSE,FALSE,FALSE,FALSE,TRUE,TRUE,FALSE,FALSE,TRUE,"{""coordinates"": [[-79.40196669895602, 43.725054108390374]], ""type"": ""MultiPoint""}"
9863,2024:4000250094,2024-02-02T15:38:00,WASHBURN WY,NAHANNI TER,5 m North of,2,Non-Fatal Injury,Intersection-Related,Pedestrian Crossover,Reversing,Clear,Daylight,Dry,Collector,FALSE,-79.22443032,43.80246936,1,,,2,17,Major,Use Unknown,,,Crossing - pedestrian crossover,Normal,,Driver going straight hits pedestrian crossing with right-of-way (at intersection),,,,pedestrian,,Scarborough North (23),42 Division,Malvern West,FALSE,FALSE,FALSE,FALSE,FALSE,TRUE,TRUE,FALSE,TRUE,FALSE,"{""coordinates"": [[-79.2244303168338, 43.802469362018044]], ""type"": ""MultiPoint""}"
9864,2024:4000250094,2024-02-02T15:38:00,WASHBURN WY,NAHANNI TER,5 m North of,2,Non-Fatal Injury,Intersection-Related,Pedestrian Crossover,Reversing,Clear,Daylight,Dry,Collector,FALSE,-79.22443032,43.80246936,1,Automobile or Station Wagon,South,1,74,None,Lap and Shoulder Belt,Driving properly,Normal,,,Going Ahead,,,,,driver,,Scarborough North (23),42 Division,Malvern West,FALSE,FALSE,FALSE,FALSE,FALSE,TRUE,TRUE,FALSE,TRUE,FALSE,"{""coordinates"": [[-79.2244303168338, 43.802469362018044]], ""type"": ""MultiPoint""}"
9865,2024:4000252873,2024-02-02T22:13:00,KING ST W,NIAGARA ST,3 m East of,2,Non-Fatal Injury,Intersection-Related,Traffic Signal,Reversing,Clear,Dark with Artificial Lighting,Dry,Major Arterial,FALSE,-79.4077957,43.64276349,1,Automobile or Station Wagon,East,1,57,None,Lap and Shoulder Belt,Failed to yield right-of-way,Normal,,,Turning Left,,,,,driver,,Spadina-Fort York (10),14 Division,West Queen West,TRUE,FALSE,FALSE,FALSE,FALSE,FALSE,TRUE,FALSE,FALSE,FALSE,"{""coordinates"": [[-79.40779569764918, 43.64276348957411]], ""type"": ""MultiPoint""}"
9866,2024:4000252873,2024-02-02T22:13:00,KING ST W,NIAGARA ST,3 m East of,2,Non-Fatal Injury,Intersection-Related,Traffic Signal,Reversing,Clear,Dark with Artificial Lighting,Dry,Major Arterial,FALSE,-79.4077957,43.64276349,1,,North,2,28,Major,Use Unknown,,,Crossing with right-of-way (intersection),Normal,,Driver turns left into pedestrian crossing with right-of-way (at intersection),,,,pedestrian,,Spadina-Fort York (10),14 Division,West Queen West,TRUE,FALSE,FALSE,FALSE,FALSE,FALSE,TRUE,FALSE,FALSE,FALSE,"{""coordinates"": [[-79.40779569764918, 43.64276348957411]], ""type"": ""MultiPoint""}"
9869,2025:5000131733,2025-01-18T18:44:00,3220 YONGE ST,BOWOOD AVE,6 m north of,6,Non-Fatal Injury,Non-Intersection,No Control,SMV Other,Clear,Dark with Artificial Lighting,Wet,,FALSE,-79.40314929,43.72871109,1,,,4,30,None,Lap and Shoulder Belt,,,,,,,,,,passenger,,Don Valley West (15),32 Division,Lawrence Park North,FALSE,FALSE,FALSE,FALSE,FALSE,FALSE,TRUE,FALSE,TRUE,FALSE,"{""coordinates"": [[-79.40314929195114, 43.72871109075636]], ""type"": ""MultiPoint""}"
9870,2024:4000261593,2024-02-04T06:27:00,MARTIN GROVE RD,PORTERFIELD RD,240 m South of,2,Non-Fatal Injury,Non-Intersection,No Control,SMV Other,Clear,Daylight,Dry,Major Arterial,FALSE,-79.58402723,43.72012575,1,,,2,20,Major,Equipment Not Used But Available,,,,,,,,,,passenger,,Etobicoke North (1),23 Division,West Humber-Clairville,FALSE,FALSE,FALSE,FALSE,FALSE,FALSE,FALSE,FALSE,TRUE,FALSE,"{""coordinates"": [[-79.58402722812518, 43.720125746000775]], ""type"": ""MultiPoint""}"
9871,2024:4000261593,2024-02-04T06:27:00,MARTIN GROVE RD,PORTERFIELD RD,240 m South of,2,Non-Fatal Injury,Non-Intersection,No Control,SMV Other,Clear,Daylight,Dry,Major Arterial,FALSE,-79.58402723,43.72012575,1,Automobile or Station Wagon,North,1,19,Minimal,Lap and Shoulder Belt,Lost control,Had Been Drinking,,,Going Ahead,,,,,driver,,Etobicoke North (1),23 Division,West Humber-Clairville,FALSE,FALSE,FALSE,FALSE,FALSE,FALSE,FALSE,FALSE,TRUE,FALSE,"{""coordinates"": [[-79.58402722812518, 43.720125746000775]], ""type"": ""MultiPoint""}"
9872,2024:4000265401,2024-02-04T18:33:00,BLOOR ST E,PARLIAMENT ST,175 m East of,3,Non-Fatal Injury,Non-Intersection,No Control,Turning Movement,Clear,Dark with Artificial Lighting,Dry,Major Arterial,FALSE,-79.36916032,43.67303305,2,Automobile or Station Wagon,West,2,32,Major,Helmet,Driving properly,Normal,,,Going Ahead,,,,,driver,,University-Rosedale (11),51 Division,Cabbagetown-South St.James Town,FALSE,FALSE,FALSE,FALSE,FALSE,FALSE,FALSE,FALSE,FALSE,FALSE,"{""coordinates"": [[-79.36916032236289, 43.67303304872262]], ""type"": ""MultiPoint""}"
9873,2024:4000265401,2024-02-04T18:33:00,BLOOR ST E,PARLIAMENT ST,175 m East of,3,Non-Fatal Injury,Non-Intersection,No Control,Turning Movement,Clear,Dark with Artificial Lighting,Dry,Major Arterial,FALSE,-79.36916032,43.67303305,1,,,3,46,None,Lap and Shoulder Belt,,,,,,,,,,passenger,,University-Rosedale (11),51 Division,Cabbagetown-South St.James Town,FALSE,FALSE,FALSE,FALSE,FALSE,FALSE,FALSE,FALSE,FALSE,FALSE,"{""coordinates"": [[-79.36916032236289, 43.67303304872262]], ""type"": ""MultiPoint""}"
9874,2024:4000265401,2024-02-04T18:33:00,BLOOR ST E,PARLIAMENT ST,175 m East of,3,Non-Fatal Injury,Non-Intersection,No Control,Turning Movement,Clear,Dark with Artificial Lighting,Dry,Major Arterial,FALSE,-79.36916032,43.67303305,1,Police Vehicle,North,1,48,None,Lap and Shoulder Belt,Improper turn,Normal,,,Turning Left,,,,,driver,,University-Rosedale (11),51 Division,Cabbagetown-South St.James Town,FALSE,FALSE,FALSE,FALSE,FALSE,FALSE,FALSE,FALSE,FALSE,FALSE,"{""coordinates"": [[-79.36916032236289, 43.67303304872262]], ""type"": ""MultiPoint""}"
9875,2024:4000272538,2024-02-05T16:22:00,ROCHEFORT DR,FORESTERS LN,40 m East of,2,Non-Fatal Injury,Non-Intersection,No Control,Reversing,Clear,Daylight,Dry,Local,FALSE,-79.33585789,43.718508,1,Automobile or Station Wagon,West,1,53,None,Lap and Shoulder Belt,Driving properly,Normal,,,Going Ahead,,,,,driver,,Don Valley East (16),55 Division,Flemingdon Park,FALSE,FALSE,FALSE,FALSE,FALSE,TRUE,TRUE,FALSE,FALSE,FALSE,"{""coordinates"": [[-79.33585788856914, 43.71850800215309]], ""type"": ""MultiPoint""}"
9876,2024:4000272538,2024-02-05T16:22:00,ROCHEFORT DR,FORESTERS LN,40 m East of,2,Non-Fatal Injury,Non-Intersection,No Control,Reversing,Clear,Daylight,Dry,Local,FALSE,-79.33585789,43.718508,1,,,2,78,Major,Use Unknown,,,Crossing without right-of-way (intersection),Normal,,Driver hits pedestrian at midblock,,,,pedestrian,,Don Valley East (16),55 Division,Flemingdon Park,FALSE,FALSE,FALSE,FALSE,FALSE,TRUE,TRUE,FALSE,FALSE,FALSE,"{""coordinates"": [[-79.33585788856914, 43.71850800215309]], ""type"": ""MultiPoint""}"
9877,2024:4000278525,2024-02-06T12:13:00,PRENNAN AV,BLOOR ST W,,4,Non-Fatal Injury,Non-Intersection,,Approaching Head On,Clear,Daylight,Dry,Local,FALSE,-79.53674033,43.64150482,1,Automobile or Station Wagon,East,1,57,Major,Lap and Shoulder Belt,Lost control,Normal,,,Going Ahead,,,,,driver,,Etobicoke-Lakeshore (3),22 Division,Etobicoke City Centre,FALSE,FALSE,FALSE,FALSE,FALSE,TRUE,FALSE,FALSE,FALSE,FALSE,"{""coordinates"": [[-79.53674032708922, 43.64150482364689]], ""type"": ""MultiPoint""}"
9878,2024:4000278525,2024-02-06T12:13:00,PRENNAN AV,BLOOR ST W,,4,Non-Fatal Injury,Non-Intersection,,Approaching Head On,Clear,Daylight,Dry,Local,FALSE,-79.53674033,43.64150482,2,Automobile or Station Wagon,West,2,59,Minor,Lap and Shoulder Belt,Driving properly,Normal,,,Going Ahead,,,,,driver,,Etobicoke-Lakeshore (3),22 Division,Etobicoke City Centre,FALSE,FALSE,FALSE,FALSE,FALSE,TRUE,FALSE,FALSE,FALSE,FALSE,"{""coordinates"": [[-79.53674032708922, 43.64150482364689]], ""type"": ""MultiPoint""}"
9879,2024:4000278525,2024-02-06T12:13:00,PRENNAN AV,BLOOR ST W,,4,Non-Fatal Injury,Non-Intersection,,Approaching Head On,Clear,Daylight,Dry,Local,FALSE,-79.53674033,43.64150482,3,Automobile or Station Wagon,West,3,77,None,Lap and Shoulder Belt,Driving properly,Normal,,,Going Ahead,,,,,driver,,Etobicoke-Lakeshore (3),22 Division,Etobicoke City Centre,FALSE,FALSE,FALSE,FALSE,FALSE,TRUE,FALSE,FALSE,FALSE,FALSE,"{""coordinates"": [[-79.53674032708922, 43.64150482364689]], ""type"": ""MultiPoint""}"
9880,2024:4000278525,2024-02-06T12:13:00,PRENNAN AV,BLOOR ST W,,4,Non-Fatal Injury,Non-Intersection,,Approaching Head On,Clear,Daylight,Dry,Local,FALSE,-79.53674033,43.64150482,3,,,4,75,Minimal,Lap and Shoulder Belt,,,,,,,,,,passenger,,Etobicoke-Lakeshore (3),22 Division,Etobicoke City Centre,FALSE,FALSE,FALSE,FALSE,FALSE,TRUE,FALSE,FALSE,FALSE,FALSE,"{""coordinates"": [[-79.53674032708922, 43.64150482364689]], ""type"": ""MultiPoint""}"
9881,2024:4000279656,2024-02-06T14:25:00,KITCHENER AV,CALEDONIA RD,,2,Non-Fatal Injury,Intersection-Related,Traffic Signal,Reversing,Clear,Daylight,Dry,Local,FALSE,-79.46052247,43.68900913,1,,,2,64,Major,Use Unknown,,,Crossing with right-of-way (intersection),Normal,,Driver turns left into pedestrian crossing with right-of-way (at intersection),,,,pedestrian,,Davenport (9),13 Division,Caledonia-Fairbank,TRUE,FALSE,FALSE,FALSE,FALSE,TRUE,TRUE,FALSE,FALSE,TRUE,"{""coordinates"": [[-79.46052246718422, 43.68900912505467]], ""type"": ""MultiPoint""}"
9882,2024:4000279656,2024-02-06T14:25:00,KITCHENER AV,CALEDONIA RD,,2,Non-Fatal Injury,Intersection-Related,Traffic Signal,Reversing,Clear,Daylight,Dry,Local,FALSE,-79.46052247,43.68900913,1,Delivery Van,South,1,65,None,Lap and Shoulder Belt,Failed to yield right-of-way,Normal,,,Turning Left,,,,,driver,,Davenport (9),13 Division,Caledonia-Fairbank,TRUE,FALSE,FALSE,FALSE,FALSE,TRUE,TRUE,FALSE,FALSE,TRUE,"{""coordinates"": [[-79.46052246718422, 43.68900912505467]], ""type"": ""MultiPoint""}"
9885,2024:4000316117,2024-02-11T07:06:00,CARLINGVIEW DR,DIXON RD,51 m East of,1,Non-Fatal Injury,Non-Intersection,No Control,SMV Other,Clear,Dawn,Dry,Major Arterial,FALSE,-79.59489919,43.68675481,1,Automobile or Station Wagon,West,1,48,Major,Lap and Shoulder Belt,Exceeding speed limit,Ability Impaired - Alcohol,,,Going Ahead,,,,,driver,,Etobicoke North (1),23 Division,West Humber-Clairville,TRUE,FALSE,FALSE,FALSE,FALSE,FALSE,FALSE,FALSE,FALSE,FALSE,"{""coordinates"": [[-79.59489919210138, 43.686754806995616]], ""type"": ""MultiPoint""}"