_id,collision_id,accdate,stname1,stname2,stname3,per_inv,acclass,accloc,traffictl,impactype,visible,light,rdsfcond,road_class,failtorem,longitude,latitude,veh_no,vehtype,initdir,per_no,invage,injury,safequip,drivact,drivcond,pedact,pedcond,manoeuvre,pedtype,cyclistype,cycact,cyccond,road_user,fatal_no,wardname,division,neighbourhood,aggressive,distracted,cyclist,motorcyclist,other_micromobility,older_adult,pedestrian,red_light,school_child,heavy_truck,geometry
10050,2024:4001120170,2024-05-24T09:45:00,GRANGE AV,SPADINA AV,1 m East of,2,Non-Fatal Injury,Intersection-Related,Stop Sign,Reversing,Clear,Daylight,Dry,Local,FALSE,-79.39769435,43.65170131,1,,North,2,92,Major,No Equipment Available,,,Crossing with right-of-way (intersection),Normal,,Driver turns right into pedestrian crossing with right-of-way (at intersection),,,,pedestrian,,Spadina-Fort York (10),14 Division,Kensington-Chinatown,TRUE,FALSE,FALSE,FALSE,FALSE,TRUE,TRUE,FALSE,FALSE,FALSE,"{""coordinates"": [[-79.39769434540138, 43.65170130784572]], ""type"": ""MultiPoint""}"
10051,2024:4001126253,2024-05-24T21:30:00,KEELE ST,GRACEFIELD AVE,,2,Non-Fatal Injury,Intersection-Related,Traffic Signal,SMV Other,Clear,Dark with Artificial Lighting,Dry,,FALSE,-79.47881115,43.7123147,1,,,2,24,Major,Use Unknown,,,Crossing with right-of-way (intersection),Normal,,Driver turns left into pedestrian crossing with right-of-way (at intersection),,,,pedestrian,,York South-Weston (5),12 Division,Maple Leaf,FALSE,FALSE,FALSE,FALSE,FALSE,FALSE,TRUE,FALSE,FALSE,FALSE,"{""coordinates"": [[-79.47881115315734, 43.71231469635879]], ""type"": ""MultiPoint""}"
10052,2024:4001128431,2024-05-25T08:49:00,50 WALLINGFORD RD,Tanburn Place,1 m North of,1,Non-Fatal Injury,At/Near Private Drive,No Control,SMV Unattended Vehicle,Rain,Daylight,Wet,Local,FALSE,-79.32602353,43.75647567,1,Motorcycle,South,1,19,Major,Helmet,Lost control,Normal,,,Turning Left,,,,,motorcyclist,,Don Valley East (16),33 Division,Fenside-Parkwoods,FALSE,FALSE,FALSE,TRUE,FALSE,FALSE,FALSE,FALSE,TRUE,FALSE,"{""coordinates"": [[-79.32602353230556, 43.75647566845539]], ""type"": ""MultiPoint""}"
10053,2024:4001138824,2024-05-26T15:55:00,GARDINER XWY W,YORK ST,364 m West of,7,Non-Fatal Injury,Non-Intersection,No Control,Sideswipe,Clear,Daylight,Dry,Expressway,FALSE,-79.39123226,43.63881144,2,Automobile or Station Wagon,,7,10,None,Lap and Shoulder Belt,,,,,,,,,,passenger,,Spadina-Fort York (10),52 Division,Harbourfront-CityPlace,TRUE,FALSE,FALSE,TRUE,FALSE,FALSE,FALSE,FALSE,TRUE,FALSE,"{""coordinates"": [[-79.39123225554671, 43.63881143929167]], ""type"": ""MultiPoint""}"
10054,2024:4001138824,2024-05-26T15:55:00,GARDINER XWY W,YORK ST,364 m West of,7,Non-Fatal Injury,Non-Intersection,No Control,Sideswipe,Clear,Daylight,Dry,Expressway,FALSE,-79.39123226,43.63881144,3,Automobile or Station Wagon,,2,6,None,Child Safety Seat Used Correctly,,,,,,,,,,passenger,,Spadina-Fort York (10),52 Division,Harbourfront-CityPlace,TRUE,FALSE,FALSE,TRUE,FALSE,FALSE,FALSE,FALSE,TRUE,FALSE,"{""coordinates"": [[-79.39123225554671, 43.63881143929167]], ""type"": ""MultiPoint""}"
10055,2024:4001138824,2024-05-26T15:55:00,GARDINER XWY W,YORK ST,364 m West of,7,Non-Fatal Injury,Non-Intersection,No Control,Sideswipe,Clear,Daylight,Dry,Expressway,FALSE,-79.39123226,43.63881144,3,Automobile or Station Wagon,,1,38,None,Lap and Shoulder Belt,,,,,,,,,,passenger,,Spadina-Fort York (10),52 Division,Harbourfront-CityPlace,TRUE,FALSE,FALSE,TRUE,FALSE,FALSE,FALSE,FALSE,TRUE,FALSE,"{""coordinates"": [[-79.39123225554671, 43.63881143929167]], ""type"": ""MultiPoint""}"
10056,2024:4001138824,2024-05-26T15:55:00,GARDINER XWY W,YORK ST,364 m West of,7,Non-Fatal Injury,Non-Intersection,No Control,Sideswipe,Clear,Daylight,Dry,Expressway,FALSE,-79.39123226,43.63881144,3,Automobile or Station Wagon,West,5,37,None,Lap and Shoulder Belt,Driving properly,Normal,,,Going Ahead,,,,,driver,,Spadina-Fort York (10),52 Division,Harbourfront-CityPlace,TRUE,FALSE,FALSE,TRUE,FALSE,FALSE,FALSE,FALSE,TRUE,FALSE,"{""coordinates"": [[-79.39123225554671, 43.63881143929167]], ""type"": ""MultiPoint""}"
10057,2024:4001138824,2024-05-26T15:55:00,GARDINER XWY W,YORK ST,364 m West of,7,Non-Fatal Injury,Non-Intersection,No Control,Sideswipe,Clear,Daylight,Dry,Expressway,FALSE,-79.39123226,43.63881144,2,Automobile or Station Wagon,West,4,34,None,Lap and Shoulder Belt,Driving properly,Normal,,,Going Ahead,,,,,driver,,Spadina-Fort York (10),52 Division,Harbourfront-CityPlace,TRUE,FALSE,FALSE,TRUE,FALSE,FALSE,FALSE,FALSE,TRUE,FALSE,"{""coordinates"": [[-79.39123225554671, 43.63881143929167]], ""type"": ""MultiPoint""}"
10058,2024:4001138824,2024-05-26T15:55:00,GARDINER XWY W,YORK ST,364 m West of,7,Non-Fatal Injury,Non-Intersection,No Control,Sideswipe,Clear,Daylight,Dry,Expressway,FALSE,-79.39123226,43.63881144,2,Motorcycle,,6,5,None,Child Safety Seat Used Correctly,,,,,,,,,,motorcyclist,,Spadina-Fort York (10),52 Division,Harbourfront-CityPlace,TRUE,FALSE,FALSE,TRUE,FALSE,FALSE,FALSE,FALSE,TRUE,FALSE,"{""coordinates"": [[-79.39123225554671, 43.63881143929167]], ""type"": ""MultiPoint""}"
10059,2024:4001138824,2024-05-26T15:55:00,GARDINER XWY W,YORK ST,364 m West of,7,Non-Fatal Injury,Non-Intersection,No Control,Sideswipe,Clear,Daylight,Dry,Expressway,FALSE,-79.39123226,43.63881144,1,Motorcycle,West,3,23,Major,Helmet,Improper passing,Normal,,,Other,,,,,motorcyclist,,Spadina-Fort York (10),52 Division,Harbourfront-CityPlace,TRUE,FALSE,FALSE,TRUE,FALSE,FALSE,FALSE,FALSE,TRUE,FALSE,"{""coordinates"": [[-79.39123225554671, 43.63881143929167]], ""type"": ""MultiPoint""}"
10060,2024:4001164936,2024-05-29T18:47:00,SHEPPARD AVE W,YAOMANS RD,5 m West of,2,Non-Fatal Injury,Intersection-Related,Traffic Signal,SMV Other,Clear,Daylight,Dry,,FALSE,-79.44360662,43.75449013,1,,,2,66,Major,No Equipment Available,,,Crossing with right-of-way (intersection),Normal,,Driver going straight hits pedestrian crossing with right-of-way (at intersection),,,,pedestrian,,York Centre (6),32 Division,Bathurst Manor,FALSE,FALSE,FALSE,FALSE,FALSE,TRUE,TRUE,FALSE,FALSE,FALSE,"{""coordinates"": [[-79.44360662132159, 43.754490134887796]], ""type"": ""MultiPoint""}"
10061,2024:4001164936,2024-05-29T18:47:00,SHEPPARD AVE W,YAOMANS RD,5 m West of,2,Non-Fatal Injury,Intersection-Related,Traffic Signal,SMV Other,Clear,Daylight,Dry,,FALSE,-79.44360662,43.75449013,1,Automobile or Station Wagon,West,1,66,None,Lap and Shoulder Belt,Driving properly,Normal,,,Going Ahead,,,,,driver,,York Centre (6),32 Division,Bathurst Manor,FALSE,FALSE,FALSE,FALSE,FALSE,TRUE,TRUE,FALSE,FALSE,FALSE,"{""coordinates"": [[-79.44360662132159, 43.754490134887796]], ""type"": ""MultiPoint""}"
10064,2024:4001182472,2024-05-31T20:38:00,ADELAIDE ST W,PRIVATE LANE 188 UNIVERSITY AVE,1 m South of,2,Non-Fatal Injury,At/Near Private Drive,No Control,Turning Movement,Clear,Dawn with Artificial Lighting,Dry,,FALSE,-79.38634009,43.64872639,2,Bicycle,East,2,36,Major,Helmet,,,,,Going Ahead,,"Driver without right-of-way drives into path of cyclist (at intersection, laneway, or driveway)",Driving Properly,Normal,cyclist,,Spadina-Fort York (10),52 Division,Yonge-Bay Corridor,FALSE,FALSE,TRUE,FALSE,FALSE,FALSE,FALSE,FALSE,FALSE,FALSE,"{""coordinates"": [[-79.38634008541098, 43.64872638724026]], ""type"": ""MultiPoint""}"
10065,2024:4001182472,2024-05-31T20:38:00,ADELAIDE ST W,PRIVATE LANE 188 UNIVERSITY AVE,1 m South of,2,Non-Fatal Injury,At/Near Private Drive,No Control,Turning Movement,Clear,Dawn with Artificial Lighting,Dry,,FALSE,-79.38634009,43.64872639,1,Automobile or Station Wagon,East,1,37,None,Lap and Shoulder Belt,Improper turn,Medical or Physical Disability - Other,,,Turning Left,,,,,driver,,Spadina-Fort York (10),52 Division,Yonge-Bay Corridor,FALSE,FALSE,TRUE,FALSE,FALSE,FALSE,FALSE,FALSE,FALSE,FALSE,"{""coordinates"": [[-79.38634008541098, 43.64872638724026]], ""type"": ""MultiPoint""}"
10066,2024:4001194603,2024-06-02T13:04:00,GREENVIEW AV,FINCH AV W,,3,Non-Fatal Injury,Intersection-Related,Traffic Signal,SMV Other,Clear,Daylight,Dry,,FALSE,-79.41869435,43.7791365,1,,,2,11,None,Lap and Shoulder Belt,,,,,,,,,,passenger,,Willowdale (18),32 Division,Newtonbrook West,FALSE,FALSE,FALSE,FALSE,FALSE,FALSE,TRUE,FALSE,TRUE,FALSE,"{""coordinates"": [[-79.41869435196955, 43.77913650094795]], ""type"": ""MultiPoint""}"
10067,2024:4001194603,2024-06-02T13:04:00,GREENVIEW AV,FINCH AV W,,3,Non-Fatal Injury,Intersection-Related,Traffic Signal,SMV Other,Clear,Daylight,Dry,,FALSE,-79.41869435,43.7791365,1,Automobile or Station Wagon,South,1,51,None,Lap and Shoulder Belt,Improper turn,Normal,,,Turning Right,,,,,driver,,Willowdale (18),32 Division,Newtonbrook West,FALSE,FALSE,FALSE,FALSE,FALSE,FALSE,TRUE,FALSE,TRUE,FALSE,"{""coordinates"": [[-79.41869435196955, 43.77913650094795]], ""type"": ""MultiPoint""}"
10068,2024:4001194603,2024-06-02T13:04:00,GREENVIEW AV,FINCH AV W,,3,Non-Fatal Injury,Intersection-Related,Traffic Signal,SMV Other,Clear,Daylight,Dry,,FALSE,-79.41869435,43.7791365,1,,,3,57,Major,No Equipment Available,,,Crossing without right-of-way (intersection),Normal,,Driver turns right into pedestrian crossing without right-of-way (at intersection),,,,pedestrian,,Willowdale (18),32 Division,Newtonbrook West,FALSE,FALSE,FALSE,FALSE,FALSE,FALSE,TRUE,FALSE,TRUE,FALSE,"{""coordinates"": [[-79.41869435196955, 43.77913650094795]], ""type"": ""MultiPoint""}"
10069,2024:4001203902,2024-06-03T16:29:00,LAKE SHORE BV W,LOUISA ST,,2,Non-Fatal Injury,Intersection-Related,Stop Sign,Reversing,Clear,Daylight,Dry,Major Arterial,FALSE,-79.48644732,43.61886073,1,Automobile or Station Wagon,North,1,91,None,Lap and Shoulder Belt,Other,Normal,,,Turning Left,,,,,driver,,Etobicoke-Lakeshore (3),22 Division,Humber Bay Shores,FALSE,FALSE,FALSE,FALSE,FALSE,TRUE,TRUE,FALSE,FALSE,FALSE,"{""coordinates"": [[-79.48644732445943, 43.618860725432356]], ""type"": ""MultiPoint""}"
10070,2024:4001203902,2024-06-03T16:29:00,LAKE SHORE BV W,LOUISA ST,,2,Non-Fatal Injury,Intersection-Related,Stop Sign,Reversing,Clear,Daylight,Dry,Major Arterial,FALSE,-79.48644732,43.61886073,1,,East,2,54,Major,No Equipment Available,,,Crossing - no traffic control,Normal,,Driver hits pedestrian at midblock,,,,pedestrian,,Etobicoke-Lakeshore (3),22 Division,Humber Bay Shores,FALSE,FALSE,FALSE,FALSE,FALSE,TRUE,TRUE,FALSE,FALSE,FALSE,"{""coordinates"": [[-79.48644732445943, 43.618860725432356]], ""type"": ""MultiPoint""}"
10073,2024:4001235076,2024-06-07T09:53:00,DANFORTH RD,GORDONRIDGE PL,,3,Non-Fatal Injury,Intersection-Related,Traffic Signal,SMV Other,Clear,Daylight,Dry,,FALSE,-79.25265903,43.7275386,1,Automobile or Station Wagon,South,1,60,None,Lap and Shoulder Belt,Disobeyed traffic control,Inattentive - Other,,,Going Ahead,,,,,driver,,Scarborough Southwest (20),41 Division,Kennedy Park,TRUE,TRUE,FALSE,FALSE,FALSE,TRUE,TRUE,TRUE,FALSE,FALSE,"{""coordinates"": [[-79.25265903087357, 43.72753859510152]], ""type"": ""MultiPoint""}"
10074,2024:4001235076,2024-06-07T09:53:00,DANFORTH RD,GORDONRIDGE PL,,3,Non-Fatal Injury,Intersection-Related,Traffic Signal,SMV Other,Clear,Daylight,Dry,,FALSE,-79.25265903,43.7275386,1,,,3,61,Major,No Equipment Available,,,Crossing with right-of-way (intersection),Normal,,Driver going straight hits pedestrian crossing with right-of-way (at intersection),,,,pedestrian,,Scarborough Southwest (20),41 Division,Kennedy Park,TRUE,TRUE,FALSE,FALSE,FALSE,TRUE,TRUE,TRUE,FALSE,FALSE,"{""coordinates"": [[-79.25265903087357, 43.72753859510152]], ""type"": ""MultiPoint""}"
10075,2024:4001235076,2024-06-07T09:53:00,DANFORTH RD,GORDONRIDGE PL,,3,Non-Fatal Injury,Intersection-Related,Traffic Signal,SMV Other,Clear,Daylight,Dry,,FALSE,-79.25265903,43.7275386,1,,,2,77,None,Lap and Shoulder Belt,,,,,,,,,,passenger,,Scarborough Southwest (20),41 Division,Kennedy Park,TRUE,TRUE,FALSE,FALSE,FALSE,TRUE,TRUE,TRUE,FALSE,FALSE,"{""coordinates"": [[-79.25265903087357, 43.72753859510152]], ""type"": ""MultiPoint""}"
10076,2024:4001256870,2024-06-10T06:15:00,BRIAN CLIFF DR,LAWRENCE AVE E,,3,Non-Fatal Injury,Intersection-Related,,Sideswipe,Clear,Daylight,Dry,Minor Arterial,FALSE,-79.36099721,43.73435324,1,E-Bike (Power-Assisted Bicycle),East,1,21,None,Helmet,Improper passing,Inattentive - Other,,,Overtaking,,"Overtaking collision (""Side-swipe"" or ""rear-end"")",,,cyclist,,Don Valley West (15),33 Division,Banbury-Don Mills,TRUE,TRUE,TRUE,FALSE,FALSE,FALSE,FALSE,FALSE,FALSE,FALSE,"{""coordinates"": [[-79.36099721016237, 43.7343532350201]], ""type"": ""MultiPoint""}"
10077,2024:4001256870,2024-06-10T06:15:00,BRIAN CLIFF DR,LAWRENCE AVE E,,3,Non-Fatal Injury,Intersection-Related,,Sideswipe,Clear,Daylight,Dry,Minor Arterial,FALSE,-79.36099721,43.73435324,3,Bicycle,East,3,36,Major,Helmet,,,,,Turning Left,,,Driving Properly,Normal,cyclist,,Don Valley West (15),33 Division,Banbury-Don Mills,TRUE,TRUE,TRUE,FALSE,FALSE,FALSE,FALSE,FALSE,FALSE,FALSE,"{""coordinates"": [[-79.36099721016237, 43.7343532350201]], ""type"": ""MultiPoint""}"
10078,2024:4001256870,2024-06-10T06:15:00,BRIAN CLIFF DR,LAWRENCE AVE E,,3,Non-Fatal Injury,Intersection-Related,,Sideswipe,Clear,Daylight,Dry,Minor Arterial,FALSE,-79.36099721,43.73435324,2,Bicycle,East,2,36,Minimal,Helmet,,,,,Turning Left,,,Driving Properly,Normal,cyclist,,Don Valley West (15),33 Division,Banbury-Don Mills,TRUE,TRUE,TRUE,FALSE,FALSE,FALSE,FALSE,FALSE,FALSE,FALSE,"{""coordinates"": [[-79.36099721016237, 43.7343532350201]], ""type"": ""MultiPoint""}"
10079,2024:4001288927,2024-06-13T22:55:00,KIPLING AVE,ALBION RD,100 m South of,2,Non-Fatal Injury,Non-Intersection,No Control,SMV Other,Rain,Dark with Artificial Lighting,Wet,Major Arterial,FALSE,-79.58000244,43.7391433,1,,,2,71,Major,Use Unknown,,,Walking on roadway with traffic,Unknown,,Driver hits pedestrian at midblock,,,,pedestrian,,Etobicoke North (1),23 Division,Thistletown-Beaumond Heights,FALSE,FALSE,FALSE,FALSE,FALSE,TRUE,TRUE,FALSE,FALSE,FALSE,"{""coordinates"": [[-79.58000244226194, 43.73914330093568]], ""type"": ""MultiPoint""}"
10080,2024:4001288927,2024-06-13T22:55:00,KIPLING AVE,ALBION RD,100 m South of,2,Non-Fatal Injury,Non-Intersection,No Control,SMV Other,Rain,Dark with Artificial Lighting,Wet,Major Arterial,FALSE,-79.58000244,43.7391433,1,Automobile or Station Wagon,North,1,35,None,Lap and Shoulder Belt,Driving properly,Normal,,,Going Ahead,,,,,driver,,Etobicoke North (1),23 Division,Thistletown-Beaumond Heights,FALSE,FALSE,FALSE,FALSE,FALSE,TRUE,TRUE,FALSE,FALSE,FALSE,"{""coordinates"": [[-79.58000244226194, 43.73914330093568]], ""type"": ""MultiPoint""}"
10081,2024:4001290070,2024-06-14T04:52:00,310 BATHURST ST,LANE S DUNDAS BATHURST,6 m South of,2,Non-Fatal Injury,Non-Intersection,Pedestrian Crossover,SMV Other,Clear,Dusk with Artificial Lighting,Dry,,FALSE,-79.40552192,43.65104122,1,Automobile or Station Wagon,South,1,24,Major,Lap and Shoulder Belt,Lost control,Had Been Drinking,,,Going Ahead,,,,,driver,,Spadina-Fort York (10),14 Division,Trinity-Bellwoods,FALSE,FALSE,FALSE,FALSE,FALSE,FALSE,FALSE,FALSE,FALSE,FALSE,"{""coordinates"": [[-79.40552191932355, 43.65104121509934]], ""type"": ""MultiPoint""}"
10082,2024:4001290070,2024-06-14T04:52:00,310 BATHURST ST,LANE S DUNDAS BATHURST,6 m South of,2,Non-Fatal Injury,Non-Intersection,Pedestrian Crossover,SMV Other,Clear,Dusk with Artificial Lighting,Dry,,FALSE,-79.40552192,43.65104122,1,,,2,31,Major,Lap and Shoulder Belt,,,,,,,,,,passenger,,Spadina-Fort York (10),14 Division,Trinity-Bellwoods,FALSE,FALSE,FALSE,FALSE,FALSE,FALSE,FALSE,FALSE,FALSE,FALSE,"{""coordinates"": [[-79.40552191932355, 43.65104121509934]], ""type"": ""MultiPoint""}"
10087,2024:4001311493,2024-06-16T19:45:00,KEELE ST,401 C E KEELE RAMP,25 m South of,2,Non-Fatal Injury,Intersection-Related,Traffic Signal,Rear End,Clear,Daylight,Dry,Expressway Ramp,FALSE,-79.48066354,43.7208364,1,Automobile or Station Wagon,North,1,81,Major,Lap and Shoulder Belt,Following too closely,Medical or Physical Disability - Other,,,Going Ahead,,,,,driver,,York South-Weston (5),12 Division,Maple Leaf,TRUE,FALSE,FALSE,FALSE,FALSE,TRUE,FALSE,FALSE,FALSE,FALSE,"{""coordinates"": [[-79.48066354122416, 43.720836395015546]], ""type"": ""MultiPoint""}"
10088,2024:4001311493,2024-06-16T19:45:00,KEELE ST,401 C E KEELE RAMP,25 m South of,2,Non-Fatal Injury,Intersection-Related,Traffic Signal,Rear End,Clear,Daylight,Dry,Expressway Ramp,FALSE,-79.48066354,43.7208364,2,Automobile or Station Wagon,North,2,49,None,Lap and Shoulder Belt,Driving properly,Normal,,,Stopped,,,,,driver,,York South-Weston (5),12 Division,Maple Leaf,TRUE,FALSE,FALSE,FALSE,FALSE,TRUE,FALSE,FALSE,FALSE,FALSE,"{""coordinates"": [[-79.48066354122416, 43.720836395015546]], ""type"": ""MultiPoint""}"
10089,2024:4001322785,2024-06-18T07:35:00,BLOOR ST E,YONGE ST,97 m East of,2,Non-Fatal Injury,Non-Intersection,No Control,SMV Other,Clear,Daylight,Wet,,FALSE,-79.38551955,43.67054298,1,Bicycle,West,1,63,Major,Helmet,,,,,Going Ahead,,Cyclist loses control and hits object (e.g. pole or TTC track),Improper Passing,Normal,cyclist,,University-Rosedale (11),53 Division,Rosedale-Moore Park,FALSE,FALSE,TRUE,FALSE,FALSE,FALSE,FALSE,FALSE,FALSE,FALSE,"{""coordinates"": [[-79.38551955036333, 43.670542981064145]], ""type"": ""MultiPoint""}"
10090,2024:4001322785,2024-06-18T07:35:00,BLOOR ST E,YONGE ST,97 m East of,2,Non-Fatal Injury,Non-Intersection,No Control,SMV Other,Clear,Daylight,Wet,,FALSE,-79.38551955,43.67054298,2,Pickup Truck,West,2,34,None,Lap and Shoulder Belt,Driving properly,Normal,,,Going Ahead,,,,,driver,,University-Rosedale (11),53 Division,Rosedale-Moore Park,FALSE,FALSE,TRUE,FALSE,FALSE,FALSE,FALSE,FALSE,FALSE,FALSE,"{""coordinates"": [[-79.38551955036333, 43.670542981064145]], ""type"": ""MultiPoint""}"
10093,2024:4001325295,2024-06-18T13:00:00,YORKWOODS GT,JANE ST,,2,Non-Fatal Injury,Four-way,Traffic Signal,SMV Other,Clear,Daylight,Dry,Major Arterial,FALSE,-79.51604144,43.75064422,1,,,2,65,Major,Use Unknown,,,Crossing with right-of-way (intersection),Normal,,Driver turns left into pedestrian crossing with right-of-way (at intersection),,,,pedestrian,,Humber River-Black Creek (7),31 Division,Glenfield-Jane Heights,TRUE,TRUE,FALSE,FALSE,FALSE,TRUE,TRUE,FALSE,FALSE,TRUE,"{""coordinates"": [[-79.51604144092688, 43.750644223665866]], ""type"": ""MultiPoint""}"
10094,2024:4001368862,2024-06-23T14:38:00,KIPLING AV,ST ANDREWS BV,18 m East of,2,Non-Fatal Injury,Non-Intersection,No Control,SMV Other,Clear,Daylight,Dry,,FALSE,-79.56032769,43.6984344,1,Automobile or Station Wagon,South,1,73,Minimal,Lap and Shoulder Belt,Lost control,Other Condition,,,Going Ahead,,,,,driver,,Etobicoke North (1),23 Division,Kingsview Village-The Westway,FALSE,FALSE,FALSE,FALSE,FALSE,TRUE,FALSE,FALSE,FALSE,FALSE,"{""coordinates"": [[-79.56032769368049, 43.69843440190801]], ""type"": ""MultiPoint""}"
10095,2024:4001368862,2024-06-23T14:38:00,KIPLING AV,ST ANDREWS BV,18 m East of,2,Non-Fatal Injury,Non-Intersection,No Control,SMV Other,Clear,Daylight,Dry,,FALSE,-79.56032769,43.6984344,1,,,2,73,Major,Lap and Shoulder Belt,,,,,,,,,,passenger,,Etobicoke North (1),23 Division,Kingsview Village-The Westway,FALSE,FALSE,FALSE,FALSE,FALSE,TRUE,FALSE,FALSE,FALSE,FALSE,"{""coordinates"": [[-79.56032769368049, 43.69843440190801]], ""type"": ""MultiPoint""}"
10096,2024:4001386939,2024-06-25T17:11:00,JARVIS ST,FRONT ST E,40 m North of,2,Non-Fatal Injury,Non-Intersection,No Control,SMV Other,Clear,Daylight,Dry,,FALSE,-79.37156385,43.64987957,1,Automobile or Station Wagon,North,1,63,Minor,Lap and Shoulder Belt,Lost control,Normal,,,Going Ahead,,,,,driver,,Toronto Centre (13),51 Division,Moss Park,FALSE,FALSE,FALSE,FALSE,FALSE,FALSE,TRUE,FALSE,FALSE,FALSE,"{""coordinates"": [[-79.37156385473382, 43.64987956506701]], ""type"": ""MultiPoint""}"
10097,2024:4001386939,2024-06-25T17:11:00,JARVIS ST,FRONT ST E,40 m North of,2,Non-Fatal Injury,Non-Intersection,No Control,SMV Other,Clear,Daylight,Dry,,FALSE,-79.37156385,43.64987957,1,,,2,64,Major,No Equipment Available,,,On sidewalk or shoulder,Unknown,,Driver hits pedestrian on sidewalk or shoulder,,,,pedestrian,,Toronto Centre (13),51 Division,Moss Park,FALSE,FALSE,FALSE,FALSE,FALSE,FALSE,TRUE,FALSE,FALSE,FALSE,"{""coordinates"": [[-79.37156385473382, 43.64987956506701]], ""type"": ""MultiPoint""}"
10098,2024:4001387431,2024-06-25T18:09:00,STEELES AVE E,REESOR RD,,2,Non-Fatal Injury,Intersection-Related,Other,Turning Movement,Clear,Daylight,Dry,Minor Arterial,FALSE,-79.19939126,43.84850856,2,Motorcycle,West,2,53,Major,Helmet,Driving properly,Normal,,,Going Ahead,,,,,motorcyclist,,,,,TRUE,TRUE,FALSE,TRUE,FALSE,FALSE,FALSE,FALSE,FALSE,FALSE,"{""coordinates"": [[-79.19939125856763, 43.8485085639181]], ""type"": ""MultiPoint""}"
10099,2024:4001387431,2024-06-25T18:09:00,STEELES AVE E,REESOR RD,,2,Non-Fatal Injury,Intersection-Related,Other,Turning Movement,Clear,Daylight,Dry,Minor Arterial,FALSE,-79.19939126,43.84850856,1,Passenger Van,East,1,64,None,Lap and Shoulder Belt,Failed to yield right-of-way,Inattentive - Other,,,Turning Left,,,,,driver,,,,,TRUE,TRUE,FALSE,TRUE,FALSE,FALSE,FALSE,FALSE,FALSE,FALSE,"{""coordinates"": [[-79.19939125856763, 43.8485085639181]], ""type"": ""MultiPoint""}"
10100,2024:4001388801,2024-06-25T21:54:00,BROADVIEW AVE,HOGARTH AVE,55 m North of,2,Non-Fatal Injury,Non-Intersection,No Control,Same Direction,Clear,Dark with Artificial Lighting,Dry,,FALSE,-79.35669479,43.67378954,2,E-Bike (Power-Assisted Bicycle),South,2,25,Major,Equipment Not Used But Available,Driving properly,Normal,,,Going Ahead,,,,,cyclist,,Toronto-Danforth (14),55 Division,North Riverdale,FALSE,FALSE,TRUE,FALSE,FALSE,FALSE,FALSE,FALSE,FALSE,FALSE,"{""coordinates"": [[-79.35669479085287, 43.67378953918941]], ""type"": ""MultiPoint""}"
10101,2024:4001388801,2024-06-25T21:54:00,BROADVIEW AVE,HOGARTH AVE,55 m North of,2,Non-Fatal Injury,Non-Intersection,No Control,Same Direction,Clear,Dark with Artificial Lighting,Dry,,FALSE,-79.35669479,43.67378954,1,Automobile or Station Wagon,South,1,37,None,Lap and Shoulder Belt,Driving properly,Normal,,,Pulling Away from Shoulder or Curb,,,,,driver,,Toronto-Danforth (14),55 Division,North Riverdale,FALSE,FALSE,TRUE,FALSE,FALSE,FALSE,FALSE,FALSE,FALSE,FALSE,"{""coordinates"": [[-79.35669479085287, 43.67378953918941]], ""type"": ""MultiPoint""}"
10102,2024:4001396232,2024-06-26T19:03:00,HUMBERLINE DR,HUMBER COLLEGE BV,23 m South of,2,Non-Fatal Injury,Intersection-Related,Traffic Signal,SMV Other,Clear,Daylight,Dry,,FALSE,-79.60915169,43.73222564,1,,,2,20,Major,Use Unknown,,,Crossing with right-of-way (intersection),Normal,,Driver turns left into pedestrian crossing with right-of-way (at intersection),,,,pedestrian,,Etobicoke North (1),23 Division,West Humber-Clairville,TRUE,FALSE,FALSE,FALSE,FALSE,FALSE,TRUE,FALSE,FALSE,FALSE,"{""coordinates"": [[-79.6091516920281, 43.73222563783648]], ""type"": ""MultiPoint""}"
10103,2024:4001396232,2024-06-26T19:03:00,HUMBERLINE DR,HUMBER COLLEGE BV,23 m South of,2,Non-Fatal Injury,Intersection-Related,Traffic Signal,SMV Other,Clear,Daylight,Dry,,FALSE,-79.60915169,43.73222564,1,Automobile or Station Wagon,North,1,59,None,Lap and Shoulder Belt,Failed to yield right-of-way,Unknown,,,Turning Left,,,,,driver,,Etobicoke North (1),23 Division,West Humber-Clairville,TRUE,FALSE,FALSE,FALSE,FALSE,FALSE,TRUE,FALSE,FALSE,FALSE,"{""coordinates"": [[-79.6091516920281, 43.73222563783648]], ""type"": ""MultiPoint""}"
10104,2024:4001397456,2024-06-26T22:21:00,MCCOWAN RD,FINCH AV E,,2,Non-Fatal Injury,Intersection-Related,Traffic Signal,SMV Other,Clear,Dark with Artificial Lighting,Dry,,FALSE,-79.26632688,43.80803392,1,Pickup Truck,East,1,27,None,Lap and Shoulder Belt,Failed to yield right-of-way,Normal,,,Turning Left,,,,,driver,,Scarborough North (23),42 Division,Agincourt North,TRUE,FALSE,FALSE,FALSE,FALSE,FALSE,TRUE,FALSE,FALSE,FALSE,"{""coordinates"": [[-79.26632687915138, 43.80803392172554]], ""type"": ""MultiPoint""}"