_id,collision_id,accdate,stname1,stname2,stname3,per_inv,acclass,accloc,traffictl,impactype,visible,light,rdsfcond,road_class,failtorem,longitude,latitude,veh_no,vehtype,initdir,per_no,invage,injury,safequip,drivact,drivcond,pedact,pedcond,manoeuvre,pedtype,cyclistype,cycact,cyccond,road_user,fatal_no,wardname,division,neighbourhood,aggressive,distracted,cyclist,motorcyclist,other_micromobility,older_adult,pedestrian,red_light,school_child,heavy_truck,geometry
10105,2024:4001397456,2024-06-26T22:21:00,MCCOWAN RD,FINCH AV E,,2,Non-Fatal Injury,Intersection-Related,Traffic Signal,SMV Other,Clear,Dark with Artificial Lighting,Dry,,FALSE,-79.26632688,43.80803392,1,,,2,24,Major,No Equipment Available,,,Crossing with right-of-way (intersection),Normal,,Driver turns left into pedestrian crossing with right-of-way (at intersection),,,,pedestrian,,Scarborough North (23),42 Division,Agincourt North,TRUE,FALSE,FALSE,FALSE,FALSE,FALSE,TRUE,FALSE,FALSE,FALSE,"{""coordinates"": [[-79.26632687915138, 43.80803392172554]], ""type"": ""MultiPoint""}"
10106,2024:4001405738,2024-06-27T22:53:00,YORK ST,LAKE SHORE BLVD W,20 m North of,2,Non-Fatal Injury,Non-Intersection,,SMV Other,Clear,Dark with Artificial Lighting,Dry,Major Arterial,FALSE,-79.38107379,43.64198608,1,,,2,51,Major,Use Unknown,,,Crossing - no traffic control,Unknown,,Driver hits pedestrian at midblock,,,,pedestrian,,Spadina-Fort York (10),52 Division,St Lawrence-East Bayfront-The Islands,FALSE,FALSE,FALSE,FALSE,FALSE,FALSE,TRUE,FALSE,FALSE,FALSE,"{""coordinates"": [[-79.38107378534269, 43.641986080879605]], ""type"": ""MultiPoint""}"
10107,2024:4001405738,2024-06-27T22:53:00,YORK ST,LAKE SHORE BLVD W,20 m North of,2,Non-Fatal Injury,Non-Intersection,,SMV Other,Clear,Dark with Artificial Lighting,Dry,Major Arterial,FALSE,-79.38107379,43.64198608,1,Automobile or Station Wagon,North,1,46,None,Lap and Shoulder Belt,Driving properly,Normal,,,Going Ahead,,,,,driver,,Spadina-Fort York (10),52 Division,St Lawrence-East Bayfront-The Islands,FALSE,FALSE,FALSE,FALSE,FALSE,FALSE,TRUE,FALSE,FALSE,FALSE,"{""coordinates"": [[-79.38107378534269, 43.641986080879605]], ""type"": ""MultiPoint""}"
10108,2024:4001417296,2024-06-29T11:05:00,DON MILLS RD,GATEWAY BLVD,100 m South of,2,Non-Fatal Injury,Non-Intersection,,Rear End,Clear,Daylight,Dry,Major Arterial,FALSE,-79.3360211,43.71339041,2,Automobile or Station Wagon,South,2,64,Minor,Lap and Shoulder Belt,Driving properly,Normal,,,Going Ahead,,,,,driver,,Don Valley East (16),55 Division,Flemingdon Park,FALSE,FALSE,FALSE,FALSE,FALSE,FALSE,FALSE,FALSE,FALSE,FALSE,"{""coordinates"": [[-79.33602109632011, 43.713390405243075]], ""type"": ""MultiPoint""}"
10109,2024:4001417296,2024-06-29T11:05:00,DON MILLS RD,GATEWAY BLVD,100 m South of,2,Non-Fatal Injury,Non-Intersection,,Rear End,Clear,Daylight,Dry,Major Arterial,FALSE,-79.3360211,43.71339041,1,Automobile or Station Wagon,South,1,30,Major,Lap and Shoulder Belt,Lost control,Ability Impaired - Other Drugs,,,Going Ahead,,,,,driver,,Don Valley East (16),55 Division,Flemingdon Park,FALSE,FALSE,FALSE,FALSE,FALSE,FALSE,FALSE,FALSE,FALSE,FALSE,"{""coordinates"": [[-79.33602109632011, 43.713390405243075]], ""type"": ""MultiPoint""}"
10110,2024:4001422941,2024-06-30T02:03:00,KENNEDY RD,LANDSEER RD,25 m North of,2,Non-Fatal Injury,Non-Intersection,Traffic Signal,SMV Other,Clear,Dark with Artificial Lighting,Dry,,FALSE,-79.26904115,43.73506842,1,,,2,16,Minimal,Lap and Shoulder Belt,,,,,,,,,,passenger,,Scarborough Centre (21),41 Division,Ionview,TRUE,TRUE,FALSE,FALSE,FALSE,FALSE,FALSE,FALSE,TRUE,FALSE,"{""coordinates"": [[-79.26904115031645, 43.73506841676211]], ""type"": ""MultiPoint""}"
10111,2024:4001422941,2024-06-30T02:03:00,KENNEDY RD,LANDSEER RD,25 m North of,2,Non-Fatal Injury,Non-Intersection,Traffic Signal,SMV Other,Clear,Dark with Artificial Lighting,Dry,,FALSE,-79.26904115,43.73506842,1,Automobile or Station Wagon,North,1,38,Major,Air Bag Deployed,Exceeding speed limit,Inattentive - Other,,,Going Ahead,,,,,driver,,Scarborough Centre (21),41 Division,Ionview,TRUE,TRUE,FALSE,FALSE,FALSE,FALSE,FALSE,FALSE,TRUE,FALSE,"{""coordinates"": [[-79.26904115031645, 43.73506841676211]], ""type"": ""MultiPoint""}"
10119,2024:4001508830,2024-07-10T20:38:00,ISLINGTON AVE,EGLINTON AVE W,1 m East of,4,Non-Fatal Injury,Intersection-Related,Traffic Signal,Angle,Clear,Dark with Artificial Lighting,Dry,Major Arterial,FALSE,-79.5388809,43.67983219,1,,,3,18,None,Lap and Shoulder Belt,,,,,,,,,,passenger,,Etobicoke Centre (2),22 Division,Edenbridge-Humber Valley,TRUE,FALSE,FALSE,FALSE,FALSE,FALSE,FALSE,TRUE,TRUE,FALSE,"{""coordinates"": [[-79.53888090088427, 43.679832186923775]], ""type"": ""MultiPoint""}"
10120,2024:4001508830,2024-07-10T20:38:00,ISLINGTON AVE,EGLINTON AVE W,1 m East of,4,Non-Fatal Injury,Intersection-Related,Traffic Signal,Angle,Clear,Dark with Artificial Lighting,Dry,Major Arterial,FALSE,-79.5388809,43.67983219,1,Automobile or Station Wagon,East,1,19,None,Lap and Shoulder Belt,Disobeyed traffic control,Normal,,,Going Ahead,,,,,driver,,Etobicoke Centre (2),22 Division,Edenbridge-Humber Valley,TRUE,FALSE,FALSE,FALSE,FALSE,FALSE,FALSE,TRUE,TRUE,FALSE,"{""coordinates"": [[-79.53888090088427, 43.679832186923775]], ""type"": ""MultiPoint""}"
10121,2024:4001508830,2024-07-10T20:38:00,ISLINGTON AVE,EGLINTON AVE W,1 m East of,4,Non-Fatal Injury,Intersection-Related,Traffic Signal,Angle,Clear,Dark with Artificial Lighting,Dry,Major Arterial,FALSE,-79.5388809,43.67983219,2,Automobile or Station Wagon,North,2,60,None,Lap and Shoulder Belt,Driving properly,Normal,,,Going Ahead,,,,,driver,,Etobicoke Centre (2),22 Division,Edenbridge-Humber Valley,TRUE,FALSE,FALSE,FALSE,FALSE,FALSE,FALSE,TRUE,TRUE,FALSE,"{""coordinates"": [[-79.53888090088427, 43.679832186923775]], ""type"": ""MultiPoint""}"
10122,2024:4001508830,2024-07-10T20:38:00,ISLINGTON AVE,EGLINTON AVE W,1 m East of,4,Non-Fatal Injury,Intersection-Related,Traffic Signal,Angle,Clear,Dark with Artificial Lighting,Dry,Major Arterial,FALSE,-79.5388809,43.67983219,1,,,4,19,Major,Lap and Shoulder Belt,,,,,,,,,,passenger,,Etobicoke Centre (2),22 Division,Edenbridge-Humber Valley,TRUE,FALSE,FALSE,FALSE,FALSE,FALSE,FALSE,TRUE,TRUE,FALSE,"{""coordinates"": [[-79.53888090088427, 43.679832186923775]], ""type"": ""MultiPoint""}"
10123,2024:4001522373,2024-07-12T16:24:00,LANE SOUTH QUEEN W JOHN,PETER ST,10 m East of,2,Non-Fatal Injury,Non-Intersection,No Control,SMV Other,Clear,Daylight,Dry,,FALSE,-79.3932829,43.648976,1,,,2,41,Major,Use Unknown,,,Coming from behind parked vehicle or object,Ability Impaired - Other Drugs,,Driver hits pedestrian walking or running out from between parked vehicles (at midblock),,,,pedestrian,,Spadina-Fort York (10),52 Division,Wellington Place,FALSE,FALSE,FALSE,FALSE,FALSE,FALSE,TRUE,FALSE,FALSE,TRUE,"{""coordinates"": [[-79.39328289862708, 43.64897599749189]], ""type"": ""MultiPoint""}"
10124,2024:4001522373,2024-07-12T16:24:00,LANE SOUTH QUEEN W JOHN,PETER ST,10 m East of,2,Non-Fatal Injury,Non-Intersection,No Control,SMV Other,Clear,Daylight,Dry,,FALSE,-79.3932829,43.648976,1,Truck - Closed,West,1,61,None,Lap and Shoulder Belt,Driving properly,Normal,,,Going Ahead,,,,,driver,,Spadina-Fort York (10),52 Division,Wellington Place,FALSE,FALSE,FALSE,FALSE,FALSE,FALSE,TRUE,FALSE,FALSE,TRUE,"{""coordinates"": [[-79.39328289862708, 43.64897599749189]], ""type"": ""MultiPoint""}"
10125,2024:4001552682,2024-07-13T17:20:00,PETER ST,KING ST W,30 m North of,2,Non-Fatal Injury,Non-Intersection,No Control,SMV Other,Clear,Daylight,Dry,Major Arterial,TRUE,-79.3923818,43.6464028,2,E-Scooter (Electric Kick-Style Scooter),North,2,55,Major,Helmet,Driving properly,Normal,,,Going Ahead,,Sideswipe with cyclist and driver travelling in same direction,Driving Properly,Normal,other_micromobility,,Spadina-Fort York (10),52 Division,Wellington Place,FALSE,FALSE,FALSE,FALSE,TRUE,FALSE,FALSE,FALSE,FALSE,FALSE,"{""coordinates"": [[-79.39238180085376, 43.64640279677966]], ""type"": ""MultiPoint""}"
10126,2024:4001544241,2024-07-15T14:55:00,BATHURST ST,BARTON AVE,10 m South of,3,Non-Fatal Injury,Intersection-Related,Traffic Signal,SMV Other,Clear,Daylight,Dry,,FALSE,-79.41234621,43.66790032,2,,,3,61,None,Use Unknown,,,,,,,,,,passenger,,University-Rosedale (11),14 Division,Annex,FALSE,FALSE,TRUE,FALSE,FALSE,FALSE,FALSE,FALSE,FALSE,FALSE,"{""coordinates"": [[-79.4123462055934, 43.66790032031732]], ""type"": ""MultiPoint""}"
10127,2024:4001544241,2024-07-15T14:55:00,BATHURST ST,BARTON AVE,10 m South of,3,Non-Fatal Injury,Intersection-Related,Traffic Signal,SMV Other,Clear,Daylight,Dry,,FALSE,-79.41234621,43.66790032,2,Automobile or Station Wagon,South,2,60,None,Use Unknown,Driving properly,Normal,,,Stopped,,,,,driver,,University-Rosedale (11),14 Division,Annex,FALSE,FALSE,TRUE,FALSE,FALSE,FALSE,FALSE,FALSE,FALSE,FALSE,"{""coordinates"": [[-79.4123462055934, 43.66790032031732]], ""type"": ""MultiPoint""}"
10128,2024:4001544241,2024-07-15T14:55:00,BATHURST ST,BARTON AVE,10 m South of,3,Non-Fatal Injury,Intersection-Related,Traffic Signal,SMV Other,Clear,Daylight,Dry,,FALSE,-79.41234621,43.66790032,1,Bicycle,East,1,31,Major,Helmet,,,,,Turning Right,,Motorist opened vehicle door in Cyclists path,Disobeyed Traffic Control,Normal,cyclist,,University-Rosedale (11),14 Division,Annex,FALSE,FALSE,TRUE,FALSE,FALSE,FALSE,FALSE,FALSE,FALSE,FALSE,"{""coordinates"": [[-79.4123462055934, 43.66790032031732]], ""type"": ""MultiPoint""}"
10129,2024:4001552581,2024-07-16T14:49:00,SPADINA AVE,FRONT ST W,,2,Non-Fatal Injury,Four-way,Traffic Signal,Angle,Clear,Daylight,Dry,Major Arterial,FALSE,-79.39373421,43.6428516,2,Pickup Truck,West,2,36,None,Lap and Shoulder Belt,Driving properly,Normal,,,Going Ahead,,,,,driver,,Spadina-Fort York (10),52 Division,Wellington Place,TRUE,FALSE,TRUE,FALSE,FALSE,FALSE,FALSE,TRUE,FALSE,FALSE,"{""coordinates"": [[-79.3937342090339, 43.64285159967057]], ""type"": ""MultiPoint""}"
10130,2024:4001552581,2024-07-16T14:49:00,SPADINA AVE,FRONT ST W,,2,Non-Fatal Injury,Four-way,Traffic Signal,Angle,Clear,Daylight,Dry,Major Arterial,FALSE,-79.39373421,43.6428516,1,E-Bike (Power-Assisted Bicycle),North,1,30,Major,Helmet,Disobeyed traffic control,Normal,,,Going Ahead,,,,,cyclist,,Spadina-Fort York (10),52 Division,Wellington Place,TRUE,FALSE,TRUE,FALSE,FALSE,FALSE,FALSE,TRUE,FALSE,FALSE,"{""coordinates"": [[-79.3937342090339, 43.64285159967057]], ""type"": ""MultiPoint""}"
10131,2024:4001565228,2024-07-18T05:29:00,DUNDAS ST W,SCARLETT RD,1 m East of,2,Non-Fatal Injury,Non-Intersection,,SMV Unattended Vehicle,Clear,Dawn,Dry,,FALSE,-79.50013428,43.66519665,2,Municipal Transit Bus (TTC),East,2,39,None,Lap and Shoulder Belt,,Normal,,,Parked,,,,,driver,,Parkdale-High Park (4),11 Division,Lambton Baby Point,FALSE,FALSE,FALSE,FALSE,FALSE,FALSE,FALSE,FALSE,FALSE,TRUE,"{""coordinates"": [[-79.50013427797019, 43.66519664810766]], ""type"": ""MultiPoint""}"
10132,2024:4001565228,2024-07-18T05:29:00,DUNDAS ST W,SCARLETT RD,1 m East of,2,Non-Fatal Injury,Non-Intersection,,SMV Unattended Vehicle,Clear,Dawn,Dry,,FALSE,-79.50013428,43.66519665,1,Automobile or Station Wagon,East,1,54,Major,Lap and Shoulder Belt,Driving properly,Fatigue/Fell Asleep,,,Going Ahead,,,,,driver,,Parkdale-High Park (4),11 Division,Lambton Baby Point,FALSE,FALSE,FALSE,FALSE,FALSE,FALSE,FALSE,FALSE,FALSE,TRUE,"{""coordinates"": [[-79.50013427797019, 43.66519664810766]], ""type"": ""MultiPoint""}"
10133,2024:4001569383,2024-07-18T17:03:00,MASSEYGROVE CR,ORPINGTON CR,75 m South of,2,Non-Fatal Injury,Non-Intersection,,SMV Other,Clear,Daylight,Dry,,FALSE,-79.58505775,43.73681571,2,E-Bike (Power-Assisted Bicycle),South,2,22,Major,Use Unknown,,,,,Going Ahead,,,Driving Properly,Normal,cyclist,,Etobicoke North (1),23 Division,Mount Olive-Silverstone-Jamestown,FALSE,TRUE,TRUE,FALSE,FALSE,FALSE,FALSE,FALSE,TRUE,FALSE,"{""coordinates"": [[-79.58505775300242, 43.736815707970685]], ""type"": ""MultiPoint""}"
10134,2024:4001569383,2024-07-18T17:03:00,MASSEYGROVE CR,ORPINGTON CR,75 m South of,2,Non-Fatal Injury,Non-Intersection,,SMV Other,Clear,Daylight,Dry,,FALSE,-79.58505775,43.73681571,1,Automobile or Station Wagon,South,1,18,None,Use Unknown,,Inattentive,,,Stopped,,,,,driver,,Etobicoke North (1),23 Division,Mount Olive-Silverstone-Jamestown,FALSE,TRUE,TRUE,FALSE,FALSE,FALSE,FALSE,FALSE,TRUE,FALSE,"{""coordinates"": [[-79.58505775300242, 43.736815707970685]], ""type"": ""MultiPoint""}"
10138,2024:4001577853,2024-07-19T18:30:00,EGLINTON AVE W,SCOTT RD,9 m North of,2,Non-Fatal Injury,Intersection-Related,Stop Sign,SMV Other,Clear,Daylight,Dry,,FALSE,-79.47281088,43.6906817,1,Automobile or Station Wagon,North,1,51,None,Lap and Shoulder Belt,Driving properly,Normal,,,Turning Left,,,,,driver,,York South-Weston (5),12 Division,Beechborough-Greenbrook,FALSE,FALSE,FALSE,FALSE,FALSE,FALSE,TRUE,FALSE,FALSE,FALSE,"{""coordinates"": [[-79.47281088067234, 43.69068169763784]], ""type"": ""MultiPoint""}"
10139,2024:4001577853,2024-07-19T18:30:00,EGLINTON AVE W,SCOTT RD,9 m North of,2,Non-Fatal Injury,Intersection-Related,Stop Sign,SMV Other,Clear,Daylight,Dry,,FALSE,-79.47281088,43.6906817,1,,,2,63,Major,Use Unknown,,,Crossing - no traffic control,Normal,,Driver turns left into pedestrian crossing without right-of-way (at intersection),,,,pedestrian,,York South-Weston (5),12 Division,Beechborough-Greenbrook,FALSE,FALSE,FALSE,FALSE,FALSE,FALSE,TRUE,FALSE,FALSE,FALSE,"{""coordinates"": [[-79.47281088067234, 43.69068169763784]], ""type"": ""MultiPoint""}"
10140,2024:4001581123,2024-07-20T06:34:00,GARDINER XWY E,CHERRY ST,20 m East of,2,Non-Fatal Injury,Non-Intersection,No Control,SMV Other,Clear,Dawn,Dry,Expressway,FALSE,-79.35628173,43.64907444,1,,,2,31,Major,Lap and Shoulder Belt,,,,,,,,,,passenger,,Spadina-Fort York (10),51 Division,St Lawrence-East Bayfront-The Islands,FALSE,FALSE,FALSE,FALSE,FALSE,FALSE,FALSE,FALSE,FALSE,FALSE,"{""coordinates"": [[-79.35628172600775, 43.649074442536126]], ""type"": ""MultiPoint""}"
10141,2024:4001581123,2024-07-20T06:34:00,GARDINER XWY E,CHERRY ST,20 m East of,2,Non-Fatal Injury,Non-Intersection,No Control,SMV Other,Clear,Dawn,Dry,Expressway,FALSE,-79.35628173,43.64907444,1,Automobile or Station Wagon,East,1,31,Minimal,Lap and Shoulder Belt,Lost control,Ability Impaired - Alcohol Over .08,,,Going Ahead,,,,,driver,,Spadina-Fort York (10),51 Division,St Lawrence-East Bayfront-The Islands,FALSE,FALSE,FALSE,FALSE,FALSE,FALSE,FALSE,FALSE,FALSE,FALSE,"{""coordinates"": [[-79.35628172600775, 43.649074442536126]], ""type"": ""MultiPoint""}"
10142,2024:4001608173,2024-07-23T18:12:00,GARDINER XWY W,JAMESON AVE,74 m East of,3,Non-Fatal Injury,Non-Intersection,No Control,SMV Other,Clear,Daylight,Dry,,FALSE,-79.4336367,43.63274336,1,Automobile or Station Wagon,West,1,36,None,Lap and Shoulder Belt,Driving properly,Normal,,,Going Ahead,,,,,driver,,Parkdale-High Park (4),14 Division,South Parkdale,FALSE,FALSE,FALSE,FALSE,FALSE,FALSE,TRUE,FALSE,FALSE,FALSE,"{""coordinates"": [[-79.43363670465489, 43.632743362914056]], ""type"": ""MultiPoint""}"
10143,2024:4001608173,2024-07-23T18:12:00,GARDINER XWY W,JAMESON AVE,74 m East of,3,Non-Fatal Injury,Non-Intersection,No Control,SMV Other,Clear,Daylight,Dry,,FALSE,-79.4336367,43.63274336,1,,,3,35,None,Lap and Shoulder Belt,,,,,,,,,,passenger,,Parkdale-High Park (4),14 Division,South Parkdale,FALSE,FALSE,FALSE,FALSE,FALSE,FALSE,TRUE,FALSE,FALSE,FALSE,"{""coordinates"": [[-79.43363670465489, 43.632743362914056]], ""type"": ""MultiPoint""}"
10144,2024:4001608173,2024-07-23T18:12:00,GARDINER XWY W,JAMESON AVE,74 m East of,3,Non-Fatal Injury,Non-Intersection,No Control,SMV Other,Clear,Daylight,Dry,,FALSE,-79.4336367,43.63274336,1,,,2,38,Major,Use Unknown,,,Running onto roadway,Medical or Physical Disability - Other,,Driver hits pedestrian at midblock,,,,pedestrian,,Parkdale-High Park (4),14 Division,South Parkdale,FALSE,FALSE,FALSE,FALSE,FALSE,FALSE,TRUE,FALSE,FALSE,FALSE,"{""coordinates"": [[-79.43363670465489, 43.632743362914056]], ""type"": ""MultiPoint""}"
10145,2024:4001617168,2024-07-24T20:52:00,SEWELLS RD,HUPFIELD TL,20 m West of,1,Non-Fatal Injury,Non-Intersection,No Control,SMV Other,Clear,Dark,Dry,,FALSE,-79.2135119,43.81432537,1,Motorcycle,East,1,24,Major,Helmet,Lost control,Normal,,,Going Ahead,,,,,motorcyclist,,Scarborough-Rouge Park (25),42 Division,Malvern East,FALSE,FALSE,FALSE,TRUE,FALSE,FALSE,FALSE,FALSE,FALSE,FALSE,"{""coordinates"": [[-79.21351190114233, 43.81432536951804]], ""type"": ""MultiPoint""}"
10146,2024:4001622497,2024-07-25T15:25:00,STEELES AVE W,STEINWAY BLVD,,3,Non-Fatal Injury,Intersection-Related,Stop Sign,Turning Movement,Clear,Daylight,Dry,Major Arterial,FALSE,-79.61980987,43.75415614,3,Automobile or Station Wagon,West,3,24,None,Lap and Shoulder Belt,Driving properly,Normal,,,Going Ahead,,,,,driver,,Etobicoke North (1),23 Division,West Humber-Clairville,TRUE,TRUE,FALSE,FALSE,FALSE,FALSE,FALSE,FALSE,FALSE,FALSE,"{""coordinates"": [[-79.61980986604767, 43.75415613685541]], ""type"": ""MultiPoint""}"
10147,2024:4001622497,2024-07-25T15:25:00,STEELES AVE W,STEINWAY BLVD,,3,Non-Fatal Injury,Intersection-Related,Stop Sign,Turning Movement,Clear,Daylight,Dry,Major Arterial,FALSE,-79.61980987,43.75415614,2,Pickup Truck,East,2,42,None,Lap and Shoulder Belt,Driving properly,Normal,,,Going Ahead,,,,,driver,,Etobicoke North (1),23 Division,West Humber-Clairville,TRUE,TRUE,FALSE,FALSE,FALSE,FALSE,FALSE,FALSE,FALSE,FALSE,"{""coordinates"": [[-79.61980986604767, 43.75415613685541]], ""type"": ""MultiPoint""}"
10148,2024:4001622497,2024-07-25T15:25:00,STEELES AVE W,STEINWAY BLVD,,3,Non-Fatal Injury,Intersection-Related,Stop Sign,Turning Movement,Clear,Daylight,Dry,Major Arterial,FALSE,-79.61980987,43.75415614,1,Automobile or Station Wagon,North,1,37,Major,Lap and Shoulder Belt,Failed to yield right-of-way,Inattentive - Other,,,Turning Left,,,,,driver,,Etobicoke North (1),23 Division,West Humber-Clairville,TRUE,TRUE,FALSE,FALSE,FALSE,FALSE,FALSE,FALSE,FALSE,FALSE,"{""coordinates"": [[-79.61980986604767, 43.75415613685541]], ""type"": ""MultiPoint""}"
10149,2024:4001632615,2024-07-26T20:45:00,LAKE SHORE BLVD W,ONTARIO DR,,3,Non-Fatal Injury,Intersection-Related,Traffic Signal,Turning Movement,Clear,Dark with Artificial Lighting,Dry,Major Arterial,FALSE,-79.41972118,43.63053714,1,Automobile or Station Wagon,East,1,50,None,Lap and Shoulder Belt,Improper turn,Had Been Drinking,,,Turning Left,,,,,driver,,Spadina-Fort York (10),14 Division,Fort York-Liberty Village,FALSE,FALSE,FALSE,TRUE,FALSE,FALSE,FALSE,FALSE,FALSE,FALSE,"{""coordinates"": [[-79.41972118037425, 43.63053714240365]], ""type"": ""MultiPoint""}"
10150,2024:4001632615,2024-07-26T20:45:00,LAKE SHORE BLVD W,ONTARIO DR,,3,Non-Fatal Injury,Intersection-Related,Traffic Signal,Turning Movement,Clear,Dark with Artificial Lighting,Dry,Major Arterial,FALSE,-79.41972118,43.63053714,2,Motorcycle,West,2,40,Major,Helmet,Driving properly,Normal,,,Going Ahead,,,,,motorcyclist,,Spadina-Fort York (10),14 Division,Fort York-Liberty Village,FALSE,FALSE,FALSE,TRUE,FALSE,FALSE,FALSE,FALSE,FALSE,FALSE,"{""coordinates"": [[-79.41972118037425, 43.63053714240365]], ""type"": ""MultiPoint""}"
10151,2024:4001632615,2024-07-26T20:45:00,LAKE SHORE BLVD W,ONTARIO DR,,3,Non-Fatal Injury,Intersection-Related,Traffic Signal,Turning Movement,Clear,Dark with Artificial Lighting,Dry,Major Arterial,FALSE,-79.41972118,43.63053714,1,,,3,52,None,Lap and Shoulder Belt,,,,,,,,,,passenger,,Spadina-Fort York (10),14 Division,Fort York-Liberty Village,FALSE,FALSE,FALSE,TRUE,FALSE,FALSE,FALSE,FALSE,FALSE,FALSE,"{""coordinates"": [[-79.41972118037425, 43.63053714240365]], ""type"": ""MultiPoint""}"
10152,2024:4001708988,2024-07-27T16:36:00,SHUTER ST,TREFANN ST,,2,Non-Fatal Injury,Intersection-Related,No Control,Turning Movement,Clear,Daylight,Dry,Minor Arterial,TRUE,-79.36373503,43.65716515,2,Automobile or Station Wagon,West,2,,,Use Unknown,Improper turn,Unknown,,,Turning Left,,,,,driver,,Toronto Centre (13),51 Division,Regent Park,FALSE,FALSE,TRUE,FALSE,FALSE,TRUE,FALSE,FALSE,FALSE,FALSE,"{""coordinates"": [[-79.36373502867846, 43.657165152172496]], ""type"": ""MultiPoint""}"
10153,2024:4001708988,2024-07-27T16:36:00,SHUTER ST,TREFANN ST,,2,Non-Fatal Injury,Intersection-Related,No Control,Turning Movement,Clear,Daylight,Dry,Minor Arterial,TRUE,-79.36373503,43.65716515,1,Bicycle,East,1,66,Major,Helmet,,,,,Going Ahead,,Driver turns left into path of cyclist,Driving Properly,Normal,cyclist,,Toronto Centre (13),51 Division,Regent Park,FALSE,FALSE,TRUE,FALSE,FALSE,TRUE,FALSE,FALSE,FALSE,FALSE,"{""coordinates"": [[-79.36373502867846, 43.657165152172496]], ""type"": ""MultiPoint""}"
10154,2024:4001646605,2024-07-28T17:55:00,GARDINER EXPRESSWAY WB OFFRAMP,LAKE SHORE BLVD W,50 m North of,1,Non-Fatal Injury,Non-Intersection,No Control,SMV Other,Clear,Daylight,Dry,,FALSE,-79.48045881,43.62823134,1,Motorcycle,South,1,26,Major,Helmet,Lost control,Normal,,,Going Ahead,,,,,motorcyclist,,Etobicoke-Lakeshore (3),22 Division,Humber Bay Shores,FALSE,FALSE,FALSE,TRUE,FALSE,FALSE,FALSE,FALSE,FALSE,FALSE,"{""coordinates"": [[-79.48045880648458, 43.62823133622412]], ""type"": ""MultiPoint""}"
10155,2024:4001664634,2024-07-31T00:57:00,ELLESMERE RD,MCCOWAN RD,,2,Non-Fatal Injury,At Intersection,Traffic Signal,SMV Other,Clear,Dark with Artificial Lighting,Dry,,TRUE,-79.25164968,43.7720671,1,,,2,37,Major,No Equipment Available,,,Crossing without right-of-way (intersection),Unknown,,Driver going straight hits pedestrian crossing without right-of-way (at intersection),,,,pedestrian,,Scarborough Centre (21),43 Division,Bendale-Glen Andrew,FALSE,FALSE,FALSE,FALSE,FALSE,FALSE,TRUE,FALSE,FALSE,FALSE,"{""coordinates"": [[-79.25164968498584, 43.772067099142866]], ""type"": ""MultiPoint""}"
10156,2024:4001664857,2024-07-31T02:09:00,DON VALLEY PY N,F G GARDINER XY E,300 m West of,1,Non-Fatal Injury,Non-Intersection,No Control,SMV Other,Clear,Dark with Artificial Lighting,Dry,,FALSE,-79.34991171,43.65011193,1,Motorcycle,East,1,33,Major,Helmet,Lost control,Normal,,,Going Ahead,,,,,motorcyclist,,Spadina-Fort York (10),51 Division,St Lawrence-East Bayfront-The Islands,FALSE,FALSE,FALSE,TRUE,FALSE,FALSE,FALSE,FALSE,FALSE,FALSE,"{""coordinates"": [[-79.3499117120414, 43.65011193292939]], ""type"": ""MultiPoint""}"
10157,2024:4001675305,2024-08-01T11:01:00,MOUNT PLEASANT RD,STIBBARD AVE,16 m East of,1,Non-Fatal Injury,Intersection-Related,Stop Sign,SMV Other,Clear,Daylight,Dry,Major Arterial,FALSE,-79.39357479,43.71694418,1,Motorcycle,North,1,28,Major,Helmet,Lost control,Normal,,,Going Ahead,,,,,motorcyclist,,Don Valley West (15),53 Division,Mount Pleasant East,FALSE,FALSE,FALSE,TRUE,FALSE,FALSE,FALSE,FALSE,FALSE,FALSE,"{""coordinates"": [[-79.39357479354449, 43.71694418120856]], ""type"": ""MultiPoint""}"
10158,2024:4001684743,2024-08-02T14:00:00,ST.CLAIR AVE W,OAKWOOD AVE,,2,Non-Fatal Injury,Intersection-Related,Traffic Signal,SMV Other,Clear,Daylight,Dry,Major Arterial,FALSE,-79.43545743,43.67953725,1,Automobile or Station Wagon,South,1,89,None,Lap and Shoulder Belt,Failed to yield right-of-way,Normal,,,Turning Left,,,,,driver,,Davenport (9),13 Division,Wychwood,TRUE,FALSE,FALSE,FALSE,FALSE,TRUE,TRUE,FALSE,FALSE,FALSE,"{""coordinates"": [[-79.43545743028274, 43.679537249621724]], ""type"": ""MultiPoint""}"
10159,2024:4001684743,2024-08-02T14:00:00,ST.CLAIR AVE W,OAKWOOD AVE,,2,Non-Fatal Injury,Intersection-Related,Traffic Signal,SMV Other,Clear,Daylight,Dry,Major Arterial,FALSE,-79.43545743,43.67953725,1,,,2,75,Major,No Equipment Available,,,Crossing with right-of-way (intersection),Normal,,Driver turns left into pedestrian crossing with right-of-way (at intersection),,,,pedestrian,,Davenport (9),13 Division,Wychwood,TRUE,FALSE,FALSE,FALSE,FALSE,TRUE,TRUE,FALSE,FALSE,FALSE,"{""coordinates"": [[-79.43545743028274, 43.679537249621724]], ""type"": ""MultiPoint""}"
10160,2024:4001686377,2024-08-02T17:34:00,ROYAL YORK RD,BRITTANY CT,,2,Non-Fatal Injury,Intersection-Related,No Control,Turning Movement,Clear,Daylight,Dry,,FALSE,-79.53138407,43.69314837,2,Automobile or Station Wagon,West,2,38,None,Lap and Shoulder Belt,Improper turn,Normal,,,Turning Left,,,,,driver,,Etobicoke Centre (2),23 Division,Humber Heights-Westmount,TRUE,FALSE,FALSE,TRUE,FALSE,FALSE,FALSE,FALSE,FALSE,FALSE,"{""coordinates"": [[-79.53138406651433, 43.69314837095458]], ""type"": ""MultiPoint""}"