_id,collision_id,accdate,stname1,stname2,stname3,per_inv,acclass,accloc,traffictl,impactype,visible,light,rdsfcond,road_class,failtorem,longitude,latitude,veh_no,vehtype,initdir,per_no,invage,injury,safequip,drivact,drivcond,pedact,pedcond,manoeuvre,pedtype,cyclistype,cycact,cyccond,road_user,fatal_no,wardname,division,neighbourhood,aggressive,distracted,cyclist,motorcyclist,other_micromobility,older_adult,pedestrian,red_light,school_child,heavy_truck,geometry
10216,2024:4002005981,2024-09-12T23:05:00,SIR WILLIAM HEARST AVE,MORTON SHULMAN AVE,,2,Non-Fatal Injury,Intersection-Related,Traffic Signal,SMV Other,Clear,Dark,Dry,,FALSE,-79.48481654,43.723805,1,,,2,20,Minor,Lap and Shoulder Belt,,,,,,,,,,passenger,,York Centre (6),31 Division,Oakdale-Beverley Heights,FALSE,FALSE,FALSE,FALSE,FALSE,FALSE,FALSE,FALSE,FALSE,FALSE,"{""coordinates"": [[-79.48481654321098, 43.723804999128596]], ""type"": ""MultiPoint""}"
10217,2024:4002005981,2024-09-12T23:05:00,SIR WILLIAM HEARST AVE,MORTON SHULMAN AVE,,2,Non-Fatal Injury,Intersection-Related,Traffic Signal,SMV Other,Clear,Dark,Dry,,FALSE,-79.48481654,43.723805,1,Automobile or Station Wagon,West,1,26,Major,Lap and Shoulder Belt,Driving properly,Normal,,,Going Ahead,,,,,driver,,York Centre (6),31 Division,Oakdale-Beverley Heights,FALSE,FALSE,FALSE,FALSE,FALSE,FALSE,FALSE,FALSE,FALSE,FALSE,"{""coordinates"": [[-79.48481654321098, 43.723804999128596]], ""type"": ""MultiPoint""}"
10218,2024:4002011413,2024-09-13T16:19:00,WILLIAM R ALLEN RD N,WILSON HEIGHTS BLVD,272 m South of,6,Non-Fatal Injury,Non-Intersection,No Control,Same Direction,Clear,Daylight,Dry,Expressway,FALSE,-79.45211086,43.73993425,2,Automobile or Station Wagon,,5,28,None,Lap and Shoulder Belt,,,,,,,,,,passenger,,York Centre (6),32 Division,Clanton Park,FALSE,FALSE,FALSE,FALSE,FALSE,TRUE,FALSE,FALSE,TRUE,FALSE,"{""coordinates"": [[-79.45211085812474, 43.739934250093604]], ""type"": ""MultiPoint""}"
10219,2024:4002011413,2024-09-13T16:19:00,WILLIAM R ALLEN RD N,WILSON HEIGHTS BLVD,272 m South of,6,Non-Fatal Injury,Non-Intersection,No Control,Same Direction,Clear,Daylight,Dry,Expressway,FALSE,-79.45211086,43.73993425,2,Automobile or Station Wagon,North,2,33,None,Lap and Shoulder Belt,Driving properly,Normal,,,Going Ahead,,,,,driver,,York Centre (6),32 Division,Clanton Park,FALSE,FALSE,FALSE,FALSE,FALSE,TRUE,FALSE,FALSE,TRUE,FALSE,"{""coordinates"": [[-79.45211085812474, 43.739934250093604]], ""type"": ""MultiPoint""}"
10220,2024:4002011413,2024-09-13T16:19:00,WILLIAM R ALLEN RD N,WILSON HEIGHTS BLVD,272 m South of,6,Non-Fatal Injury,Non-Intersection,No Control,Same Direction,Clear,Daylight,Dry,Expressway,FALSE,-79.45211086,43.73993425,3,Automobile or Station Wagon,,6,17,Minor,Lap and Shoulder Belt,,,,,,,,,,passenger,,York Centre (6),32 Division,Clanton Park,FALSE,FALSE,FALSE,FALSE,FALSE,TRUE,FALSE,FALSE,TRUE,FALSE,"{""coordinates"": [[-79.45211085812474, 43.739934250093604]], ""type"": ""MultiPoint""}"
10221,2024:4002011413,2024-09-13T16:19:00,WILLIAM R ALLEN RD N,WILSON HEIGHTS BLVD,272 m South of,6,Non-Fatal Injury,Non-Intersection,No Control,Same Direction,Clear,Daylight,Dry,Expressway,FALSE,-79.45211086,43.73993425,1,Automobile or Station Wagon,North,1,92,Major,Lap and Shoulder Belt,Lost control,Normal,,,Other,,,,,driver,,York Centre (6),32 Division,Clanton Park,FALSE,FALSE,FALSE,FALSE,FALSE,TRUE,FALSE,FALSE,TRUE,FALSE,"{""coordinates"": [[-79.45211085812474, 43.739934250093604]], ""type"": ""MultiPoint""}"
10222,2024:4002011413,2024-09-13T16:19:00,WILLIAM R ALLEN RD N,WILSON HEIGHTS BLVD,272 m South of,6,Non-Fatal Injury,Non-Intersection,No Control,Same Direction,Clear,Daylight,Dry,Expressway,FALSE,-79.45211086,43.73993425,2,Automobile or Station Wagon,,4,32,None,Lap and Shoulder Belt,,,,,,,,,,passenger,,York Centre (6),32 Division,Clanton Park,FALSE,FALSE,FALSE,FALSE,FALSE,TRUE,FALSE,FALSE,TRUE,FALSE,"{""coordinates"": [[-79.45211085812474, 43.739934250093604]], ""type"": ""MultiPoint""}"
10223,2024:4002011413,2024-09-13T16:19:00,WILLIAM R ALLEN RD N,WILSON HEIGHTS BLVD,272 m South of,6,Non-Fatal Injury,Non-Intersection,No Control,Same Direction,Clear,Daylight,Dry,Expressway,FALSE,-79.45211086,43.73993425,3,Automobile or Station Wagon,North,3,18,None,Lap and Shoulder Belt,Driving properly,Normal,,,Going Ahead,,,,,driver,,York Centre (6),32 Division,Clanton Park,FALSE,FALSE,FALSE,FALSE,FALSE,TRUE,FALSE,FALSE,TRUE,FALSE,"{""coordinates"": [[-79.45211085812474, 43.739934250093604]], ""type"": ""MultiPoint""}"
10224,2024:4002021510,2024-09-14T22:57:00,DUNDAS ST W,CHELSEA AVE,40 m N of,2,Non-Fatal Injury,At/Near Private Drive,Traffic Signal,Turning Movement,Clear,Dark,Dry,,FALSE,-79.4530405,43.65858088,2,Delivery Van,South,2,30,None,Lap and Shoulder Belt,Driving properly,Normal,,,Turning Left,,,,,driver,,Parkdale-High Park (4),11 Division,High Park North,TRUE,FALSE,FALSE,TRUE,FALSE,FALSE,FALSE,FALSE,FALSE,TRUE,"{""coordinates"": [[-79.45304049920874, 43.658580882531254]], ""type"": ""MultiPoint""}"
10225,2024:4002021510,2024-09-14T22:57:00,DUNDAS ST W,CHELSEA AVE,40 m N of,2,Non-Fatal Injury,At/Near Private Drive,Traffic Signal,Turning Movement,Clear,Dark,Dry,,FALSE,-79.4530405,43.65858088,1,Motorcycle,North,1,21,Major,Use Unknown,Exceeding speed limit,Normal,,,Going Ahead,,,,,motorcyclist,,Parkdale-High Park (4),11 Division,High Park North,TRUE,FALSE,FALSE,TRUE,FALSE,FALSE,FALSE,FALSE,FALSE,TRUE,"{""coordinates"": [[-79.45304049920874, 43.658580882531254]], ""type"": ""MultiPoint""}"
10228,2024:4002022585,2024-09-15T02:49:00,THE QUEENSWAY,STOCK AV,32 m East of,1,Non-Fatal Injury,Non-Intersection,No Control,SMV Other,Clear,Dark with Artificial Lighting,Dry,,FALSE,-79.52496489,43.6212351,1,Automobile or Station Wagon,East,1,27,Major,Lap and Shoulder Belt,Lost control,Normal,,,Going Ahead,,,,,driver,,Etobicoke-Lakeshore (3),22 Division,Etobicoke City Centre,FALSE,FALSE,FALSE,FALSE,FALSE,FALSE,FALSE,FALSE,FALSE,FALSE,"{""coordinates"": [[-79.5249648915819, 43.621235101019465]], ""type"": ""MultiPoint""}"
10229,2024:4002028478,2024-09-15T22:09:00,COXWELL AV,MORTIMER AV,20 m South of,3,Non-Fatal Injury,Non-Intersection,Traffic Signal,SMV Other,Clear,Dark with Artificial Lighting,Dry,,FALSE,-79.32631471,43.68999539,1,Automobile or Station Wagon,North,1,62,None,Lap and Shoulder Belt,Driving properly,Normal,,,Going Ahead,,,,,driver,,Beaches-East York (19),55 Division,Danforth East York,FALSE,FALSE,FALSE,FALSE,FALSE,TRUE,TRUE,FALSE,FALSE,FALSE,"{""coordinates"": [[-79.32631471112038, 43.68999539438053]], ""type"": ""MultiPoint""}"
10230,2024:4002028478,2024-09-15T22:09:00,COXWELL AV,MORTIMER AV,20 m South of,3,Non-Fatal Injury,Non-Intersection,Traffic Signal,SMV Other,Clear,Dark with Artificial Lighting,Dry,,FALSE,-79.32631471,43.68999539,1,,,3,74,Minor,Use Unknown,,,Crossing - no traffic control,Normal,,Driver hits pedestrian at midblock,,,,pedestrian,,Beaches-East York (19),55 Division,Danforth East York,FALSE,FALSE,FALSE,FALSE,FALSE,TRUE,TRUE,FALSE,FALSE,FALSE,"{""coordinates"": [[-79.32631471112038, 43.68999539438053]], ""type"": ""MultiPoint""}"
10231,2024:4002028478,2024-09-15T22:09:00,COXWELL AV,MORTIMER AV,20 m South of,3,Non-Fatal Injury,Non-Intersection,Traffic Signal,SMV Other,Clear,Dark with Artificial Lighting,Dry,,FALSE,-79.32631471,43.68999539,1,,,2,77,Major,Use Unknown,,,Crossing - no traffic control,Normal,,Driver hits pedestrian at midblock,,,,pedestrian,,Beaches-East York (19),55 Division,Danforth East York,FALSE,FALSE,FALSE,FALSE,FALSE,TRUE,TRUE,FALSE,FALSE,FALSE,"{""coordinates"": [[-79.32631471112038, 43.68999539438053]], ""type"": ""MultiPoint""}"
10232,2024:4002046525,2024-09-18T05:23:00,DVP N BAYVIEW BLOOR RAMP,BAYVIEW BLOOR DVP RAMP,398 m East of,1,Non-Fatal Injury,Non-Intersection,No Control,SMV Other,Clear,Dawn with Artificial Lighting,Dry,Expressway Ramp,FALSE,-79.3667028,43.67956115,1,Automobile or Station Wagon,West,1,41,Major,Lap and Shoulder Belt,Lost control,Normal,,,Going Ahead,,,,,driver,,University-Rosedale (11),53 Division,Leaside-Bennington,FALSE,FALSE,FALSE,FALSE,FALSE,FALSE,FALSE,FALSE,FALSE,FALSE,"{""coordinates"": [[-79.36670280123317, 43.679561152413235]], ""type"": ""MultiPoint""}"
10233,2024:4002058547,2024-09-19T15:36:00,MOUNT PLEASANT RD,MILLWOOD RD,1 m North of,4,Non-Fatal Injury,Intersection-Related,Stop Sign,Approaching Head On,Clear,Daylight,Dry,,FALSE,-79.38749211,43.70175358,3,Automobile or Station Wagon,South,3,27,None,Lap and Shoulder Belt,Driving properly,Normal,,,Going Ahead,,,,,driver,,Don Valley West (15),53 Division,Mount Pleasant East,FALSE,TRUE,FALSE,TRUE,FALSE,TRUE,FALSE,FALSE,TRUE,FALSE,"{""coordinates"": [[-79.38749210610794, 43.70175357665919]], ""type"": ""MultiPoint""}"
10234,2024:4002058547,2024-09-19T15:36:00,MOUNT PLEASANT RD,MILLWOOD RD,1 m North of,4,Non-Fatal Injury,Intersection-Related,Stop Sign,Approaching Head On,Clear,Daylight,Dry,,FALSE,-79.38749211,43.70175358,1,Motorcycle,North,1,19,Major,Helmet,Lost control,Inattentive - Other,,,Changing Lanes,,,,,motorcyclist,,Don Valley West (15),53 Division,Mount Pleasant East,FALSE,TRUE,FALSE,TRUE,FALSE,TRUE,FALSE,FALSE,TRUE,FALSE,"{""coordinates"": [[-79.38749210610794, 43.70175357665919]], ""type"": ""MultiPoint""}"
10235,2024:4002058547,2024-09-19T15:36:00,MOUNT PLEASANT RD,MILLWOOD RD,1 m North of,4,Non-Fatal Injury,Intersection-Related,Stop Sign,Approaching Head On,Clear,Daylight,Dry,,FALSE,-79.38749211,43.70175358,4,Automobile or Station Wagon,North,4,48,None,Lap and Shoulder Belt,Driving properly,Normal,,,Going Ahead,,,,,driver,,Don Valley West (15),53 Division,Mount Pleasant East,FALSE,TRUE,FALSE,TRUE,FALSE,TRUE,FALSE,FALSE,TRUE,FALSE,"{""coordinates"": [[-79.38749210610794, 43.70175357665919]], ""type"": ""MultiPoint""}"
10236,2024:4002058547,2024-09-19T15:36:00,MOUNT PLEASANT RD,MILLWOOD RD,1 m North of,4,Non-Fatal Injury,Intersection-Related,Stop Sign,Approaching Head On,Clear,Daylight,Dry,,FALSE,-79.38749211,43.70175358,2,Automobile or Station Wagon,South,2,82,None,Lap and Shoulder Belt,Driving properly,Normal,,,Going Ahead,,,,,driver,,Don Valley West (15),53 Division,Mount Pleasant East,FALSE,TRUE,FALSE,TRUE,FALSE,TRUE,FALSE,FALSE,TRUE,FALSE,"{""coordinates"": [[-79.38749210610794, 43.70175357665919]], ""type"": ""MultiPoint""}"
10237,2024:4002059443,2024-09-19T17:05:00,STEELES AVE W,GERRY FITZGERALD DR,14 m West of,3,Non-Fatal Injury,Intersection-Related,Traffic Signal,Same Direction,Clear,Daylight,Dry,,FALSE,-79.47499624,43.78603367,2,Municipal Transit Bus (TTC),East,2,35,None,Lap and Shoulder Belt,Driving properly,Normal,,,Slowing or Stopping,,,,,driver,,York Centre (6),32 Division,York University Heights,FALSE,FALSE,FALSE,FALSE,FALSE,FALSE,FALSE,FALSE,FALSE,TRUE,"{""coordinates"": [[-79.47499623544648, 43.786033667108235]], ""type"": ""MultiPoint""}"
10238,2024:4002059443,2024-09-19T17:05:00,STEELES AVE W,GERRY FITZGERALD DR,14 m West of,3,Non-Fatal Injury,Intersection-Related,Traffic Signal,Same Direction,Clear,Daylight,Dry,,FALSE,-79.47499624,43.78603367,1,Automobile or Station Wagon,East,1,0,None,Use Unknown,Speed too slow,Unknown,,,Slowing or Stopping,,,,,driver,,York Centre (6),32 Division,York University Heights,FALSE,FALSE,FALSE,FALSE,FALSE,FALSE,FALSE,FALSE,FALSE,TRUE,"{""coordinates"": [[-79.47499623544648, 43.786033667108235]], ""type"": ""MultiPoint""}"
10239,2024:4002059443,2024-09-19T17:05:00,STEELES AVE W,GERRY FITZGERALD DR,14 m West of,3,Non-Fatal Injury,Intersection-Related,Traffic Signal,Same Direction,Clear,Daylight,Dry,,FALSE,-79.47499624,43.78603367,2,Municipal Transit Bus (TTC),,3,52,Major,Equipment Not Used But Available,,,,,,,,,,passenger,,York Centre (6),32 Division,York University Heights,FALSE,FALSE,FALSE,FALSE,FALSE,FALSE,FALSE,FALSE,FALSE,TRUE,"{""coordinates"": [[-79.47499623544648, 43.786033667108235]], ""type"": ""MultiPoint""}"
10240,2024:4002070178,2024-09-21T01:20:00,CALEDONIA RD,CASTLEFIELD AVE,,2,Non-Fatal Injury,Four-way,Traffic Signal,Turning Movement,Clear,Dark with Artificial Lighting,Dry,Minor Arterial,FALSE,-79.46343065,43.69841778,1,Automobile or Station Wagon,South,1,32,None,Lap and Shoulder Belt,Failed to yield right-of-way,Normal,,,Turning Left,,,,,driver,,Eglinton-Lawrence (8),13 Division,Briar Hill-Belgravia,TRUE,FALSE,FALSE,TRUE,FALSE,FALSE,FALSE,FALSE,FALSE,FALSE,"{""coordinates"": [[-79.46343064987144, 43.698417781460385]], ""type"": ""MultiPoint""}"
10241,2024:4002070178,2024-09-21T01:20:00,CALEDONIA RD,CASTLEFIELD AVE,,2,Non-Fatal Injury,Four-way,Traffic Signal,Turning Movement,Clear,Dark with Artificial Lighting,Dry,Minor Arterial,FALSE,-79.46343065,43.69841778,2,Motorcycle,North,2,31,Major,Helmet,Driving properly,Normal,,,Going Ahead,,,,,motorcyclist,,Eglinton-Lawrence (8),13 Division,Briar Hill-Belgravia,TRUE,FALSE,FALSE,TRUE,FALSE,FALSE,FALSE,FALSE,FALSE,FALSE,"{""coordinates"": [[-79.46343064987144, 43.698417781460385]], ""type"": ""MultiPoint""}"
10242,2024:4002073479,2024-09-21T14:30:00,MILVAN DR,TORYORK DR,,2,Non-Fatal Injury,Intersection-Related,No Control,Turning Movement,Clear,Daylight,Dry,Collector,FALSE,-79.56402009,43.76250017,2,Automobile or Station Wagon,West,2,42,None,Lap and Shoulder Belt,Driving properly,Normal,,,Going Ahead,,,,,driver,,Humber River-Black Creek (7),31 Division,Humber Summit,FALSE,TRUE,FALSE,TRUE,FALSE,FALSE,FALSE,FALSE,FALSE,FALSE,"{""coordinates"": [[-79.56402008537313, 43.762500172644195]], ""type"": ""MultiPoint""}"
10243,2024:4002073479,2024-09-21T14:30:00,MILVAN DR,TORYORK DR,,2,Non-Fatal Injury,Intersection-Related,No Control,Turning Movement,Clear,Daylight,Dry,Collector,FALSE,-79.56402009,43.76250017,1,Motorcycle,North,1,20,Major,Helmet,Lost control,Inattentive - Other,,,Turning Right,,,,,motorcyclist,,Humber River-Black Creek (7),31 Division,Humber Summit,FALSE,TRUE,FALSE,TRUE,FALSE,FALSE,FALSE,FALSE,FALSE,FALSE,"{""coordinates"": [[-79.56402008537313, 43.762500172644195]], ""type"": ""MultiPoint""}"
10248,2024:4002091783,2024-09-23T22:35:00,WILSON AVE,WILSON HEIGHTS BLVD,,2,Non-Fatal Injury,Four-way,Traffic Signal,SMV Other,Rain,Dark with Artificial Lighting,Wet,Major Arterial,FALSE,-79.44721576,43.73471385,1,Pickup Truck,East,1,22,None,Lap and Shoulder Belt,Failed to yield right-of-way,Inattentive - Other,,,Turning Left,,,,,driver,,York Centre (6),32 Division,Clanton Park,TRUE,TRUE,FALSE,FALSE,FALSE,FALSE,TRUE,FALSE,FALSE,FALSE,"{""coordinates"": [[-79.4472157586048, 43.73471384579507]], ""type"": ""MultiPoint""}"
10249,2024:4002091783,2024-09-23T22:35:00,WILSON AVE,WILSON HEIGHTS BLVD,,2,Non-Fatal Injury,Four-way,Traffic Signal,SMV Other,Rain,Dark with Artificial Lighting,Wet,Major Arterial,FALSE,-79.44721576,43.73471385,1,,,2,24,Major,Use Unknown,,,Crossing with right-of-way (intersection),Normal,,Driver turns left into pedestrian crossing with right-of-way (at intersection),,,,pedestrian,,York Centre (6),32 Division,Clanton Park,TRUE,TRUE,FALSE,FALSE,FALSE,FALSE,TRUE,FALSE,FALSE,FALSE,"{""coordinates"": [[-79.4472157586048, 43.73471384579507]], ""type"": ""MultiPoint""}"
10250,2024:4002109796,2024-09-25T22:30:00,VICTORIA PARK AVE,DENTON AVE,35 m South of,2,Non-Fatal Injury,Non-Intersection,No Control,SMV Other,Clear,Dusk with Artificial Lighting,Dry,Major Arterial,TRUE,-79.28878534,43.69259674,,,,2,35,Major,No Equipment Available,,,On sidewalk or shoulder,Normal,,Driver hits pedestrian on sidewalk or shoulder,,,,pedestrian,,Scarborough Southwest (20),41 Division,Oakridge,FALSE,FALSE,FALSE,FALSE,FALSE,FALSE,TRUE,FALSE,FALSE,FALSE,"{""coordinates"": [[-79.28878533844626, 43.69259674222832]], ""type"": ""MultiPoint""}"
10251,2024:4002109796,2024-09-25T22:30:00,VICTORIA PARK AVE,DENTON AVE,35 m South of,2,Non-Fatal Injury,Non-Intersection,No Control,SMV Other,Clear,Dusk with Artificial Lighting,Dry,Major Arterial,TRUE,-79.28878534,43.69259674,1,Automobile or Station Wagon,North,1,36,None,Use Unknown,Other,Road Rage/Aggression,,,Pulling Onto Shoulder or Toward Curb,,,,,driver,,Scarborough Southwest (20),41 Division,Oakridge,FALSE,FALSE,FALSE,FALSE,FALSE,FALSE,TRUE,FALSE,FALSE,FALSE,"{""coordinates"": [[-79.28878533844626, 43.69259674222832]], ""type"": ""MultiPoint""}"
10252,2024:4002109314,2024-09-26T06:40:00,KEELE ST,ST REGIS CR,,2,Non-Fatal Injury,Intersection-Related,Traffic Signal,SMV Other,Clear,Dark,Dry,,FALSE,-79.4887083,43.75465229,1,Automobile or Station Wagon,North,1,36,None,Lap and Shoulder Belt,Failed to yield right-of-way,Normal,,,Turning Right,,,,,driver,,York Centre (6),31 Division,York University Heights,TRUE,FALSE,FALSE,FALSE,FALSE,FALSE,TRUE,FALSE,FALSE,FALSE,"{""coordinates"": [[-79.48870829681351, 43.75465229088866]], ""type"": ""MultiPoint""}"
10253,2024:4002109314,2024-09-26T06:40:00,KEELE ST,ST REGIS CR,,2,Non-Fatal Injury,Intersection-Related,Traffic Signal,SMV Other,Clear,Dark,Dry,,FALSE,-79.4887083,43.75465229,1,,,2,52,Major,Use Unknown,,,Crossing with right-of-way (intersection),Normal,,Driver turns right into pedestrian crossing with right-of-way (at intersection),,,,pedestrian,,York Centre (6),31 Division,York University Heights,TRUE,FALSE,FALSE,FALSE,FALSE,FALSE,TRUE,FALSE,FALSE,FALSE,"{""coordinates"": [[-79.48870829681351, 43.75465229088866]], ""type"": ""MultiPoint""}"
10254,2024:4002119584,2024-09-27T12:49:00,149 COLLEGE ST,MCCAUL ST,97 m East of,2,Non-Fatal Injury,Intersection-Related,Pedestrian Crossover,Turning Movement,Clear,Daylight,Dry,,FALSE,-79.39179718,43.65950159,2,Bicycle,East,2,24,Major,No Equipment Available,,,,,Going Ahead,,Motorist turned left,Driving Properly,Normal,cyclist,,University-Rosedale (11),52 Division,Kensington-Chinatown,TRUE,FALSE,TRUE,FALSE,FALSE,FALSE,FALSE,FALSE,FALSE,FALSE,"{""coordinates"": [[-79.39179717940563, 43.65950159274059]], ""type"": ""MultiPoint""}"
10255,2024:4002119584,2024-09-27T12:49:00,149 COLLEGE ST,MCCAUL ST,97 m East of,2,Non-Fatal Injury,Intersection-Related,Pedestrian Crossover,Turning Movement,Clear,Daylight,Dry,,FALSE,-79.39179718,43.65950159,1,Automobile or Station Wagon,West,1,28,None,Lap and Shoulder Belt,Failed to yield right-of-way,Normal,,,Turning Left,,,,,driver,,University-Rosedale (11),52 Division,Kensington-Chinatown,TRUE,FALSE,TRUE,FALSE,FALSE,FALSE,FALSE,FALSE,FALSE,FALSE,"{""coordinates"": [[-79.39179717940563, 43.65950159274059]], ""type"": ""MultiPoint""}"
10256,2024:4002146325,2024-09-30T21:25:00,DON VALLEY PARKWAY S,SPANBRIDGE RD,645 m West of,2,Non-Fatal Injury,Non-Intersection,No Control,Rear End,Clear,Dark with Artificial Lighting,Dry,,FALSE,-79.33089749,43.7082498,2,Automobile or Station Wagon,South,2,35,Minor,Lap and Shoulder Belt,Driving properly,Normal,,,Going Ahead,,,,,driver,,Don Valley East (16),55 Division,O'Connor-Parkview,TRUE,FALSE,FALSE,TRUE,FALSE,FALSE,FALSE,FALSE,FALSE,FALSE,"{""coordinates"": [[-79.33089749429625, 43.708249798918]], ""type"": ""MultiPoint""}"
10257,2024:4002146325,2024-09-30T21:25:00,DON VALLEY PARKWAY S,SPANBRIDGE RD,645 m West of,2,Non-Fatal Injury,Non-Intersection,No Control,Rear End,Clear,Dark with Artificial Lighting,Dry,,FALSE,-79.33089749,43.7082498,1,Motorcycle,South,1,20,Major,Helmet,Speed too fast for conditions,Other Condition,,,Going Ahead,,,,,motorcyclist,,Don Valley East (16),55 Division,O'Connor-Parkview,TRUE,FALSE,FALSE,TRUE,FALSE,FALSE,FALSE,FALSE,FALSE,FALSE,"{""coordinates"": [[-79.33089749429625, 43.708249798918]], ""type"": ""MultiPoint""}"
10258,2024:4002157152,2024-10-02T08:20:00,CASTLEFIELD AV,DUFFERIN ST,25 m West of,2,Non-Fatal Injury,Non-Intersection,No Control,Angle,Clear,Daylight,Dry,Collector,FALSE,-79.45243553,43.70065787,2,Pickup Truck,East,2,60,Major,Lap and Shoulder Belt,Lost control,Normal,,,Going Ahead,,,,,driver,,Eglinton-Lawrence (8),13 Division,Briar Hill-Belgravia,FALSE,FALSE,FALSE,FALSE,FALSE,FALSE,FALSE,FALSE,FALSE,TRUE,"{""coordinates"": [[-79.45243552596156, 43.70065786554077]], ""type"": ""MultiPoint""}"
10259,2024:4002157152,2024-10-02T08:20:00,CASTLEFIELD AV,DUFFERIN ST,25 m West of,2,Non-Fatal Injury,Non-Intersection,No Control,Angle,Clear,Daylight,Dry,Collector,FALSE,-79.45243553,43.70065787,1,Truck - Closed,South,1,58,None,Lap and Shoulder Belt,Driving properly,Normal,,,Slowing or Stopping,,,,,driver,,Eglinton-Lawrence (8),13 Division,Briar Hill-Belgravia,FALSE,FALSE,FALSE,FALSE,FALSE,FALSE,FALSE,FALSE,FALSE,TRUE,"{""coordinates"": [[-79.45243552596156, 43.70065786554077]], ""type"": ""MultiPoint""}"
10260,2024:4002159905,2024-10-02T14:22:00,AVENUE RD,DAVENPORT RD,18 m North of,4,Non-Fatal Injury,Non-Intersection,No Control,SMV Other,Clear,Daylight,Dry,Major Arterial,FALSE,-79.39655976,43.6749852,1,,,4,53,Major,No Equipment Available,,,On sidewalk or shoulder,Normal,,Driver hits pedestrian on sidewalk or shoulder,,,,pedestrian,,University-Rosedale (11),53 Division,Annex,FALSE,FALSE,FALSE,FALSE,FALSE,TRUE,TRUE,FALSE,FALSE,FALSE,"{""coordinates"": [[-79.3965597644061, 43.67498519578003]], ""type"": ""MultiPoint""}"
10261,2024:4002159905,2024-10-02T14:22:00,AVENUE RD,DAVENPORT RD,18 m North of,4,Non-Fatal Injury,Non-Intersection,No Control,SMV Other,Clear,Daylight,Dry,Major Arterial,FALSE,-79.39655976,43.6749852,1,Automobile or Station Wagon,West,1,78,None,Lap and Shoulder Belt,Lost control,Normal,,,Turning Right,,,,,driver,,University-Rosedale (11),53 Division,Annex,FALSE,FALSE,FALSE,FALSE,FALSE,TRUE,TRUE,FALSE,FALSE,FALSE,"{""coordinates"": [[-79.3965597644061, 43.67498519578003]], ""type"": ""MultiPoint""}"
10262,2024:4002161113,2024-10-02T16:58:00,TODD BAYLIS BLVD,TRETHEWEY DR,62 m West of,2,Non-Fatal Injury,Non-Intersection,No Control,Turning Movement,Clear,Daylight with Artificial Lighting,Dry,,FALSE,-79.4884211,43.69563652,1,E-Bike (Power-Assisted Bicycle),East,1,0,Major,No Equipment Available,Lost control,Unknown,,,Turning Left,,Cyclist turns left into path of driver,Lost control,Unknown,cyclist,,York South-Weston (5),12 Division,Brookhaven-Amesbury,FALSE,FALSE,TRUE,FALSE,FALSE,FALSE,FALSE,FALSE,FALSE,FALSE,"{""coordinates"": [[-79.48842110052766, 43.69563651699194]], ""type"": ""MultiPoint""}"
10263,2024:4002161113,2024-10-02T16:58:00,TODD BAYLIS BLVD,TRETHEWEY DR,62 m West of,2,Non-Fatal Injury,Non-Intersection,No Control,Turning Movement,Clear,Daylight with Artificial Lighting,Dry,,FALSE,-79.4884211,43.69563652,2,Automobile or Station Wagon,South,2,59,None,Lap and Shoulder Belt,Driving properly,Normal,,,Stopped,,,,,driver,,York South-Weston (5),12 Division,Brookhaven-Amesbury,FALSE,FALSE,TRUE,FALSE,FALSE,FALSE,FALSE,FALSE,FALSE,FALSE,"{""coordinates"": [[-79.48842110052766, 43.69563651699194]], ""type"": ""MultiPoint""}"
10264,2024:4002161660,2024-10-02T18:07:00,ISLINGTON AVE,ORRELL AVE,,6,Non-Fatal Injury,Intersection-Related,Traffic Signal,SMV Other,Clear,Daylight,Dry,Major Arterial,FALSE,-79.52872993,43.65673469,1,,,6,1,Minor,No Equipment Available,,,Crossing with right-of-way (intersection),Normal,,Driver turns left into pedestrian crossing with right-of-way (at intersection),,,,pedestrian,,Etobicoke Centre (2),22 Division,Princess-Rosethorn,FALSE,FALSE,FALSE,FALSE,FALSE,TRUE,TRUE,FALSE,TRUE,FALSE,"{""coordinates"": [[-79.52872993067399, 43.65673468703869]], ""type"": ""MultiPoint""}"
10265,2024:4002161660,2024-10-02T18:07:00,ISLINGTON AVE,ORRELL AVE,,6,Non-Fatal Injury,Intersection-Related,Traffic Signal,SMV Other,Clear,Daylight,Dry,Major Arterial,FALSE,-79.52872993,43.65673469,1,,,5,0,Major,No Equipment Available,,,Crossing with right-of-way (intersection),Normal,,Driver turns left into pedestrian crossing with right-of-way (at intersection),,,,pedestrian,,Etobicoke Centre (2),22 Division,Princess-Rosethorn,FALSE,FALSE,FALSE,FALSE,FALSE,TRUE,TRUE,FALSE,TRUE,FALSE,"{""coordinates"": [[-79.52872993067399, 43.65673468703869]], ""type"": ""MultiPoint""}"
10266,2024:4002161660,2024-10-02T18:07:00,ISLINGTON AVE,ORRELL AVE,,6,Non-Fatal Injury,Intersection-Related,Traffic Signal,SMV Other,Clear,Daylight,Dry,Major Arterial,FALSE,-79.52872993,43.65673469,1,,,4,4,Minor,No Equipment Available,,,Crossing with right-of-way (intersection),Normal,,Driver turns left into pedestrian crossing with right-of-way (at intersection),,,,pedestrian,,Etobicoke Centre (2),22 Division,Princess-Rosethorn,FALSE,FALSE,FALSE,FALSE,FALSE,TRUE,TRUE,FALSE,TRUE,FALSE,"{""coordinates"": [[-79.52872993067399, 43.65673468703869]], ""type"": ""MultiPoint""}"