_id,collision_id,accdate,stname1,stname2,stname3,per_inv,acclass,accloc,traffictl,impactype,visible,light,rdsfcond,road_class,failtorem,longitude,latitude,veh_no,vehtype,initdir,per_no,invage,injury,safequip,drivact,drivcond,pedact,pedcond,manoeuvre,pedtype,cyclistype,cycact,cyccond,road_user,fatal_no,wardname,division,neighbourhood,aggressive,distracted,cyclist,motorcyclist,other_micromobility,older_adult,pedestrian,red_light,school_child,heavy_truck,geometry
10323,2024:4002367877,2024-10-30T06:19:00,HWY 27,STEELES AVE W,,2,Non-Fatal Injury,Intersection-Related,Traffic Signal,SMV Other,Clear,Dark with Artificial Lighting,Dry,Major Arterial,FALSE,-79.61444166,43.75550133,1,,,2,60,Major,Use Unknown,,,Crossing with right-of-way (intersection),Normal,,Driver turns right into pedestrian crossing with right-of-way (at intersection),,,,pedestrian,,,,,TRUE,FALSE,FALSE,FALSE,FALSE,FALSE,TRUE,FALSE,FALSE,TRUE,"{""coordinates"": [[-79.6144416575203, 43.75550133040505]], ""type"": ""MultiPoint""}"
10324,2024:4002367877,2024-10-30T06:19:00,HWY 27,STEELES AVE W,,2,Non-Fatal Injury,Intersection-Related,Traffic Signal,SMV Other,Clear,Dark with Artificial Lighting,Dry,Major Arterial,FALSE,-79.61444166,43.75550133,1,Truck - Closed,South,1,56,None,Lap and Shoulder Belt,Failed to yield right-of-way,Normal,,,Turning Right,,,,,driver,,,,,TRUE,FALSE,FALSE,FALSE,FALSE,FALSE,TRUE,FALSE,FALSE,TRUE,"{""coordinates"": [[-79.6144416575203, 43.75550133040505]], ""type"": ""MultiPoint""}"
10325,2024:4002375764,2024-10-31T04:20:00,YONGE ST,FINCH AVE E,,5,Non-Fatal Injury,Intersection-Related,Traffic Signal,Angle,Clear,Dark with Artificial Lighting,Dry,Major Arterial,TRUE,-79.41541095,43.7797637,2,,,5,0,Major,Use Unknown,,,,,,,,,,passenger,,Willowdale (18),32 Division,Yonge-Doris,TRUE,FALSE,FALSE,FALSE,FALSE,FALSE,FALSE,TRUE,FALSE,TRUE,"{""coordinates"": [[-79.41541094591268, 43.77976369693059]], ""type"": ""MultiPoint""}"
10326,2024:4002375764,2024-10-31T04:20:00,YONGE ST,FINCH AVE E,,5,Non-Fatal Injury,Intersection-Related,Traffic Signal,Angle,Clear,Dark with Artificial Lighting,Dry,Major Arterial,TRUE,-79.41541095,43.7797637,1,Pickup Truck,East,1,35,Minor,Use Unknown,Disobeyed traffic control,Unknown,,,Going Ahead,,,,,driver,,Willowdale (18),32 Division,Yonge-Doris,TRUE,FALSE,FALSE,FALSE,FALSE,FALSE,FALSE,TRUE,FALSE,TRUE,"{""coordinates"": [[-79.41541094591268, 43.77976369693059]], ""type"": ""MultiPoint""}"
10327,2024:4002375764,2024-10-31T04:20:00,YONGE ST,FINCH AVE E,,5,Non-Fatal Injury,Intersection-Related,Traffic Signal,Angle,Clear,Dark with Artificial Lighting,Dry,Major Arterial,TRUE,-79.41541095,43.7797637,2,Municipal Transit Bus (TTC),North,2,,Minor,Lap and Shoulder Belt,Driving properly,Normal,,,Going Ahead,,,,,driver,,Willowdale (18),32 Division,Yonge-Doris,TRUE,FALSE,FALSE,FALSE,FALSE,FALSE,FALSE,TRUE,FALSE,TRUE,"{""coordinates"": [[-79.41541094591268, 43.77976369693059]], ""type"": ""MultiPoint""}"
10328,2024:4002375764,2024-10-31T04:20:00,YONGE ST,FINCH AVE E,,5,Non-Fatal Injury,Intersection-Related,Traffic Signal,Angle,Clear,Dark with Artificial Lighting,Dry,Major Arterial,TRUE,-79.41541095,43.7797637,2,,,3,45,None,Use Unknown,,,,,,,,,,passenger,,Willowdale (18),32 Division,Yonge-Doris,TRUE,FALSE,FALSE,FALSE,FALSE,FALSE,FALSE,TRUE,FALSE,TRUE,"{""coordinates"": [[-79.41541094591268, 43.77976369693059]], ""type"": ""MultiPoint""}"
10329,2024:4002375764,2024-10-31T04:20:00,YONGE ST,FINCH AVE E,,5,Non-Fatal Injury,Intersection-Related,Traffic Signal,Angle,Clear,Dark with Artificial Lighting,Dry,Major Arterial,TRUE,-79.41541095,43.7797637,2,,,4,26,Minimal,Use Unknown,,,,,,,,,,passenger,,Willowdale (18),32 Division,Yonge-Doris,TRUE,FALSE,FALSE,FALSE,FALSE,FALSE,FALSE,TRUE,FALSE,TRUE,"{""coordinates"": [[-79.41541094591268, 43.77976369693059]], ""type"": ""MultiPoint""}"
10330,2024:4002387658,2024-11-01T14:23:00,BATHURST ST,LAWRENCE AVE W,,2,Non-Fatal Injury,Intersection-Related,Traffic Signal,Turning Movement,Clear,Daylight,Dry,Major Arterial,FALSE,-79.42961355,43.71937523,2,Automobile or Station Wagon,West,2,57,None,Lap and Shoulder Belt,Driving properly,Normal,,,Turning Right on Red,,,,,driver,,Eglinton-Lawrence (8),32 Division,Bedford Park-Nortown,FALSE,FALSE,TRUE,FALSE,FALSE,FALSE,FALSE,FALSE,TRUE,FALSE,"{""coordinates"": [[-79.42961355352334, 43.719375228224386]], ""type"": ""MultiPoint""}"
10331,2024:4002387658,2024-11-01T14:23:00,BATHURST ST,LAWRENCE AVE W,,2,Non-Fatal Injury,Intersection-Related,Traffic Signal,Turning Movement,Clear,Daylight,Dry,Major Arterial,FALSE,-79.42961355,43.71937523,1,Bicycle,South,1,16,Major,Helmet,,,,,Going Ahead,,Driver turns right on red at signalized intersection and hits cyclist,Speed too Fast For Condition,Normal,cyclist,,Eglinton-Lawrence (8),32 Division,Bedford Park-Nortown,FALSE,FALSE,TRUE,FALSE,FALSE,FALSE,FALSE,FALSE,TRUE,FALSE,"{""coordinates"": [[-79.42961355352334, 43.719375228224386]], ""type"": ""MultiPoint""}"
10332,2024:4002408452,2024-11-04T11:26:00,JANE ST,EGLINTON AVE W,,2,Non-Fatal Injury,Four-way,Traffic Signal,Angle,Clear,Daylight,Dry,Major Arterial,FALSE,-79.49878704,43.68455294,2,Automobile or Station Wagon,West,2,42,Minimal,Lap and Shoulder Belt,Driving properly,Normal,,,Going Ahead,,,,,driver,,York South-Weston (5),12 Division,Mount Dennis,TRUE,FALSE,FALSE,FALSE,FALSE,FALSE,FALSE,TRUE,FALSE,FALSE,"{""coordinates"": [[-79.49878703989913, 43.68455293669581]], ""type"": ""MultiPoint""}"
10333,2024:4002408452,2024-11-04T11:26:00,JANE ST,EGLINTON AVE W,,2,Non-Fatal Injury,Four-way,Traffic Signal,Angle,Clear,Daylight,Dry,Major Arterial,FALSE,-79.49878704,43.68455294,1,Automobile or Station Wagon,North,1,56,Major,Lap and Shoulder Belt,Disobeyed traffic control,Normal,,,Going Ahead,,,,,driver,,York South-Weston (5),12 Division,Mount Dennis,TRUE,FALSE,FALSE,FALSE,FALSE,FALSE,FALSE,TRUE,FALSE,FALSE,"{""coordinates"": [[-79.49878703989913, 43.68455293669581]], ""type"": ""MultiPoint""}"
10336,2024:4002462356,2024-11-11T15:55:00,EGLINTON AV W,WILLIAM R ALLEN RD N,11 m South of,2,Non-Fatal Injury,Intersection-Related,Traffic Signal,SMV Other,Rain,Dawn,Wet,,FALSE,-79.4348915,43.69903714,1,Bus - Other,West,1,73,None,Lap and Shoulder Belt,Driving properly,Normal,,,Going Ahead,,,,,driver,,Eglinton-Lawrence (8),13 Division,Forest Hill North,FALSE,FALSE,FALSE,FALSE,FALSE,TRUE,TRUE,FALSE,FALSE,TRUE,"{""coordinates"": [[-79.4348914967389, 43.699037142152896]], ""type"": ""MultiPoint""}"
10337,2024:4002462356,2024-11-11T15:55:00,EGLINTON AV W,WILLIAM R ALLEN RD N,11 m South of,2,Non-Fatal Injury,Intersection-Related,Traffic Signal,SMV Other,Rain,Dawn,Wet,,FALSE,-79.4348915,43.69903714,1,,,2,32,Major,No Equipment Available,,,Crossing without right-of-way (intersection),Normal,,Driver going straight hits pedestrian crossing without right-of-way (at intersection),,,,pedestrian,,Eglinton-Lawrence (8),13 Division,Forest Hill North,FALSE,FALSE,FALSE,FALSE,FALSE,TRUE,TRUE,FALSE,FALSE,TRUE,"{""coordinates"": [[-79.4348914967389, 43.699037142152896]], ""type"": ""MultiPoint""}"
10338,2024:4002522253,2024-11-19T23:36:00,BATHURST ST,HADDINGTON AVE,,2,Non-Fatal Injury,T Intersection,No Control,Turning Movement,Rain,Dark with Artificial Lighting,Wet,Major Arterial,FALSE,-79.43273874,43.73218263,1,Automobile or Station Wagon,South,1,23,Minor,Lap and Shoulder Belt,Exceeding speed limit,Other Condition,,,Overtaking,,,,,driver,,Eglinton-Lawrence (8),32 Division,Bedford Park-Nortown,TRUE,FALSE,FALSE,FALSE,FALSE,FALSE,FALSE,FALSE,FALSE,FALSE,"{""coordinates"": [[-79.4327387377926, 43.732182628037435]], ""type"": ""MultiPoint""}"
10345,2024:4002506976,2024-11-16T21:48:00,MILVAN DR,PENN DR,102 m North of,1,Non-Fatal Injury,Non-Intersection,No Control,SMV Other,Rain,Dark with Artificial Lighting,Wet,Collector,FALSE,-79.55323539,43.75242206,1,Truck - Tractor,South,1,31,Major,Lap and Shoulder Belt,Lost control,Normal,,,Going Ahead,,,,,driver,,Humber River-Black Creek (7),31 Division,Humber Summit,FALSE,FALSE,FALSE,FALSE,FALSE,FALSE,FALSE,FALSE,FALSE,TRUE,"{""coordinates"": [[-79.55323538515752, 43.75242206417606]], ""type"": ""MultiPoint""}"
10346,2024:4002506053,2024-11-17T18:51:00,FINCHDENE SQ,TORHAM PL,150 m North of,1,Non-Fatal Injury,Non-Intersection,No Control,SMV Other,Clear,Dark,Dry,,FALSE,-79.23406042,43.82127619,1,Automobile or Station Wagon,North,1,24,Major,Lap and Shoulder Belt,Lost control,Normal,,,Going Ahead,,,,,driver,,Scarborough North (23),42 Division,Morningside Heights,FALSE,FALSE,FALSE,FALSE,FALSE,FALSE,FALSE,FALSE,FALSE,FALSE,"{""coordinates"": [[-79.23406042233053, 43.821276190137546]], ""type"": ""MultiPoint""}"
10347,2024:4002507902,2024-11-18T01:54:00,WILSON AVE,BATHURST ST,,8,Non-Fatal Injury,At Intersection,Traffic Signal,Angle,Clear,Dark with Artificial Lighting,Dry,Major Arterial,FALSE,-79.43408683,43.73739713,2,,,7,29,Major,No Equipment Available,,,,,,,,,,passenger,,York Centre (6),32 Division,Clanton Park,TRUE,FALSE,FALSE,FALSE,FALSE,FALSE,FALSE,FALSE,TRUE,TRUE,"{""coordinates"": [[-79.43408683145634, 43.73739712800484]], ""type"": ""MultiPoint""}"
10348,2024:4002507902,2024-11-18T01:54:00,WILSON AVE,BATHURST ST,,8,Non-Fatal Injury,At Intersection,Traffic Signal,Angle,Clear,Dark with Artificial Lighting,Dry,Major Arterial,FALSE,-79.43408683,43.73739713,2,,,5,19,Minor,No Equipment Available,,,,,,,,,,passenger,,York Centre (6),32 Division,Clanton Park,TRUE,FALSE,FALSE,FALSE,FALSE,FALSE,FALSE,FALSE,TRUE,TRUE,"{""coordinates"": [[-79.43408683145634, 43.73739712800484]], ""type"": ""MultiPoint""}"
10349,2024:4002507902,2024-11-18T01:54:00,WILSON AVE,BATHURST ST,,8,Non-Fatal Injury,At Intersection,Traffic Signal,Angle,Clear,Dark with Artificial Lighting,Dry,Major Arterial,FALSE,-79.43408683,43.73739713,2,,,8,27,Minor,No Equipment Available,,,,,,,,,,passenger,,York Centre (6),32 Division,Clanton Park,TRUE,FALSE,FALSE,FALSE,FALSE,FALSE,FALSE,FALSE,TRUE,TRUE,"{""coordinates"": [[-79.43408683145634, 43.73739712800484]], ""type"": ""MultiPoint""}"
10350,2024:4002507902,2024-11-18T01:54:00,WILSON AVE,BATHURST ST,,8,Non-Fatal Injury,At Intersection,Traffic Signal,Angle,Clear,Dark with Artificial Lighting,Dry,Major Arterial,FALSE,-79.43408683,43.73739713,1,,,4,19,Major,Equipment Not Used But Available,,,,,,,,,,passenger,,York Centre (6),32 Division,Clanton Park,TRUE,FALSE,FALSE,FALSE,FALSE,FALSE,FALSE,FALSE,TRUE,TRUE,"{""coordinates"": [[-79.43408683145634, 43.73739712800484]], ""type"": ""MultiPoint""}"
10351,2024:4002507902,2024-11-18T01:54:00,WILSON AVE,BATHURST ST,,8,Non-Fatal Injury,At Intersection,Traffic Signal,Angle,Clear,Dark with Artificial Lighting,Dry,Major Arterial,FALSE,-79.43408683,43.73739713,1,Automobile or Station Wagon,West,1,31,Major,Air Bag Deployed,Exceeding speed limit,Unknown,,,Going Ahead,,,,,driver,,York Centre (6),32 Division,Clanton Park,TRUE,FALSE,FALSE,FALSE,FALSE,FALSE,FALSE,FALSE,TRUE,TRUE,"{""coordinates"": [[-79.43408683145634, 43.73739712800484]], ""type"": ""MultiPoint""}"
10352,2024:4002507902,2024-11-18T01:54:00,WILSON AVE,BATHURST ST,,8,Non-Fatal Injury,At Intersection,Traffic Signal,Angle,Clear,Dark with Artificial Lighting,Dry,Major Arterial,FALSE,-79.43408683,43.73739713,2,Intercity Coach Bus,South,2,41,Minor,Lap and Shoulder Belt,Driving properly,Normal,,,Going Ahead,,,,,driver,,York Centre (6),32 Division,Clanton Park,TRUE,FALSE,FALSE,FALSE,FALSE,FALSE,FALSE,FALSE,TRUE,TRUE,"{""coordinates"": [[-79.43408683145634, 43.73739712800484]], ""type"": ""MultiPoint""}"
10353,2024:4002507902,2024-11-18T01:54:00,WILSON AVE,BATHURST ST,,8,Non-Fatal Injury,At Intersection,Traffic Signal,Angle,Clear,Dark with Artificial Lighting,Dry,Major Arterial,FALSE,-79.43408683,43.73739713,2,,,6,32,Minor,No Equipment Available,,,,,,,,,,passenger,,York Centre (6),32 Division,Clanton Park,TRUE,FALSE,FALSE,FALSE,FALSE,FALSE,FALSE,FALSE,TRUE,TRUE,"{""coordinates"": [[-79.43408683145634, 43.73739712800484]], ""type"": ""MultiPoint""}"
10354,2024:4002507902,2024-11-18T01:54:00,WILSON AVE,BATHURST ST,,8,Non-Fatal Injury,At Intersection,Traffic Signal,Angle,Clear,Dark with Artificial Lighting,Dry,Major Arterial,FALSE,-79.43408683,43.73739713,1,,,3,33,Major,Lap and Shoulder Belt,,,,,,,,,,passenger,,York Centre (6),32 Division,Clanton Park,TRUE,FALSE,FALSE,FALSE,FALSE,FALSE,FALSE,FALSE,TRUE,TRUE,"{""coordinates"": [[-79.43408683145634, 43.73739712800484]], ""type"": ""MultiPoint""}"
10355,2024:4002512873,2024-11-18T16:59:00,WILLOWDALE AVE,NORTHWOOD DR,14 m North of,2,Non-Fatal Injury,At Intersection,No Control,SMV Other,Clear,Daylight,Dry,Minor Arterial,FALSE,-79.41150813,43.79157339,1,,,2,57,Major,Use Unknown,,,On sidewalk or shoulder,Normal,,Driver hits pedestrian on sidewalk or shoulder,,,,pedestrian,,Willowdale (18),32 Division,Newtonbrook East,FALSE,FALSE,FALSE,FALSE,FALSE,TRUE,TRUE,FALSE,FALSE,FALSE,"{""coordinates"": [[-79.41150812650723, 43.79157339095634]], ""type"": ""MultiPoint""}"
10356,2024:4002512873,2024-11-18T16:59:00,WILLOWDALE AVE,NORTHWOOD DR,14 m North of,2,Non-Fatal Injury,At Intersection,No Control,SMV Other,Clear,Daylight,Dry,Minor Arterial,FALSE,-79.41150813,43.79157339,1,Automobile or Station Wagon,South,1,69,Major,Lap and Shoulder Belt,Lost control,Medical or Physical Disability - Sudden Incapacitation,,,Going Ahead,,,,,driver,,Willowdale (18),32 Division,Newtonbrook East,FALSE,FALSE,FALSE,FALSE,FALSE,TRUE,TRUE,FALSE,FALSE,FALSE,"{""coordinates"": [[-79.41150812650723, 43.79157339095634]], ""type"": ""MultiPoint""}"
10357,2024:4002515023,2024-11-18T23:29:00,PAINTED POST DR DR,MORNINGTON GT,25 m West of,2,Non-Fatal Injury,Non-Intersection,Stop Sign,SMV Other,Clear,Dark with Artificial Lighting,Dry,Collector,TRUE,-79.22683235,43.76803417,1,,,2,19,Major,No Equipment Available,,,Other,Ability Impaired - Other Drugs,,Other,,,,pedestrian,,Scarborough-Guildwood (24),43 Division,Golfdale-Cedarbrae-Woburn,FALSE,FALSE,FALSE,FALSE,FALSE,FALSE,TRUE,FALSE,TRUE,FALSE,"{""coordinates"": [[-79.22683235360425, 43.76803417327699]], ""type"": ""MultiPoint""}"
10358,2024:4002522253,2024-11-19T23:36:00,BATHURST ST,HADDINGTON AVE,,2,Non-Fatal Injury,T Intersection,No Control,Turning Movement,Rain,Dark with Artificial Lighting,Wet,Major Arterial,FALSE,-79.43273874,43.73218263,2,Automobile or Station Wagon,South,2,57,Major,Lap and Shoulder Belt,Driving properly,Normal,,,Turning Left,,,,,driver,,Eglinton-Lawrence (8),32 Division,Bedford Park-Nortown,TRUE,FALSE,FALSE,FALSE,FALSE,FALSE,FALSE,FALSE,FALSE,FALSE,"{""coordinates"": [[-79.4327387377926, 43.732182628037435]], ""type"": ""MultiPoint""}"
10361,2024:4002556557,2024-11-24T17:51:00,BLOOR ST W,DUNDAS ST W,3 m North of,2,Non-Fatal Injury,Intersection-Related,Traffic Signal,SMV Other,Clear,Dusk with Artificial Lighting,Dry,Major Arterial,FALSE,-79.4523976,43.65645218,1,Automobile or Station Wagon,East,1,26,None,Lap and Shoulder Belt,Failed to yield right-of-way,Normal,,,Turning Left,,,,,driver,,Parkdale-High Park (4),11 Division,High Park North,TRUE,FALSE,FALSE,FALSE,FALSE,TRUE,TRUE,FALSE,FALSE,FALSE,"{""coordinates"": [[-79.45239760161233, 43.65645218240563]], ""type"": ""MultiPoint""}"
10362,2024:4002556557,2024-11-24T17:51:00,BLOOR ST W,DUNDAS ST W,3 m North of,2,Non-Fatal Injury,Intersection-Related,Traffic Signal,SMV Other,Clear,Dusk with Artificial Lighting,Dry,Major Arterial,FALSE,-79.4523976,43.65645218,1,,,2,79,Major,Use Unknown,,,Other,Normal,,Unknown,,,,pedestrian,,Parkdale-High Park (4),11 Division,High Park North,TRUE,FALSE,FALSE,FALSE,FALSE,TRUE,TRUE,FALSE,FALSE,FALSE,"{""coordinates"": [[-79.45239760161233, 43.65645218240563]], ""type"": ""MultiPoint""}"
10363,2024:4002569851,2024-11-25T09:55:00,29 LOUVAIN AVE,BROOKLYN AVE AVE,47 m West of,2,Non-Fatal Injury,Laneway,No Control,SMV Other,Clear,Daylight,Dry,Local,FALSE,-79.33746777,43.66252311,1,,,2,43,Major,No Equipment Available,,,On sidewalk or shoulder,Normal,,Other,,,,pedestrian,,Toronto-Danforth (14),55 Division,South Riverdale,FALSE,FALSE,FALSE,FALSE,FALSE,FALSE,TRUE,FALSE,FALSE,TRUE,"{""coordinates"": [[-79.3374677702876, 43.66252311305134]], ""type"": ""MultiPoint""}"
10364,2024:4002569851,2024-11-25T09:55:00,29 LOUVAIN AVE,BROOKLYN AVE AVE,47 m West of,2,Non-Fatal Injury,Laneway,No Control,SMV Other,Clear,Daylight,Dry,Local,FALSE,-79.33746777,43.66252311,1,Bus - Other,South,1,62,None,Lap and Shoulder Belt,Driving properly,Normal,,,Going Ahead,,,,,driver,,Toronto-Danforth (14),55 Division,South Riverdale,FALSE,FALSE,FALSE,FALSE,FALSE,FALSE,TRUE,FALSE,FALSE,TRUE,"{""coordinates"": [[-79.3374677702876, 43.66252311305134]], ""type"": ""MultiPoint""}"
10365,2024:4002565747,2024-11-25T22:31:00,BRIMLEY RD,EGLINTON AV E,10 m North of,6,Non-Fatal Injury,Non-Intersection,Traffic Signal,Rear End,Rain,Daylight,Wet,Major Arterial,TRUE,-79.24815451,43.73691489,1,Automobile or Station Wagon,North,1,,,Equipment Not Used But Available,Exceeding speed limit,Road Rage/Aggression,,,Going Ahead,,,,,driver,,Scarborough Centre (21),43 Division,Eglinton East,TRUE,FALSE,FALSE,FALSE,FALSE,FALSE,FALSE,FALSE,TRUE,FALSE,"{""coordinates"": [[-79.24815451260034, 43.736914890512985]], ""type"": ""MultiPoint""}"
10366,2024:4002565747,2024-11-25T22:31:00,BRIMLEY RD,EGLINTON AV E,10 m North of,6,Non-Fatal Injury,Non-Intersection,Traffic Signal,Rear End,Rain,Daylight,Wet,Major Arterial,TRUE,-79.24815451,43.73691489,2,Automobile or Station Wagon,North,2,51,Minor,Lap and Shoulder Belt,Driving properly,Normal,,,Going Ahead,,,,,driver,,Scarborough Centre (21),43 Division,Eglinton East,TRUE,FALSE,FALSE,FALSE,FALSE,FALSE,FALSE,FALSE,TRUE,FALSE,"{""coordinates"": [[-79.24815451260034, 43.736914890512985]], ""type"": ""MultiPoint""}"
10367,2024:4002565747,2024-11-25T22:31:00,BRIMLEY RD,EGLINTON AV E,10 m North of,6,Non-Fatal Injury,Non-Intersection,Traffic Signal,Rear End,Rain,Daylight,Wet,Major Arterial,TRUE,-79.24815451,43.73691489,1,,,6,,None,Equipment Not Used But Available,,,,,,,,,,passenger,,Scarborough Centre (21),43 Division,Eglinton East,TRUE,FALSE,FALSE,FALSE,FALSE,FALSE,FALSE,FALSE,TRUE,FALSE,"{""coordinates"": [[-79.24815451260034, 43.736914890512985]], ""type"": ""MultiPoint""}"
10368,2024:4002565747,2024-11-25T22:31:00,BRIMLEY RD,EGLINTON AV E,10 m North of,6,Non-Fatal Injury,Non-Intersection,Traffic Signal,Rear End,Rain,Daylight,Wet,Major Arterial,TRUE,-79.24815451,43.73691489,1,,,3,16,Minor,Equipment Not Used But Available,,,,,,,,,,passenger,,Scarborough Centre (21),43 Division,Eglinton East,TRUE,FALSE,FALSE,FALSE,FALSE,FALSE,FALSE,FALSE,TRUE,FALSE,"{""coordinates"": [[-79.24815451260034, 43.736914890512985]], ""type"": ""MultiPoint""}"
10369,2024:4002565747,2024-11-25T22:31:00,BRIMLEY RD,EGLINTON AV E,10 m North of,6,Non-Fatal Injury,Non-Intersection,Traffic Signal,Rear End,Rain,Daylight,Wet,Major Arterial,TRUE,-79.24815451,43.73691489,1,,,4,15,Major,Equipment Not Used But Available,,,,,,,,,,passenger,,Scarborough Centre (21),43 Division,Eglinton East,TRUE,FALSE,FALSE,FALSE,FALSE,FALSE,FALSE,FALSE,TRUE,FALSE,"{""coordinates"": [[-79.24815451260034, 43.736914890512985]], ""type"": ""MultiPoint""}"
10370,2024:4002565747,2024-11-25T22:31:00,BRIMLEY RD,EGLINTON AV E,10 m North of,6,Non-Fatal Injury,Non-Intersection,Traffic Signal,Rear End,Rain,Daylight,Wet,Major Arterial,TRUE,-79.24815451,43.73691489,1,,,5,16,Major,Equipment Not Used But Available,,,,,,,,,,passenger,,Scarborough Centre (21),43 Division,Eglinton East,TRUE,FALSE,FALSE,FALSE,FALSE,FALSE,FALSE,FALSE,TRUE,FALSE,"{""coordinates"": [[-79.24815451260034, 43.736914890512985]], ""type"": ""MultiPoint""}"
10373,2024:4002575465,2024-11-26T17:30:00,COLEMAN AV,DAWES RD,,2,Non-Fatal Injury,Intersection-Related,No Control,SMV Other,Clear,Daylight,Dry,,TRUE,-79.29692756,43.69040795,1,,,2,63,Major,Use Unknown,,,Crossing without right-of-way (intersection),Normal,,Driver going straight hits pedestrian crossing without right-of-way (at intersection),,,,pedestrian,,Beaches-East York (19),55 Division,East End-Danforth,FALSE,FALSE,FALSE,FALSE,FALSE,FALSE,TRUE,FALSE,FALSE,FALSE,"{""coordinates"": [[-79.2969275562709, 43.6904079535391]], ""type"": ""MultiPoint""}"
10374,2024:4002571818,2024-11-26T18:09:00,STEELES AV E,BIRCHMOUNT RD,10 m South of,2,Non-Fatal Injury,At Intersection,Traffic Signal,SMV Other,Clear,Dark,Dry,,FALSE,-79.31690845,43.82124308,1,Automobile or Station Wagon,West,1,71,None,Lap and Shoulder Belt,Improper turn,Normal,,,Turning Left,,,,,driver,,Scarborough-Agincourt (22),42 Division,Steeles,FALSE,FALSE,FALSE,FALSE,FALSE,TRUE,TRUE,FALSE,FALSE,FALSE,"{""coordinates"": [[-79.31690844674183, 43.821243080700384]], ""type"": ""MultiPoint""}"
10375,2024:4002571818,2024-11-26T18:09:00,STEELES AV E,BIRCHMOUNT RD,10 m South of,2,Non-Fatal Injury,At Intersection,Traffic Signal,SMV Other,Clear,Dark,Dry,,FALSE,-79.31690845,43.82124308,1,,,2,60,Major,Use Unknown,,,Crossing with right-of-way (intersection),Normal,,Driver turns left into pedestrian crossing with right-of-way (at intersection),,,,pedestrian,,Scarborough-Agincourt (22),42 Division,Steeles,FALSE,FALSE,FALSE,FALSE,FALSE,TRUE,TRUE,FALSE,FALSE,FALSE,"{""coordinates"": [[-79.31690844674183, 43.821243080700384]], ""type"": ""MultiPoint""}"
10376,2024:4002741565,2024-12-19T22:56:00,1524 LAWRENCE AVE W,,,3,Non-Fatal Injury,At/Near Private Drive,No Control,Turning Movement,Clear,Dark with Artificial Lighting,Dry,Major Arterial,FALSE,-79.48450477,43.70712401,2,,,3,50,Major,Air Bag Deployed,,,,,,,,,,passenger,,York South-Weston (5),12 Division,Maple Leaf,FALSE,FALSE,FALSE,FALSE,FALSE,TRUE,FALSE,FALSE,FALSE,FALSE,"{""coordinates"": [[-79.48450477267843, 43.7071240063483]], ""type"": ""MultiPoint""}"
10377,2024:4002601628,2024-11-30T17:55:00,YONGE ST,CHATSWORTH DR,70 m East of,2,Non-Fatal Injury,Non-Intersection,Traffic Signal,SMV Other,Clear,Dark with Artificial Lighting,Dry,Major Arterial,FALSE,-79.4015595,43.72139269,1,Automobile or Station Wagon,North,1,53,Minor,Lap and Shoulder Belt,Lost control,Medical or Physical Disability - Other,,,Going Ahead,,,,,driver,,Eglinton-Lawrence (8),53 Division,Lawrence Park South,FALSE,FALSE,FALSE,FALSE,FALSE,FALSE,TRUE,FALSE,FALSE,FALSE,"{""coordinates"": [[-79.40155950071214, 43.721392690626246]], ""type"": ""MultiPoint""}"
10378,2024:4002601628,2024-11-30T17:55:00,YONGE ST,CHATSWORTH DR,70 m East of,2,Non-Fatal Injury,Non-Intersection,Traffic Signal,SMV Other,Clear,Dark with Artificial Lighting,Dry,Major Arterial,FALSE,-79.4015595,43.72139269,1,,,2,61,Major,No Equipment Available,,,On sidewalk or shoulder,Normal,,Driver hits pedestrian on sidewalk or shoulder,,,,pedestrian,,Eglinton-Lawrence (8),53 Division,Lawrence Park South,FALSE,FALSE,FALSE,FALSE,FALSE,FALSE,TRUE,FALSE,FALSE,FALSE,"{""coordinates"": [[-79.40155950071214, 43.721392690626246]], ""type"": ""MultiPoint""}"
10379,2024:4002618192,2024-12-03T02:51:00,FINCH AV W,WESTON RD,,2,Non-Fatal Injury,Intersection-Related,Traffic Signal,SMV Other,Clear,Dark with Artificial Lighting,Wet,,FALSE,-79.54218427,43.75199365,1,Automobile or Station Wagon,South,1,,,,,Unknown,,,Turning Left,,,,,driver,,Humber River-Black Creek (7),31 Division,Humbermede,FALSE,FALSE,FALSE,FALSE,FALSE,FALSE,TRUE,FALSE,FALSE,FALSE,"{""coordinates"": [[-79.54218427189615, 43.75199365212641]], ""type"": ""MultiPoint""}"
10380,2024:4002618192,2024-12-03T02:51:00,FINCH AV W,WESTON RD,,2,Non-Fatal Injury,Intersection-Related,Traffic Signal,SMV Other,Clear,Dark with Artificial Lighting,Wet,,FALSE,-79.54218427,43.75199365,1,,,2,27,Major,Use Unknown,,,Crossing with right-of-way (intersection),Normal,,Driver turns left into pedestrian crossing with right-of-way (at intersection),,,,pedestrian,,Humber River-Black Creek (7),31 Division,Humbermede,FALSE,FALSE,FALSE,FALSE,FALSE,FALSE,TRUE,FALSE,FALSE,FALSE,"{""coordinates"": [[-79.54218427189615, 43.75199365212641]], ""type"": ""MultiPoint""}"
10382,2024:4002653403,2024-12-07T20:29:00,OVERLEA BLVD,THORNCLIFFE PARK DR,1 m West of,2,Non-Fatal Injury,Intersection-Related,Traffic Signal,SMV Other,Snow,Dark with Artificial Lighting,Wet,,FALSE,-79.34989133,43.70514492,1,Automobile or Station Wagon,North,1,26,None,Lap and Shoulder Belt,Failed to yield right-of-way,Normal,,,Turning Right,,,,,driver,,Don Valley West (15),53 Division,Thorncliffe Park,TRUE,FALSE,FALSE,FALSE,FALSE,TRUE,TRUE,FALSE,FALSE,FALSE,"{""coordinates"": [[-79.3498913329294, 43.70514492495187]], ""type"": ""MultiPoint""}"