_id,collision_id,accdate,stname1,stname2,stname3,per_inv,acclass,accloc,traffictl,impactype,visible,light,rdsfcond,road_class,failtorem,longitude,latitude,veh_no,vehtype,initdir,per_no,invage,injury,safequip,drivact,drivcond,pedact,pedcond,manoeuvre,pedtype,cyclistype,cycact,cyccond,road_user,fatal_no,wardname,division,neighbourhood,aggressive,distracted,cyclist,motorcyclist,other_micromobility,older_adult,pedestrian,red_light,school_child,heavy_truck,geometry
10539,2025:5000971580,2025-05-10T18:02:00,3929 KEELE ST,,,2,Non-Fatal Injury,At/Near Private Drive,No Control,Turning Movement,Clear,Daylight,Dry,Major Arterial,FALSE,-79.49065509,43.76251199,1,Automobile or Station Wagon,North,1,34,None,Lap and Shoulder Belt,Improper turn,Normal,,,Turning Right,,,,,driver,,York Centre (6),31 Division,York University Heights,FALSE,FALSE,TRUE,FALSE,FALSE,FALSE,FALSE,FALSE,FALSE,FALSE,"{""coordinates"": [[-79.49065509024395, 43.76251199141217]], ""type"": ""MultiPoint""}"
10540,2025:5000991732,2025-05-13T11:01:00,MILNER AVE,PROGRESS AVE,,3,Non-Fatal Injury,Four-way,Traffic Signal,Angle,Clear,Daylight,Dry,Minor Arterial,FALSE,-79.23411195,43.79028708,2,Automobile or Station Wagon,West,2,56,None,Lap and Shoulder Belt,Driving properly,Normal,,,Going Ahead,,,,,driver,,Scarborough North (23),42 Division,Malvern East,TRUE,FALSE,FALSE,FALSE,FALSE,FALSE,FALSE,TRUE,TRUE,FALSE,"{""coordinates"": [[-79.23411194639603, 43.79028708459056]], ""type"": ""MultiPoint""}"
10541,2025:5000991732,2025-05-13T11:01:00,MILNER AVE,PROGRESS AVE,,3,Non-Fatal Injury,Four-way,Traffic Signal,Angle,Clear,Daylight,Dry,Minor Arterial,FALSE,-79.23411195,43.79028708,2,,,3,19,Major,Lap and Shoulder Belt,,,,,,,,,,passenger,,Scarborough North (23),42 Division,Malvern East,TRUE,FALSE,FALSE,FALSE,FALSE,FALSE,FALSE,TRUE,TRUE,FALSE,"{""coordinates"": [[-79.23411194639603, 43.79028708459056]], ""type"": ""MultiPoint""}"
10542,2025:5000991732,2025-05-13T11:01:00,MILNER AVE,PROGRESS AVE,,3,Non-Fatal Injury,Four-way,Traffic Signal,Angle,Clear,Daylight,Dry,Minor Arterial,FALSE,-79.23411195,43.79028708,1,Automobile or Station Wagon,North,1,54,Minor,Lap and Shoulder Belt,Disobeyed traffic control,Normal,,,Going Ahead,,,,,driver,,Scarborough North (23),42 Division,Malvern East,TRUE,FALSE,FALSE,FALSE,FALSE,FALSE,FALSE,TRUE,TRUE,FALSE,"{""coordinates"": [[-79.23411194639603, 43.79028708459056]], ""type"": ""MultiPoint""}"
10548,2025:5001025340,2025-05-17T17:01:00,KIPLING AVE,HORNER AVE,,3,Non-Fatal Injury,Four-way,Traffic Signal,SMV Other,Clear,Daylight,Dry,Major Arterial,FALSE,-79.52069291,43.6071066,1,,,2,74,None,Lap and Shoulder Belt,,,,,,,,,,passenger,,Etobicoke-Lakeshore (3),22 Division,Mimico-Queensway,TRUE,TRUE,FALSE,FALSE,FALSE,TRUE,TRUE,FALSE,FALSE,FALSE,"{""coordinates"": [[-79.52069291211738, 43.607106602963036]], ""type"": ""MultiPoint""}"
10549,2025:5001025340,2025-05-17T17:01:00,KIPLING AVE,HORNER AVE,,3,Non-Fatal Injury,Four-way,Traffic Signal,SMV Other,Clear,Daylight,Dry,Major Arterial,FALSE,-79.52069291,43.6071066,1,Pickup Truck,West,1,48,None,Lap and Shoulder Belt,Failed to yield right-of-way,Inattentive - Other,,,Turning Left,,,,,driver,,Etobicoke-Lakeshore (3),22 Division,Mimico-Queensway,TRUE,TRUE,FALSE,FALSE,FALSE,TRUE,TRUE,FALSE,FALSE,FALSE,"{""coordinates"": [[-79.52069291211738, 43.607106602963036]], ""type"": ""MultiPoint""}"
10550,2025:5001025340,2025-05-17T17:01:00,KIPLING AVE,HORNER AVE,,3,Non-Fatal Injury,Four-way,Traffic Signal,SMV Other,Clear,Daylight,Dry,Major Arterial,FALSE,-79.52069291,43.6071066,1,,,3,63,Major,Use Unknown,,,Crossing with right-of-way (intersection),Normal,,Driver turns left into pedestrian crossing with right-of-way (at intersection),,,,pedestrian,,Etobicoke-Lakeshore (3),22 Division,Mimico-Queensway,TRUE,TRUE,FALSE,FALSE,FALSE,TRUE,TRUE,FALSE,FALSE,FALSE,"{""coordinates"": [[-79.52069291211738, 43.607106602963036]], ""type"": ""MultiPoint""}"
10558,2025:5001028283,2025-05-18T05:27:00,GARDINER EXPY,STRACHAN AVE,50 m West of,2,Non-Fatal Injury,Non-Intersection,No Control,SMV Other,Clear,Dark with Artificial Lighting,Dry,Expressway,FALSE,-79.41093065,43.63751683,1,Automobile or Station Wagon,West,1,29,None,Use Unknown,Other,Ability Impaired - Alcohol Over .08,,,Going Ahead,,,,,driver,,Spadina-Fort York (10),14 Division,Fort York-Liberty Village,FALSE,FALSE,FALSE,FALSE,FALSE,FALSE,FALSE,FALSE,FALSE,FALSE,"{""coordinates"": [[-79.41093065154327, 43.6375168269763]], ""type"": ""MultiPoint""}"
10559,2025:5001028283,2025-05-18T05:27:00,GARDINER EXPY,STRACHAN AVE,50 m West of,2,Non-Fatal Injury,Non-Intersection,No Control,SMV Other,Clear,Dark with Artificial Lighting,Dry,Expressway,FALSE,-79.41093065,43.63751683,1,,,2,29,Major,Equipment Not Used But Available,,,,,,,,,,passenger,,Spadina-Fort York (10),14 Division,Fort York-Liberty Village,FALSE,FALSE,FALSE,FALSE,FALSE,FALSE,FALSE,FALSE,FALSE,FALSE,"{""coordinates"": [[-79.41093065154327, 43.6375168269763]], ""type"": ""MultiPoint""}"
10560,2025:5001041457,2025-05-19T23:52:00,QUEEN ST E,JONES AVE,,2,Non-Fatal Injury,T Intersection,Traffic Signal,SMV Other,Clear,Dark with Artificial Lighting,Dry,Minor Arterial,TRUE,-79.33271146,43.66269921,1,,,2,34,Major,No Equipment Available,,,Crossing with right-of-way (intersection),Had Been Drinking,,Driver turns left into pedestrian crossing with right-of-way (at intersection),,,,pedestrian,,Toronto-Danforth (14),55 Division,South Riverdale,TRUE,FALSE,FALSE,FALSE,FALSE,FALSE,TRUE,FALSE,TRUE,FALSE,"{""coordinates"": [[-79.33271146089983, 43.66269920612046]], ""type"": ""MultiPoint""}"
10561,2025:5001041457,2025-05-19T23:52:00,QUEEN ST E,JONES AVE,,2,Non-Fatal Injury,T Intersection,Traffic Signal,SMV Other,Clear,Dark with Artificial Lighting,Dry,Minor Arterial,TRUE,-79.33271146,43.66269921,1,Automobile or Station Wagon,South,1,17,None,Lap and Shoulder Belt,Failed to yield right-of-way,Road Rage/Aggression,,,Turning Left,,,,,driver,,Toronto-Danforth (14),55 Division,South Riverdale,TRUE,FALSE,FALSE,FALSE,FALSE,FALSE,TRUE,FALSE,TRUE,FALSE,"{""coordinates"": [[-79.33271146089983, 43.66269920612046]], ""type"": ""MultiPoint""}"
10562,2025:5001083551,2025-05-25T15:30:00,BLACK CREEK DR,TODD BAYLIS BLVD,,7,Non-Fatal Injury,Intersection-Related,Traffic Signal,Rear End,Clear,Daylight,Wet,Major Arterial,FALSE,-79.4838682,43.69106471,1,,,4,0,Minor,Lap and Shoulder Belt,,,,,,,,,,passenger,,York South-Weston (5),12 Division,Beechborough-Greenbrook,TRUE,FALSE,FALSE,FALSE,FALSE,FALSE,FALSE,FALSE,TRUE,FALSE,"{""coordinates"": [[-79.48386820040037, 43.69106471280947]], ""type"": ""MultiPoint""}"
10563,2025:5001083551,2025-05-25T15:30:00,BLACK CREEK DR,TODD BAYLIS BLVD,,7,Non-Fatal Injury,Intersection-Related,Traffic Signal,Rear End,Clear,Daylight,Wet,Major Arterial,FALSE,-79.4838682,43.69106471,1,Automobile or Station Wagon,North,1,19,None,Lap and Shoulder Belt,Following too closely,Normal,,,Slowing or Stopping,,,,,driver,,York South-Weston (5),12 Division,Beechborough-Greenbrook,TRUE,FALSE,FALSE,FALSE,FALSE,FALSE,FALSE,FALSE,TRUE,FALSE,"{""coordinates"": [[-79.48386820040037, 43.69106471280947]], ""type"": ""MultiPoint""}"
10564,2025:5001083551,2025-05-25T15:30:00,BLACK CREEK DR,TODD BAYLIS BLVD,,7,Non-Fatal Injury,Intersection-Related,Traffic Signal,Rear End,Clear,Daylight,Wet,Major Arterial,FALSE,-79.4838682,43.69106471,2,Automobile or Station Wagon,North,2,47,None,Lap and Shoulder Belt,Driving properly,Normal,,,Stopped,,,,,driver,,York South-Weston (5),12 Division,Beechborough-Greenbrook,TRUE,FALSE,FALSE,FALSE,FALSE,FALSE,FALSE,FALSE,TRUE,FALSE,"{""coordinates"": [[-79.48386820040037, 43.69106471280947]], ""type"": ""MultiPoint""}"
10565,2025:5001083551,2025-05-25T15:30:00,BLACK CREEK DR,TODD BAYLIS BLVD,,7,Non-Fatal Injury,Intersection-Related,Traffic Signal,Rear End,Clear,Daylight,Wet,Major Arterial,FALSE,-79.4838682,43.69106471,1,,,3,20,None,Lap and Shoulder Belt,,,,,,,,,,passenger,,York South-Weston (5),12 Division,Beechborough-Greenbrook,TRUE,FALSE,FALSE,FALSE,FALSE,FALSE,FALSE,FALSE,TRUE,FALSE,"{""coordinates"": [[-79.48386820040037, 43.69106471280947]], ""type"": ""MultiPoint""}"
10566,2025:5001083551,2025-05-25T15:30:00,BLACK CREEK DR,TODD BAYLIS BLVD,,7,Non-Fatal Injury,Intersection-Related,Traffic Signal,Rear End,Clear,Daylight,Wet,Major Arterial,FALSE,-79.4838682,43.69106471,2,,,6,0,Minor,Lap and Shoulder Belt,,,,,,,,,,passenger,,York South-Weston (5),12 Division,Beechborough-Greenbrook,TRUE,FALSE,FALSE,FALSE,FALSE,FALSE,FALSE,FALSE,TRUE,FALSE,"{""coordinates"": [[-79.48386820040037, 43.69106471280947]], ""type"": ""MultiPoint""}"
10567,2025:5001083551,2025-05-25T15:30:00,BLACK CREEK DR,TODD BAYLIS BLVD,,7,Non-Fatal Injury,Intersection-Related,Traffic Signal,Rear End,Clear,Daylight,Wet,Major Arterial,FALSE,-79.4838682,43.69106471,2,,,5,16,Minor,Lap and Shoulder Belt,,,,,,,,,,passenger,,York South-Weston (5),12 Division,Beechborough-Greenbrook,TRUE,FALSE,FALSE,FALSE,FALSE,FALSE,FALSE,FALSE,TRUE,FALSE,"{""coordinates"": [[-79.48386820040037, 43.69106471280947]], ""type"": ""MultiPoint""}"
10568,2025:5001083551,2025-05-25T15:30:00,BLACK CREEK DR,TODD BAYLIS BLVD,,7,Non-Fatal Injury,Intersection-Related,Traffic Signal,Rear End,Clear,Daylight,Wet,Major Arterial,FALSE,-79.4838682,43.69106471,2,,,7,35,Major,Lap and Shoulder Belt,,,,,,,,,,passenger,,York South-Weston (5),12 Division,Beechborough-Greenbrook,TRUE,FALSE,FALSE,FALSE,FALSE,FALSE,FALSE,FALSE,TRUE,FALSE,"{""coordinates"": [[-79.48386820040037, 43.69106471280947]], ""type"": ""MultiPoint""}"
10569,2025:5001101234,2025-05-27T21:57:00,ISLINGTON AVE,E/B HWY 401 RAMP,,2,Non-Fatal Injury,Four-way,Traffic Signal,Turning Movement,Clear,Dark with Artificial Lighting,Dry,Expressway Ramp,FALSE,-79.55169046,43.70810899,2,Bicycle,North,2,15,Major,Use Unknown,,,,,Going Ahead,,"Driver without right-of-way drives into path of cyclist (at intersection, laneway, or driveway)",Speed too Fast For Condition,Normal,cyclist,,Etobicoke North (1),23 Division,Kingsview Village-The Westway,FALSE,FALSE,TRUE,FALSE,FALSE,FALSE,FALSE,FALSE,TRUE,FALSE,"{""coordinates"": [[-79.55169046458634, 43.708108986472766]], ""type"": ""MultiPoint""}"
10570,2025:5001101234,2025-05-27T21:57:00,ISLINGTON AVE,E/B HWY 401 RAMP,,2,Non-Fatal Injury,Four-way,Traffic Signal,Turning Movement,Clear,Dark with Artificial Lighting,Dry,Expressway Ramp,FALSE,-79.55169046,43.70810899,1,Automobile or Station Wagon,South,1,54,None,Lap and Shoulder Belt,Improper turn,Normal,,,Turning Left,,,,,driver,,Etobicoke North (1),23 Division,Kingsview Village-The Westway,FALSE,FALSE,TRUE,FALSE,FALSE,FALSE,FALSE,FALSE,TRUE,FALSE,"{""coordinates"": [[-79.55169046458634, 43.708108986472766]], ""type"": ""MultiPoint""}"
10571,2025:5001103620,2025-05-28T09:00:00,HUNTINGWOOD DR,KENNEDY RD,,2,Non-Fatal Injury,Four-way,Traffic Signal,Angle,Clear,Daylight,Dry,Major Arterial,FALSE,-79.29351813,43.79506465,2,Automobile or Station Wagon,South,2,25,None,Lap and Shoulder Belt,Driving properly,Normal,,,Going Ahead,,,,,driver,,Scarborough-Agincourt (22),42 Division,Tam O'Shanter-Sullivan,FALSE,FALSE,TRUE,FALSE,FALSE,TRUE,FALSE,FALSE,FALSE,FALSE,"{""coordinates"": [[-79.2935181335449, 43.795064651950035]], ""type"": ""MultiPoint""}"
10572,2025:5001103620,2025-05-28T09:00:00,HUNTINGWOOD DR,KENNEDY RD,,2,Non-Fatal Injury,Four-way,Traffic Signal,Angle,Clear,Daylight,Dry,Major Arterial,FALSE,-79.29351813,43.79506465,1,Bicycle,East,1,71,Major,No Equipment Available,,,,,Going Ahead,,,Disobeyed Traffic Control,Normal,cyclist,,Scarborough-Agincourt (22),42 Division,Tam O'Shanter-Sullivan,FALSE,FALSE,TRUE,FALSE,FALSE,TRUE,FALSE,FALSE,FALSE,FALSE,"{""coordinates"": [[-79.2935181335449, 43.795064651950035]], ""type"": ""MultiPoint""}"
10573,2025:5001112459,2025-05-29T12:15:00,MCCOWAN RD,FINCH AVE E,,2,Non-Fatal Injury,Four-way,Traffic Signal,SMV Other,Clear,Daylight,Dry,Minor Arterial,FALSE,-79.26645238,43.80800512,1,,,2,30,Major,Use Unknown,,,Crossing with right-of-way (intersection),Normal,,Driver turns left into pedestrian crossing with right-of-way (at intersection),,,,pedestrian,,Scarborough North (23),42 Division,Agincourt North,TRUE,FALSE,FALSE,FALSE,FALSE,FALSE,TRUE,FALSE,FALSE,FALSE,"{""coordinates"": [[-79.2664523793735, 43.80800512186646]], ""type"": ""MultiPoint""}"
10574,2025:5001112459,2025-05-29T12:15:00,MCCOWAN RD,FINCH AVE E,,2,Non-Fatal Injury,Four-way,Traffic Signal,SMV Other,Clear,Daylight,Dry,Minor Arterial,FALSE,-79.26645238,43.80800512,1,Automobile or Station Wagon,South,1,38,None,Lap and Shoulder Belt,Failed to yield right-of-way,Unknown,,,Turning Left,,,,,driver,,Scarborough North (23),42 Division,Agincourt North,TRUE,FALSE,FALSE,FALSE,FALSE,FALSE,TRUE,FALSE,FALSE,FALSE,"{""coordinates"": [[-79.2664523793735, 43.80800512186646]], ""type"": ""MultiPoint""}"
10575,2025:5001124655,2025-05-30T22:27:00,KEELE ST,LAWRENCE AVE W,82 m South of,3,Non-Fatal Injury,Non-Intersection,Traffic Signal,Turning Movement,Clear,Dark with Artificial Lighting,Dry,Major Arterial,FALSE,-79.47785176,43.7077418,1,Motorcycle,North,1,33,Major,Helmet,Failed to yield right-of-way,Normal,,,Going Ahead,,,,,motorcyclist,,York South-Weston (5),12 Division,Brookhaven-Amesbury,TRUE,FALSE,FALSE,TRUE,FALSE,FALSE,FALSE,FALSE,FALSE,FALSE,"{""coordinates"": [[-79.47785175958819, 43.707741797096034]], ""type"": ""MultiPoint""}"
10576,2025:5001124655,2025-05-30T22:27:00,KEELE ST,LAWRENCE AVE W,82 m South of,3,Non-Fatal Injury,Non-Intersection,Traffic Signal,Turning Movement,Clear,Dark with Artificial Lighting,Dry,Major Arterial,FALSE,-79.47785176,43.7077418,2,,,3,20,None,Lap and Shoulder Belt,,,,,,,,,,passenger,,York South-Weston (5),12 Division,Brookhaven-Amesbury,TRUE,FALSE,FALSE,TRUE,FALSE,FALSE,FALSE,FALSE,FALSE,FALSE,"{""coordinates"": [[-79.47785175958819, 43.707741797096034]], ""type"": ""MultiPoint""}"
10577,2025:5001124655,2025-05-30T22:27:00,KEELE ST,LAWRENCE AVE W,82 m South of,3,Non-Fatal Injury,Non-Intersection,Traffic Signal,Turning Movement,Clear,Dark with Artificial Lighting,Dry,Major Arterial,FALSE,-79.47785176,43.7077418,2,Automobile or Station Wagon,South,2,51,None,Lap and Shoulder Belt,Driving properly,Normal,,,Turning Left,,,,,driver,,York South-Weston (5),12 Division,Brookhaven-Amesbury,TRUE,FALSE,FALSE,TRUE,FALSE,FALSE,FALSE,FALSE,FALSE,FALSE,"{""coordinates"": [[-79.47785175958819, 43.707741797096034]], ""type"": ""MultiPoint""}"
10580,2025:5001132653,2025-06-01T01:47:00,WILLIAM R ALLEN RD,TRANSIT RD,,15,Non-Fatal Injury,Intersection-Related,Traffic Signal,Rear End,Clear,Dark with Artificial Lighting,Dry,Expressway,TRUE,-79.45425566,43.74172785,2,,,12,24,None,Lap and Shoulder Belt,,,,,,,,,,passenger,,York Centre (6),32 Division,Clanton Park,FALSE,FALSE,FALSE,FALSE,FALSE,FALSE,FALSE,FALSE,TRUE,FALSE,"{""coordinates"": [[-79.4542556587192, 43.74172785213065]], ""type"": ""MultiPoint""}"
10581,2025:5001132653,2025-06-01T01:47:00,WILLIAM R ALLEN RD,TRANSIT RD,,15,Non-Fatal Injury,Intersection-Related,Traffic Signal,Rear End,Clear,Dark with Artificial Lighting,Dry,Expressway,TRUE,-79.45425566,43.74172785,1,,,7,19,Minor,Equipment Not Used But Available,,,,,,,,,,passenger,,York Centre (6),32 Division,Clanton Park,FALSE,FALSE,FALSE,FALSE,FALSE,FALSE,FALSE,FALSE,TRUE,FALSE,"{""coordinates"": [[-79.4542556587192, 43.74172785213065]], ""type"": ""MultiPoint""}"
10582,2025:5001132653,2025-06-01T01:47:00,WILLIAM R ALLEN RD,TRANSIT RD,,15,Non-Fatal Injury,Intersection-Related,Traffic Signal,Rear End,Clear,Dark with Artificial Lighting,Dry,Expressway,TRUE,-79.45425566,43.74172785,1,,,10,19,Minor,Equipment Not Used But Available,,,,,,,,,,passenger,,York Centre (6),32 Division,Clanton Park,FALSE,FALSE,FALSE,FALSE,FALSE,FALSE,FALSE,FALSE,TRUE,FALSE,"{""coordinates"": [[-79.4542556587192, 43.74172785213065]], ""type"": ""MultiPoint""}"
10583,2025:5001132653,2025-06-01T01:47:00,WILLIAM R ALLEN RD,TRANSIT RD,,15,Non-Fatal Injury,Intersection-Related,Traffic Signal,Rear End,Clear,Dark with Artificial Lighting,Dry,Expressway,TRUE,-79.45425566,43.74172785,2,Automobile or Station Wagon,North,2,25,None,Lap and Shoulder Belt,Driving properly,Normal,,,Stopped,,,,,driver,,York Centre (6),32 Division,Clanton Park,FALSE,FALSE,FALSE,FALSE,FALSE,FALSE,FALSE,FALSE,TRUE,FALSE,"{""coordinates"": [[-79.4542556587192, 43.74172785213065]], ""type"": ""MultiPoint""}"
10584,2025:5001132653,2025-06-01T01:47:00,WILLIAM R ALLEN RD,TRANSIT RD,,15,Non-Fatal Injury,Intersection-Related,Traffic Signal,Rear End,Clear,Dark with Artificial Lighting,Dry,Expressway,TRUE,-79.45425566,43.74172785,1,,,5,20,Minor,Lap and Shoulder Belt,,,,,,,,,,passenger,,York Centre (6),32 Division,Clanton Park,FALSE,FALSE,FALSE,FALSE,FALSE,FALSE,FALSE,FALSE,TRUE,FALSE,"{""coordinates"": [[-79.4542556587192, 43.74172785213065]], ""type"": ""MultiPoint""}"
10585,2025:5001132653,2025-06-01T01:47:00,WILLIAM R ALLEN RD,TRANSIT RD,,15,Non-Fatal Injury,Intersection-Related,Traffic Signal,Rear End,Clear,Dark with Artificial Lighting,Dry,Expressway,TRUE,-79.45425566,43.74172785,1,Automobile or Station Wagon,North,1,23,Minor,Lap and Shoulder Belt,Lost control,Had Been Drinking,,,Going Ahead,,,,,driver,,York Centre (6),32 Division,Clanton Park,FALSE,FALSE,FALSE,FALSE,FALSE,FALSE,FALSE,FALSE,TRUE,FALSE,"{""coordinates"": [[-79.4542556587192, 43.74172785213065]], ""type"": ""MultiPoint""}"
10586,2025:5001132653,2025-06-01T01:47:00,WILLIAM R ALLEN RD,TRANSIT RD,,15,Non-Fatal Injury,Intersection-Related,Traffic Signal,Rear End,Clear,Dark with Artificial Lighting,Dry,Expressway,TRUE,-79.45425566,43.74172785,4,Automobile or Station Wagon,North,4,24,Minor,Lap and Shoulder Belt,Driving properly,Normal,,,Stopped,,,,,driver,,York Centre (6),32 Division,Clanton Park,FALSE,FALSE,FALSE,FALSE,FALSE,FALSE,FALSE,FALSE,TRUE,FALSE,"{""coordinates"": [[-79.4542556587192, 43.74172785213065]], ""type"": ""MultiPoint""}"
10587,2025:5001132653,2025-06-01T01:47:00,WILLIAM R ALLEN RD,TRANSIT RD,,15,Non-Fatal Injury,Intersection-Related,Traffic Signal,Rear End,Clear,Dark with Artificial Lighting,Dry,Expressway,TRUE,-79.45425566,43.74172785,2,,,14,26,None,Lap and Shoulder Belt,,,,,,,,,,passenger,,York Centre (6),32 Division,Clanton Park,FALSE,FALSE,FALSE,FALSE,FALSE,FALSE,FALSE,FALSE,TRUE,FALSE,"{""coordinates"": [[-79.4542556587192, 43.74172785213065]], ""type"": ""MultiPoint""}"
10588,2025:5001132653,2025-06-01T01:47:00,WILLIAM R ALLEN RD,TRANSIT RD,,15,Non-Fatal Injury,Intersection-Related,Traffic Signal,Rear End,Clear,Dark with Artificial Lighting,Dry,Expressway,TRUE,-79.45425566,43.74172785,2,,,11,27,None,Lap and Shoulder Belt,,,,,,,,,,passenger,,York Centre (6),32 Division,Clanton Park,FALSE,FALSE,FALSE,FALSE,FALSE,FALSE,FALSE,FALSE,TRUE,FALSE,"{""coordinates"": [[-79.4542556587192, 43.74172785213065]], ""type"": ""MultiPoint""}"
10589,2025:5001132653,2025-06-01T01:47:00,WILLIAM R ALLEN RD,TRANSIT RD,,15,Non-Fatal Injury,Intersection-Related,Traffic Signal,Rear End,Clear,Dark with Artificial Lighting,Dry,Expressway,TRUE,-79.45425566,43.74172785,2,,,13,30,None,Lap and Shoulder Belt,,,,,,,,,,passenger,,York Centre (6),32 Division,Clanton Park,FALSE,FALSE,FALSE,FALSE,FALSE,FALSE,FALSE,FALSE,TRUE,FALSE,"{""coordinates"": [[-79.4542556587192, 43.74172785213065]], ""type"": ""MultiPoint""}"
10590,2025:5001132653,2025-06-01T01:47:00,WILLIAM R ALLEN RD,TRANSIT RD,,15,Non-Fatal Injury,Intersection-Related,Traffic Signal,Rear End,Clear,Dark with Artificial Lighting,Dry,Expressway,TRUE,-79.45425566,43.74172785,1,,,8,19,Major,Equipment Not Used But Available,,,,,,,,,,passenger,,York Centre (6),32 Division,Clanton Park,FALSE,FALSE,FALSE,FALSE,FALSE,FALSE,FALSE,FALSE,TRUE,FALSE,"{""coordinates"": [[-79.4542556587192, 43.74172785213065]], ""type"": ""MultiPoint""}"
10591,2025:5001132653,2025-06-01T01:47:00,WILLIAM R ALLEN RD,TRANSIT RD,,15,Non-Fatal Injury,Intersection-Related,Traffic Signal,Rear End,Clear,Dark with Artificial Lighting,Dry,Expressway,TRUE,-79.45425566,43.74172785,1,,,6,20,Minor,Equipment Not Used But Available,,,,,,,,,,passenger,,York Centre (6),32 Division,Clanton Park,FALSE,FALSE,FALSE,FALSE,FALSE,FALSE,FALSE,FALSE,TRUE,FALSE,"{""coordinates"": [[-79.4542556587192, 43.74172785213065]], ""type"": ""MultiPoint""}"
10592,2025:5001132653,2025-06-01T01:47:00,WILLIAM R ALLEN RD,TRANSIT RD,,15,Non-Fatal Injury,Intersection-Related,Traffic Signal,Rear End,Clear,Dark with Artificial Lighting,Dry,Expressway,TRUE,-79.45425566,43.74172785,4,,,15,23,None,Lap and Shoulder Belt,,,,,,,,,,passenger,,York Centre (6),32 Division,Clanton Park,FALSE,FALSE,FALSE,FALSE,FALSE,FALSE,FALSE,FALSE,TRUE,FALSE,"{""coordinates"": [[-79.4542556587192, 43.74172785213065]], ""type"": ""MultiPoint""}"
10593,2025:5001132653,2025-06-01T01:47:00,WILLIAM R ALLEN RD,TRANSIT RD,,15,Non-Fatal Injury,Intersection-Related,Traffic Signal,Rear End,Clear,Dark with Artificial Lighting,Dry,Expressway,TRUE,-79.45425566,43.74172785,3,Passenger Van,North,3,25,Minor,Lap and Shoulder Belt,Driving properly,Normal,,,Stopped,,,,,driver,,York Centre (6),32 Division,Clanton Park,FALSE,FALSE,FALSE,FALSE,FALSE,FALSE,FALSE,FALSE,TRUE,FALSE,"{""coordinates"": [[-79.4542556587192, 43.74172785213065]], ""type"": ""MultiPoint""}"
10594,2025:5001132653,2025-06-01T01:47:00,WILLIAM R ALLEN RD,TRANSIT RD,,15,Non-Fatal Injury,Intersection-Related,Traffic Signal,Rear End,Clear,Dark with Artificial Lighting,Dry,Expressway,TRUE,-79.45425566,43.74172785,1,,,9,20,Minor,Equipment Not Used But Available,,,,,,,,,,passenger,,York Centre (6),32 Division,Clanton Park,FALSE,FALSE,FALSE,FALSE,FALSE,FALSE,FALSE,FALSE,TRUE,FALSE,"{""coordinates"": [[-79.4542556587192, 43.74172785213065]], ""type"": ""MultiPoint""}"
10595,2025:5001143308,2025-06-02T14:34:00,BERNARD AVE,BEDFORD RD,,2,Non-Fatal Injury,Four-way,Stop Sign,SMV Other,Clear,Daylight,Dry,Minor Arterial,FALSE,-79.39940107,43.6733622,1,Truck - Dump,South,1,68,None,Lap and Shoulder Belt,Disobeyed traffic control,Inattentive - Other,,,Going Ahead,,,,,driver,,University-Rosedale (11),53 Division,Annex,TRUE,TRUE,FALSE,FALSE,FALSE,TRUE,TRUE,FALSE,FALSE,TRUE,"{""coordinates"": [[-79.39940107232084, 43.67336220024825]], ""type"": ""MultiPoint""}"
10596,2025:5001143308,2025-06-02T14:34:00,BERNARD AVE,BEDFORD RD,,2,Non-Fatal Injury,Four-way,Stop Sign,SMV Other,Clear,Daylight,Dry,Minor Arterial,FALSE,-79.39940107,43.6733622,1,,,2,70,Major,Use Unknown,,,Crossing with right-of-way (intersection),Normal,,Driver going straight hits pedestrian crossing with right-of-way (at intersection),,,,pedestrian,,University-Rosedale (11),53 Division,Annex,TRUE,TRUE,FALSE,FALSE,FALSE,TRUE,TRUE,FALSE,FALSE,TRUE,"{""coordinates"": [[-79.39940107232084, 43.67336220024825]], ""type"": ""MultiPoint""}"
10597,2025:5001167616,2025-06-05T14:39:00,WELLESLEY ST E,JARVIS ST,,2,Non-Fatal Injury,Four-way,Traffic Signal,SMV Other,Clear,Daylight,Dry,Major Arterial,FALSE,-79.37835324,43.66628387,1,Off-Road Four Wheels,North,1,46,None,Lap and Shoulder Belt,Failed to yield right-of-way,Normal,,,Turning Left,,,,,driver,,Toronto Centre (13),51 Division,Church-Wellesley,TRUE,FALSE,FALSE,FALSE,FALSE,FALSE,TRUE,FALSE,FALSE,FALSE,"{""coordinates"": [[-79.37835324318861, 43.66628387167955]], ""type"": ""MultiPoint""}"
10598,2025:5001167616,2025-06-05T14:39:00,WELLESLEY ST E,JARVIS ST,,2,Non-Fatal Injury,Four-way,Traffic Signal,SMV Other,Clear,Daylight,Dry,Major Arterial,FALSE,-79.37835324,43.66628387,1,,,2,64,Major,No Equipment Available,,,Crossing with right-of-way (intersection),Normal,,,,,,pedestrian,,Toronto Centre (13),51 Division,Church-Wellesley,TRUE,FALSE,FALSE,FALSE,FALSE,FALSE,TRUE,FALSE,FALSE,FALSE,"{""coordinates"": [[-79.37835324318861, 43.66628387167955]], ""type"": ""MultiPoint""}"
10599,2025:5001178804,2025-06-06T21:47:00,LAWRENCE AVE E,MARKHAM RD,18 m East of,2,Non-Fatal Injury,Intersection-Related,Traffic Signal,SMV Other,Clear,Daylight with Artificial Lighting,Dry,,FALSE,-79.22529246,43.75982497,1,Pickup Truck,East,1,44,None,Lap and Shoulder Belt,Driving properly,Normal,,,Going Ahead,,,,,driver,,Scarborough-Guildwood (24),43 Division,Golfdale-Cedarbrae-Woburn,FALSE,FALSE,FALSE,FALSE,FALSE,TRUE,TRUE,FALSE,FALSE,FALSE,"{""coordinates"": [[-79.2252924577095, 43.75982497015785]], ""type"": ""MultiPoint""}"
10600,2025:5001178804,2025-06-06T21:47:00,LAWRENCE AVE E,MARKHAM RD,18 m East of,2,Non-Fatal Injury,Intersection-Related,Traffic Signal,SMV Other,Clear,Daylight with Artificial Lighting,Dry,,FALSE,-79.22529246,43.75982497,1,,,2,72,Major,No Equipment Available,,,Crossing - no traffic control,Normal,,Driver hits pedestrian at midblock,,,,pedestrian,,Scarborough-Guildwood (24),43 Division,Golfdale-Cedarbrae-Woburn,FALSE,FALSE,FALSE,FALSE,FALSE,TRUE,TRUE,FALSE,FALSE,FALSE,"{""coordinates"": [[-79.2252924577095, 43.75982497015785]], ""type"": ""MultiPoint""}"