_id,collision_id,accdate,stname1,stname2,stname3,per_inv,acclass,accloc,traffictl,impactype,visible,light,rdsfcond,road_class,failtorem,longitude,latitude,veh_no,vehtype,initdir,per_no,invage,injury,safequip,drivact,drivcond,pedact,pedcond,manoeuvre,pedtype,cyclistype,cycact,cyccond,road_user,fatal_no,wardname,division,neighbourhood,aggressive,distracted,cyclist,motorcyclist,other_micromobility,older_adult,pedestrian,red_light,school_child,heavy_truck,geometry
10707,2025:5001574068,2025-07-28T13:21:00,KISWICK ST,BOULTBEE AV,5 m West of,2,Non-Fatal Injury,Intersection-Related,Stop Sign,Turning Movement,Clear,Daylight,Dry,Local,FALSE,-79.33930516,43.67221071,1,Bicycle,West,1,42,Major,Use Unknown,,,,,Going Ahead,,"Cyclist rode out at inter., lane, or driv., without yield. ROW",Disobeyed Traffic Control,Inattentive - Other,cyclist,,Toronto-Danforth (14),55 Division,Blake-Jones,FALSE,TRUE,TRUE,FALSE,FALSE,FALSE,FALSE,FALSE,FALSE,FALSE,"{""coordinates"": [[-79.33930516017648, 43.67221071456107]], ""type"": ""MultiPoint""}"
10708,2025:5001574068,2025-07-28T13:21:00,KISWICK ST,BOULTBEE AV,5 m West of,2,Non-Fatal Injury,Intersection-Related,Stop Sign,Turning Movement,Clear,Daylight,Dry,Local,FALSE,-79.33930516,43.67221071,2,Automobile or Station Wagon,East,2,51,None,Lap and Shoulder Belt,Driving properly,Normal,,,Turning Left,,,,,driver,,Toronto-Danforth (14),55 Division,Blake-Jones,FALSE,TRUE,TRUE,FALSE,FALSE,FALSE,FALSE,FALSE,FALSE,FALSE,"{""coordinates"": [[-79.33930516017648, 43.67221071456107]], ""type"": ""MultiPoint""}"
10709,2025:5001592283,2025-07-30T17:00:00,WILSON AV,PETHERHILL AV,33 m South of,3,Non-Fatal Injury,Intersection-Related,Traffic Signal,Angle,Clear,Daylight,Dry,Major Arterial,FALSE,-79.49098695,43.72432531,1,Bicycle,East,1,17,Major,No Equipment Available,,,,,Going Ahead,,Driver turns left into path of cyclist,Lost control,Normal,cyclist,,York Centre (6),31 Division,Oakdale-Beverley Heights,FALSE,FALSE,TRUE,FALSE,FALSE,FALSE,FALSE,FALSE,TRUE,FALSE,"{""coordinates"": [[-79.4909869531084, 43.72432530697151]], ""type"": ""MultiPoint""}"
10710,2025:5001592283,2025-07-30T17:00:00,WILSON AV,PETHERHILL AV,33 m South of,3,Non-Fatal Injury,Intersection-Related,Traffic Signal,Angle,Clear,Daylight,Dry,Major Arterial,FALSE,-79.49098695,43.72432531,2,Automobile or Station Wagon,North,2,29,None,Lap and Shoulder Belt,Driving properly,Normal,,,Stopped,,,,,driver,,York Centre (6),31 Division,Oakdale-Beverley Heights,FALSE,FALSE,TRUE,FALSE,FALSE,FALSE,FALSE,FALSE,TRUE,FALSE,"{""coordinates"": [[-79.4909869531084, 43.72432530697151]], ""type"": ""MultiPoint""}"
10711,2025:5001592283,2025-07-30T17:00:00,WILSON AV,PETHERHILL AV,33 m South of,3,Non-Fatal Injury,Intersection-Related,Traffic Signal,Angle,Clear,Daylight,Dry,Major Arterial,FALSE,-79.49098695,43.72432531,3,Automobile or Station Wagon,East,3,29,None,Lap and Shoulder Belt,Driving properly,Normal,,,Turning Right,,,,,driver,,York Centre (6),31 Division,Oakdale-Beverley Heights,FALSE,FALSE,TRUE,FALSE,FALSE,FALSE,FALSE,FALSE,TRUE,FALSE,"{""coordinates"": [[-79.4909869531084, 43.72432530697151]], ""type"": ""MultiPoint""}"
10714,2025:5001594031,2025-07-30T21:30:00,ELLESMERE RD,MARKHAM RD,,2,Non-Fatal Injury,Four-way,Traffic Signal,SMV Other,Clear,Dark with Artificial Lighting,Dry,Major Arterial,FALSE,-79.23166365,43.77632318,1,,,2,21,Major,No Equipment Available,,,Crossing with right-of-way (intersection),Normal,,Driver turns left into pedestrian crossing with right-of-way (at intersection),,,,pedestrian,,Scarborough-Guildwood (24),43 Division,Golfdale-Cedarbrae-Woburn,FALSE,TRUE,FALSE,FALSE,FALSE,TRUE,TRUE,FALSE,FALSE,FALSE,"{""coordinates"": [[-79.23166365387544, 43.776323179641885]], ""type"": ""MultiPoint""}"
10715,2025:5001594031,2025-07-30T21:30:00,ELLESMERE RD,MARKHAM RD,,2,Non-Fatal Injury,Four-way,Traffic Signal,SMV Other,Clear,Dark with Artificial Lighting,Dry,Major Arterial,FALSE,-79.23166365,43.77632318,1,Passenger Van,West,1,66,None,Lap and Shoulder Belt,Improper turn,Inattentive - Other,,,Turning Left,,,,,driver,,Scarborough-Guildwood (24),43 Division,Golfdale-Cedarbrae-Woburn,FALSE,TRUE,FALSE,FALSE,FALSE,TRUE,TRUE,FALSE,FALSE,FALSE,"{""coordinates"": [[-79.23166365387544, 43.776323179641885]], ""type"": ""MultiPoint""}"
10716,2025:5001595442,2025-07-31T02:54:00,FRONT ST W,BAY ST,25 m East of,2,Non-Fatal Injury,Intersection-Related,Traffic Signal,SMV Other,Rain,Dark with Artificial Lighting,Wet,Major Arterial,TRUE,-79.37880387,43.64605218,1,,,2,30,Major,No Equipment Available,,,Crossing without right-of-way (intersection),Normal,,Driver going straight hits pedestrian crossing without right-of-way (at intersection),,,,pedestrian,,Toronto Centre (13),52 Division,Yonge-Bay Corridor,FALSE,FALSE,FALSE,FALSE,FALSE,FALSE,TRUE,FALSE,FALSE,FALSE,"{""coordinates"": [[-79.37880387469491, 43.64605217661187]], ""type"": ""MultiPoint""}"
10717,2025:5001599313,2025-07-31T15:58:00,KING ST W,BATHRUST ST,100 m East of,2,Non-Fatal Injury,Non-Intersection,Traffic Signal,Same Direction,Clear,Daylight,Dry,Major Arterial,FALSE,-79.39999892,43.64444921,2,Police Vehicle,North,2,27,None,Lap and Shoulder Belt,Other,Normal,,,Stopped,,,,,driver,,Spadina-Fort York (10),14 Division,Wellington Place,FALSE,FALSE,TRUE,FALSE,FALSE,FALSE,FALSE,FALSE,FALSE,FALSE,"{""coordinates"": [[-79.3999989188972, 43.644449208644936]], ""type"": ""MultiPoint""}"
10718,2025:5001599313,2025-07-31T15:58:00,KING ST W,BATHRUST ST,100 m East of,2,Non-Fatal Injury,Non-Intersection,Traffic Signal,Same Direction,Clear,Daylight,Dry,Major Arterial,FALSE,-79.39999892,43.64444921,1,Bicycle,North,1,33,Major,No Equipment Available,,,,,Going Ahead,,Dooring,Speed too Fast For Condition,Normal,cyclist,,Spadina-Fort York (10),14 Division,Wellington Place,FALSE,FALSE,TRUE,FALSE,FALSE,FALSE,FALSE,FALSE,FALSE,FALSE,"{""coordinates"": [[-79.3999989188972, 43.644449208644936]], ""type"": ""MultiPoint""}"
10719,2025:5001623993,2025-08-03T22:50:00,MCCOWAN RD,MCNICOLL AVE,,2,Non-Fatal Injury,Four-way,Traffic Signal,SMV Other,Clear,Dark with Artificial Lighting,Dry,Major Arterial,FALSE,-79.27214038,43.81793733,1,Automobile or Station Wagon,North,1,36,None,Lap and Shoulder Belt,Failed to yield right-of-way,Normal,,,Turning Left,,,,,driver,,Scarborough North (23),42 Division,Milliken,TRUE,FALSE,FALSE,FALSE,FALSE,FALSE,TRUE,FALSE,FALSE,FALSE,"{""coordinates"": [[-79.27214037996447, 43.81793732964921]], ""type"": ""MultiPoint""}"
10720,2025:5001623993,2025-08-03T22:50:00,MCCOWAN RD,MCNICOLL AVE,,2,Non-Fatal Injury,Four-way,Traffic Signal,SMV Other,Clear,Dark with Artificial Lighting,Dry,Major Arterial,FALSE,-79.27214038,43.81793733,1,,,2,29,Major,No Equipment Available,,,Crossing with right-of-way (intersection),Normal,,Driver turns left into pedestrian crossing with right-of-way (at intersection),,,,pedestrian,,Scarborough North (23),42 Division,Milliken,TRUE,FALSE,FALSE,FALSE,FALSE,FALSE,TRUE,FALSE,FALSE,FALSE,"{""coordinates"": [[-79.27214037996447, 43.81793732964921]], ""type"": ""MultiPoint""}"
10721,2025:5001632443,2025-08-05T07:15:00,BATHURST ST,DUNDAS ST W,100 m South of,2,Non-Fatal Injury,Non-Intersection,No Control,Approaching Head On,Clear,Daylight,Dry,Major Arterial,FALSE,-79.40561372,43.65134622,2,Streetcar,North,2,53,Minimal,Lap and Shoulder Belt,Driving properly,Normal,,,Going Ahead,,,,,driver,,Spadina-Fort York (10),14 Division,Kensington-Chinatown,FALSE,FALSE,FALSE,FALSE,FALSE,FALSE,FALSE,FALSE,FALSE,TRUE,"{""coordinates"": [[-79.40561371901885, 43.65134621515167]], ""type"": ""MultiPoint""}"
10722,2025:5001632443,2025-08-05T07:15:00,BATHURST ST,DUNDAS ST W,100 m South of,2,Non-Fatal Injury,Non-Intersection,No Control,Approaching Head On,Clear,Daylight,Dry,Major Arterial,FALSE,-79.40561372,43.65134622,1,Automobile or Station Wagon,South,1,25,Major,Lap and Shoulder Belt,Lost control,Normal,,,Going Ahead,,,,,driver,,Spadina-Fort York (10),14 Division,Kensington-Chinatown,FALSE,FALSE,FALSE,FALSE,FALSE,FALSE,FALSE,FALSE,FALSE,TRUE,"{""coordinates"": [[-79.40561371901885, 43.65134621515167]], ""type"": ""MultiPoint""}"
10723,2025:5001654956,2025-08-07T23:13:00,700 ARROW RD,ARROW RD,2 m South of,4,Non-Fatal Injury,Non-Intersection,No Control,Approaching Head On,Clear,Dark with Artificial Lighting,Dry,Minor Arterial,FALSE,-79.52949687,43.74565634,1,,,3,25,Major,Lap and Shoulder Belt,,,,,,,,,,passenger,,Humber River-Black Creek (7),31 Division,Humbermede,TRUE,FALSE,FALSE,FALSE,FALSE,FALSE,FALSE,FALSE,TRUE,FALSE,"{""coordinates"": [[-79.52949686666119, 43.74565634101389]], ""type"": ""MultiPoint""}"
10724,2025:5001654956,2025-08-07T23:13:00,700 ARROW RD,ARROW RD,2 m South of,4,Non-Fatal Injury,Non-Intersection,No Control,Approaching Head On,Clear,Dark with Artificial Lighting,Dry,Minor Arterial,FALSE,-79.52949687,43.74565634,1,Automobile or Station Wagon,South,1,19,Minor,Lap and Shoulder Belt,Exceeding speed limit,Normal,,,Changing Lanes,,,,,driver,,Humber River-Black Creek (7),31 Division,Humbermede,TRUE,FALSE,FALSE,FALSE,FALSE,FALSE,FALSE,FALSE,TRUE,FALSE,"{""coordinates"": [[-79.52949686666119, 43.74565634101389]], ""type"": ""MultiPoint""}"
10725,2025:5001654956,2025-08-07T23:13:00,700 ARROW RD,ARROW RD,2 m South of,4,Non-Fatal Injury,Non-Intersection,No Control,Approaching Head On,Clear,Dark with Artificial Lighting,Dry,Minor Arterial,FALSE,-79.52949687,43.74565634,2,,,4,28,Minor,Lap and Shoulder Belt,,,,,,,,,,passenger,,Humber River-Black Creek (7),31 Division,Humbermede,TRUE,FALSE,FALSE,FALSE,FALSE,FALSE,FALSE,FALSE,TRUE,FALSE,"{""coordinates"": [[-79.52949686666119, 43.74565634101389]], ""type"": ""MultiPoint""}"
10726,2025:5001654956,2025-08-07T23:13:00,700 ARROW RD,ARROW RD,2 m South of,4,Non-Fatal Injury,Non-Intersection,No Control,Approaching Head On,Clear,Dark with Artificial Lighting,Dry,Minor Arterial,FALSE,-79.52949687,43.74565634,2,Passenger Van,North,2,28,Minor,Lap and Shoulder Belt,Driving properly,Normal,,,Going Ahead,,,,,driver,,Humber River-Black Creek (7),31 Division,Humbermede,TRUE,FALSE,FALSE,FALSE,FALSE,FALSE,FALSE,FALSE,TRUE,FALSE,"{""coordinates"": [[-79.52949686666119, 43.74565634101389]], ""type"": ""MultiPoint""}"
10727,2025:5001664371,2025-08-09T05:40:00,BROWNS Line,EVANS AVE,,2,Non-Fatal Injury,Four-way,Traffic Signal,SMV Other,Clear,Daylight,Dry,Expressway Ramp,FALSE,-79.54887924,43.61067044,1,,,2,66,Major,Use Unknown,,,Crossing without right-of-way (intersection),Normal,,Driver going straight hits pedestrian crossing without right-of-way (at intersection),,,,pedestrian,,Etobicoke-Lakeshore (3),22 Division,Alderwood,FALSE,FALSE,FALSE,FALSE,FALSE,TRUE,TRUE,FALSE,FALSE,FALSE,"{""coordinates"": [[-79.54887924275259, 43.6106704369049]], ""type"": ""MultiPoint""}"
10728,2025:5001664371,2025-08-09T05:40:00,BROWNS Line,EVANS AVE,,2,Non-Fatal Injury,Four-way,Traffic Signal,SMV Other,Clear,Daylight,Dry,Expressway Ramp,FALSE,-79.54887924,43.61067044,1,Automobile or Station Wagon,North,1,40,None,Lap and Shoulder Belt,Driving properly,Normal,,,Going Ahead,,,,,driver,,Etobicoke-Lakeshore (3),22 Division,Alderwood,FALSE,FALSE,FALSE,FALSE,FALSE,TRUE,TRUE,FALSE,FALSE,FALSE,"{""coordinates"": [[-79.54887924275259, 43.6106704369049]], ""type"": ""MultiPoint""}"
10729,2025:5001666262,2025-08-09T12:55:00,EGLINTON AVE E,EGLINTON SQ,90 m East of,2,Non-Fatal Injury,Non-Intersection,No Control,SMV Other,Clear,Daylight,Dry,Major Arterial,FALSE,-79.29944262,43.72522606,1,Light Rail Transit (LRT),West,1,68,None,Lap and Shoulder Belt,Driving properly,Normal,,,Going Ahead,,,,,driver,,Scarborough Centre (21),41 Division,Wexford/Maryvale,FALSE,FALSE,FALSE,FALSE,FALSE,TRUE,TRUE,FALSE,FALSE,TRUE,"{""coordinates"": [[-79.29944261562039, 43.725226056086136]], ""type"": ""MultiPoint""}"
10730,2025:5001666262,2025-08-09T12:55:00,EGLINTON AVE E,EGLINTON SQ,90 m East of,2,Non-Fatal Injury,Non-Intersection,No Control,SMV Other,Clear,Daylight,Dry,Major Arterial,FALSE,-79.29944262,43.72522606,1,,,2,64,Major,Use Unknown,,,Crossing without right-of-way (intersection),Normal,,Transit vehicle driver hits pedestrian anywhere along roadway,,,,pedestrian,,Scarborough Centre (21),41 Division,Wexford/Maryvale,FALSE,FALSE,FALSE,FALSE,FALSE,TRUE,TRUE,FALSE,FALSE,TRUE,"{""coordinates"": [[-79.29944261562039, 43.725226056086136]], ""type"": ""MultiPoint""}"
10731,2025:5001684826,2025-08-11T21:37:00,GERRARD ST E,GLENSIDE AVE,5 m South of,2,Non-Fatal Injury,T Intersection,No Control,SMV Other,Clear,Dark with Artificial Lighting,Dry,Minor Arterial,FALSE,-79.32590874,43.6714041,1,Streetcar,East,1,43,None,Lap and Shoulder Belt,Driving properly,Normal,,,Going Ahead,,,,,driver,,Toronto-Danforth (14),55 Division,Greenwood-Coxwell,FALSE,FALSE,FALSE,FALSE,FALSE,FALSE,TRUE,FALSE,FALSE,TRUE,"{""coordinates"": [[-79.32590873588138, 43.67140409546482]], ""type"": ""MultiPoint""}"
10732,2025:5001684826,2025-08-11T21:37:00,GERRARD ST E,GLENSIDE AVE,5 m South of,2,Non-Fatal Injury,T Intersection,No Control,SMV Other,Clear,Dark with Artificial Lighting,Dry,Minor Arterial,FALSE,-79.32590874,43.6714041,1,,,2,27,Major,Use Unknown,,,Running onto roadway,Ability Impaired - Other Drugs,,Transit vehicle driver hits pedestrian anywhere along roadway,,,,pedestrian,,Toronto-Danforth (14),55 Division,Greenwood-Coxwell,FALSE,FALSE,FALSE,FALSE,FALSE,FALSE,TRUE,FALSE,FALSE,TRUE,"{""coordinates"": [[-79.32590873588138, 43.67140409546482]], ""type"": ""MultiPoint""}"
10733,2025:5001721789,2025-08-16T17:24:00,BAY ST,FRONT ST W,50 m South of,2,Non-Fatal Injury,Non-Intersection,No Control,Same Direction,Clear,Dark with Artificial Lighting,Dry,Major Arterial,TRUE,-79.37898717,43.64626268,2,Bicycle,South,2,33,Major,No Equipment Available,,,,,Going Ahead,,,Driving Properly,Normal,cyclist,,Toronto Centre (13),52 Division,Yonge-Bay Corridor,FALSE,FALSE,TRUE,FALSE,FALSE,FALSE,FALSE,FALSE,FALSE,FALSE,"{""coordinates"": [[-79.37898717473645, 43.64626267684066]], ""type"": ""MultiPoint""}"
10734,2025:5001726169,2025-08-17T10:11:00,3511 LAKE SHORE BLVD W,THIRTY THIRD ST,42 m East of,2,Non-Fatal Injury,At/Near Private Drive,No Control,Turning Movement,Clear,Daylight,Dry,Major Arterial,FALSE,-79.53162825,43.59481642,1,Automobile or Station Wagon,East,1,34,None,Lap and Shoulder Belt,Failed to yield right-of-way,Normal,,,Turning Right,,,,,driver,,Etobicoke-Lakeshore (3),22 Division,Long Branch,TRUE,FALSE,TRUE,FALSE,FALSE,TRUE,FALSE,FALSE,FALSE,FALSE,"{""coordinates"": [[-79.53162824940107, 43.594816423413945]], ""type"": ""MultiPoint""}"
10735,2025:5001726169,2025-08-17T10:11:00,3511 LAKE SHORE BLVD W,THIRTY THIRD ST,42 m East of,2,Non-Fatal Injury,At/Near Private Drive,No Control,Turning Movement,Clear,Daylight,Dry,Major Arterial,FALSE,-79.53162825,43.59481642,2,E-Bike (Power-Assisted Bicycle),East,2,67,Major,Equipment Not Used But Available,Driving properly,Normal,,,Going Ahead,,,,,cyclist,,Etobicoke-Lakeshore (3),22 Division,Long Branch,TRUE,FALSE,TRUE,FALSE,FALSE,TRUE,FALSE,FALSE,FALSE,FALSE,"{""coordinates"": [[-79.53162824940107, 43.594816423413945]], ""type"": ""MultiPoint""}"
10736,2025:5001744730,2025-08-19T22:52:00,WARDEN AVE,DANFORTH RD,,2,Non-Fatal Injury,Four-way,Traffic Signal,Turning Movement,Rain,Dark with Artificial Lighting,Wet,Minor Arterial,FALSE,-79.27486061,43.69730762,2,E-Bike (Power-Assisted Bicycle),West,2,40,Major,No Equipment Available,,,,,Going Ahead,,Driver turns left into path of cyclist,Driving Properly,Normal,cyclist,,Scarborough Southwest (20),41 Division,Oakridge,FALSE,FALSE,TRUE,FALSE,FALSE,FALSE,FALSE,FALSE,FALSE,FALSE,"{""coordinates"": [[-79.2748606069904, 43.69730762310579]], ""type"": ""MultiPoint""}"
10737,2025:5001744730,2025-08-19T22:52:00,WARDEN AVE,DANFORTH RD,,2,Non-Fatal Injury,Four-way,Traffic Signal,Turning Movement,Rain,Dark with Artificial Lighting,Wet,Minor Arterial,FALSE,-79.27486061,43.69730762,1,Automobile or Station Wagon,East,1,24,None,Lap and Shoulder Belt,Lost control,Normal,,,Turning Left,,,,,driver,,Scarborough Southwest (20),41 Division,Oakridge,FALSE,FALSE,TRUE,FALSE,FALSE,FALSE,FALSE,FALSE,FALSE,FALSE,"{""coordinates"": [[-79.2748606069904, 43.69730762310579]], ""type"": ""MultiPoint""}"
10738,2025:5001763354,2025-08-22T12:48:00,PHARMACY AV,SURREY AV,1 m West of,3,Non-Fatal Injury,Intersection-Related,Traffic Signal,Turning Movement,Clear,Daylight,Dry,Minor Arterial,FALSE,-79.3022506,43.73742106,2,,,3,14,Minimal,Helmet,,,,,,,,,,cyclist,,Scarborough Centre (21),41 Division,Wexford/Maryvale,TRUE,TRUE,TRUE,FALSE,FALSE,FALSE,FALSE,FALSE,TRUE,FALSE,"{""coordinates"": [[-79.3022506045867, 43.73742105934718]], ""type"": ""MultiPoint""}"
10739,2025:5001763354,2025-08-22T12:48:00,PHARMACY AV,SURREY AV,1 m West of,3,Non-Fatal Injury,Intersection-Related,Traffic Signal,Turning Movement,Clear,Daylight,Dry,Minor Arterial,FALSE,-79.3022506,43.73742106,1,Automobile or Station Wagon,North,1,17,None,Lap and Shoulder Belt,Failed to yield right-of-way,Inattentive - Other,,,Turning Left,,,,,driver,,Scarborough Centre (21),41 Division,Wexford/Maryvale,TRUE,TRUE,TRUE,FALSE,FALSE,FALSE,FALSE,FALSE,TRUE,FALSE,"{""coordinates"": [[-79.3022506045867, 43.73742105934718]], ""type"": ""MultiPoint""}"
10740,2025:5001763354,2025-08-22T12:48:00,PHARMACY AV,SURREY AV,1 m West of,3,Non-Fatal Injury,Intersection-Related,Traffic Signal,Turning Movement,Clear,Daylight,Dry,Minor Arterial,FALSE,-79.3022506,43.73742106,2,E-Bike (Power-Assisted Bicycle),South,2,64,Major,Helmet,,,,,Going Ahead,,Driver turns left into path of cyclist,Driving Properly,Normal,cyclist,,Scarborough Centre (21),41 Division,Wexford/Maryvale,TRUE,TRUE,TRUE,FALSE,FALSE,FALSE,FALSE,FALSE,TRUE,FALSE,"{""coordinates"": [[-79.3022506045867, 43.73742105934718]], ""type"": ""MultiPoint""}"
10743,2025:5001814971,2025-08-29T13:40:00,27 HWY N,REXDALE BLVD,50 m South of,6,Non-Fatal Injury,Intersection-Related,Traffic Signal,Angle,Clear,Daylight,Dry,Major Arterial,FALSE,-79.5954331,43.71683743,3,,,5,20,None,Lap and Shoulder Belt,,,,,,,,,,passenger,,Etobicoke North (1),23 Division,West Humber-Clairville,TRUE,FALSE,FALSE,FALSE,FALSE,TRUE,FALSE,TRUE,FALSE,TRUE,"{""coordinates"": [[-79.59543310378491, 43.71683743170374]], ""type"": ""MultiPoint""}"
10744,2025:5001814971,2025-08-29T13:40:00,27 HWY N,REXDALE BLVD,50 m South of,6,Non-Fatal Injury,Intersection-Related,Traffic Signal,Angle,Clear,Daylight,Dry,Major Arterial,FALSE,-79.5954331,43.71683743,1,Automobile or Station Wagon,West,1,68,Minor,Lap and Shoulder Belt,Disobeyed traffic control,Normal,,,Going Ahead,,,,,driver,,Etobicoke North (1),23 Division,West Humber-Clairville,TRUE,FALSE,FALSE,FALSE,FALSE,TRUE,FALSE,TRUE,FALSE,TRUE,"{""coordinates"": [[-79.59543310378491, 43.71683743170374]], ""type"": ""MultiPoint""}"
10745,2025:5001814971,2025-08-29T13:40:00,27 HWY N,REXDALE BLVD,50 m South of,6,Non-Fatal Injury,Intersection-Related,Traffic Signal,Angle,Clear,Daylight,Dry,Major Arterial,FALSE,-79.5954331,43.71683743,3,Automobile or Station Wagon,East,3,23,None,Lap and Shoulder Belt,Driving properly,Normal,,,Stopped,,,,,driver,,Etobicoke North (1),23 Division,West Humber-Clairville,TRUE,FALSE,FALSE,FALSE,FALSE,TRUE,FALSE,TRUE,FALSE,TRUE,"{""coordinates"": [[-79.59543310378491, 43.71683743170374]], ""type"": ""MultiPoint""}"
10746,2025:5001814971,2025-08-29T13:40:00,27 HWY N,REXDALE BLVD,50 m South of,6,Non-Fatal Injury,Intersection-Related,Traffic Signal,Angle,Clear,Daylight,Dry,Major Arterial,FALSE,-79.5954331,43.71683743,2,Truck - Open (Flatbed),North,2,58,Minor,Lap and Shoulder Belt,Driving properly,Normal,,,Going Ahead,,,,,driver,,Etobicoke North (1),23 Division,West Humber-Clairville,TRUE,FALSE,FALSE,FALSE,FALSE,TRUE,FALSE,TRUE,FALSE,TRUE,"{""coordinates"": [[-79.59543310378491, 43.71683743170374]], ""type"": ""MultiPoint""}"
10747,2025:5001814971,2025-08-29T13:40:00,27 HWY N,REXDALE BLVD,50 m South of,6,Non-Fatal Injury,Intersection-Related,Traffic Signal,Angle,Clear,Daylight,Dry,Major Arterial,FALSE,-79.5954331,43.71683743,3,,,6,21,None,Lap and Shoulder Belt,,,,,,,,,,passenger,,Etobicoke North (1),23 Division,West Humber-Clairville,TRUE,FALSE,FALSE,FALSE,FALSE,TRUE,FALSE,TRUE,FALSE,TRUE,"{""coordinates"": [[-79.59543310378491, 43.71683743170374]], ""type"": ""MultiPoint""}"
10748,2025:5001814971,2025-08-29T13:40:00,27 HWY N,REXDALE BLVD,50 m South of,6,Non-Fatal Injury,Intersection-Related,Traffic Signal,Angle,Clear,Daylight,Dry,Major Arterial,FALSE,-79.5954331,43.71683743,1,,,4,68,Major,Lap and Shoulder Belt,,,,,,,,,,passenger,,Etobicoke North (1),23 Division,West Humber-Clairville,TRUE,FALSE,FALSE,FALSE,FALSE,TRUE,FALSE,TRUE,FALSE,TRUE,"{""coordinates"": [[-79.59543310378491, 43.71683743170374]], ""type"": ""MultiPoint""}"
10749,2025:5001818159,2025-08-29T21:16:00,DUNDAS ST W,HUMBER HILL AVE,,2,Non-Fatal Injury,Intersection-Related,Traffic Signal,SMV Other,Clear,Dusk with Artificial Lighting,Dry,Major Arterial,FALSE,-79.50162768,43.66487425,1,,,2,67,Major,Use Unknown,,,Crossing with right-of-way (intersection),Medical or Physical Disability - Restricted Motion,,Driver turns left into pedestrian crossing with right-of-way (at intersection),,,,pedestrian,,Parkdale-High Park (4),11 Division,Lambton Baby Point,TRUE,FALSE,FALSE,FALSE,FALSE,TRUE,TRUE,FALSE,FALSE,FALSE,"{""coordinates"": [[-79.50162768049658, 43.66487425006753]], ""type"": ""MultiPoint""}"
10750,2025:5001818159,2025-08-29T21:16:00,DUNDAS ST W,HUMBER HILL AVE,,2,Non-Fatal Injury,Intersection-Related,Traffic Signal,SMV Other,Clear,Dusk with Artificial Lighting,Dry,Major Arterial,FALSE,-79.50162768,43.66487425,1,Automobile or Station Wagon,North,1,20,None,Lap and Shoulder Belt,Failed to yield right-of-way,Normal,,,Turning Left,,,,,driver,,Parkdale-High Park (4),11 Division,Lambton Baby Point,TRUE,FALSE,FALSE,FALSE,FALSE,TRUE,TRUE,FALSE,FALSE,FALSE,"{""coordinates"": [[-79.50162768049658, 43.66487425006753]], ""type"": ""MultiPoint""}"
10751,2025:5001831262,2025-08-31T19:28:00,WALSH AV,MATHEWS GATE,,3,Non-Fatal Injury,Intersection-Related,Traffic Signal,Turning Movement,Clear,Daylight,Dry,Major Arterial,FALSE,-79.53319783,43.71582686,2,Automobile or Station Wagon,South,2,21,Major,Use Unknown,Driving properly,Normal,,,Turning Left,,,,,driver,,Humber River-Black Creek (7),31 Division,Pelmo Park-Humberlea,TRUE,FALSE,FALSE,FALSE,FALSE,TRUE,FALSE,TRUE,FALSE,FALSE,"{""coordinates"": [[-79.53319782671143, 43.71582686100654]], ""type"": ""MultiPoint""}"
10752,2025:5001831262,2025-08-31T19:28:00,WALSH AV,MATHEWS GATE,,3,Non-Fatal Injury,Intersection-Related,Traffic Signal,Turning Movement,Clear,Daylight,Dry,Major Arterial,FALSE,-79.53319783,43.71582686,1,Automobile or Station Wagon,West,1,59,None,Use Unknown,Disobeyed traffic control,Normal,,,Going Ahead,,,,,driver,,Humber River-Black Creek (7),31 Division,Pelmo Park-Humberlea,TRUE,FALSE,FALSE,FALSE,FALSE,TRUE,FALSE,TRUE,FALSE,FALSE,"{""coordinates"": [[-79.53319782671143, 43.71582686100654]], ""type"": ""MultiPoint""}"
10753,2025:5001831262,2025-08-31T19:28:00,WALSH AV,MATHEWS GATE,,3,Non-Fatal Injury,Intersection-Related,Traffic Signal,Turning Movement,Clear,Daylight,Dry,Major Arterial,FALSE,-79.53319783,43.71582686,2,,,3,65,None,Use Unknown,,,,,,,,,,passenger,,Humber River-Black Creek (7),31 Division,Pelmo Park-Humberlea,TRUE,FALSE,FALSE,FALSE,FALSE,TRUE,FALSE,TRUE,FALSE,FALSE,"{""coordinates"": [[-79.53319782671143, 43.71582686100654]], ""type"": ""MultiPoint""}"
10754,2025:5001854357,2025-09-03T21:09:00,ALBION RD,HWY27 HY,,4,Non-Fatal Injury,Intersection-Related,Traffic Signal,Turning Movement,Clear,Daylight with Artificial Lighting,Dry,Expressway,FALSE,-79.60762507,43.74430743,1,Automobile or Station Wagon,East,1,23,Minimal,Lap and Shoulder Belt,Improper turn,Normal,,,Turning Left,,,,,driver,,Etobicoke North (1),23 Division,West Humber-Clairville,FALSE,FALSE,FALSE,FALSE,FALSE,FALSE,FALSE,FALSE,FALSE,FALSE,"{""coordinates"": [[-79.60762506721765, 43.744307428624964]], ""type"": ""MultiPoint""}"