_id,collision_id,accdate,stname1,stname2,stname3,per_inv,acclass,accloc,traffictl,impactype,visible,light,rdsfcond,road_class,failtorem,longitude,latitude,veh_no,vehtype,initdir,per_no,invage,injury,safequip,drivact,drivcond,pedact,pedcond,manoeuvre,pedtype,cyclistype,cycact,cyccond,road_user,fatal_no,wardname,division,neighbourhood,aggressive,distracted,cyclist,motorcyclist,other_micromobility,older_adult,pedestrian,red_light,school_child,heavy_truck,geometry
11417,2012:1313717,2012-08-01T12:15:00,DANFORTH AVE,EATON AVE,,2,Non-Fatal Injury,,No Control,Pedestrian Collision (internal code),Clear,Daylight,Dry,Major Arterial,FALSE,-79.34249076,43.67944412,2,,North,2,27,Major,Other Safety Equipment Used,,,Running onto roadway,Medical or Physical Disability,,Driver hits pedestrian at midblock,,,,pedestrian,,Toronto-Danforth (14),55 Division,Danforth,FALSE,FALSE,FALSE,FALSE,FALSE,TRUE,TRUE,FALSE,FALSE,FALSE,"{""coordinates"": [[-79.34249075596806, 43.67944411819891]], ""type"": ""MultiPoint""}"
11418,2012:1313657,2012-08-02T17:30:00,SPADINA AVE,KING ST W,,2,Non-Fatal Injury,At Intersection,Traffic Signal,Cyclist Collision (internal code),Clear,Daylight,Dry,Major Arterial,FALSE,-79.39499091,43.6454442,2,Bicycle,North,2,30,Major,Helmet,,,,,Going Ahead,,Driver turns right on green or amber at signalized intersection and hits cyclist,Driving Properly,Normal,cyclist,,Spadina-Fort York (10),52 Division,Wellington Place,FALSE,FALSE,TRUE,FALSE,FALSE,FALSE,FALSE,FALSE,FALSE,FALSE,"{""coordinates"": [[-79.39499090747618, 43.64544420090825]], ""type"": ""MultiPoint""}"
11419,2012:1311099,2012-08-06T20:08:00,LAPPIN AVE,DUFFERIN ST,,2,Non-Fatal Injury,,No Control,Pedestrian Collision (internal code),Clear,Dark with Artificial Lighting,Dry,Major Arterial,TRUE,-79.43829096,43.66634426,1,,Unknown,2,43,Major,Other Safety Equipment Used,,,Other,Normal,,Other,,,,pedestrian,,Davenport (9),11 Division,Junction-Wallace Emerson,FALSE,FALSE,FALSE,FALSE,FALSE,FALSE,TRUE,FALSE,FALSE,FALSE,"{""coordinates"": [[-79.43829095769667, 43.666344258243804]], ""type"": ""MultiPoint""}"
11420,2012:1315507,2012-08-08T19:35:00,BAYVIEW AVE,NESBITT DR,,2,Non-Fatal Injury,At Intersection,Traffic Signal,Cyclist Collision (internal code),Clear,Daylight,Dry,Major Arterial,FALSE,-79.36629078,43.69404415,2,Bicycle,South,2,29,Major,Helmet,,,,,Going Ahead,,Driver turns left into path of cyclist,Driving Properly,Normal,cyclist,,University-Rosedale (11),53 Division,Leaside-Bennington,TRUE,TRUE,TRUE,FALSE,FALSE,TRUE,FALSE,FALSE,FALSE,FALSE,"{""coordinates"": [[-79.36629077901101, 43.69404414918718]], ""type"": ""MultiPoint""}"
11421,2012:1315616,2012-08-09T15:23:00,285 RALEIGH AVE,,,5,Non-Fatal Injury,,No Control,Pedestrian Collision (internal code),Rain,Daylight,Wet,Collector,FALSE,-79.26099057,43.709444,2,,,4,,,Other Safety Equipment Used,,,,,,,,,,owner,,Scarborough Southwest (20),41 Division,Clairlea-Birchmount,FALSE,FALSE,FALSE,FALSE,FALSE,FALSE,TRUE,FALSE,FALSE,FALSE,"{""coordinates"": [[-79.2609905670961, 43.709444004824796]], ""type"": ""MultiPoint""}"
11422,2012:1315616,2012-08-09T15:23:00,285 RALEIGH AVE,,,5,Non-Fatal Injury,,No Control,Pedestrian Collision (internal code),Rain,Daylight,Wet,Collector,FALSE,-79.26099057,43.709444,1,,Unknown,1,50,Major,No Equipment Available,,,Other,Normal,,Driver reversing hits pedestrian,,,,pedestrian,,Scarborough Southwest (20),41 Division,Clairlea-Birchmount,FALSE,FALSE,FALSE,FALSE,FALSE,FALSE,TRUE,FALSE,FALSE,FALSE,"{""coordinates"": [[-79.2609905670961, 43.709444004824796]], ""type"": ""MultiPoint""}"
11423,2012:1315724,2012-08-10T14:09:00,HILLSIDE AVE,ROYAL YORK RD,,2,Non-Fatal Injury,At Intersection,Stop Sign,Pedestrian Collision (internal code),Clear,Daylight,Dry,Minor Arterial,FALSE,-79.49579117,43.61004437,1,Automobile or Station Wagon,East,1,66,None,Other Safety Equipment Used,Failed to yield right-of-way,Inattentive,,,Turning Right,,,,,driver,,Etobicoke-Lakeshore (3),22 Division,Mimico-Queensway,TRUE,TRUE,FALSE,FALSE,FALSE,TRUE,TRUE,FALSE,FALSE,FALSE,"{""coordinates"": [[-79.49579117065151, 43.61004436852348]], ""type"": ""MultiPoint""}"
11424,2012:1309524,2012-08-11T01:14:00,MERCER ST,JOHN ST,,2,Non-Fatal Injury,,No Control,Pedestrian Collision (internal code),Clear,Dark,Dry,Local,FALSE,-79.3906909,43.64564419,1,Automobile or Station Wagon,West,1,53,None,Other Safety Equipment Used,Driving properly,Normal,,,Going Ahead,,,,,driver,,Spadina-Fort York (10),52 Division,Wellington Place,FALSE,FALSE,FALSE,FALSE,FALSE,FALSE,TRUE,FALSE,FALSE,FALSE,"{""coordinates"": [[-79.3906908987033, 43.64564419444036]], ""type"": ""MultiPoint""}"
11425,2012:1311734,2012-08-13T19:30:00,BLOOR ST E,ST PAULS SQ,,3,Non-Fatal Injury,,No Control,Cyclist Collision (internal code),Clear,Daylight,Dry,Major Arterial,TRUE,-79.38239084,43.67114418,1,,,2,,,Other Safety Equipment Used,,,,,,,,,,owner,,University-Rosedale (11),51 Division,Church-Wellesley,FALSE,FALSE,TRUE,FALSE,FALSE,FALSE,FALSE,FALSE,FALSE,FALSE,"{""coordinates"": [[-79.38239084350025, 43.67114417644319]], ""type"": ""MultiPoint""}"
11426,2012:1311734,2012-08-13T19:30:00,BLOOR ST E,ST PAULS SQ,,3,Non-Fatal Injury,,No Control,Cyclist Collision (internal code),Clear,Daylight,Dry,Major Arterial,TRUE,-79.38239084,43.67114418,2,Bicycle,East,3,61,Major,Other Safety Equipment Used,,,,,Going Ahead,,Sideswipe with cyclist and driver travelling in same direction,Driving Properly,Normal,cyclist,,University-Rosedale (11),51 Division,Church-Wellesley,FALSE,FALSE,TRUE,FALSE,FALSE,FALSE,FALSE,FALSE,FALSE,FALSE,"{""coordinates"": [[-79.38239084350025, 43.67114417644319]], ""type"": ""MultiPoint""}"
11427,2012:1316502,2012-08-14T07:07:00,RONCESVALLES AVE,WRIGHT AVE,,3,Non-Fatal Injury,,No Control,Cyclist Collision (internal code),Clear,Daylight,Wet,Minor Arterial,FALSE,-79.44869101,43.64544428,1,,,1,,,Other Safety Equipment Used,,,,,,,,,,owner,,Parkdale-High Park (4),11 Division,Roncesvalles,FALSE,FALSE,TRUE,FALSE,FALSE,FALSE,FALSE,FALSE,TRUE,FALSE,"{""coordinates"": [[-79.44869101317218, 43.64544428108408]], ""type"": ""MultiPoint""}"
11428,2012:1317043,2012-08-17T22:52:00,QUEEN ST W,LANSDOWNE AVE,,2,Non-Fatal Injury,,Traffic Signal,Pedestrian Collision (internal code),Clear,Dark with Artificial Lighting,Dry,Major Arterial,TRUE,-79.436991,43.64044427,1,Automobile or Station Wagon,East,1,21,None,Use Unknown,Other,Unknown,,,Going Ahead,,,,,driver,,Parkdale-High Park (4),14 Division,South Parkdale,FALSE,FALSE,FALSE,FALSE,FALSE,FALSE,TRUE,FALSE,FALSE,FALSE,"{""coordinates"": [[-79.43699099850048, 43.64044426534995]], ""type"": ""MultiPoint""}"
11429,2012:1311542,2012-08-19T23:18:00,SHEPPARD AVE E,AMETHYST RD,,1,Non-Fatal Injury,,No Control,Pedestrian Collision (internal code),Clear,Dark with Artificial Lighting,Dry,Major Arterial,FALSE,-79.30049056,43.78044406,1,,,1,29,Minimal,Lap and Shoulder Belt,,,,,,,,,,passenger,,Scarborough-Agincourt (22),42 Division,Tam O'Shanter-Sullivan,TRUE,FALSE,FALSE,FALSE,FALSE,TRUE,TRUE,FALSE,FALSE,FALSE,"{""coordinates"": [[-79.30049055783977, 43.780444059032874]], ""type"": ""MultiPoint""}"
11430,2012:1311542,2012-08-19T23:18:00,SHEPPARD AVE E,AMETHYST RD,,1,Non-Fatal Injury,,No Control,Pedestrian Collision (internal code),Clear,Dark with Artificial Lighting,Dry,Major Arterial,FALSE,-79.30049056,43.78044406,2,,North,4,69,Major,Other Safety Equipment Used,,,Crossing - no traffic control,Normal,,Driver hits pedestrian at midblock,,,,pedestrian,,Scarborough-Agincourt (22),42 Division,Tam O'Shanter-Sullivan,TRUE,FALSE,FALSE,FALSE,FALSE,TRUE,TRUE,FALSE,FALSE,FALSE,"{""coordinates"": [[-79.30049055783977, 43.780444059032874]], ""type"": ""MultiPoint""}"
11432,2012:1318799,2012-08-27T15:58:00,OAKWOOD AVE,CONWAY AVE,,3,Non-Fatal Injury,,Pedestrian Crossover,Pedestrian Collision (internal code),Clear,Daylight,Dry,Minor Arterial,FALSE,-79.43689093,43.68264425,1,Automobile or Station Wagon,South,2,41,None,Other Safety Equipment Used,Disobeyed traffic control,Normal,,,Going Ahead,,,,,driver,,Davenport (9),13 Division,Oakwood Village,TRUE,FALSE,FALSE,FALSE,FALSE,FALSE,TRUE,FALSE,FALSE,FALSE,"{""coordinates"": [[-79.43689092778041, 43.682644250571386]], ""type"": ""MultiPoint""}"
11433,2012:1318799,2012-08-27T15:58:00,OAKWOOD AVE,CONWAY AVE,,3,Non-Fatal Injury,,Pedestrian Crossover,Pedestrian Collision (internal code),Clear,Daylight,Dry,Minor Arterial,FALSE,-79.43689093,43.68264425,2,,East,3,52,Major,Other Safety Equipment Used,,,Crossing - pedestrian crossover,Normal,,Driver hits pedestrian at PXO/pedestrian midblock signal,,,,pedestrian,,Davenport (9),13 Division,Oakwood Village,TRUE,FALSE,FALSE,FALSE,FALSE,FALSE,TRUE,FALSE,FALSE,FALSE,"{""coordinates"": [[-79.43689092778041, 43.682644250571386]], ""type"": ""MultiPoint""}"
11434,2012:1319184,2012-08-29T08:40:00,STEELES AVE E,KELVIN GROVE AVE,,2,Non-Fatal Injury,At Intersection,Traffic Signal,Pedestrian Collision (internal code),Clear,Daylight,Dry,Major Arterial,FALSE,-79.31229054,43.82244408,2,,North,2,56,Major,No Equipment Available,,,Crossing with right-of-way (intersection),Normal,,Driver turns left into pedestrian crossing with right-of-way (at intersection),,,,pedestrian,,Scarborough-Agincourt (22),42 Division,Steeles,TRUE,TRUE,FALSE,FALSE,FALSE,FALSE,TRUE,FALSE,FALSE,FALSE,"{""coordinates"": [[-79.31229053846154, 43.82244407554382]], ""type"": ""MultiPoint""}"
11435,2012:1319292,2012-08-30T09:52:00,BATHURST ST,ADELAIDE ST W,,3,Non-Fatal Injury,At Intersection,Traffic Signal,Pedestrian Collision (internal code),Clear,Daylight,Dry,Major Arterial,FALSE,-79.40319092,43.64514421,2,Truck - Open (Flatbed),South,1,49,None,Other Safety Equipment Used,Improper turn,Normal,,,Turning Left,,,,,driver,,Spadina-Fort York (10),14 Division,Wellington Place,FALSE,FALSE,FALSE,FALSE,FALSE,FALSE,TRUE,FALSE,FALSE,TRUE,"{""coordinates"": [[-79.4031909240901, 43.6451442132316]], ""type"": ""MultiPoint""}"
11436,2012:1312366,2012-08-30T10:19:00,RATHBURN RD,THE EAST MALL,,2,Non-Fatal Injury,At Intersection,Traffic Signal,Pedestrian Collision (internal code),Clear,Daylight,Other,Minor Arterial,FALSE,-79.56429118,43.65494443,1,Automobile or Station Wagon,South,1,57,None,Lap and Shoulder Belt,Failed to yield right-of-way,Normal,,,Turning Left,,,,,driver,,Etobicoke Centre (2),22 Division,Eringate-Centennial-West Deane,TRUE,FALSE,FALSE,FALSE,FALSE,TRUE,TRUE,FALSE,FALSE,FALSE,"{""coordinates"": [[-79.56429118019364, 43.654944431278565]], ""type"": ""MultiPoint""}"
11437,2012:1319338,2012-08-30T16:30:00,DUNDAS ST W,HOWARD PARK AVE,,2,Non-Fatal Injury,At Intersection,Traffic Signal,Cyclist Collision (internal code),Clear,Daylight,Dry,Minor Arterial,FALSE,-79.448091,43.65214428,1,Automobile or Station Wagon,West,1,65,None,Other Safety Equipment Used,Driving properly,Normal,,,Going Ahead,,,,,driver,,Parkdale-High Park (4),11 Division,Roncesvalles,FALSE,FALSE,TRUE,FALSE,FALSE,TRUE,FALSE,FALSE,TRUE,FALSE,"{""coordinates"": [[-79.44809100059251, 43.652144277691356]], ""type"": ""MultiPoint""}"
11438,2012:1319682,2012-09-01T00:36:00,PAPE AVE,COSBURN AVE,,2,Non-Fatal Injury,At Intersection,Traffic Signal,Pedestrian Collision (internal code),Clear,Dark with Artificial Lighting,Dry,Major Arterial,TRUE,-79.34879075,43.68944413,1,Automobile or Station Wagon,North,1,21,None,Other Safety Equipment Used,Failed to yield right-of-way,Ability Impaired - Alcohol,,,Going Ahead,,,,,driver,,Toronto-Danforth (14),55 Division,Old East York,TRUE,FALSE,FALSE,FALSE,FALSE,FALSE,TRUE,FALSE,FALSE,FALSE,"{""coordinates"": [[-79.34879075345272, 43.68944412568858]], ""type"": ""MultiPoint""}"
11439,2012:1319679,2012-09-01T03:20:00,DANFORTH Ave,PAPE Ave,,2,Non-Fatal Injury,At Intersection,Traffic Signal,Pedestrian Collision (internal code),Clear,Dark,Dry,Major Arterial,FALSE,-79.34479076,43.67894412,2,,North,2,21,Major,Other Safety Equipment Used,,,Crossing without right-of-way (intersection),Had Been Drinking,,Driver going straight hits pedestrian crossing without right-of-way (at intersection),,,,pedestrian,,Toronto-Danforth (14),55 Division,Blake-Jones,FALSE,FALSE,FALSE,FALSE,FALSE,FALSE,TRUE,FALSE,FALSE,FALSE,"{""coordinates"": [[-79.344790760996, 43.6789441215174]], ""type"": ""MultiPoint""}"
11440,2012:1319584,2012-09-02T01:15:00,COLLEGE ST,LIPPINCOTT ST,,3,Non-Fatal Injury,At Intersection,No Control,Cyclist Collision (internal code),Clear,Dark with Artificial Lighting,Dry,Major Arterial,FALSE,-79.40648291,43.65664821,1,,,1,,,Other Safety Equipment Used,,,,,,,,,,other,,University-Rosedale (11),14 Division,Kensington-Chinatown,FALSE,TRUE,TRUE,FALSE,FALSE,FALSE,FALSE,FALSE,FALSE,FALSE,"{""coordinates"": [[-79.40648291228973, 43.65664821497436]], ""type"": ""MultiPoint""}"
11441,2012:1319643,2012-09-02T18:55:00,WESTON RD,GLENVALLEY DR,,2,Non-Fatal Injury,At Intersection,Stop Sign,Cyclist Collision (internal code),Clear,Daylight,Dry,Minor Arterial,FALSE,-79.49259102,43.68814433,2,Bicycle,South,2,47,Major,No Equipment Available,,,,,Going Ahead,,Driver turns left into path of cyclist,Driving Properly,Normal,cyclist,,York South-Weston (5),12 Division,Mount Dennis,TRUE,TRUE,TRUE,FALSE,FALSE,FALSE,FALSE,FALSE,FALSE,FALSE,"{""coordinates"": [[-79.49259102181588, 43.688144326298335]], ""type"": ""MultiPoint""}"
11442,2012:1316598,2012-09-03T17:55:00,PINE ST,WILLIAM ST,,2,Non-Fatal Injury,,Stop Sign,Pedestrian Collision (internal code),Clear,Daylight,Dry,Collector,TRUE,-79.50949102,43.70464434,1,,Unknown,2,63,Major,Other Safety Equipment Used,,,Other,Normal,,Other,,,,pedestrian,,York South-Weston (5),12 Division,Weston,FALSE,FALSE,FALSE,TRUE,FALSE,FALSE,TRUE,FALSE,FALSE,FALSE,"{""coordinates"": [[-79.50949101726616, 43.704644339484894]], ""type"": ""MultiPoint""}"
11443,2012:1313400,2012-09-05T16:15:00,KENNETH AVE,PEMBERTON AVE,,2,Non-Fatal Injury,,No Control,Pedestrian Collision (internal code),Clear,Daylight,Dry,Local,FALSE,-79.41269074,43.78134419,2,,East,2,4,Major,Other Safety Equipment Used,,,Crossing with right-of-way (intersection),Other Condition,,Driver going straight hits pedestrian crossing with right-of-way (at intersection),,,,pedestrian,,Willowdale (18),32 Division,Newtonbrook East,TRUE,FALSE,FALSE,FALSE,FALSE,TRUE,TRUE,FALSE,TRUE,FALSE,"{""coordinates"": [[-79.41269073972686, 43.78134419348961]], ""type"": ""MultiPoint""}"
11444,2012:1320057,2012-09-06T06:15:00,KENNEDY RD,FOXRIDGE DR,,2,Non-Fatal Injury,At Intersection,No Control,Cyclist Collision (internal code),Clear,Daylight with Artificial Lighting,Dry,Major Arterial,FALSE,-79.26449056,43.72404401,1,Automobile or Station Wagon,North,1,54,None,Other Safety Equipment Used,Failed to yield right-of-way,Normal,,,Turning Left,,,,,driver,,Scarborough Southwest (20),41 Division,Kennedy Park,TRUE,FALSE,TRUE,FALSE,FALSE,FALSE,FALSE,FALSE,FALSE,FALSE,"{""coordinates"": [[-79.2644905557624, 43.72404401031954]], ""type"": ""MultiPoint""}"
11445,2012:1316027,2012-09-06T14:40:00,KING ST E,VICTORIA ST,,3,Non-Fatal Injury,At Intersection,No Control,Cyclist Collision (internal code),Clear,Daylight,Dry,Major Arterial,TRUE,-79.37669087,43.64934417,1,Automobile or Station Wagon,East,2,63,None,Other Safety Equipment Used,Failed to yield right-of-way,Unknown,,,Turning Left,,,,,driver,,Toronto Centre (13),51 Division,Downtown Yonge East,TRUE,FALSE,TRUE,FALSE,FALSE,FALSE,FALSE,FALSE,FALSE,FALSE,"{""coordinates"": [[-79.3766908655718, 43.6493441727796]], ""type"": ""MultiPoint""}"
11446,2012:1316027,2012-09-06T14:40:00,KING ST E,VICTORIA ST,,3,Non-Fatal Injury,At Intersection,No Control,Cyclist Collision (internal code),Clear,Daylight,Dry,Major Arterial,TRUE,-79.37669087,43.64934417,2,Bicycle,West,3,24,Major,Helmet,,,,,Going Ahead,,Driver turns left into path of cyclist,Driving Properly,Normal,cyclist,,Toronto Centre (13),51 Division,Downtown Yonge East,TRUE,FALSE,TRUE,FALSE,FALSE,FALSE,FALSE,FALSE,FALSE,FALSE,"{""coordinates"": [[-79.3766908655718, 43.6493441727796]], ""type"": ""MultiPoint""}"
11447,2012:1322166,2012-09-07T20:40:00,BYNG AVE,DORIS AVE,,3,Non-Fatal Injury,,Traffic Signal,Pedestrian Collision (internal code),Clear,Dark with Artificial Lighting,Dry,Minor Arterial,FALSE,-79.41319075,43.77694419,1,,,1,,,Other Safety Equipment Used,,,,,,,,,,owner,,Willowdale (18),32 Division,Yonge-Doris,TRUE,FALSE,FALSE,FALSE,FALSE,FALSE,TRUE,FALSE,FALSE,FALSE,"{""coordinates"": [[-79.41319074541282, 43.77694419458122]], ""type"": ""MultiPoint""}"
11448,2012:1320320,2012-09-08T13:45:00,BRAHMS AVE,CRESTHAVEN DR,,2,Non-Fatal Injury,,No Control,Pedestrian Collision (internal code),Rain,Daylight,Wet,Collector,FALSE,-79.36059064,43.79864413,1,Automobile or Station Wagon,North,2,25,None,Lap and Shoulder Belt,Other,Normal,,,Going Ahead,,,,,driver,,Don Valley North (17),33 Division,Hillcrest Village,FALSE,FALSE,FALSE,FALSE,FALSE,FALSE,TRUE,FALSE,FALSE,FALSE,"{""coordinates"": [[-79.36059063743221, 43.798644130665735]], ""type"": ""MultiPoint""}"
11449,2012:1320459,2012-09-09T22:25:00,YONGE ST,COLLEGE ST,,3,Non-Fatal Injury,At Intersection,Traffic Signal,Pedestrian Collision (internal code),Clear,Dark with Artificial Lighting,Dry,Major Arterial,FALSE,-79.38309086,43.66134418,2,,East,3,62,Major,Use Unknown,,,Crossing with right-of-way (intersection),Normal,,Driver turns right into pedestrian crossing with right-of-way (at intersection),,,,pedestrian,,Toronto Centre (13),51 Division,Downtown Yonge East,TRUE,TRUE,FALSE,FALSE,FALSE,FALSE,TRUE,FALSE,FALSE,FALSE,"{""coordinates"": [[-79.38309085978669, 43.661344179618]], ""type"": ""MultiPoint""}"
11450,2012:1320459,2012-09-09T22:25:00,YONGE ST,COLLEGE ST,,3,Non-Fatal Injury,At Intersection,Traffic Signal,Pedestrian Collision (internal code),Clear,Dark with Artificial Lighting,Dry,Major Arterial,FALSE,-79.38309086,43.66134418,1,Automobile or Station Wagon,South,2,49,None,Other Safety Equipment Used,Failed to yield right-of-way,Inattentive,,,Turning Right,,,,,driver,,Toronto Centre (13),51 Division,Downtown Yonge East,TRUE,TRUE,FALSE,FALSE,FALSE,FALSE,TRUE,FALSE,FALSE,FALSE,"{""coordinates"": [[-79.38309085978669, 43.661344179618]], ""type"": ""MultiPoint""}"
11453,2012:1316385,2012-09-13T06:47:00,VICTORIA PARK AVE,TERRAVIEW BLVD,,2,Non-Fatal Injury,,No Control,Pedestrian Collision (internal code),Clear,Daylight,Dry,Major Arterial,FALSE,-79.3180906,43.76444408,1,Motorcycle,North,1,23,Minor,Helmet,Driving properly,Normal,,,Going Ahead,,,,,motorcyclist,,Scarborough Centre (21),41 Division,Wexford/Maryvale,FALSE,FALSE,FALSE,TRUE,FALSE,FALSE,TRUE,FALSE,FALSE,FALSE,"{""coordinates"": [[-79.31809060140937, 43.76444407939555]], ""type"": ""MultiPoint""}"
11454,2012:1320816,2012-09-15T08:58:00,EGLINTON AVE E,BIRCHMOUNT RD,,2,Non-Fatal Injury,At Intersection,Traffic Signal,Pedestrian Collision (internal code),Clear,Daylight,Dry,Major Arterial,FALSE,-79.27789057,43.72994403,2,,North,2,72,Major,No Equipment Available,,,Crossing with right-of-way (intersection),Normal,,Driver turns left into pedestrian crossing with right-of-way (at intersection),,,,pedestrian,,Scarborough Southwest (20),41 Division,Clairlea-Birchmount,TRUE,TRUE,FALSE,FALSE,FALSE,TRUE,TRUE,FALSE,FALSE,FALSE,"{""coordinates"": [[-79.27789057196738, 43.72994402801338]], ""type"": ""MultiPoint""}"
11455,2012:1320874,2012-09-15T16:38:00,DANFORTH Aven,CARLAW Aven,,2,Non-Fatal Injury,At Intersection,Traffic Signal,Pedestrian Collision (internal code),Clear,Daylight,Dry,Major Arterial,FALSE,-79.34729077,43.67844413,1,Automobile or Station Wagon,East,1,47,None,Other Safety Equipment Used,Failed to yield right-of-way,Inattentive,,,Turning Right,,,,,driver,,Toronto-Danforth (14),55 Division,North Riverdale,TRUE,TRUE,FALSE,FALSE,FALSE,TRUE,TRUE,FALSE,FALSE,FALSE,"{""coordinates"": [[-79.34729076640599, 43.678444125124486]], ""type"": ""MultiPoint""}"
11456,2012:1321287,2012-09-16T01:01:00,DAVENPORT Rd,MOUNT ROYAL Ave,,2,Non-Fatal Injury,At Intersection,No Control,Cyclist Collision (internal code),Clear,Dark with Artificial Lighting,Dry,Minor Arterial,FALSE,-79.43259093,43.67454425,2,Bicycle,East,2,34,Minor,Helmet,,,,,Turning Left,,Rear end with cyclist and driver travelling in same direction,Driving Properly,Had Been Drinking,cyclist,,Davenport (9),13 Division,Wychwood,TRUE,FALSE,TRUE,TRUE,FALSE,FALSE,FALSE,FALSE,FALSE,FALSE,"{""coordinates"": [[-79.43259093319006, 43.67454424724996]], ""type"": ""MultiPoint""}"
11457,2012:1321399,2012-09-16T01:03:00,DAVENPORT RD,MOUNT ROYAL AVE,,2,Non-Fatal Injury,,No Control,Pedestrian Collision (internal code),Clear,Dark,Dry,Minor Arterial,FALSE,-79.43259093,43.67454325,1,Automobile or Station Wagon,East,1,26,None,Lap and Shoulder Belt,Other,Normal,,,Going Ahead,,,,,driver,,Davenport (9),13 Division,Wychwood,FALSE,FALSE,FALSE,FALSE,FALSE,FALSE,TRUE,FALSE,FALSE,FALSE,"{""coordinates"": [[-79.4325909331917, 43.6745432472503]], ""type"": ""MultiPoint""}"
11458,2012:1321368,2012-09-17T08:51:00,BAY St,FRONT St W,,5,Non-Fatal Injury,At Intersection,Traffic Signal,Cyclist Collision (internal code),Clear,Daylight,Dry,Major Arterial,FALSE,-79.37909088,43.64594418,3,,,4,,,Other Safety Equipment Used,,,,,,,,,,owner,,Spadina-Fort York (10),52 Division,St Lawrence-East Bayfront-The Islands,TRUE,TRUE,TRUE,FALSE,FALSE,FALSE,FALSE,FALSE,FALSE,TRUE,"{""coordinates"": [[-79.37909087542299, 43.64594417706289]], ""type"": ""MultiPoint""}"
11459,2012:1321368,2012-09-17T08:51:00,BAY St,FRONT St W,,5,Non-Fatal Injury,At Intersection,Traffic Signal,Cyclist Collision (internal code),Clear,Daylight,Dry,Major Arterial,FALSE,-79.37909088,43.64594418,1,,,1,,,Other Safety Equipment Used,,,,,,,,,,owner,,Spadina-Fort York (10),52 Division,St Lawrence-East Bayfront-The Islands,TRUE,TRUE,TRUE,FALSE,FALSE,FALSE,FALSE,FALSE,FALSE,TRUE,"{""coordinates"": [[-79.37909087542299, 43.64594417706289]], ""type"": ""MultiPoint""}"
11460,2012:1321943,2012-09-19T18:46:00,MIDLAND AVE,PASSMORE AVE,,3,Non-Fatal Injury,At Intersection,Traffic Signal,Pedestrian Collision (internal code),Clear,Dusk,Dry,Major Arterial,FALSE,-79.29489051,43.82074406,2,,South,3,69,Major,Other Safety Equipment Used,,,Crossing without right-of-way (intersection),Inattentive,,Transit vehicle driver hits pedestrian anywhere along roadway,,,,pedestrian,,Scarborough North (23),42 Division,Milliken,FALSE,TRUE,FALSE,FALSE,FALSE,TRUE,TRUE,FALSE,FALSE,TRUE,"{""coordinates"": [[-79.29489051296872, 43.82074405574991]], ""type"": ""MultiPoint""}"
11461,2012:1321943,2012-09-19T18:46:00,MIDLAND AVE,PASSMORE AVE,,3,Non-Fatal Injury,At Intersection,Traffic Signal,Pedestrian Collision (internal code),Clear,Dusk,Dry,Major Arterial,FALSE,-79.29489051,43.82074406,1,Municipal Transit Bus (TTC),North,2,49,None,Other Safety Equipment Used,Driving properly,Normal,,,Turning Left,,,,,driver,,Scarborough North (23),42 Division,Milliken,FALSE,TRUE,FALSE,FALSE,FALSE,TRUE,TRUE,FALSE,FALSE,TRUE,"{""coordinates"": [[-79.29489051296872, 43.82074405574991]], ""type"": ""MultiPoint""}"
11462,2013:1356930,2013-05-18T22:40:00,EGLINTON Ave W,OAKWOOD Ave,,4,Non-Fatal Injury,,No Control,Pedestrian Collision (internal code),Clear,Dark with Artificial Lighting,Dry,Major Arterial,FALSE,-79.44219091,43.69744425,2,,,2,,,Other Safety Equipment Used,,,,,,,,,,owner,,Eglinton-Lawrence (8),13 Division,Briar Hill-Belgravia,FALSE,TRUE,FALSE,FALSE,FALSE,FALSE,TRUE,FALSE,TRUE,FALSE,"{""coordinates"": [[-79.44219091273715, 43.6974442527136]], ""type"": ""MultiPoint""}"
11463,2012:1316232,2012-09-21T09:20:00,VESTA DR,BATHURST ST,,3,Non-Fatal Injury,At Intersection,Traffic Signal,Pedestrian Collision (internal code),Clear,Daylight,Dry,Major Arterial,FALSE,-79.42589087,43.70334423,1,Automobile or Station Wagon,East,2,74,None,Other Safety Equipment Used,Failed to yield right-of-way,Normal,,,Turning Left,,,,,driver,,Eglinton-Lawrence (8),53 Division,Forest Hill North,TRUE,FALSE,FALSE,FALSE,FALSE,TRUE,TRUE,FALSE,FALSE,FALSE,"{""coordinates"": [[-79.42589087325236, 43.70334422845307]], ""type"": ""MultiPoint""}"
11464,2012:1316232,2012-09-21T09:20:00,VESTA DR,BATHURST ST,,3,Non-Fatal Injury,At Intersection,Traffic Signal,Pedestrian Collision (internal code),Clear,Daylight,Dry,Major Arterial,FALSE,-79.42589087,43.70334423,2,,West,3,71,Major,Other Safety Equipment Used,,,Crossing with right-of-way (intersection),Normal,,Driver turns left into pedestrian crossing with right-of-way (at intersection),,,,pedestrian,,Eglinton-Lawrence (8),53 Division,Forest Hill North,TRUE,FALSE,FALSE,FALSE,FALSE,TRUE,TRUE,FALSE,FALSE,FALSE,"{""coordinates"": [[-79.42589087325236, 43.70334422845307]], ""type"": ""MultiPoint""}"