_id,collision_id,accdate,stname1,stname2,stname3,per_inv,acclass,accloc,traffictl,impactype,visible,light,rdsfcond,road_class,failtorem,longitude,latitude,veh_no,vehtype,initdir,per_no,invage,injury,safequip,drivact,drivcond,pedact,pedcond,manoeuvre,pedtype,cyclistype,cycact,cyccond,road_user,fatal_no,wardname,division,neighbourhood,aggressive,distracted,cyclist,motorcyclist,other_micromobility,older_adult,pedestrian,red_light,school_child,heavy_truck,geometry
11620,2013:1348049,2013-02-19T09:16:00,YONGE ST,WELLINGTON ST W,,2,Non-Fatal Injury,At Intersection,Traffic Signal,Pedestrian Collision (internal code),Rain,Daylight,Wet,Major Arterial,FALSE,-79.37739087,43.64784417,2,,South,2,68,Major,Other Safety Equipment Used,,,Crossing with right-of-way (intersection),Normal,,Driver turns right into pedestrian crossing with right-of-way (at intersection),,,,pedestrian,,Toronto Centre (13),52 Division,Yonge-Bay Corridor,TRUE,TRUE,FALSE,FALSE,FALSE,TRUE,TRUE,FALSE,FALSE,FALSE,"{""coordinates"": [[-79.37739086920855, 43.64784417413088]], ""type"": ""MultiPoint""}"
11621,2013:1348204,2013-02-21T07:55:00,KENNEDY RD,TRANSWAY CRES,,2,Non-Fatal Injury,At Intersection,No Control,Pedestrian Collision (internal code),Clear,Daylight,Dry,Major Arterial,FALSE,-79.26759055,43.73124401,2,,North,2,25,Major,Other Safety Equipment Used,,,Crossing with right-of-way (intersection),Normal,,Driver turns left into pedestrian crossing with right-of-way (at intersection),,,,pedestrian,,Scarborough Southwest (20),41 Division,Ionview,TRUE,TRUE,FALSE,FALSE,FALSE,FALSE,TRUE,FALSE,FALSE,FALSE,"{""coordinates"": [[-79.26759055245867, 43.73124401471919]], ""type"": ""MultiPoint""}"
11622,2013:1348211,2013-02-21T09:24:00,SHEPPARD AVE W,FAYWOOD BLVD,,2,Non-Fatal Injury,At Intersection,Traffic Signal,Pedestrian Collision (internal code),Clear,Daylight,Dry,Major Arterial,FALSE,-79.45189084,43.75264425,1,Automobile or Station Wagon,South,1,62,None,Lap and Shoulder Belt,Failed to yield right-of-way,Normal,,,Turning Left,,,,,driver,,York Centre (6),32 Division,Clanton Park,TRUE,FALSE,FALSE,FALSE,FALSE,FALSE,TRUE,FALSE,FALSE,FALSE,"{""coordinates"": [[-79.45189083740188, 43.752644245506815]], ""type"": ""MultiPoint""}"
11623,2013:1349360,2013-02-26T07:30:00,15 BESSARION Rd,AT #15,,2,Non-Fatal Injury,,No Control,Pedestrian Collision (internal code),Clear,Dark,Dry,Local,FALSE,-79.3759907,43.76684415,1,Automobile or Station Wagon,East,2,61,None,Lap and Shoulder Belt,Other,Normal,,,Reversing,,,,,driver,,Don Valley North (17),33 Division,Bayview Village,FALSE,FALSE,FALSE,FALSE,FALSE,TRUE,TRUE,FALSE,FALSE,FALSE,"{""coordinates"": [[-79.37599069501877, 43.76684415025665]], ""type"": ""MultiPoint""}"
11624,2013:1348815,2013-02-28T14:26:00,ROGERS Rd,KEELE St,,3,Non-Fatal Injury,,Traffic Signal,Pedestrian Collision (internal code),Clear,Daylight,Wet,Major Arterial,FALSE,-79.47159099,43.6821443,2,,Unknown,3,38,Major,Other Safety Equipment Used,,,Person getting on/off vehicle,Normal,,Transit vehicle driver hits pedestrian anywhere along roadway,,,,pedestrian,,York South-Weston (5),12 Division,Keelesdale-Eglinton West,FALSE,FALSE,FALSE,FALSE,FALSE,FALSE,TRUE,FALSE,FALSE,TRUE,"{""coordinates"": [[-79.47159099348494, 43.682144299592764]], ""type"": ""MultiPoint""}"
11625,2013:1348815,2013-02-28T14:26:00,ROGERS Rd,KEELE St,,3,Non-Fatal Injury,,Traffic Signal,Pedestrian Collision (internal code),Clear,Daylight,Wet,Major Arterial,FALSE,-79.47159099,43.6821443,1,Municipal Transit Bus (TTC),East,2,36,None,Use Unknown,Other,Normal,,,Stopped,,,,,driver,,York South-Weston (5),12 Division,Keelesdale-Eglinton West,FALSE,FALSE,FALSE,FALSE,FALSE,FALSE,TRUE,FALSE,FALSE,TRUE,"{""coordinates"": [[-79.47159099348494, 43.682144299592764]], ""type"": ""MultiPoint""}"
11626,2013:1343587,2013-03-01T10:39:00,DON MILLS RD W,GOODVIEW RD,,2,Non-Fatal Injury,At Intersection,No Control,Pedestrian Collision (internal code),Clear,Daylight,Wet,Major Arterial,FALSE,-79.35199064,43.78134412,2,,East,2,82,Major,Other Safety Equipment Used,,,Crossing - no traffic control,Normal,,Driver hits pedestrian at midblock,,,,pedestrian,,Don Valley North (17),33 Division,Don Valley Village,FALSE,FALSE,FALSE,FALSE,FALSE,TRUE,TRUE,FALSE,FALSE,FALSE,"{""coordinates"": [[-79.35199064088934, 43.78134412078569]], ""type"": ""MultiPoint""}"
11627,2013:1343634,2013-03-01T18:55:00,MIDLAND AVE,MCNICOLL AVE,,4,Non-Fatal Injury,,No Control,Pedestrian Collision (internal code),Clear,Dusk,Dry,Major Arterial,FALSE,-79.29329051,43.81704405,2,,North,4,25,Major,Other Safety Equipment Used,,,Walking on roadway with traffic,Normal,,Driver hits pedestrian at midblock,,,,pedestrian,,Scarborough North (23),42 Division,Milliken,FALSE,TRUE,FALSE,FALSE,FALSE,TRUE,TRUE,FALSE,FALSE,FALSE,"{""coordinates"": [[-79.29329051375143, 43.817044053613515]], ""type"": ""MultiPoint""}"
11628,2013:1343634,2013-03-01T18:55:00,MIDLAND AVE,MCNICOLL AVE,,4,Non-Fatal Injury,,No Control,Pedestrian Collision (internal code),Clear,Dusk,Dry,Major Arterial,FALSE,-79.29329051,43.81704405,1,Automobile or Station Wagon,North,1,68,None,Other Safety Equipment Used,Driving properly,Inattentive,,,Going Ahead,,,,,driver,,Scarborough North (23),42 Division,Milliken,FALSE,TRUE,FALSE,FALSE,FALSE,TRUE,TRUE,FALSE,FALSE,FALSE,"{""coordinates"": [[-79.29329051375143, 43.817044053613515]], ""type"": ""MultiPoint""}"
11629,2013:1349064,2013-03-02T11:07:00,ENCHANTED HILLS Cres,WILDERNESS Dr,,3,Non-Fatal Injury,At Intersection,Stop Sign,Cyclist Collision (internal code),Clear,Daylight,Dry,Local,TRUE,-79.27609048,43.82914404,1,,,1,,,Other Safety Equipment Used,,,,,,,,,,owner,,Scarborough North (23),42 Division,Milliken,FALSE,TRUE,TRUE,FALSE,FALSE,FALSE,FALSE,FALSE,FALSE,FALSE,"{""coordinates"": [[-79.27609047658004, 43.82914403544533]], ""type"": ""MultiPoint""}"
11631,2013:1344724,2013-03-06T09:27:00,ST CLAIR AVE W,HOUNSLOW HEATH RD,,3,Non-Fatal Injury,,Traffic Signal,Pedestrian Collision (internal code),Clear,Daylight,Wet,Major Arterial,FALSE,-79.45999099,43.67414429,1,,,1,,,Other Safety Equipment Used,,,,,,,,,,owner,,Davenport (9),11 Division,Weston-Pelham Park,FALSE,FALSE,FALSE,FALSE,FALSE,FALSE,TRUE,FALSE,TRUE,FALSE,"{""coordinates"": [[-79.45999098566644, 43.67414428646581]], ""type"": ""MultiPoint""}"
11634,2013:1353008,2013-03-08T18:15:00,DUNDAS ST E,CRAVEN RD,,3,Non-Fatal Injury,At Intersection,Stop Sign,Cyclist Collision (internal code),Clear,Dusk,Dry,Minor Arterial,TRUE,-79.31959073,43.66844409,1,Automobile or Station Wagon,North,2,51,None,Other Safety Equipment Used,Driving properly,Normal,,,Going Ahead,,,,,driver,,Toronto-Danforth (14),55 Division,Greenwood-Coxwell,FALSE,FALSE,TRUE,FALSE,FALSE,FALSE,FALSE,FALSE,FALSE,FALSE,"{""coordinates"": [[-79.31959072789903, 43.66844408663207]], ""type"": ""MultiPoint""}"
11635,2013:1353008,2013-03-08T18:15:00,DUNDAS ST E,CRAVEN RD,,3,Non-Fatal Injury,At Intersection,Stop Sign,Cyclist Collision (internal code),Clear,Dusk,Dry,Minor Arterial,TRUE,-79.31959073,43.66844409,2,Bicycle,West,3,33,Major,Helmet,,,,,Going Ahead,,"Cyclist without right-of-way rides into path of driver (at intersection, laneway, or driveway)",Wrong Way on One Way Road,Normal,cyclist,,Toronto-Danforth (14),55 Division,Greenwood-Coxwell,FALSE,FALSE,TRUE,FALSE,FALSE,FALSE,FALSE,FALSE,FALSE,FALSE,"{""coordinates"": [[-79.31959072789903, 43.66844408663207]], ""type"": ""MultiPoint""}"
11636,2013:1345604,2013-03-10T00:10:00,FINCH AVE W,OAKDALE RD,,1,Non-Fatal Injury,At Intersection,No Control,Pedestrian Collision (internal code),Clear,Dark with Artificial Lighting,Dry,Major Arterial,FALSE,-79.52499095,43.75574433,1,Automobile or Station Wagon,East,1,73,None,Other Safety Equipment Used,Driving properly,Normal,,,Going Ahead,,,,,driver,,Humber River-Black Creek (7),31 Division,Glenfield-Jane Heights,FALSE,FALSE,FALSE,FALSE,FALSE,TRUE,TRUE,FALSE,FALSE,FALSE,"{""coordinates"": [[-79.5249909455627, 43.755744332078706]], ""type"": ""MultiPoint""}"
11637,2013:1345603,2013-03-10T04:00:00,BLOOR ST W,ST HELENS AVE,,3,Non-Fatal Injury,At Intersection,Stop Sign,Cyclist Collision (internal code),Clear,Dark with Artificial Lighting,Dry,Major Arterial,FALSE,-79.44399098,43.65804427,1,,,1,21,Minimal,Lap and Shoulder Belt,,,,,,,,,,passenger,,Davenport (9),11 Division,Dufferin Grove,FALSE,FALSE,TRUE,FALSE,FALSE,FALSE,FALSE,FALSE,FALSE,FALSE,"{""coordinates"": [[-79.44399098262406, 43.65804426949125]], ""type"": ""MultiPoint""}"
11638,2013:1350051,2013-03-11T20:23:00,BIRCHMOUNT RD,LAWRENCE AVE E,,2,Non-Fatal Injury,At Intersection,Traffic Signal,Pedestrian Collision (internal code),Rain,Dark with Artificial Lighting,Wet,Major Arterial,FALSE,-79.28479056,43.74754404,2,,East,2,22,Major,Other Safety Equipment Used,,,Crossing with right-of-way (intersection),Normal,,Driver turns left into pedestrian crossing with right-of-way (at intersection),,,,pedestrian,,Scarborough Centre (21),41 Division,Dorset Park,TRUE,TRUE,FALSE,FALSE,FALSE,TRUE,TRUE,FALSE,FALSE,FALSE,"{""coordinates"": [[-79.28479056177606, 43.74754403708166]], ""type"": ""MultiPoint""}"
11639,2013:1351718,2013-03-11T20:54:00,BLOOR St W,MARKLAND Dr,,2,Non-Fatal Injury,At Intersection,Traffic Signal,Pedestrian Collision (internal code),Rain,Dark with Artificial Lighting,Wet,Major Arterial,FALSE,-79.57079123,43.63354445,1,Automobile or Station Wagon,South,1,56,None,Other Safety Equipment Used,Failed to yield right-of-way,Unknown,,,Turning Left,,,,,driver,,Etobicoke Centre (2),22 Division,Markland Wood,TRUE,FALSE,FALSE,FALSE,FALSE,FALSE,TRUE,FALSE,FALSE,FALSE,"{""coordinates"": [[-79.57079122878501, 43.63354445153393]], ""type"": ""MultiPoint""}"
11640,2013:1345912,2013-03-11T22:15:00,CHAPMAN RD,ROYAL YORK RD,,1,Non-Fatal Injury,,Stop Sign,Pedestrian Collision (internal code),Rain,Dark with Artificial Lighting,Wet,Minor Arterial,FALSE,-79.52889107,43.68754437,2,,North,2,48,Major,Other Safety Equipment Used,,,Crossing without right-of-way (intersection),Unknown,,Driver turns left into pedestrian crossing without right-of-way (at intersection),,,,pedestrian,,Etobicoke Centre (2),23 Division,Humber Heights-Westmount,FALSE,FALSE,FALSE,FALSE,FALSE,FALSE,TRUE,FALSE,FALSE,FALSE,"{""coordinates"": [[-79.52889107372006, 43.68754437098683]], ""type"": ""MultiPoint""}"
11641,2013:1346364,2013-03-14T00:35:00,QUEEN ST W,DOWLING AVE,,2,Non-Fatal Injury,,No Control,Pedestrian Collision (internal code),Snow,Dark,Loose Snow,Major Arterial,TRUE,-79.43985401,43.63994027,1,,,2,34,Major,Other Safety Equipment Used,,,,,Other,,,,,pedestrian,,Parkdale-High Park (4),14 Division,South Parkdale,FALSE,FALSE,FALSE,FALSE,FALSE,FALSE,TRUE,FALSE,FALSE,FALSE,"{""coordinates"": [[-79.43985400502044, 43.639940269835954]], ""type"": ""MultiPoint""}"
11642,2013:1346509,2013-03-14T20:32:00,CARLAW AVE,DUNDAS ST E,,5,Non-Fatal Injury,At Intersection,No Control,Pedestrian Collision (internal code),Clear,Dark with Artificial Lighting,Dry,Minor Arterial,FALSE,-79.34109078,43.66334412,1,,,1,21,None,Other Safety Equipment Used,,,,,,,,,,passenger,,Toronto-Danforth (14),55 Division,South Riverdale,FALSE,FALSE,FALSE,FALSE,FALSE,FALSE,TRUE,FALSE,FALSE,FALSE,"{""coordinates"": [[-79.34109077609182, 43.663344118215]], ""type"": ""MultiPoint""}"
11643,2013:1346509,2013-03-14T20:32:00,CARLAW AVE,DUNDAS ST E,,5,Non-Fatal Injury,At Intersection,No Control,Pedestrian Collision (internal code),Clear,Dark with Artificial Lighting,Dry,Minor Arterial,FALSE,-79.34109078,43.66334412,2,Automobile or Station Wagon,West,4,45,None,Lap and Shoulder Belt,Driving properly,Normal,,,Turning Left,,,,,driver,,Toronto-Danforth (14),55 Division,South Riverdale,FALSE,FALSE,FALSE,FALSE,FALSE,FALSE,TRUE,FALSE,FALSE,FALSE,"{""coordinates"": [[-79.34109077609182, 43.663344118215]], ""type"": ""MultiPoint""}"
11644,2013:1346813,2013-03-16T12:52:00,WARDEN AVE,STEELES AVE E,,2,Non-Fatal Injury,,Traffic Signal,Cyclist Collision (internal code),Clear,Daylight,Dry,Major Arterial,FALSE,-79.32439056,43.81964409,1,Automobile or Station Wagon,South,1,32,None,Other Safety Equipment Used,Improper turn,Normal,,,Turning Right,,,,,driver,,Scarborough-Agincourt (22),42 Division,,FALSE,FALSE,TRUE,FALSE,FALSE,TRUE,FALSE,FALSE,FALSE,FALSE,"{""coordinates"": [[-79.32439055987501, 43.819644089106994]], ""type"": ""MultiPoint""}"
11645,2013:1350739,2013-03-21T13:15:00,QUEEN ST W,BATHURST ST,,4,Non-Fatal Injury,At Intersection,Traffic Signal,Cyclist Collision (internal code),Clear,Daylight,Wet,Major Arterial,FALSE,-79.40397292,43.64711521,3,Bicycle,West,4,22,Major,No Equipment Available,,,,,Going Ahead,,"Driver without right-of-way drives into path of cyclist (at intersection, laneway, or driveway)",Failed to Yield Right of Way,Normal,cyclist,,Spadina-Fort York (10),14 Division,Wellington Place,FALSE,FALSE,TRUE,FALSE,FALSE,FALSE,FALSE,FALSE,FALSE,TRUE,"{""coordinates"": [[-79.40397292251087, 43.64711521386728]], ""type"": ""MultiPoint""}"
11646,2013:1350739,2013-03-21T13:15:00,QUEEN ST W,BATHURST ST,,4,Non-Fatal Injury,At Intersection,Traffic Signal,Cyclist Collision (internal code),Clear,Daylight,Wet,Major Arterial,FALSE,-79.40397292,43.64711521,1,,,1,,,Other Safety Equipment Used,,,,,,,,,,other,,Spadina-Fort York (10),14 Division,Wellington Place,FALSE,FALSE,TRUE,FALSE,FALSE,FALSE,FALSE,FALSE,FALSE,TRUE,"{""coordinates"": [[-79.40397292251087, 43.64711521386728]], ""type"": ""MultiPoint""}"
11647,2013:1353658,2013-03-29T12:32:00,78 EAGLEVIEW CRES,,,2,Non-Fatal Injury,,No Control,Pedestrian Collision (internal code),Clear,Daylight,Dry,Local,TRUE,-79.32339056,43.81924409,1,,Unknown,2,73,Major,Other Safety Equipment Used,,,Other,Normal,,Driver reversing hits pedestrian,,,,pedestrian,,Scarborough-Agincourt (22),42 Division,Steeles,FALSE,FALSE,FALSE,FALSE,FALSE,TRUE,TRUE,FALSE,FALSE,FALSE,"{""coordinates"": [[-79.32339055869404, 43.819244087958]], ""type"": ""MultiPoint""}"
11648,2013:1350654,2013-03-30T12:14:00,JANE ST,DALRYMPLE DR,,2,Non-Fatal Injury,At Intersection,No Control,Cyclist Collision (internal code),Clear,Daylight,Dry,Major Arterial,TRUE,-79.49613605,43.67723234,1,Bicycle,South,2,43,Major,Helmet,,,,,Going Ahead,,Driver turns left into path of cyclist,Driving Properly,Normal,cyclist,,York South-Weston (5),12 Division,Rockcliffe-Smythe,TRUE,FALSE,TRUE,FALSE,FALSE,FALSE,FALSE,FALSE,FALSE,FALSE,"{""coordinates"": [[-79.49613604836232, 43.6772323365245]], ""type"": ""MultiPoint""}"
11649,2013:1354394,2013-04-05T22:59:00,BLOOR ST W,MARGUERETTA ST,,2,Non-Fatal Injury,At Intersection,No Control,Cyclist Collision (internal code),Clear,Dark,Dry,Major Arterial,TRUE,-79.43969397,43.65894526,1,Automobile or Station Wagon,West,1,,None,Other Safety Equipment Used,Improper passing,Unknown,,,Going Ahead,,,,,driver,,Davenport (9),11 Division,Dufferin Grove,TRUE,FALSE,TRUE,FALSE,FALSE,FALSE,FALSE,FALSE,FALSE,FALSE,"{""coordinates"": [[-79.43969397279974, 43.65894526288335]], ""type"": ""MultiPoint""}"
11650,2013:1350472,2013-04-06T08:45:00,SHEPPARD AVE W,BATHURST ST,,2,Non-Fatal Injury,At Intersection,Traffic Signal,Pedestrian Collision (internal code),Clear,Daylight,Dry,Major Arterial,FALSE,-79.43849081,43.75544423,2,,North,2,85,Major,Other Safety Equipment Used,,,Crossing with right-of-way (intersection),Medical or Physical Disability,,Driver turns left into pedestrian crossing with right-of-way (at intersection),,,,pedestrian,,York Centre (6),32 Division,Clanton Park,TRUE,TRUE,FALSE,FALSE,FALSE,TRUE,TRUE,FALSE,FALSE,FALSE,"{""coordinates"": [[-79.43849081163438, 43.75544422838427]], ""type"": ""MultiPoint""}"
11651,2013:1354069,2013-04-08T17:22:00,JARVIS ST,EARL PL,,3,Non-Fatal Injury,,Traffic Signal,Cyclist Collision (internal code),Clear,Daylight,Wet,Major Arterial,FALSE,-79.37899084,43.66794417,1,Automobile or Station Wagon,North,1,54,None,Lap and Shoulder Belt,Driving properly,Normal,,,Going Ahead,,,,,driver,,Toronto Centre (13),51 Division,North St.James Town,FALSE,TRUE,TRUE,FALSE,FALSE,FALSE,FALSE,FALSE,FALSE,FALSE,"{""coordinates"": [[-79.3789908418921, 43.66794417224856]], ""type"": ""MultiPoint""}"
11652,2013:1354199,2013-04-10T18:56:00,FINCH Ave E,BALDOON Rd,,2,Non-Fatal Injury,At Intersection,Stop Sign,Pedestrian Collision (internal code),Clear,Daylight with Artificial Lighting,Dry,Minor Arterial,FALSE,-79.23239042,43.81524399,2,,South,2,52,Major,Other Safety Equipment Used,,,Running onto roadway,Inattentive,,Driver turns left into pedestrian crossing without right-of-way (at intersection),,,,pedestrian,,Scarborough North (23),42 Division,Morningside Heights,FALSE,TRUE,FALSE,FALSE,FALSE,FALSE,TRUE,FALSE,FALSE,FALSE,"{""coordinates"": [[-79.23239042484498, 43.81524398747628]], ""type"": ""MultiPoint""}"
11653,2013:1351701,2013-04-12T12:13:00,CHURCH ST,GOULD ST,,1,Non-Fatal Injury,At Intersection,Traffic Signal,Pedestrian Collision (internal code),Rain,Daylight,Wet,Minor Arterial,FALSE,-79.37789085,43.65824417,2,,East,3,81,Major,Other Safety Equipment Used,,,Crossing with right-of-way (intersection),Normal,,Driver turns left into pedestrian crossing with right-of-way (at intersection),,,,pedestrian,,Toronto Centre (13),51 Division,Downtown Yonge East,TRUE,TRUE,FALSE,FALSE,FALSE,TRUE,TRUE,FALSE,FALSE,FALSE,"{""coordinates"": [[-79.3778908544623, 43.65824417269585]], ""type"": ""MultiPoint""}"
11654,2013:1351701,2013-04-12T12:13:00,CHURCH ST,GOULD ST,,1,Non-Fatal Injury,At Intersection,Traffic Signal,Pedestrian Collision (internal code),Rain,Daylight,Wet,Minor Arterial,FALSE,-79.37789085,43.65824417,1,Automobile or Station Wagon,East,2,34,None,Lap and Shoulder Belt,Failed to yield right-of-way,Inattentive,,,Turning Left,,,,,driver,,Toronto Centre (13),51 Division,Downtown Yonge East,TRUE,TRUE,FALSE,FALSE,FALSE,TRUE,TRUE,FALSE,FALSE,FALSE,"{""coordinates"": [[-79.3778908544623, 43.65824417269585]], ""type"": ""MultiPoint""}"
11656,2013:1351458,2013-04-12T21:10:00,STEELES Ave E,BIRCHMOUNT Rd,,5,Non-Fatal Injury,At Intersection,Traffic Signal,Cyclist Collision (internal code),Clear,Dark with Artificial Lighting,Wet,Major Arterial,FALSE,-79.31689055,43.82134408,2,Automobile or Station Wagon,East,4,23,Minimal,Lap and Shoulder Belt,Driving properly,Normal,,,Going Ahead,,,,,driver,,Scarborough-Agincourt (22),42 Division,Steeles,TRUE,FALSE,TRUE,FALSE,FALSE,FALSE,FALSE,FALSE,FALSE,FALSE,"{""coordinates"": [[-79.3168905466203, 43.821344080685044]], ""type"": ""MultiPoint""}"
11657,2013:1351458,2013-04-12T21:10:00,STEELES Ave E,BIRCHMOUNT Rd,,5,Non-Fatal Injury,At Intersection,Traffic Signal,Cyclist Collision (internal code),Clear,Dark with Artificial Lighting,Wet,Major Arterial,FALSE,-79.31689055,43.82134408,1,Automobile or Station Wagon,West,1,45,Minor,Lap and Shoulder Belt,Failed to yield right-of-way,Normal,,,Turning Left,,,,,driver,,Scarborough-Agincourt (22),42 Division,Steeles,TRUE,FALSE,TRUE,FALSE,FALSE,FALSE,FALSE,FALSE,FALSE,FALSE,"{""coordinates"": [[-79.3168905466203, 43.821344080685044]], ""type"": ""MultiPoint""}"
11658,2013:1351710,2013-04-13T11:30:00,THE QUEENSWAY,PARK LAWN Rd,,1,Non-Fatal Injury,At Intersection,Traffic Signal,Pedestrian Collision (internal code),Clear,Daylight,Dry,Major Arterial,FALSE,-79.49039113,43.62904435,1,,,1,12,None,Other Safety Equipment Used,,,,,,,,,,passenger,,Etobicoke-Lakeshore (3),22 Division,Stonegate-Queensway,FALSE,FALSE,FALSE,FALSE,FALSE,FALSE,TRUE,FALSE,TRUE,FALSE,"{""coordinates"": [[-79.49039112501869, 43.62904435106785]], ""type"": ""MultiPoint""}"
11659,2013:1351710,2013-04-13T11:30:00,THE QUEENSWAY,PARK LAWN Rd,,1,Non-Fatal Injury,At Intersection,Traffic Signal,Pedestrian Collision (internal code),Clear,Daylight,Dry,Major Arterial,FALSE,-79.49039113,43.62904435,2,,North,4,57,Major,Other Safety Equipment Used,,,Running onto roadway,Normal,,Driver going straight hits pedestrian crossing without right-of-way (at intersection),,,,pedestrian,,Etobicoke-Lakeshore (3),22 Division,Stonegate-Queensway,FALSE,FALSE,FALSE,FALSE,FALSE,FALSE,TRUE,FALSE,TRUE,FALSE,"{""coordinates"": [[-79.49039112501869, 43.62904435106785]], ""type"": ""MultiPoint""}"
11667,2013:1355579,2013-04-16T16:30:00,LAWRENCE Ave W,BROOKHAVEN Dr,,2,Non-Fatal Injury,At Intersection,Traffic Signal,Pedestrian Collision (internal code),Clear,Daylight,Dry,Major Arterial,FALSE,-79.496691,43.70434432,2,,West,2,61,Major,Other Safety Equipment Used,,,Crossing with right-of-way (intersection),Normal,,Driver turns right into pedestrian crossing with right-of-way (at intersection),,,,pedestrian,,York South-Weston (5),12 Division,Brookhaven-Amesbury,TRUE,FALSE,FALSE,FALSE,FALSE,FALSE,TRUE,FALSE,FALSE,FALSE,"{""coordinates"": [[-79.49669099973269, 43.704344324145474]], ""type"": ""MultiPoint""}"
11668,2013:1356335,2013-04-17T17:26:00,GLENMOUNT PARK Rd,BURGESS Ave,,2,Non-Fatal Injury,At Intersection,Stop Sign,Pedestrian Collision (internal code),Clear,Daylight,Dry,Local,FALSE,-79.30459069,43.67924406,1,Automobile or Station Wagon,North,1,54,None,Lap and Shoulder Belt,Driving properly,Normal,,,Turning Left,,,,,driver,,Beaches-East York (19),55 Division,East End-Danforth,FALSE,TRUE,FALSE,FALSE,FALSE,FALSE,TRUE,FALSE,TRUE,FALSE,"{""coordinates"": [[-79.3045906851043, 43.6792440646161]], ""type"": ""MultiPoint""}"
11669,2013:1357155,2013-04-23T18:00:00,JANE ST,FOXWELL ST,,2,Non-Fatal Injury,At Intersection,Traffic Signal,Cyclist Collision (internal code),Clear,Daylight,Dry,Major Arterial,FALSE,-79.49368705,43.67164434,2,Bicycle,North,2,22,Major,Other Safety Equipment Used,,,,,Turning Left,,Cyclist turns left into path of driver,Other,Unknown,cyclist,,York South-Weston (5),12 Division,Rockcliffe-Smythe,FALSE,FALSE,TRUE,FALSE,FALSE,FALSE,FALSE,FALSE,FALSE,FALSE,"{""coordinates"": [[-79.49368705394481, 43.67164433572375]], ""type"": ""MultiPoint""}"
11670,2013:1357700,2013-04-25T13:14:00,JARVIS St,QUEEN St E,,3,Non-Fatal Injury,At Intersection,Traffic Signal,Pedestrian Collision (internal code),Clear,Daylight,Dry,Major Arterial,FALSE,-79.37329085,43.65374417,1,,,1,,,Other Safety Equipment Used,,,,,,,,,,owner,,Toronto Centre (13),51 Division,Downtown Yonge East,FALSE,FALSE,FALSE,FALSE,FALSE,FALSE,TRUE,FALSE,FALSE,FALSE,"{""coordinates"": [[-79.37329085231612, 43.65374416685938]], ""type"": ""MultiPoint""}"
11671,2013:1353471,2013-04-27T15:42:00,KINGSTON RD,CELESTE DR,,5,Non-Fatal Injury,At Intersection,Traffic Signal,Pedestrian Collision (internal code),Clear,Daylight,Dry,Major Arterial,FALSE,-79.19929042,43.75704394,2,Automobile or Station Wagon,West,3,22,None,Other Safety Equipment Used,Disobeyed traffic control,Inattentive,,,Going Ahead,,,,,driver,,Scarborough-Guildwood (24),43 Division,West Hill,TRUE,TRUE,FALSE,FALSE,FALSE,TRUE,TRUE,TRUE,TRUE,FALSE,"{""coordinates"": [[-79.19929042348882, 43.75704394319444]], ""type"": ""MultiPoint""}"
11672,2013:1353471,2013-04-27T15:42:00,KINGSTON RD,CELESTE DR,,5,Non-Fatal Injury,At Intersection,Traffic Signal,Pedestrian Collision (internal code),Clear,Daylight,Dry,Major Arterial,FALSE,-79.19929042,43.75704394,1,Automobile or Station Wagon,East,2,18,None,Other Safety Equipment Used,Improper turn,Inattentive,,,Turning Left,,,,,driver,,Scarborough-Guildwood (24),43 Division,West Hill,TRUE,TRUE,FALSE,FALSE,FALSE,TRUE,TRUE,TRUE,TRUE,FALSE,"{""coordinates"": [[-79.19929042348882, 43.75704394319444]], ""type"": ""MultiPoint""}"
11673,2013:1353471,2013-04-27T15:42:00,KINGSTON RD,CELESTE DR,,5,Non-Fatal Injury,At Intersection,Traffic Signal,Pedestrian Collision (internal code),Clear,Daylight,Dry,Major Arterial,FALSE,-79.19929042,43.75704394,4,,Unknown,5,72,Major,Other Safety Equipment Used,,,On sidewalk or shoulder,Normal,,Driver hits pedestrian on sidewalk or shoulder,,,,pedestrian,,Scarborough-Guildwood (24),43 Division,West Hill,TRUE,TRUE,FALSE,FALSE,FALSE,TRUE,TRUE,TRUE,TRUE,FALSE,"{""coordinates"": [[-79.19929042348882, 43.75704394319444]], ""type"": ""MultiPoint""}"
11674,2013:1353552,2013-04-28T23:50:00,JARVIS ST,ADELAIDE ST E,,1,Non-Fatal Injury,At Intersection,Traffic Signal,Pedestrian Collision (internal code),Rain,Dark,Wet,Major Arterial,FALSE,-79.37239085,43.65154417,2,,South,3,35,Major,No Equipment Available,,,Crossing with right-of-way (intersection),Had Been Drinking,,Driver turns left into pedestrian crossing with right-of-way (at intersection),,,,pedestrian,,Toronto Centre (13),51 Division,Downtown Yonge East,TRUE,FALSE,FALSE,FALSE,FALSE,FALSE,TRUE,FALSE,FALSE,TRUE,"{""coordinates"": [[-79.3723908538591, 43.651544165965774]], ""type"": ""MultiPoint""}"