_id,collision_id,accdate,stname1,stname2,stname3,per_inv,acclass,accloc,traffictl,impactype,visible,light,rdsfcond,road_class,failtorem,longitude,latitude,veh_no,vehtype,initdir,per_no,invage,injury,safequip,drivact,drivcond,pedact,pedcond,manoeuvre,pedtype,cyclistype,cycact,cyccond,road_user,fatal_no,wardname,division,neighbourhood,aggressive,distracted,cyclist,motorcyclist,other_micromobility,older_adult,pedestrian,red_light,school_child,heavy_truck,geometry
11901,2013:1388623,2013-11-01T22:40:00,BAY ST,LAKE SHORE BLVD W,,2,Non-Fatal Injury,,No Control,Pedestrian Collision (internal code),Clear,Dark with Artificial Lighting,Dry,Major Arterial,FALSE,-79.37833088,43.64418618,2,,East,2,20,Major,No Equipment Available,,,Running onto roadway,Ability Impaired - Alcohol,,Driver hits pedestrian at midblock,,,,pedestrian,,Spadina-Fort York (10),52 Division,St Lawrence-East Bayfront-The Islands,FALSE,FALSE,FALSE,FALSE,FALSE,FALSE,TRUE,FALSE,FALSE,FALSE,"{""coordinates"": [[-79.37833087658872, 43.644186176299165]], ""type"": ""MultiPoint""}"
11902,2013:1388613,2013-11-03T09:02:00,SANDHURST CRCL,FINCH AVE E,,3,Non-Fatal Injury,,Traffic Signal,Pedestrian Collision (internal code),Clear,Daylight,Dry,Major Arterial,FALSE,-79.26276747,43.80881302,2,,North,3,5,Major,Other Safety Equipment Used,,,Crossing with right-of-way (intersection),Normal,,Driver turns left into pedestrian crossing with right-of-way (at intersection),,,,pedestrian,,Scarborough North (23),42 Division,Agincourt North,TRUE,FALSE,FALSE,FALSE,FALSE,FALSE,TRUE,FALSE,TRUE,FALSE,"{""coordinates"": [[-79.26276747288813, 43.808813017728646]], ""type"": ""MultiPoint""}"
11903,2013:1388613,2013-11-03T09:02:00,SANDHURST CRCL,FINCH AVE E,,3,Non-Fatal Injury,,Traffic Signal,Pedestrian Collision (internal code),Clear,Daylight,Dry,Major Arterial,FALSE,-79.26276747,43.80881302,2,,North,2,1,Minimal,Other Safety Equipment Used,,,Crossing with right-of-way (intersection),Normal,,Driver turns left into pedestrian crossing with right-of-way (at intersection),,,,pedestrian,,Scarborough North (23),42 Division,Agincourt North,TRUE,FALSE,FALSE,FALSE,FALSE,FALSE,TRUE,FALSE,TRUE,FALSE,"{""coordinates"": [[-79.26276747288813, 43.808813017728646]], ""type"": ""MultiPoint""}"
11905,2013:3000935041,2013-11-07T09:00:00,610 UNIVERSITY AVE,,,2,Non-Fatal Injury,Non-Intersection,No Control,Pedestrian Collision (internal code),Clear,Daylight,Dry,Major Arterial,FALSE,-79.38976688,43.65820119,1,Automobile or Station Wagon,North,1,51,None,Lap and Shoulder Belt,Improper turn,Normal,,,Making U-Turn,,,,,driver,,University-Rosedale (11),52 Division,Yonge-Bay Corridor,FALSE,FALSE,FALSE,FALSE,FALSE,FALSE,TRUE,FALSE,FALSE,FALSE,"{""coordinates"": [[-79.38976687749442, 43.65820119008396]], ""type"": ""MultiPoint""}"
11908,2013:3000936395,2013-11-08T19:00:00,955 BAY ST,,,2,Non-Fatal Injury,Private Driveway,No Control,Pedestrian Collision (internal code),Clear,Dark with Artificial Lighting,Dry,Major Arterial,FALSE,-79.38718086,43.66435818,0,,North,2,29,Major,No Equipment Available,,,On sidewalk or shoulder,Normal,,Driver hits pedestrian on sidewalk or shoulder,,,,pedestrian,,University-Rosedale (11),52 Division,Bay-Cloverhill,TRUE,TRUE,FALSE,FALSE,FALSE,FALSE,TRUE,FALSE,FALSE,FALSE,"{""coordinates"": [[-79.38718086302848, 43.66435818487684]], ""type"": ""MultiPoint""}"
11909,2013:3000937530,2013-11-08T23:04:00,F G GARDINER XY W,PARKSIDE DR,,2,Non-Fatal Injury,Non-Intersection,No Control,Pedestrian Collision (internal code),Clear,Dark with Artificial Lighting,Dry,,FALSE,-79.44698702,43.63792628,0,,Unknown,2,29,Major,,,,Other,Unknown,,Driver hits pedestrian at midblock,,,,pedestrian,,Parkdale-High Park (4),11 Division,South Parkdale,FALSE,FALSE,FALSE,FALSE,FALSE,FALSE,TRUE,FALSE,FALSE,FALSE,"{""coordinates"": [[-79.44698702258627, 43.6379262813224]], ""type"": ""MultiPoint""}"
11910,2013:3000972719,2013-11-14T19:45:00,545 THE WEST MALL,,,3,Non-Fatal Injury,Non-Intersection,No Control,Pedestrian Collision (internal code),Clear,Dark with Artificial Lighting,Dry,Minor Arterial,FALSE,-79.56978319,43.65168544,0,,West,2,18,Major,,,,Playing or working on highway,Had Been Drinking,,Driver hits pedestrian at midblock,,,,pedestrian,,Etobicoke Centre (2),22 Division,Etobicoke West Mall,FALSE,FALSE,FALSE,FALSE,FALSE,FALSE,TRUE,FALSE,TRUE,FALSE,"{""coordinates"": [[-79.56978319344074, 43.65168543984075]], ""type"": ""MultiPoint""}"
11911,2013:3000972719,2013-11-14T19:45:00,545 THE WEST MALL,,,3,Non-Fatal Injury,Non-Intersection,No Control,Pedestrian Collision (internal code),Clear,Dark with Artificial Lighting,Dry,Minor Arterial,FALSE,-79.56978319,43.65168544,0,,,3,,,,,,,,,,,,,other,,Etobicoke Centre (2),22 Division,Etobicoke West Mall,FALSE,FALSE,FALSE,FALSE,FALSE,FALSE,TRUE,FALSE,TRUE,FALSE,"{""coordinates"": [[-79.56978319344074, 43.65168543984075]], ""type"": ""MultiPoint""}"
11915,2013:3000986891,2013-11-17T04:12:00,LANSDOWNE AVE,BRANDON AVE,,2,Non-Fatal Injury,Non-Intersection,No Control,Pedestrian Collision (internal code),Rain,Dark with Artificial Lighting,Wet,Minor Arterial,FALSE,-79.44707897,43.66827927,0,Automobile or Station Wagon,North,1,60,None,,Driving properly,Normal,,,Going Ahead,,,,,driver,,Davenport (9),13 Division,Junction-Wallace Emerson,FALSE,FALSE,FALSE,FALSE,FALSE,FALSE,TRUE,FALSE,FALSE,FALSE,"{""coordinates"": [[-79.44707897121238, 43.668279270221085]], ""type"": ""MultiPoint""}"
11916,2013:3001002195,2013-11-19T18:20:00,VICTORIA PARK AVE,SUNRISE AVE,,2,Non-Fatal Injury,,Traffic Signal,Pedestrian Collision (internal code),Clear,Dark with Artificial Lighting,Dry,Major Arterial,FALSE,-79.30058662,43.71977406,1,Automobile or Station Wagon,East,1,63,None,,Failed to yield right-of-way,Inattentive,,,Turning Left,,,,,driver,,Scarborough Southwest (20),41 Division,Clairlea-Birchmount,TRUE,TRUE,FALSE,FALSE,FALSE,FALSE,TRUE,FALSE,FALSE,FALSE,"{""coordinates"": [[-79.3005866247358, 43.719774057744516]], ""type"": ""MultiPoint""}"
11918,2013:3001013927,2013-11-21T16:50:00,YONGE ST,FRONT ST,,2,Non-Fatal Injury,Non-Intersection,No Control,Pedestrian Collision (internal code),Clear,Dusk with Artificial Lighting,Dry,Major Arterial,FALSE,-79.37678187,43.64643617,0,,West,2,65,Major,No Equipment Available,,,Crossing - no traffic control,Inattentive,,Driver hits pedestrian at midblock,,,,pedestrian,,Toronto Centre (13),52 Division,St Lawrence-East Bayfront-The Islands,FALSE,TRUE,FALSE,FALSE,FALSE,TRUE,TRUE,FALSE,FALSE,FALSE,"{""coordinates"": [[-79.37678187013883, 43.646436173516356]], ""type"": ""MultiPoint""}"
11919,2013:3001015663,2013-11-22T00:31:00,HOSKIN AVE,ST GEORGE ST,,2,Non-Fatal Injury,Intersection-Related,Traffic Signal,Cyclist Collision (internal code),Rain,Dark with Artificial Lighting,Wet,Minor Arterial,FALSE,-79.39843389,43.6640982,1,Bicycle,South,1,23,Major,Use Unknown,,,,,Going Ahead,,"Cyclist without right-of-way rides into path of driver (at intersection, laneway, or driveway)",Disobeyed Traffic Control,Unknown,cyclist,,University-Rosedale (11),52 Division,University,FALSE,FALSE,TRUE,FALSE,FALSE,FALSE,FALSE,FALSE,FALSE,FALSE,"{""coordinates"": [[-79.39843388501173, 43.664098201250084]], ""type"": ""MultiPoint""}"
11921,2013:3001047627,2013-11-27T11:20:00,JARVIS ST,GERRARD ST E,,2,Non-Fatal Injury,At Intersection,Traffic Signal,Pedestrian Collision (internal code),Clear,Daylight,Dry,Major Arterial,FALSE,-79.37589685,43.66041717,1,Automobile or Station Wagon,South,1,34,None,Lap and Shoulder Belt,Failed to yield right-of-way,Normal,,,Turning Left,,,,,driver,,Toronto Centre (13),51 Division,Downtown Yonge East,TRUE,FALSE,FALSE,FALSE,FALSE,FALSE,TRUE,FALSE,FALSE,FALSE,"{""coordinates"": [[-79.3758968473319, 43.66041716933291]], ""type"": ""MultiPoint""}"
11922,2013:3001061187,2013-11-29T15:45:00,WILLOWDALE AVE,PEMBERTON AVE,,2,Non-Fatal Injury,At Intersection,No Control,Pedestrian Collision (internal code),Clear,Daylight,Dry,Minor Arterial,FALSE,-79.40745173,43.78248819,0,Automobile or Station Wagon,South,1,,,,Driving properly,Unknown,,,Going Ahead,,,,,driver,,Willowdale (18),32 Division,Newtonbrook East,FALSE,FALSE,FALSE,FALSE,FALSE,FALSE,TRUE,FALSE,TRUE,FALSE,"{""coordinates"": [[-79.40745172994178, 43.78248818709739]], ""type"": ""MultiPoint""}"
11923,2013:3000108221,2013-12-02T00:20:00,BLACK CREEK DR,TRETHEWEY DR,,3,Non-Fatal Injury,At Intersection,Traffic Signal,Pedestrian Collision (internal code),Clear,Dark with Artificial Lighting,Dry,Major Arterial,FALSE,-79.486065,43.69454031,1,Automobile or Station Wagon,West,1,40,None,Lap and Shoulder Belt,Failed to yield right-of-way,Inattentive,,,Turning Right,,,,,driver,,York South-Weston (5),12 Division,Beechborough-Greenbrook,TRUE,TRUE,FALSE,FALSE,FALSE,FALSE,TRUE,FALSE,TRUE,FALSE,"{""coordinates"": [[-79.48606499818581, 43.694540314254375]], ""type"": ""MultiPoint""}"
11924,2013:3000777885,2013-12-03T07:00:00,SCARLETT RD,LAWRENCE AVE W,234 m South of,2,Non-Fatal Injury,At Intersection,Traffic Signal,Pedestrian Collision (internal code),Clear,Daylight,Dry,Major Arterial,FALSE,-79.52325105,43.69810636,0,,West,2,14,Major,No Equipment Available,,,Crossing without right-of-way (intersection),Inattentive,,Driver going straight hits pedestrian crossing without right-of-way (at intersection),,,,pedestrian,,Etobicoke Centre (2),23 Division,Humber Heights-Westmount,FALSE,TRUE,FALSE,FALSE,FALSE,FALSE,TRUE,FALSE,TRUE,FALSE,"{""coordinates"": [[-79.5232510469168, 43.69810635883682]], ""type"": ""MultiPoint""}"
11925,2013:5000777885,2013-12-03T07:00:00,SCARLETT RD,LAWRENCE AV W,,2,Non-Fatal Injury,At Intersection,Traffic Signal,Pedestrian Collision (internal code),Clear,Daylight,Dry,Major Arterial,FALSE,-79.52326705,43.69817636,1,Pickup Truck,North,1,51,None,Lap and Shoulder Belt,Driving properly,Normal,,,Going Ahead,,,,,driver,,Etobicoke Centre (2),23 Division,Humber Heights-Westmount,FALSE,TRUE,FALSE,FALSE,FALSE,FALSE,TRUE,FALSE,TRUE,FALSE,"{""coordinates"": [[-79.52326704680756, 43.69817635881904]], ""type"": ""MultiPoint""}"
11926,2013:3001085931,2013-12-03T18:15:00,ST CLAIR AVE E,HERRON AVE,,2,Non-Fatal Injury,Intersection-Related,Traffic Signal,Pedestrian Collision (internal code),Clear,Dark with Artificial Lighting,Dry,Major Arterial,FALSE,-79.28607561,43.71090904,1,Automobile or Station Wagon,South,1,73,None,Lap and Shoulder Belt,Failed to yield right-of-way,Inattentive,,,Turning Left,,,,,driver,,Scarborough Southwest (20),41 Division,Clairlea-Birchmount,TRUE,TRUE,FALSE,FALSE,FALSE,TRUE,TRUE,FALSE,FALSE,FALSE,"{""coordinates"": [[-79.28607561029301, 43.7109090385515]], ""type"": ""MultiPoint""}"
11929,2013:3001089776,2013-12-04T11:43:00,BATHURST ST,WELLS ST,,2,Non-Fatal Injury,At Intersection,Traffic Signal,Pedestrian Collision (internal code),Clear,Daylight,Dry,Major Arterial,FALSE,-79.4131359,43.67002322,1,Automobile or Station Wagon,North,1,68,None,Lap and Shoulder Belt,Driving properly,Normal,,,Going Ahead,,,,,driver,,University-Rosedale (11),14 Division,Annex,FALSE,TRUE,FALSE,FALSE,FALSE,TRUE,TRUE,FALSE,FALSE,FALSE,"{""coordinates"": [[-79.41313590368817, 43.6700232208365]], ""type"": ""MultiPoint""}"
11930,2013:3001090818,2013-12-04T14:35:00,DENTON AVE,ROBINSON AVE,,2,Non-Fatal Injury,At Intersection,Stop Sign,Cyclist Collision (internal code),Clear,Daylight,Dry,Collector,FALSE,-79.27965962,43.69490203,1,Bicycle,North,1,28,Major,Helmet,,,,,Going Ahead,,"Cyclist without right-of-way rides into path of driver (at intersection, laneway, or driveway)",Failed to Yield Right of Way,Inattentive,cyclist,,Scarborough Southwest (20),41 Division,Oakridge,FALSE,TRUE,TRUE,FALSE,FALSE,FALSE,FALSE,FALSE,FALSE,FALSE,"{""coordinates"": [[-79.27965961876714, 43.694902029647]], ""type"": ""MultiPoint""}"
11931,2015:5000276965,2015-02-16T14:10:00,2609 EGLINTON AVE W,,,6,Non-Fatal Injury,Non-Intersection,No Control,Pedestrian Collision (internal code),Clear,Daylight,Dry,Major Arterial,FALSE,-79.47505599,43.6901493,1,,,2,53,None,Lap and Shoulder Belt,,,,,,,,,,passenger,,York South-Weston (5),12 Division,Keelesdale-Eglinton West,FALSE,TRUE,FALSE,FALSE,FALSE,FALSE,TRUE,FALSE,FALSE,FALSE,"{""coordinates"": [[-79.4750559857622, 43.69014930098556]], ""type"": ""MultiPoint""}"
11934,2013:3001107258,2013-12-07T03:04:00,35 FOUNTAINHEAD RD,,,2,Non-Fatal Injury,Non-Intersection,No Control,Pedestrian Collision (internal code),Clear,Dark with Artificial Lighting,Dry,Local,TRUE,-79.50312491,43.76210631,1,Automobile or Station Wagon,West,1,,None,Use Unknown,Failed to yield right-of-way,Unknown,,,Other,,,,,driver,,Humber River-Black Creek (7),31 Division,York University Heights,TRUE,FALSE,FALSE,FALSE,FALSE,FALSE,TRUE,FALSE,FALSE,FALSE,"{""coordinates"": [[-79.50312491018789, 43.762106306408484]], ""type"": ""MultiPoint""}"
11935,2013:3001129731,2013-12-11T01:35:00,UNIVERSITY AVE,ADELAIDE ST W,,2,Non-Fatal Injury,At Intersection,Traffic Signal,Pedestrian Collision (internal code),Clear,Dark with Artificial Lighting,Dry,Major Arterial,FALSE,-79.38551688,43.64879419,1,Automobile or Station Wagon,North,1,42,None,Lap and Shoulder Belt,Driving properly,Normal,,,Going Ahead,,,,,driver,,Spadina-Fort York (10),52 Division,Yonge-Bay Corridor,FALSE,FALSE,FALSE,FALSE,FALSE,FALSE,TRUE,FALSE,FALSE,FALSE,"{""coordinates"": [[-79.38551688369405, 43.648794186002064]], ""type"": ""MultiPoint""}"
11936,2013:3001133431,2013-12-11T16:05:00,SHEPPARD AVE W,DON RIVER BLVD,7 m West of,3,Non-Fatal Injury,At Intersection,No Control,Pedestrian Collision (internal code),Clear,Dusk,Dry,Major Arterial,FALSE,-79.4308128,43.75699022,0,,South,1,18,Major,No Equipment Available,,,Running onto roadway,Inattentive,,Driver going straight hits pedestrian crossing without right-of-way (at intersection),,,,pedestrian,,York Centre (6),32 Division,Lansing-Westgate,FALSE,TRUE,FALSE,FALSE,FALSE,TRUE,TRUE,FALSE,TRUE,FALSE,"{""coordinates"": [[-79.43081279699949, 43.75699021863791]], ""type"": ""MultiPoint""}"
11937,2013:3001139681,2013-12-12T17:05:00,200 GATEWAY BLVD,,,2,Non-Fatal Injury,At/Near Private Drive,No Control,Pedestrian Collision (internal code),Clear,Dark with Artificial Lighting,Dry,Collector,FALSE,-79.33517869,43.7145971,1,Passenger Van,West,2,46,None,Lap and Shoulder Belt,Failed to yield right-of-way,Inattentive,,,Turning Left,,,,,driver,,Don Valley East (16),55 Division,Flemingdon Park,TRUE,TRUE,FALSE,FALSE,FALSE,FALSE,TRUE,FALSE,FALSE,FALSE,"{""coordinates"": [[-79.33517869313022, 43.714597103985405]], ""type"": ""MultiPoint""}"
11938,2013:3001181592,2013-12-19T15:58:00,WILSON AVE,HAYMARKET RD,314 m  of,2,Non-Fatal Injury,At Intersection,No Control,Pedestrian Collision (internal code),Clear,Daylight,Dry,Major Arterial,FALSE,-79.515972,43.71923634,1,Automobile or Station Wagon,North,1,60,None,Lap and Shoulder Belt,Failed to yield right-of-way,Normal,,,Turning Left,,,,,driver,,Humber River-Black Creek (7),31 Division,Oakdale-Beverley Heights,TRUE,FALSE,FALSE,FALSE,FALSE,TRUE,TRUE,FALSE,FALSE,FALSE,"{""coordinates"": [[-79.51597199854638, 43.71923633952301]], ""type"": ""MultiPoint""}"
11939,2013:3001182127,2013-12-19T17:28:00,JUTLAND RD,KIPLING AVE,,3,Non-Fatal Injury,Non-Intersection,No Control,Pedestrian Collision (internal code),Clear,Dark with Artificial Lighting,Loose Sand or Gravel,Collector,FALSE,-79.52666918,43.6266764,2,Construction Equipment,Unknown,3,60,Major,Use Unknown,,,Walking on roadway with traffic,Normal,,Driver hits pedestrian at midblock,,,,pedestrian,,Etobicoke-Lakeshore (3),22 Division,Etobicoke City Centre,FALSE,FALSE,FALSE,FALSE,FALSE,TRUE,TRUE,FALSE,FALSE,TRUE,"{""coordinates"": [[-79.5266691837347, 43.62667640030685]], ""type"": ""MultiPoint""}"
11940,2013:3001182127,2013-12-19T17:28:00,JUTLAND RD,KIPLING AVE,,3,Non-Fatal Injury,Non-Intersection,No Control,Pedestrian Collision (internal code),Clear,Dark with Artificial Lighting,Loose Sand or Gravel,Collector,FALSE,-79.52666918,43.6266764,2,Construction Equipment,North,2,51,Minimal,No Equipment Available,Driving properly,Normal,,,Unknown,,,,,driver,,Etobicoke-Lakeshore (3),22 Division,Etobicoke City Centre,FALSE,FALSE,FALSE,FALSE,FALSE,TRUE,TRUE,FALSE,FALSE,TRUE,"{""coordinates"": [[-79.5266691837347, 43.62667640030685]], ""type"": ""MultiPoint""}"
11941,2013:3001182464,2013-12-19T18:37:00,90 PARK LAWN RD,,,2,Non-Fatal Injury,Non-Intersection,No Control,Pedestrian Collision (internal code),Clear,Dark with Artificial Lighting,Dry,Major Arterial,FALSE,-79.48367712,43.62396434,1,Automobile or Station Wagon,South,1,23,None,Lap and Shoulder Belt,Driving properly,Normal,,,Going Ahead,,,,,driver,,Etobicoke-Lakeshore (3),22 Division,Humber Bay Shores,FALSE,FALSE,FALSE,FALSE,FALSE,FALSE,TRUE,FALSE,FALSE,FALSE,"{""coordinates"": [[-79.48367712063666, 43.62396434310106]], ""type"": ""MultiPoint""}"
11942,2013:3001188681,2013-12-20T19:19:00,STEELES AVE E,LESLIE ST,192 m East of,3,Non-Fatal Injury,Non-Intersection,No Control,Pedestrian Collision (internal code),Rain,Dark with Artificial Lighting,Slush,Major Arterial,FALSE,-79.37007564,43.80896514,2,,South,3,26,Major,No Equipment Available,,,Crossing - no traffic control,Had Been Drinking,,Driver hits pedestrian at midblock,,,,pedestrian,,Don Valley North (17),33 Division,Hillcrest Village,FALSE,FALSE,FALSE,FALSE,FALSE,FALSE,TRUE,FALSE,FALSE,FALSE,"{""coordinates"": [[-79.37007564197197, 43.80896514133885]], ""type"": ""MultiPoint""}"
11943,2013:3001188681,2013-12-20T19:19:00,STEELES AVE E,LESLIE ST,192 m East of,3,Non-Fatal Injury,Non-Intersection,No Control,Pedestrian Collision (internal code),Rain,Dark with Artificial Lighting,Slush,Major Arterial,FALSE,-79.37007564,43.80896514,2,Automobile or Station Wagon,East,2,34,None,Lap and Shoulder Belt,Driving properly,Normal,,,Going Ahead,,,,,driver,,Don Valley North (17),33 Division,Hillcrest Village,FALSE,FALSE,FALSE,FALSE,FALSE,FALSE,TRUE,FALSE,FALSE,FALSE,"{""coordinates"": [[-79.37007564197197, 43.80896514133885]], ""type"": ""MultiPoint""}"
11945,2013:3001220302,2013-12-24T16:45:00,JAMESON AVE,KING ST W,,2,Non-Fatal Injury,Non-Intersection,No Control,Pedestrian Collision (internal code),Clear,Daylight,Dry,Minor Arterial,FALSE,-79.435704,43.63633926,0,,West,2,65,Major,,,,Crossing - no traffic control,Normal,,Driver hits pedestrian at midblock,,,,pedestrian,,Parkdale-High Park (4),14 Division,South Parkdale,FALSE,FALSE,FALSE,FALSE,FALSE,TRUE,TRUE,FALSE,FALSE,FALSE,"{""coordinates"": [[-79.43570400279684, 43.63633926482508]], ""type"": ""MultiPoint""}"
11946,2013:3001256436,2013-12-31T13:03:00,JANE ST,ARDAGH ST,,2,Non-Fatal Injury,At Intersection,Traffic Signal,Pedestrian Collision (internal code),Clear,Daylight,Dry,Major Arterial,FALSE,-79.48707207,43.65566833,1,Automobile or Station Wagon,West,1,49,None,Lap and Shoulder Belt,Failed to yield right-of-way,Normal,,,Turning Left,,,,,driver,,Parkdale-High Park (4),11 Division,Runnymede-Bloor West Village,TRUE,FALSE,FALSE,FALSE,FALSE,FALSE,TRUE,FALSE,FALSE,FALSE,"{""coordinates"": [[-79.48707207024876, 43.655668333651576]], ""type"": ""MultiPoint""}"
11947,2014:4001311712,2014-01-09T15:45:00,MCCOWAN RD,EGLINTON AVE E,2 m North of,2,Non-Fatal Injury,Intersection-Related,No Control,Pedestrian Collision (internal code),Clear,Daylight,Wet,Major Arterial,TRUE,-79.2383535,43.73883998,0,Passenger Van,Unknown,1,43,Major,No Equipment Available,,,Other,Unknown,,Unknown,,,,pedestrian,,Scarborough Southwest (20),43 Division,Eglinton East,FALSE,FALSE,FALSE,FALSE,FALSE,FALSE,TRUE,FALSE,FALSE,FALSE,"{""coordinates"": [[-79.23835349619941, 43.73883998038312]], ""type"": ""MultiPoint""}"
11948,2014:4001313188,2014-01-09T20:25:00,ISLINGTON AVE,BRIMINGHAM ST,,2,Non-Fatal Injury,Intersection-Related,Traffic Signal,Pedestrian Collision (internal code),Clear,Dark with Artificial Lighting,Wet,Major Arterial,FALSE,-79.5062832,43.60322739,0,Automobile or Station Wagon,North,1,34,None,Lap and Shoulder Belt,Driving properly,Normal,,,Going Ahead,,,,,driver,,Etobicoke-Lakeshore (3),22 Division,New Toronto,FALSE,FALSE,FALSE,FALSE,FALSE,FALSE,TRUE,FALSE,FALSE,FALSE,"{""coordinates"": [[-79.5062832002115, 43.603227386549655]], ""type"": ""MultiPoint""}"
11949,2014:4001342712,2014-01-14T15:18:00,3 BELL ROYAL CRT,,,2,Non-Fatal Injury,At/Near Private Drive,No Control,Pedestrian Collision (internal code),Clear,Daylight,Ice,Local,FALSE,-79.52161809,43.67243737,1,,East,2,21,Major,,,,Walking on roadway with traffic,Normal,,Driver hits pedestrian at midblock,,,,pedestrian,,Etobicoke Centre (2),22 Division,Edenbridge-Humber Valley,FALSE,FALSE,FALSE,FALSE,FALSE,FALSE,TRUE,FALSE,FALSE,TRUE,"{""coordinates"": [[-79.52161809236334, 43.672437370248545]], ""type"": ""MultiPoint""}"
11950,2014:4001361731,2014-01-17T15:28:00,JANE ST,PRITCHARD AVE,,5,Non-Fatal Injury,At Intersection,Traffic Signal,Pedestrian Collision (internal code),Clear,Daylight,Dry,Major Arterial,FALSE,-79.49280206,43.66946634,2,Automobile or Station Wagon,South,1,23,None,Lap and Shoulder Belt,Driving properly,Normal,,,Turning Left,,,,,driver,,York South-Weston (5),12 Division,Rockcliffe-Smythe,TRUE,FALSE,FALSE,FALSE,FALSE,TRUE,TRUE,TRUE,FALSE,FALSE,"{""coordinates"": [[-79.49280205623303, 43.66946633549435]], ""type"": ""MultiPoint""}"
11951,2014:4001361731,2014-01-17T15:28:00,JANE ST,PRITCHARD AVE,,5,Non-Fatal Injury,At Intersection,Traffic Signal,Pedestrian Collision (internal code),Clear,Daylight,Dry,Major Arterial,FALSE,-79.49280206,43.66946634,2,,,4,60,Minor,Lap and Shoulder Belt,,,,,,,,,,passenger,,York South-Weston (5),12 Division,Rockcliffe-Smythe,TRUE,FALSE,FALSE,FALSE,FALSE,TRUE,TRUE,TRUE,FALSE,FALSE,"{""coordinates"": [[-79.49280205623303, 43.66946633549435]], ""type"": ""MultiPoint""}"
11953,2014:4001384194,2014-01-21T12:22:00,FINCH AVE W,ALNESS ST,,2,Non-Fatal Injury,At Intersection,Traffic Signal,Pedestrian Collision (internal code),Clear,Daylight,Dry,Major Arterial,FALSE,-79.47146985,43.76781227,0,,North,2,55,Major,No Equipment Available,,,Crossing with right-of-way (intersection),Unknown,,Driver turns left into pedestrian crossing with right-of-way (at intersection),,,,pedestrian,,York Centre (6),32 Division,York University Heights,TRUE,FALSE,FALSE,FALSE,FALSE,FALSE,TRUE,FALSE,FALSE,TRUE,"{""coordinates"": [[-79.47146985188806, 43.76781226672239]], ""type"": ""MultiPoint""}"
11954,2014:4001392181,2014-01-22T18:46:00,KINGSTON RD,PAYZAC AVE,,2,Non-Fatal Injury,At Intersection,Traffic Signal,Pedestrian Collision (internal code),Clear,Dark,Dry,Major Arterial,FALSE,-79.19758942,43.75895094,0,,North,2,32,Major,,,,Crossing without right-of-way (intersection),Normal,,Driver going straight hits pedestrian crossing without right-of-way (at intersection),,,,pedestrian,,Scarborough-Guildwood (24),43 Division,West Hill,FALSE,FALSE,FALSE,FALSE,FALSE,FALSE,TRUE,FALSE,FALSE,FALSE,"{""coordinates"": [[-79.19758941976191, 43.75895094189986]], ""type"": ""MultiPoint""}"
11955,2014:4001460471,2014-02-03T10:43:00,OLD WESTON RD,ROGERS RD,,2,Non-Fatal Injury,Non-Intersection,No Control,Cyclist Collision (internal code),Clear,Daylight,Dry,Minor Arterial,FALSE,-79.46743399,43.68151629,0,Automobile or Station Wagon,South,1,26,None,,Driving properly,Normal,,,Going Ahead,,,,,driver,,York South-Weston (5),12 Division,Keelesdale-Eglinton West,FALSE,TRUE,TRUE,FALSE,FALSE,FALSE,FALSE,FALSE,FALSE,FALSE,"{""coordinates"": [[-79.46743398681485, 43.681516294003124]], ""type"": ""MultiPoint""}"
11956,2014:4001467875,2014-02-04T12:55:00,KIPLING AVE,WESTHUMBER BLVD,,3,Non-Fatal Injury,At Intersection,Traffic Signal,Pedestrian Collision (internal code),Clear,Daylight,Dry,Major Arterial,FALSE,-79.57465006,43.7281244,2,Automobile or Station Wagon,West,1,38,None,Lap and Shoulder Belt,Driving properly,Normal,,,Going Ahead,,,,,driver,,Etobicoke North (1),23 Division,Rexdale-Kipling,TRUE,FALSE,FALSE,FALSE,FALSE,FALSE,TRUE,TRUE,FALSE,FALSE,"{""coordinates"": [[-79.5746500562237, 43.728124401354634]], ""type"": ""MultiPoint""}"
11957,2014:4001490210,2014-02-08T02:41:00,QUEEN ST W,LISGAR ST,,6,Non-Fatal Injury,Non-Intersection,No Control,Pedestrian Collision (internal code),Clear,Dark with Artificial Lighting,Slush,Major Arterial,FALSE,-79.42195496,43.64355624,2,,,4,,Minimal,Air Bag Deployed,,,,,,,,,,passenger,,Spadina-Fort York (10),14 Division,West Queen West,TRUE,FALSE,FALSE,FALSE,FALSE,FALSE,TRUE,FALSE,FALSE,FALSE,"{""coordinates"": [[-79.42195496362771, 43.64355624175528]], ""type"": ""MultiPoint""}"