_id,collision_id,accdate,stname1,stname2,stname3,per_inv,acclass,accloc,traffictl,impactype,visible,light,rdsfcond,road_class,failtorem,longitude,latitude,veh_no,vehtype,initdir,per_no,invage,injury,safequip,drivact,drivcond,pedact,pedcond,manoeuvre,pedtype,cyclistype,cycact,cyccond,road_user,fatal_no,wardname,division,neighbourhood,aggressive,distracted,cyclist,motorcyclist,other_micromobility,older_adult,pedestrian,red_light,school_child,heavy_truck,geometry
12054,2014:4002524694,2014-07-18T23:40:00,3900 JANE ST,,,2,Non-Fatal Injury,At/Near Private Drive,No Control,Cyclist Collision (internal code),Clear,Daylight,Dry,Major Arterial,FALSE,-79.51756694,43.75666232,0,Bicycle,Unknown,2,32,Major,,,,,,Unknown,,"Driver without right-of-way drives into path of cyclist (at intersection, laneway, or driveway)",Other,Unknown,cyclist,,Humber River-Black Creek (7),31 Division,Glenfield-Jane Heights,FALSE,FALSE,TRUE,FALSE,FALSE,FALSE,FALSE,FALSE,FALSE,FALSE,"{""coordinates"": [[-79.5175669351212, 43.75666232366975]], ""type"": ""MultiPoint""}"
12055,2014:4002555153,2014-07-23T11:35:00,50 CUMBERLAND ST,,,2,Non-Fatal Injury,Non-Intersection,No Control,Pedestrian Collision (internal code),Clear,Daylight,Dry,Collector,FALSE,-79.38891286,43.67075119,1,Automobile or Station Wagon,East,1,38,None,Lap and Shoulder Belt,Other,Normal,,,Reversing,,,,,driver,,University-Rosedale (11),53 Division,Annex,FALSE,FALSE,FALSE,FALSE,FALSE,TRUE,TRUE,FALSE,FALSE,FALSE,"{""coordinates"": [[-79.38891285649183, 43.67075118588353]], ""type"": ""MultiPoint""}"
12057,2014:4002589073,2014-07-28T15:01:00,BATHURST ST,SOUTHBOURNE AVE,,2,Non-Fatal Injury,Non-Intersection,No Control,Pedestrian Collision (internal code),Clear,Daylight,Dry,Major Arterial,FALSE,-79.43423883,43.73840523,0,Automobile or Station Wagon,West,1,61,Major,,,,Crossing without right-of-way (intersection),Normal,,Driver going straight hits pedestrian crossing without right-of-way (at intersection),,,,pedestrian,,York Centre (6),32 Division,Lansing-Westgate,FALSE,FALSE,FALSE,FALSE,FALSE,FALSE,TRUE,FALSE,FALSE,FALSE,"{""coordinates"": [[-79.4342388300404, 43.738405227856056]], ""type"": ""MultiPoint""}"
12058,2014:4002596710,2014-07-29T16:30:00,DUNDAS ST E,BROADVIEW AVE,,2,Non-Fatal Injury,At Intersection,Traffic Signal,Cyclist Collision (internal code),Clear,Daylight,Dry,Major Arterial,FALSE,-79.3513608,43.66245413,2,Bicycle,East,2,40,Major,Helmet,,,,,Going Ahead,,Sideswipe with cyclist and driver travelling in same direction,Driving Properly,Normal,cyclist,,Toronto-Danforth (14),55 Division,South Riverdale,TRUE,FALSE,TRUE,FALSE,FALSE,FALSE,FALSE,FALSE,FALSE,FALSE,"{""coordinates"": [[-79.35136079709308, 43.6624541332527]], ""type"": ""MultiPoint""}"
12059,2014:4002604819,2014-07-30T23:12:00,EGLINTON AVE E,BANFF RD,,2,Non-Fatal Injury,Intersection-Related,Traffic Signal,Cyclist Collision (internal code),Clear,Dark with Artificial Lighting,Dry,Major Arterial,FALSE,-79.38223678,43.71000817,0,Bicycle,South,2,59,Major,Equipment Not Used But Available,,,,,Going Ahead,,"Cyclist without right-of-way rides into path of driver (at intersection, laneway, or driveway)",Disobeyed Traffic Control,Normal,cyclist,,Don Valley West (15),53 Division,Mount Pleasant East,FALSE,FALSE,TRUE,FALSE,FALSE,FALSE,FALSE,FALSE,FALSE,FALSE,"{""coordinates"": [[-79.38223678398167, 43.71000816768803]], ""type"": ""MultiPoint""}"
12062,2014:4002616859,2014-08-01T17:30:00,WESTLAKE AVE,WESTBROOK AVE,,2,Non-Fatal Injury,At Intersection,Stop Sign,Cyclist Collision (internal code),Clear,Daylight,Dry,Local,FALSE,-79.30763667,43.69301807,2,Automobile or Station Wagon,South,1,67,None,Lap and Shoulder Belt,Driving properly,Normal,,,Going Ahead,,,,,driver,,Beaches-East York (19),55 Division,Woodbine-Lumsden,FALSE,FALSE,TRUE,FALSE,FALSE,TRUE,FALSE,FALSE,FALSE,FALSE,"{""coordinates"": [[-79.3076366725992, 43.69301806828829]], ""type"": ""MultiPoint""}"
12063,2014:4002621781,2014-08-02T12:40:00,ST CLAIR AVE W,WINONA DR,,2,Non-Fatal Injury,Intersection-Related,Traffic Signal,Cyclist Collision (internal code),Clear,Daylight,Dry,Major Arterial,TRUE,-79.43246092,43.68020425,1,Automobile or Station Wagon,West,1,,None,Use Unknown,Failed to yield right-of-way,Unknown,,,Overtaking,,,,,driver,,Toronto-St. Paul's (12),13 Division,Wychwood,TRUE,FALSE,TRUE,FALSE,FALSE,FALSE,FALSE,FALSE,FALSE,FALSE,"{""coordinates"": [[-79.43246092355328, 43.68020424516098]], ""type"": ""MultiPoint""}"
12064,2014:4002625418,2014-08-02T23:19:00,SHEPPARD AVE E,ROBERT WOODHEAD CRES,,3,Non-Fatal Injury,Non-Intersection,No Control,Pedestrian Collision (internal code),Clear,Dark with Artificial Lighting,Dry,Major Arterial,FALSE,-79.4829519,43.74635129,0,,North,3,18,Major,Use Unknown,,,Crossing - no traffic control,Had Been Drinking,,Driver hits pedestrian at midblock,,,,pedestrian,,York Centre (6),31 Division,Downsview,FALSE,FALSE,FALSE,TRUE,FALSE,FALSE,TRUE,FALSE,TRUE,FALSE,"{""coordinates"": [[-79.48295189945952, 43.746351286454974]], ""type"": ""MultiPoint""}"
12065,2014:4002625418,2014-08-02T23:19:00,SHEPPARD AVE E,ROBERT WOODHEAD CRES,,3,Non-Fatal Injury,Non-Intersection,No Control,Pedestrian Collision (internal code),Clear,Dark with Artificial Lighting,Dry,Major Arterial,FALSE,-79.4829519,43.74635129,1,Motorcycle,West,2,18,Minor,Helmet,Lost control,Had Been Drinking,,,Going Ahead,,,,,motorcyclist,,York Centre (6),31 Division,Downsview,FALSE,FALSE,FALSE,TRUE,FALSE,FALSE,TRUE,FALSE,TRUE,FALSE,"{""coordinates"": [[-79.48295189945952, 43.746351286454974]], ""type"": ""MultiPoint""}"
12066,2014:4002642659,2014-08-05T19:32:00,SEWELLS RD,BRENYON WAY,,3,Non-Fatal Injury,Intersection-Related,Traffic Signal,Pedestrian Collision (internal code),Clear,Daylight,Dry,Minor Arterial,FALSE,-79.21560241,43.80777897,1,Passenger Van,North,1,36,None,Lap and Shoulder Belt,Failed to yield right-of-way,Normal,,,Turning Left,,,,,driver,,Scarborough-Rouge Park (25),42 Division,Malvern East,TRUE,FALSE,FALSE,FALSE,FALSE,FALSE,TRUE,FALSE,TRUE,FALSE,"{""coordinates"": [[-79.21560240869509, 43.80777897014938]], ""type"": ""MultiPoint""}"
12070,2014:4002664969,2014-08-09T02:14:00,LAWRENCE AVE E,GREENBRAE CRCT,,2,Non-Fatal Injury,Non-Intersection,No Control,Pedestrian Collision (internal code),Clear,Dark with Artificial Lighting,Dry,Major Arterial,FALSE,-79.23307347,43.75817298,0,,North,2,19,Major,No Equipment Available,,,Crossing - no traffic control,Had Been Drinking,,Driver hits pedestrian at midblock,,,,pedestrian,,Scarborough-Guildwood (24),43 Division,Golfdale-Cedarbrae-Woburn,FALSE,FALSE,FALSE,FALSE,FALSE,TRUE,TRUE,FALSE,TRUE,FALSE,"{""coordinates"": [[-79.233073469818, 43.75817297773833]], ""type"": ""MultiPoint""}"
12072,2014:4000009508,2014-08-17T21:59:00,KINGSTON RD,PICKERING ST,10 m East of,2,Non-Fatal Injury,At Intersection,No Control,Cyclist Collision (internal code),Clear,Dark with Artificial Lighting,Dry,Major Arterial,FALSE,-79.28991266,43.68021204,2,Automobile or Station Wagon,West,2,54,None,Use Unknown,Driving properly,Normal,,,Going Ahead,,,,,driver,,Beaches-East York (19),55 Division,The Beaches,FALSE,TRUE,TRUE,FALSE,FALSE,FALSE,FALSE,FALSE,TRUE,FALSE,"{""coordinates"": [[-79.28991265631579, 43.68021204384973]], ""type"": ""MultiPoint""}"
12073,2014:4002723007,2014-08-17T21:59:00,KINGSTON RD,PICKERING ST,,2,Non-Fatal Injury,Non-Intersection,No Control,Cyclist Collision (internal code),Clear,Dark with Artificial Lighting,Dry,Major Arterial,FALSE,-79.28992166,43.68028104,2,Automobile or Station Wagon,West,2,54,None,Use Unknown,Driving properly,Normal,,,Going Ahead,,,,,driver,,Beaches-East York (19),55 Division,The Beaches,FALSE,TRUE,TRUE,FALSE,FALSE,FALSE,FALSE,FALSE,TRUE,FALSE,"{""coordinates"": [[-79.28992165624467, 43.68028104386209]], ""type"": ""MultiPoint""}"
12077,2014:4002735710,2014-08-19T21:05:00,MIDLAND AVE,KILCULLEN CASTLE GT,,2,Non-Fatal Injury,At Intersection,No Control,Pedestrian Collision (internal code),Clear,Dark with Artificial Lighting,Dry,Major Arterial,FALSE,-79.29001252,43.80972105,0,,South,2,42,Major,No Equipment Available,,,Crossing with right-of-way (intersection),Unknown,,Driver turns left into pedestrian crossing with right-of-way (at intersection),,,,pedestrian,,Scarborough-Agincourt (22),42 Division,Milliken,TRUE,FALSE,FALSE,FALSE,FALSE,FALSE,TRUE,FALSE,FALSE,FALSE,"{""coordinates"": [[-79.29001251506027, 43.80972104919898]], ""type"": ""MultiPoint""}"
12078,2014:4002735786,2014-08-19T21:20:00,COLLEGE ST,RUSHOLME PARK CRT,,2,Non-Fatal Injury,At Intersection,Stop Sign,Cyclist Collision (internal code),Clear,Dark with Artificial Lighting,Dry,Major Arterial,FALSE,-79.42966896,43.65289525,1,Delivery Van,East,1,27,None,Lap and Shoulder Belt,Improper turn,Inattentive,,,Turning Right,,,,,driver,,Davenport (9),14 Division,Little Portugal,FALSE,TRUE,TRUE,FALSE,FALSE,FALSE,FALSE,FALSE,FALSE,TRUE,"{""coordinates"": [[-79.4296689634251, 43.65289525022591]], ""type"": ""MultiPoint""}"
12080,2014:4002750756,2014-08-22T01:22:00,BLOOR ST E,PARLIAMENT ST,,2,Non-Fatal Injury,At Intersection,Traffic Signal,Cyclist Collision (internal code),Clear,Dark,Dry,Major Arterial,FALSE,-79.37069382,43.67195316,1,Automobile or Station Wagon,West,2,44,None,Lap and Shoulder Belt,Failed to yield right-of-way,Inattentive,,,Turning Left,,,,,driver,,Toronto Centre (13),51 Division,Cabbagetown-South St.James Town,TRUE,TRUE,TRUE,FALSE,FALSE,FALSE,FALSE,FALSE,FALSE,FALSE,"{""coordinates"": [[-79.37069382007937, 43.671953159522]], ""type"": ""MultiPoint""}"
12081,2014:4002755635,2014-08-22T18:05:00,ROYAL YORK RD,ASHLEY RD,,2,Non-Fatal Injury,At Intersection,No Control,Cyclist Collision (internal code),Clear,Daylight,Dry,Minor Arterial,FALSE,-79.51839111,43.66314537,1,Automobile or Station Wagon,South,1,31,None,Lap and Shoulder Belt,Failed to yield right-of-way,Inattentive,,,Turning Right,,,,,driver,,Etobicoke Centre (2),22 Division,Edenbridge-Humber Valley,TRUE,TRUE,TRUE,FALSE,FALSE,FALSE,FALSE,FALSE,FALSE,FALSE,"{""coordinates"": [[-79.51839110539085, 43.66314537117144]], ""type"": ""MultiPoint""}"
12082,2014:4002781365,2014-08-26T17:20:00,ROGERS RD,SILVERTHORN AVE,,2,Non-Fatal Injury,Intersection-Related,Traffic Signal,Cyclist Collision (internal code),Clear,Daylight,Dry,Minor Arterial,FALSE,-79.46330698,43.68276429,0,Bicycle,West,2,32,Major,,,,,,Turning Right,,Driver turns right on green or amber at signalized intersection and hits cyclist,Driving Properly,Normal,cyclist,,Davenport (9),12 Division,Keelesdale-Eglinton West,FALSE,FALSE,TRUE,FALSE,FALSE,FALSE,FALSE,FALSE,FALSE,FALSE,"{""coordinates"": [[-79.46330697691842, 43.68276428767819]], ""type"": ""MultiPoint""}"
12083,2014:4002824583,2014-08-29T12:00:00,WELLESLEY ST E,BLEECKER ST,18 m East of,2,Non-Fatal Injury,Intersection-Related,No Control,Cyclist Collision (internal code),Clear,Daylight,Dry,Minor Arterial,TRUE,-79.37373783,43.66722316,2,Bicycle,West,2,51,Major,No Equipment Available,,,,,Going Ahead,,"Driver without right-of-way drives into path of cyclist (at intersection, laneway, or driveway)",Driving Properly,Normal,cyclist,,Toronto Centre (13),51 Division,Cabbagetown-South St.James Town,TRUE,FALSE,TRUE,FALSE,FALSE,FALSE,FALSE,FALSE,FALSE,FALSE,"{""coordinates"": [[-79.37373783295337, 43.66722316482447]], ""type"": ""MultiPoint""}"
12084,2014:4002803822,2014-08-30T01:08:00,BATHURST ST,ST CLAIR AVE W,41 m South of,4,Non-Fatal Injury,Non-Intersection,No Control,Pedestrian Collision (internal code),Clear,Dark with Artificial Lighting,Dry,Major Arterial,FALSE,-79.41811789,43.68271022,1,,,2,60,None,Lap and Shoulder Belt,,,,,,,,,,passenger,,Toronto-St. Paul's (12),13 Division,Casa Loma,FALSE,FALSE,FALSE,FALSE,FALSE,FALSE,TRUE,FALSE,TRUE,FALSE,"{""coordinates"": [[-79.41811789260406, 43.68271022414598]], ""type"": ""MultiPoint""}"
12085,2014:4002803863,2014-08-30T01:15:00,QUEEN ST W,DUFFERIN ST,50 m East of,2,Non-Fatal Injury,Non-Intersection,No Control,Cyclist Collision (internal code),Clear,Dark with Artificial Lighting,Dry,Major Arterial,FALSE,-79.42785298,43.64229725,2,,East,1,28,Major,Helmet,,,,,Going Ahead,,Insufficient information to describe collision,Other,Had Been Drinking,cyclist,,Davenport (9),14 Division,Little Portugal,FALSE,FALSE,TRUE,FALSE,FALSE,FALSE,FALSE,FALSE,FALSE,TRUE,"{""coordinates"": [[-79.42785297733987, 43.642297250997025]], ""type"": ""MultiPoint""}"
12087,2014:4002809837,2014-08-30T22:40:00,741 RUNNYMEDE RD,,10 m South of,4,Non-Fatal Injury,Non-Intersection,No Control,Pedestrian Collision (internal code),Clear,Dark with Artificial Lighting,Dry,Minor Arterial,FALSE,-79.48337204,43.66856532,1,Automobile or Station Wagon,North,1,25,None,Lap and Shoulder Belt,Improper turn,Had Been Drinking,,,Turning Right,,,,,driver,,York South-Weston (5),11 Division,Junction Area,FALSE,FALSE,FALSE,TRUE,FALSE,FALSE,TRUE,FALSE,FALSE,FALSE,"{""coordinates"": [[-79.48337203990087, 43.66856532235127]], ""type"": ""MultiPoint""}"
12088,2014:4002809837,2014-08-30T22:40:00,741 RUNNYMEDE RD,,10 m South of,4,Non-Fatal Injury,Non-Intersection,No Control,Pedestrian Collision (internal code),Clear,Dark with Artificial Lighting,Dry,Minor Arterial,FALSE,-79.48337204,43.66856532,2,,Unknown,4,26,Major,Use Unknown,,,On sidewalk or shoulder,Normal,,Driver hits pedestrian on sidewalk or shoulder,,,,pedestrian,,York South-Weston (5),11 Division,Junction Area,FALSE,FALSE,FALSE,TRUE,FALSE,FALSE,TRUE,FALSE,FALSE,FALSE,"{""coordinates"": [[-79.48337203990087, 43.66856532235127]], ""type"": ""MultiPoint""}"
12089,2014:4002811941,2014-08-31T08:55:00,BROADVIEW AVE,QUEEN ST E,,2,Non-Fatal Injury,At Intersection,Traffic Signal,Pedestrian Collision (internal code),Clear,Daylight,Dry,Major Arterial,FALSE,-79.3498498,43.65886513,0,,Unknown,2,69,Major,,,,Crossing with right-of-way (intersection),Normal,,Driver turns left into pedestrian crossing with right-of-way (at intersection),,,,pedestrian,,Toronto-Danforth (14),55 Division,South Riverdale,TRUE,TRUE,FALSE,FALSE,FALSE,TRUE,TRUE,FALSE,FALSE,FALSE,"{""coordinates"": [[-79.34984979934458, 43.658865131574416]], ""type"": ""MultiPoint""}"
12091,2014:4002835706,2014-09-03T17:36:00,JANE ST,EGLINTON AVE W,,2,Non-Fatal Injury,Intersection-Related,No Control,Pedestrian Collision (internal code),Clear,Daylight,Dry,Major Arterial,FALSE,-79.49882204,43.68446534,1,Pickup Truck,South,1,47,None,Lap and Shoulder Belt,Driving properly,Normal,,,Going Ahead,,,,,driver,,York South-Weston (5),12 Division,Rockcliffe-Smythe,FALSE,FALSE,FALSE,FALSE,FALSE,FALSE,TRUE,FALSE,FALSE,FALSE,"{""coordinates"": [[-79.49882204012533, 43.68446533678786]], ""type"": ""MultiPoint""}"
12092,2014:4002856687,2014-09-06T16:10:00,PELHAM AVE,UXBRIDGE AVE,,2,Non-Fatal Injury,Non-Intersection,No Control,Cyclist Collision (internal code),Clear,Daylight,Dry,Local,FALSE,-79.45676799,43.66791728,0,Bicycle,South,2,51,Major,No Equipment Available,,,,,Going Ahead,,"Cyclist without right-of-way rides into path of driver (at intersection, laneway, or driveway)",Failed to Yield Right of Way,Had Been Drinking,cyclist,,Davenport (9),11 Division,Weston-Pelham Park,FALSE,FALSE,TRUE,FALSE,FALSE,FALSE,FALSE,FALSE,FALSE,FALSE,"{""coordinates"": [[-79.45676799031136, 43.667917284314996]], ""type"": ""MultiPoint""}"
12093,2014:4002857314,2014-09-06T17:58:00,DANFORTH AVE,WOODINGTON AVE,,2,Non-Fatal Injury,At Intersection,Traffic Signal,Pedestrian Collision (internal code),Clear,Daylight,Dry,Major Arterial,FALSE,-79.32088871,43.68392709,0,,North,1,62,Major,No Equipment Available,,,Crossing with right-of-way (intersection),Normal,,Driver turns left into pedestrian crossing with right-of-way (at intersection),,,,pedestrian,,Beaches-East York (19),55 Division,Woodbine Corridor,TRUE,TRUE,FALSE,FALSE,FALSE,FALSE,TRUE,FALSE,FALSE,TRUE,"{""coordinates"": [[-79.32088870933664, 43.68392708730848]], ""type"": ""MultiPoint""}"
12094,2014:4002864815,2014-09-07T21:30:00,YONGE ST,FINCH AVE W,,2,Non-Fatal Injury,At Intersection,Traffic Signal,Pedestrian Collision (internal code),Clear,Dark with Artificial Lighting,Dry,Major Arterial,FALSE,-79.41556175,43.7797602,1,Automobile or Station Wagon,North,1,27,None,Lap and Shoulder Belt,Driving properly,Normal,,,Going Ahead,,,,,driver,,Willowdale (18),32 Division,Yonge-Doris,FALSE,TRUE,FALSE,FALSE,FALSE,FALSE,TRUE,FALSE,FALSE,FALSE,"{""coordinates"": [[-79.41556174616255, 43.77976019711202]], ""type"": ""MultiPoint""}"
12095,2014:4002858983,2014-09-07T23:13:00,2324 SHEPPARD AVE W,,,3,Non-Fatal Injury,Private Driveway,No Control,SMV Other,Clear,Dark with Artificial Lighting,Dry,Major Arterial,TRUE,-79.535801,43.73423535,2,Unknown,Unknown,2,,None,Use Unknown,,,,,Unknown,,,,,other,,Humber River-Black Creek (7),31 Division,Pelmo Park-Humberlea,FALSE,FALSE,FALSE,FALSE,FALSE,FALSE,FALSE,FALSE,FALSE,FALSE,"{""coordinates"": [[-79.53580099579789, 43.734235354131584]], ""type"": ""MultiPoint""}"
12096,2014:4002874669,2014-09-09T11:15:00,ANNETTE ST,PACIFIC AVE,,2,Non-Fatal Injury,At Intersection,Traffic Signal,Pedestrian Collision (internal code),Clear,Daylight,Dry,Minor Arterial,FALSE,-79.46764002,43.6632403,1,Delivery Van,South,1,56,None,Lap and Shoulder Belt,Failed to yield right-of-way,Normal,,,Turning Left,,,,,driver,,Parkdale-High Park (4),11 Division,Junction Area,TRUE,FALSE,FALSE,FALSE,FALSE,TRUE,TRUE,FALSE,FALSE,TRUE,"{""coordinates"": [[-79.46764001925555, 43.66324030193483]], ""type"": ""MultiPoint""}"
12098,2014:4002884654,2014-09-10T20:12:00,LAWRENCE AVE E,WARDEN AVE,,2,Non-Fatal Injury,At Intersection,Traffic Signal,Pedestrian Collision (internal code),Rain,Dark with Artificial Lighting,Wet,Major Arterial,FALSE,-79.29472758,43.74535905,0,,West,2,48,Major,No Equipment Available,,,Crossing with right-of-way (intersection),Normal,,Driver turns left into pedestrian crossing with right-of-way (at intersection),,,,pedestrian,,Scarborough Centre (21),41 Division,Wexford/Maryvale,TRUE,TRUE,FALSE,FALSE,FALSE,FALSE,TRUE,FALSE,FALSE,FALSE,"{""coordinates"": [[-79.29472758141698, 43.74535904959498]], ""type"": ""MultiPoint""}"
12099,2014:4002929082,2014-09-17T16:20:00,FINCH AVE E,LINUS RD,,2,Non-Fatal Injury,Intersection-Related,Traffic Signal,Pedestrian Collision (internal code),Clear,Daylight,Dry,Major Arterial,FALSE,-79.35807364,43.79194413,1,Pickup Truck,East,1,52,None,Lap and Shoulder Belt,Driving properly,Normal,,,Going Ahead,,,,,driver,,Don Valley North (17),33 Division,Don Valley Village,FALSE,FALSE,FALSE,FALSE,FALSE,FALSE,TRUE,FALSE,FALSE,FALSE,"{""coordinates"": [[-79.3580736401456, 43.79194412785836]], ""type"": ""MultiPoint""}"
12101,2014:4002952213,2014-09-21T07:00:00,STEELES AVE W,BATHURST ST,,2,Non-Fatal Injury,At Intersection,Traffic Signal,Pedestrian Collision (internal code),Rain,Daylight,Wet,Major Arterial,FALSE,-79.44574378,43.79239823,1,Automobile or Station Wagon,South,2,,None,,Disobeyed traffic control,Unknown,,,Going Ahead,,,,,driver,,York Centre (6),32 Division,Newtonbrook West,TRUE,FALSE,FALSE,FALSE,FALSE,FALSE,TRUE,TRUE,FALSE,FALSE,"{""coordinates"": [[-79.4457437806375, 43.79239823124153]], ""type"": ""MultiPoint""}"
12103,2014:4002979452,2014-09-25T09:40:00,LOWER JARVIS ST,THE ESPLANADE,,2,Non-Fatal Injury,At Intersection,Traffic Signal,Pedestrian Collision (internal code),Clear,Daylight,Dry,Major Arterial,FALSE,-79.37092186,43.64821416,1,Automobile or Station Wagon,South,1,16,None,Use Unknown,Failed to yield right-of-way,Unknown,,,Turning Left,,,,,driver,,Spadina-Fort York (10),51 Division,St Lawrence-East Bayfront-The Islands,TRUE,FALSE,FALSE,FALSE,FALSE,FALSE,TRUE,FALSE,TRUE,FALSE,"{""coordinates"": [[-79.37092185596508, 43.64821416443702]], ""type"": ""MultiPoint""}"
12104,2014:4002986275,2014-09-26T09:18:00,REDPATH AVE,BROADWAY AVE,,2,Non-Fatal Injury,At Intersection,Stop Sign,Pedestrian Collision (internal code),Clear,Daylight,Dry,Collector,FALSE,-79.3938948,43.71057318,0,,North,2,25,Major,No Equipment Available,,,Crossing with right-of-way (intersection),Normal,,Driver turns left into pedestrian crossing with right-of-way (at intersection),,,,pedestrian,,Toronto-St. Paul's (12),53 Division,North Toronto,TRUE,FALSE,FALSE,FALSE,FALSE,FALSE,TRUE,FALSE,FALSE,FALSE,"{""coordinates"": [[-79.39389480402171, 43.710573183204836]], ""type"": ""MultiPoint""}"
12105,2014:4002987190,2014-09-26T11:53:00,WILSON AVE,BILLY BISHOP WAY,4 m South of,2,Non-Fatal Injury,At Intersection,Traffic Signal,Cyclist Collision (internal code),Clear,Daylight,Dry,Major Arterial,FALSE,-79.45282387,43.73331225,2,Bicycle,East,2,21,Major,No Equipment Available,,,,,Going Ahead,,"Cyclist without right-of-way rides into path of driver (at intersection, laneway, or driveway)",Failed to Yield Right of Way,Normal,cyclist,,York Centre (6),32 Division,Clanton Park,FALSE,FALSE,TRUE,FALSE,FALSE,FALSE,FALSE,FALSE,FALSE,FALSE,"{""coordinates"": [[-79.45282387069709, 43.733312253542216]], ""type"": ""MultiPoint""}"
12106,2014:4003007939,2014-09-29T13:25:00,COLLEGE ST,SHAW ST,,3,Non-Fatal Injury,Non-Intersection,Pedestrian Crossover,Cyclist Collision (internal code),Clear,Daylight,Dry,Major Arterial,FALSE,-79.42026194,43.65489724,2,,,3,20,Minimal,Helmet,,,,,,,,,,passenger,,University-Rosedale (11),14 Division,Trinity-Bellwoods,TRUE,FALSE,TRUE,FALSE,FALSE,FALSE,FALSE,FALSE,FALSE,FALSE,"{""coordinates"": [[-79.42026194184243, 43.6548972357273]], ""type"": ""MultiPoint""}"
12107,2014:4003007939,2014-09-29T13:25:00,COLLEGE ST,SHAW ST,,3,Non-Fatal Injury,Non-Intersection,Pedestrian Crossover,Cyclist Collision (internal code),Clear,Daylight,Dry,Major Arterial,FALSE,-79.42026194,43.65489724,2,Bicycle,East,2,25,Major,Helmet,,,,,Going Ahead,,"Driver without right-of-way drives into path of cyclist (at intersection, laneway, or driveway)",Failed to Yield Right of Way,Fatigue/Fell Asleep,cyclist,,University-Rosedale (11),14 Division,Trinity-Bellwoods,TRUE,FALSE,TRUE,FALSE,FALSE,FALSE,FALSE,FALSE,FALSE,FALSE,"{""coordinates"": [[-79.42026194184243, 43.6548972357273]], ""type"": ""MultiPoint""}"
12108,2014:4003015546,2014-09-30T15:38:00,DUNDAS ST E,MUTUAL ST,,2,Non-Fatal Injury,At Intersection,No Control,Pedestrian Collision (internal code),Clear,Daylight,Dry,Major Arterial,FALSE,-79.37565985,43.65680517,1,Motorcycle,West,1,37,Minor,Helmet,Driving properly,Fatigue/Fell Asleep,,,Going Ahead,,,,,motorcyclist,,Toronto Centre (13),51 Division,Downtown Yonge East,FALSE,FALSE,FALSE,TRUE,FALSE,FALSE,TRUE,FALSE,FALSE,FALSE,"{""coordinates"": [[-79.37565985231544, 43.65680516972528]], ""type"": ""MultiPoint""}"
12110,2014:4003056806,2014-10-07T00:09:00,UNIVERSITY AVE,QUEEN ST W,,2,Non-Fatal Injury,At Intersection,Traffic Signal,Pedestrian Collision (internal code),Rain,Dark with Artificial Lighting,Wet,Major Arterial,FALSE,-79.38659288,43.65077719,1,,West,2,25,Major,No Equipment Available,,,Running onto roadway,Other Condition,,Driver going straight hits pedestrian crossing without right-of-way (at intersection),,,,pedestrian,,Spadina-Fort York (10),52 Division,Yonge-Bay Corridor,FALSE,FALSE,FALSE,FALSE,FALSE,FALSE,TRUE,FALSE,FALSE,FALSE,"{""coordinates"": [[-79.38659288275697, 43.650777187144655]], ""type"": ""MultiPoint""}"
12111,2014:4003072697,2014-10-09T12:40:00,DON MILLS RD,DUNCAN MILL RD,,2,Non-Fatal Injury,At Intersection,Traffic Signal,Pedestrian Collision (internal code),Clear,Daylight,Dry,Major Arterial,FALSE,-79.34718665,43.76167812,1,Truck - Open (Flatbed),West,1,31,None,Lap and Shoulder Belt,Failed to yield right-of-way,Inattentive,,,Turning Left,,,,,driver,,Don Valley East (16),33 Division,Parkwoods-O'Connor Hills,TRUE,TRUE,FALSE,FALSE,FALSE,FALSE,TRUE,FALSE,FALSE,TRUE,"{""coordinates"": [[-79.34718665242455, 43.76167811507054]], ""type"": ""MultiPoint""}"
12114,2014:4003078638,2014-10-10T11:38:00,F G GARDINER XY W,PARKSIDE DR,,2,Non-Fatal Injury,Non-Intersection,No Control,Pedestrian Collision (internal code),Clear,Daylight,Dry,,FALSE,-79.44694902,43.63791028,0,Automobile or Station Wagon,West,2,37,None,,Driving properly,Normal,,,Going Ahead,,,,,driver,,Parkdale-High Park (4),11 Division,South Parkdale,FALSE,FALSE,FALSE,FALSE,FALSE,FALSE,TRUE,FALSE,FALSE,FALSE,"{""coordinates"": [[-79.44694902253788, 43.637910281270926]], ""type"": ""MultiPoint""}"