_id,collision_id,accdate,stname1,stname2,stname3,per_inv,acclass,accloc,traffictl,impactype,visible,light,rdsfcond,road_class,failtorem,longitude,latitude,veh_no,vehtype,initdir,per_no,invage,injury,safequip,drivact,drivcond,pedact,pedcond,manoeuvre,pedtype,cyclistype,cycact,cyccond,road_user,fatal_no,wardname,division,neighbourhood,aggressive,distracted,cyclist,motorcyclist,other_micromobility,older_adult,pedestrian,red_light,school_child,heavy_truck,geometry
12170,2014:4003538995,2014-12-23T16:38:00,MOUNT PLEASANT RD,MERTON ST,,2,Non-Fatal Injury,At Intersection,Traffic Signal,Pedestrian Collision (internal code),Rain,Dusk,Wet,Major Arterial,FALSE,-79.38647081,43.69816018,1,Automobile or Station Wagon,East,1,80,None,Lap and Shoulder Belt,Failed to yield right-of-way,Inattentive,,,Turning Left,,,,,driver,,Don Valley West (15),53 Division,Mount Pleasant East,TRUE,TRUE,FALSE,FALSE,FALSE,TRUE,TRUE,FALSE,FALSE,FALSE,"{""coordinates"": [[-79.38647080976973, 43.6981601760925]], ""type"": ""MultiPoint""}"
12171,2014:4003541767,2014-12-24T06:35:00,FINCH AVE E,BRIDLETOWNE CRCL,,2,Non-Fatal Injury,At Intersection,Traffic Signal,Pedestrian Collision (internal code),"Airborne Matter (Fog, Mist, Smoke, Dust)",Dark with Artificial Lighting,Wet,Major Arterial,FALSE,-79.31227456,43.79738007,1,Automobile or Station Wagon,East,1,59,None,Lap and Shoulder Belt,Failed to yield right-of-way,Inattentive,,,Turning Left,,,,,driver,,Scarborough-Agincourt (22),42 Division,East L'Amoreaux,TRUE,TRUE,FALSE,FALSE,FALSE,FALSE,TRUE,FALSE,FALSE,FALSE,"{""coordinates"": [[-79.31227456147805, 43.79738007411691]], ""type"": ""MultiPoint""}"
12172,2014:4003544666,2014-12-24T18:00:00,ALTON TOWERS CRCL,INGLETON BLVD,,2,Non-Fatal Injury,At Intersection,Pedestrian Crossover,Pedestrian Collision (internal code),Rain,Dark with Artificial Lighting,Wet,Collector,TRUE,-79.27244148,43.82296903,1,Unknown,West,1,,None,Use Unknown,Failed to yield right-of-way,Unknown,,,Going Ahead,,,,,driver,,Scarborough North (23),42 Division,Milliken,TRUE,FALSE,FALSE,FALSE,FALSE,TRUE,TRUE,FALSE,FALSE,FALSE,"{""coordinates"": [[-79.27244147618183, 43.82296903060837]], ""type"": ""MultiPoint""}"
12176,2014:4003564717,2014-12-29T00:22:00,KINGSTON RD,LAWSON RD,,2,Non-Fatal Injury,At Intersection,Traffic Signal,Pedestrian Collision (internal code),Clear,Dark with Artificial Lighting,Dry,Minor Arterial,FALSE,-79.16874236,43.78452792,1,Automobile or Station Wagon,North,1,41,None,Lap and Shoulder Belt,Failed to yield right-of-way,Normal,,,Turning Left,,,,,driver,,Scarborough-Rouge Park (25),43 Division,Centennial Scarborough,TRUE,FALSE,FALSE,FALSE,FALSE,TRUE,TRUE,FALSE,FALSE,FALSE,"{""coordinates"": [[-79.16874236278818, 43.78452791942994]], ""type"": ""MultiPoint""}"
12177,2015:5000020238,2015-01-04T19:04:00,BATHURST ST,COLLEGE ST,60 m North of,2,Non-Fatal Injury,Non-Intersection,Pedestrian Crossover,Pedestrian Collision (internal code),Snow,Dark with Artificial Lighting,Wet,Major Arterial,FALSE,-79.40820691,43.65766322,1,Automobile or Station Wagon,North,1,70,None,No Equipment Available,Failed to yield right-of-way,Normal,,,Going Ahead,,,,,driver,,University-Rosedale (11),14 Division,University,TRUE,FALSE,FALSE,FALSE,FALSE,TRUE,TRUE,FALSE,FALSE,FALSE,"{""coordinates"": [[-79.4082069140132, 43.657663217219294]], ""type"": ""MultiPoint""}"
12178,2015:5000051256,2015-01-09T21:48:00,SPADINA AVE,ST ANDREW ST,6 m North of,2,Non-Fatal Injury,Intersection-Related,Traffic Signal,Cyclist Collision (internal code),Clear,Dark with Artificial Lighting,Wet,Major Arterial,FALSE,-79.3986399,43.6543822,1,Bicycle,South,1,36,Major,No Equipment Available,,,,,Turning Left,,Cyclist turns left into path of driver,Improper Turn,Had Been Drinking,cyclist,,University-Rosedale (11),14 Division,Kensington-Chinatown,FALSE,FALSE,TRUE,FALSE,FALSE,FALSE,FALSE,FALSE,FALSE,TRUE,"{""coordinates"": [[-79.39863990064262, 43.65438220405278]], ""type"": ""MultiPoint""}"
12179,2015:5000058130,2015-01-11T03:38:00,KINGSTON RD,WARDEN AVE,,2,Non-Fatal Injury,At Intersection,Traffic Signal,Cyclist Collision (internal code),Clear,Dark with Artificial Lighting,Dry,Major Arterial,FALSE,-79.27090861,43.68774602,1,Bicycle,East,1,27,Major,Use Unknown,,,,,Other,,Sideswipe with cyclist and driver travelling in same direction,Disobeyed Traffic Control,Unknown,cyclist,,Scarborough Southwest (20),41 Division,Birchcliffe-Cliffside,FALSE,FALSE,TRUE,FALSE,FALSE,FALSE,FALSE,FALSE,FALSE,FALSE,"{""coordinates"": [[-79.2709086114681, 43.68774601730715]], ""type"": ""MultiPoint""}"
12180,2015:5000193520,2015-01-18T11:30:00,ALBERTUS AVE,YONGE ST,3 m  of,2,Non-Fatal Injury,Non-Intersection,No Control,Pedestrian Collision (internal code),Clear,Daylight,Wet,Major Arterial,FALSE,-79.40002881,43.71455519,1,,Unknown,2,32,Major,No Equipment Available,,,Other,Normal,,Driver going straight hits pedestrian crossing without right-of-way (at intersection),,,,pedestrian,,Don Valley West (15),53 Division,Mount Pleasant East,FALSE,FALSE,FALSE,FALSE,FALSE,FALSE,TRUE,FALSE,FALSE,FALSE,"{""coordinates"": [[-79.40002880875997, 43.714555190395366]], ""type"": ""MultiPoint""}"
12182,2015:5000204308,2015-01-26T04:00:00,SOUTH STATION ST,LAWRENCE AVE W,,2,Non-Fatal Injury,Non-Intersection,No Control,Pedestrian Collision (internal code),Clear,Dark,Dry,Local,TRUE,-79.51569003,43.70090635,1,,South,2,54,Major,Use Unknown,,,On sidewalk or shoulder,Normal,,Driver hits pedestrian on sidewalk or shoulder,,,,pedestrian,,York South-Weston (5),12 Division,Weston,FALSE,FALSE,FALSE,FALSE,FALSE,FALSE,TRUE,FALSE,FALSE,FALSE,"{""coordinates"": [[-79.5156900320784, 43.70090634858253]], ""type"": ""MultiPoint""}"
12184,2015:5000163823,2015-01-28T14:50:00,MIDLAND AVE,SILVER STAR BLVD,,2,Non-Fatal Injury,At Intersection,Traffic Signal,Pedestrian Collision (internal code),Clear,Daylight,Dry,Major Arterial,FALSE,-79.28879152,43.80703905,1,,East,2,43,Major,No Equipment Available,,,Crossing with right-of-way (intersection),Unknown,,Driver turns left into pedestrian crossing with right-of-way (at intersection),,,,pedestrian,,Scarborough North (23),42 Division,Agincourt North,TRUE,FALSE,FALSE,FALSE,FALSE,FALSE,TRUE,FALSE,FALSE,FALSE,"{""coordinates"": [[-79.28879151548493, 43.807039047538545]], ""type"": ""MultiPoint""}"
12186,2015:5000232686,2015-02-09T06:17:00,JONES AVE,HAZELWOOD AVE,,3,Non-Fatal Injury,At Intersection,Pedestrian Crossover,Pedestrian Collision (internal code),Clear,Dark with Artificial Lighting,Wet,Minor Arterial,FALSE,-79.33980975,43.67906011,1,Automobile or Station Wagon,North,1,54,None,Lap and Shoulder Belt,Failed to yield right-of-way,Normal,,,Going Ahead,,,,,driver,,Toronto-Danforth (14),55 Division,Blake-Jones,TRUE,FALSE,FALSE,FALSE,FALSE,FALSE,TRUE,FALSE,FALSE,FALSE,"{""coordinates"": [[-79.33980975147794, 43.67906011445443]], ""type"": ""MultiPoint""}"
12188,2015:5000276965,2015-02-16T14:10:00,2609 EGLINTON AVE W,,,6,Non-Fatal Injury,Non-Intersection,No Control,Pedestrian Collision (internal code),Clear,Daylight,Dry,Major Arterial,FALSE,-79.47505599,43.6901493,1,,,3,26,None,Lap and Shoulder Belt,,,,,,,,,,passenger,,York South-Weston (5),12 Division,Keelesdale-Eglinton West,FALSE,TRUE,FALSE,FALSE,FALSE,FALSE,TRUE,FALSE,FALSE,FALSE,"{""coordinates"": [[-79.4750559857622, 43.69014930098556]], ""type"": ""MultiPoint""}"
12189,2015:5000276965,2015-02-16T14:10:00,2609 EGLINTON AVE W,,,6,Non-Fatal Injury,Non-Intersection,No Control,Pedestrian Collision (internal code),Clear,Daylight,Dry,Major Arterial,FALSE,-79.47505599,43.6901493,1,,North,6,44,Major,No Equipment Available,,,Running onto roadway,Inattentive,,Driver hits pedestrian at midblock,,,,pedestrian,,York South-Weston (5),12 Division,Keelesdale-Eglinton West,FALSE,TRUE,FALSE,FALSE,FALSE,FALSE,TRUE,FALSE,FALSE,FALSE,"{""coordinates"": [[-79.4750559857622, 43.69014930098556]], ""type"": ""MultiPoint""}"
12190,2015:5000276965,2015-02-16T14:10:00,2609 EGLINTON AVE W,,,6,Non-Fatal Injury,Non-Intersection,No Control,Pedestrian Collision (internal code),Clear,Daylight,Dry,Major Arterial,FALSE,-79.47505599,43.6901493,1,,,5,28,None,Lap and Shoulder Belt,,,,,,,,,,passenger,,York South-Weston (5),12 Division,Keelesdale-Eglinton West,FALSE,TRUE,FALSE,FALSE,FALSE,FALSE,TRUE,FALSE,FALSE,FALSE,"{""coordinates"": [[-79.4750559857622, 43.69014930098556]], ""type"": ""MultiPoint""}"
12192,2015:5000296206,2015-02-19T16:10:00,BATHURST ST,RICHMOND ST W,,3,Non-Fatal Injury,At Intersection,Traffic Signal,Pedestrian Collision (internal code),Clear,Daylight,Dry,Major Arterial,FALSE,-79.40375192,43.64645921,1,Automobile or Station Wagon,West,1,38,None,Lap and Shoulder Belt,Improper turn,Inattentive,,,Turning Left,,,,,driver,,Spadina-Fort York (10),14 Division,Wellington Place,FALSE,TRUE,FALSE,FALSE,FALSE,TRUE,TRUE,FALSE,FALSE,FALSE,"{""coordinates"": [[-79.40375192311458, 43.64645921371505]], ""type"": ""MultiPoint""}"
12193,2015:5000304693,2015-02-21T00:45:00,MCCOWAN RD,TOWN CENTRE CRT,,2,Non-Fatal Injury,At Intersection,Traffic Signal,Pedestrian Collision (internal code),Clear,Dark with Artificial Lighting,Dry,Major Arterial,FALSE,-79.25220048,43.7745,1,,East,2,22,Major,Use Unknown,,,Running onto roadway,Had Been Drinking,,Driver going straight hits pedestrian crossing without right-of-way (at intersection),,,,pedestrian,,Scarborough-Guildwood (24),43 Division,Woburn North,FALSE,FALSE,FALSE,FALSE,FALSE,FALSE,TRUE,FALSE,FALSE,FALSE,"{""coordinates"": [[-79.25220048392781, 43.774500000191445]], ""type"": ""MultiPoint""}"
12194,2015:5000324381,2015-02-24T13:27:00,BLEECKER ST,WELLESLEY ST E,,2,Non-Fatal Injury,Intersection-Related,Stop Sign,Pedestrian Collision (internal code),Clear,Daylight,Wet,Minor Arterial,FALSE,-79.37376783,43.66728416,1,Automobile or Station Wagon,North,1,34,None,Lap and Shoulder Belt,Other,Normal,,,Reversing,,,,,driver,,Toronto Centre (13),51 Division,Cabbagetown-South St.James Town,FALSE,FALSE,FALSE,FALSE,FALSE,TRUE,TRUE,FALSE,FALSE,FALSE,"{""coordinates"": [[-79.37376783291909, 43.66728416485556]], ""type"": ""MultiPoint""}"
12195,2015:5000359442,2015-03-02T11:04:00,MARKHAM RD,PROGRESS AVE,,2,Non-Fatal Injury,Non-Intersection,No Control,Pedestrian Collision (internal code),Clear,Daylight,Dry,Major Arterial,FALSE,-79.23347045,43.78075598,1,,West,2,19,None,Lap and Shoulder Belt,,,Running onto roadway,Inattentive,,Driver hits pedestrian at midblock,,,,pedestrian,,Scarborough-Guildwood (24),43 Division,Woburn North,FALSE,TRUE,FALSE,FALSE,FALSE,FALSE,TRUE,FALSE,TRUE,TRUE,"{""coordinates"": [[-79.23347045290876, 43.78075598223736]], ""type"": ""MultiPoint""}"
12197,2015:5000374925,2015-03-04T18:55:00,FINCH AVE E,SENECA HILL DR,,4,Non-Fatal Injury,At Intersection,Traffic Signal,Pedestrian Collision (internal code),Snow,Dark with Artificial Lighting,Wet,Major Arterial,FALSE,-79.35039863,43.79355812,1,Automobile or Station Wagon,West,1,38,None,Use Unknown,Improper turn,Unknown,,,Turning Left,,,,,driver,,Don Valley North (17),33 Division,Don Valley Village,FALSE,FALSE,FALSE,FALSE,FALSE,FALSE,TRUE,FALSE,FALSE,FALSE,"{""coordinates"": [[-79.35039862620161, 43.79355811878933]], ""type"": ""MultiPoint""}"
12198,2015:5000374925,2015-03-04T18:55:00,FINCH AVE E,SENECA HILL DR,,4,Non-Fatal Injury,At Intersection,Traffic Signal,Pedestrian Collision (internal code),Snow,Dark with Artificial Lighting,Wet,Major Arterial,FALSE,-79.35039863,43.79355812,2,,Unknown,4,25,Major,Use Unknown,,,On sidewalk or shoulder,Normal,,Driver hits pedestrian on sidewalk or shoulder,,,,pedestrian,,Don Valley North (17),33 Division,Don Valley Village,FALSE,FALSE,FALSE,FALSE,FALSE,FALSE,TRUE,FALSE,FALSE,FALSE,"{""coordinates"": [[-79.35039862620161, 43.79355811878933]], ""type"": ""MultiPoint""}"
12202,2015:5000407299,2015-03-10T08:20:00,WARDEN AVE,CONTINENTAL PL,10 m North of,3,Non-Fatal Injury,At Intersection,No Control,Pedestrian Collision (internal code),Clear,Daylight,Dry,Major Arterial,FALSE,-79.30125757,43.76349006,1,Automobile or Station Wagon,North,1,32,None,Lap and Shoulder Belt,Driving properly,Normal,,,Going Ahead,,,,,driver,,Scarborough Centre (21),41 Division,Wexford/Maryvale,FALSE,TRUE,FALSE,FALSE,FALSE,FALSE,TRUE,FALSE,FALSE,FALSE,"{""coordinates"": [[-79.30125757432796, 43.76349005868842]], ""type"": ""MultiPoint""}"
12203,2015:5000423922,2015-03-12T19:30:00,FALMOUTH AVE,EGLINTON AVE E,,2,Non-Fatal Injury,At Intersection,Traffic Signal,Pedestrian Collision (internal code),Clear,Dark with Artificial Lighting,Dry,Major Arterial,FALSE,-79.25314652,43.735574,1,Automobile or Station Wagon,North,1,23,None,Lap and Shoulder Belt,Failed to yield right-of-way,Inattentive,,,Turning Left,,,,,driver,,Scarborough Southwest (20),41 Division,Kennedy Park,TRUE,TRUE,FALSE,FALSE,FALSE,FALSE,TRUE,FALSE,FALSE,FALSE,"{""coordinates"": [[-79.25314652227367, 43.73557399638292]], ""type"": ""MultiPoint""}"
12204,2015:5000456484,2015-03-18T10:50:00,LAWRENCE AVE W,KEELE ST,98 m West of,2,Non-Fatal Injury,Non-Intersection,No Control,Pedestrian Collision (internal code),Clear,Daylight,Dry,Major Arterial,FALSE,-79.47915296,43.7082803,1,,North,2,77,Major,Use Unknown,,,Crossing - no traffic control,Inattentive,,Driver hits pedestrian at midblock,,,,pedestrian,,York South-Weston (5),12 Division,Brookhaven-Amesbury,FALSE,TRUE,FALSE,FALSE,FALSE,TRUE,TRUE,FALSE,FALSE,FALSE,"{""coordinates"": [[-79.47915296096977, 43.708280298610774]], ""type"": ""MultiPoint""}"
12208,2015:5000471900,2015-03-20T20:20:00,KING ST W,TYNDALL AVE,,2,Non-Fatal Injury,At Intersection,Stop Sign,Cyclist Collision (internal code),Clear,Dark with Artificial Lighting,Dry,Major Arterial,FALSE,-79.42912699,43.63857025,2,Bicycle,West,2,49,Major,No Equipment Available,,,,,Going Ahead,,Driver turns left into path of cyclist,Driving Properly,Normal,cyclist,,Parkdale-High Park (4),14 Division,South Parkdale,TRUE,TRUE,TRUE,FALSE,FALSE,FALSE,FALSE,FALSE,FALSE,FALSE,"{""coordinates"": [[-79.42912698600863, 43.63857025413313]], ""type"": ""MultiPoint""}"
12209,2015:5000486236,2015-03-23T11:00:00,HOMEWOOD AVENUE,MAITLAND PLACE,,2,Non-Fatal Injury,At Intersection,Stop Sign,Cyclist Collision (internal code),Clear,Daylight,Dry,Collector,FALSE,-79.37552284,43.66572717,2,Automobile or Station Wagon,South,2,63,None,Lap and Shoulder Belt,Driving properly,Normal,,,Going Ahead,,,,,driver,,Toronto Centre (13),51 Division,Cabbagetown-South St.James Town,FALSE,TRUE,TRUE,FALSE,FALSE,FALSE,FALSE,FALSE,TRUE,FALSE,"{""coordinates"": [[-79.37552283861478, 43.66572716770435]], ""type"": ""MultiPoint""}"
12212,2015:5000549380,2015-04-02T19:51:00,DON MILLS RD,LEITH HILL RD,,3,Non-Fatal Injury,At Intersection,Traffic Signal,Pedestrian Collision (internal code),Rain,Dark with Artificial Lighting,Wet,Major Arterial,FALSE,-79.34788864,43.77711612,1,,West,3,53,Major,No Equipment Available,,,Crossing with right-of-way (intersection),Unknown,,Driver going straight hits pedestrian crossing with right-of-way (at intersection),,,,pedestrian,,Don Valley North (17),33 Division,Don Valley Village,TRUE,FALSE,FALSE,FALSE,FALSE,FALSE,TRUE,TRUE,FALSE,FALSE,"{""coordinates"": [[-79.34788863837728, 43.77711611588579]], ""type"": ""MultiPoint""}"
12213,2015:5000549380,2015-04-02T19:51:00,DON MILLS RD,LEITH HILL RD,,3,Non-Fatal Injury,At Intersection,Traffic Signal,Pedestrian Collision (internal code),Rain,Dark with Artificial Lighting,Wet,Major Arterial,FALSE,-79.34788864,43.77711612,1,,,2,20,None,Lap and Shoulder Belt,,,,,,,,,,passenger,,Don Valley North (17),33 Division,Don Valley Village,TRUE,FALSE,FALSE,FALSE,FALSE,FALSE,TRUE,TRUE,FALSE,FALSE,"{""coordinates"": [[-79.34788863837728, 43.77711611588579]], ""type"": ""MultiPoint""}"
12215,2015:5000560374,2015-04-04T20:28:00,JANE ST,EAST DR,,3,Non-Fatal Injury,Intersection-Related,Traffic Signal,Pedestrian Collision (internal code),Snow,Dark with Artificial Lighting,Wet,Major Arterial,FALSE,-79.49685305,43.67893034,1,Automobile or Station Wagon,South,1,74,None,Lap and Shoulder Belt,Driving properly,Normal,,,Going Ahead,,,,,driver,,York South-Weston (5),12 Division,Rockcliffe-Smythe,FALSE,FALSE,FALSE,FALSE,FALSE,TRUE,TRUE,FALSE,FALSE,FALSE,"{""coordinates"": [[-79.49685304660036, 43.678930336716775]], ""type"": ""MultiPoint""}"
12216,2015:5000563919,2015-04-05T14:33:00,DON VALLEY PARKWAY S,SPANBRIDGE,185 m South of,2,Non-Fatal Injury,Non-Intersection,No Control,Sideswipe,Clear,Daylight,Dry,,TRUE,-79.32657968,43.71161409,1,Unknown,South,1,,None,Use Unknown,Improper lane change,Unknown,,,Changing Lanes,,,,,driver,,Don Valley East (16),55 Division,Flemingdon Park,FALSE,FALSE,FALSE,FALSE,FALSE,FALSE,FALSE,FALSE,FALSE,FALSE,"{""coordinates"": [[-79.3265796819054, 43.711614092798186]], ""type"": ""MultiPoint""}"
12217,2015:5000573038,2015-04-07T09:44:00,THELMA AVE,SPADINA RD,20 m East of,2,Non-Fatal Injury,Intersection-Related,Stop Sign,Pedestrian Collision (internal code),Clear,Daylight,Dry,Minor Arterial,FALSE,-79.41299887,43.68942021,1,Automobile or Station Wagon,West,1,48,None,Lap and Shoulder Belt,Other,Normal,,,Reversing,,,,,driver,,Toronto-St. Paul's (12),53 Division,Forest Hill South,FALSE,FALSE,FALSE,FALSE,FALSE,FALSE,TRUE,FALSE,FALSE,FALSE,"{""coordinates"": [[-79.41299887226074, 43.68942021499328]], ""type"": ""MultiPoint""}"
12218,2015:5000580621,2015-04-08T14:27:00,APEX RD,LAWRENCE AVE W,,2,Non-Fatal Injury,At Intersection,Traffic Signal,Pedestrian Collision (internal code),Rain,Daylight,Wet,Major Arterial,FALSE,-79.45858392,43.71326627,1,Automobile or Station Wagon,South,1,66,None,Lap and Shoulder Belt,Failed to yield right-of-way,Inattentive,,,Turning Left,,,,,driver,,Eglinton-Lawrence (8),13 Division,Yorkdale-Glen Park,TRUE,TRUE,FALSE,FALSE,FALSE,TRUE,TRUE,FALSE,FALSE,FALSE,"{""coordinates"": [[-79.45858391534193, 43.71326626892513]], ""type"": ""MultiPoint""}"
12219,2015:5000591639,2015-04-10T11:54:00,DAWES RD,DANFORTH AVE,24 m South of,3,Non-Fatal Injury,Non-Intersection,No Control,Pedestrian Collision (internal code),Clear,Daylight,Dry,Major Arterial,FALSE,-79.29676466,43.68928705,2,Automobile or Station Wagon,South,1,45,None,Use Unknown,Other,Unknown,,,Parked,,,,,driver,,Beaches-East York (19),55 Division,East End-Danforth,FALSE,TRUE,FALSE,FALSE,FALSE,TRUE,TRUE,FALSE,FALSE,FALSE,"{""coordinates"": [[-79.29676465742014, 43.68928705333636]], ""type"": ""MultiPoint""}"
12222,2015:5000669908,2015-04-23T06:48:00,NEILSON RD,CROW TRL,,2,Non-Fatal Injury,At Intersection,Traffic Signal,Pedestrian Collision (internal code),Clear,Daylight,Dry,Minor Arterial,FALSE,-79.22574242,43.81220398,1,Automobile or Station Wagon,North,1,60,None,Lap and Shoulder Belt,Driving properly,Normal,,,Going Ahead,,,,,driver,,Scarborough North (23),42 Division,Malvern West,FALSE,FALSE,FALSE,FALSE,FALSE,TRUE,TRUE,FALSE,FALSE,FALSE,"{""coordinates"": [[-79.22574241856786, 43.8122039806376]], ""type"": ""MultiPoint""}"
12223,2015:5000670962,2015-04-23T10:18:00,VICTORIA PARK AVE,ST CLAIR AVE E,,2,Non-Fatal Injury,At Intersection,Traffic Controller,Pedestrian Collision (internal code),Clear,Daylight,Dry,Major Arterial,FALSE,-79.29594763,43.70870405,1,Automobile or Station Wagon,South,1,87,None,Lap and Shoulder Belt,Driving properly,Normal,,,Going Ahead,,,,,driver,,Scarborough Southwest (20),41 Division,Clairlea-Birchmount,FALSE,FALSE,FALSE,FALSE,FALSE,TRUE,TRUE,FALSE,FALSE,FALSE,"{""coordinates"": [[-79.29594763083092, 43.70870405183044]], ""type"": ""MultiPoint""}"
12224,2015:5000678140,2015-04-24T12:56:00,BROADVIEW AVE,DEARBOURNE AVE,6 m South of,2,Non-Fatal Injury,Intersection-Related,Stop Sign,Pedestrian Collision (internal code),Clear,Daylight,Dry,Minor Arterial,FALSE,-79.35807379,43.67539014,1,Automobile or Station Wagon,West,1,62,None,Lap and Shoulder Belt,Failed to yield right-of-way,Normal,,,Turning Left,,,,,driver,,Toronto-Danforth (14),55 Division,North Riverdale,TRUE,FALSE,FALSE,FALSE,FALSE,TRUE,TRUE,FALSE,FALSE,FALSE,"{""coordinates"": [[-79.35807379112678, 43.67539014089584]], ""type"": ""MultiPoint""}"
12225,2015:5000706229,2015-04-29T00:40:00,MARTIN GROVE RD,DIXON RD,,2,Non-Fatal Injury,At Intersection,Traffic Signal,Pedestrian Collision (internal code),Clear,Dark with Artificial Lighting,Dry,Major Arterial,FALSE,-79.57082012,43.69157942,1,,North,2,26,Major,No Equipment Available,,,Crossing with right-of-way (intersection),Normal,,Driver turns left into pedestrian crossing with right-of-way (at intersection),,,,pedestrian,,Etobicoke Centre (2),23 Division,West Humber-Clairville,TRUE,TRUE,FALSE,FALSE,FALSE,FALSE,TRUE,FALSE,FALSE,FALSE,"{""coordinates"": [[-79.57082011994653, 43.69157941809873]], ""type"": ""MultiPoint""}"
12226,2015:5000760761,2015-05-07T16:31:00,MARKHAM RD,GREENCREST CRCT,2 m North of,3,Non-Fatal Injury,At Intersection,Traffic Signal,Pedestrian Collision (internal code),Clear,Daylight,Dry,Major Arterial,FALSE,-79.22467449,43.75776873,1,Automobile or Station Wagon,North,1,29,None,Lap and Shoulder Belt,Driving properly,Normal,,,Going Ahead,,,,,driver,,Scarborough-Guildwood (24),43 Division,Golfdale-Cedarbrae-Woburn,FALSE,TRUE,FALSE,FALSE,FALSE,FALSE,TRUE,FALSE,TRUE,FALSE,"{""coordinates"": [[-79.22467449160636, 43.7577687311356]], ""type"": ""MultiPoint""}"
12227,2015:5000778695,2015-05-10T10:58:00,DON VALLEY PARKWAY S,LEASIDE BDGE,,2,Non-Fatal Injury,Non-Intersection,No Control,Pedestrian Collision (internal code),Clear,Daylight,Dry,,FALSE,-79.34843874,43.69795412,1,,Unknown,2,33,Major,Use Unknown,,,Other,Unknown,,Driver hits pedestrian at midblock,,,,pedestrian,,Toronto-Danforth (14),55 Division,Old East York,FALSE,FALSE,FALSE,FALSE,FALSE,FALSE,TRUE,FALSE,FALSE,FALSE,"{""coordinates"": [[-79.34843874060759, 43.69795412399883]], ""type"": ""MultiPoint""}"
12228,2015:5000780857,2015-05-10T18:30:00,50 CARLTON ST,,4 m South of,2,Non-Fatal Injury,Non-Intersection,No Control,Cyclist Collision (internal code),Clear,Daylight,Dry,Major Arterial,FALSE,-79.38018484,43.66162712,2,Truck - Closed,West,2,45,None,Lap and Shoulder Belt,Driving properly,Normal,,,Going Ahead,,,,,driver,,Toronto Centre (13),51 Division,Downtown Yonge East,FALSE,FALSE,TRUE,FALSE,FALSE,FALSE,FALSE,FALSE,FALSE,TRUE,"{""coordinates"": [[-79.38018483566168, 43.66162712212585]], ""type"": ""MultiPoint""}"
12230,2018:8001007364,2018-06-03T22:38:00,DANFORTH AVE,GLEDHILL AVE,,3,Non-Fatal Injury,At Intersection,Traffic Signal,Pedestrian Collision (internal code),Clear,Dark,Dry,Major Arterial,FALSE,-79.30852939,43.68657132,1,,,2,23,None,Lap and Shoulder Belt,,,,,,,,,,passenger,,Beaches-East York (19),55 Division,East End-Danforth,FALSE,TRUE,FALSE,FALSE,FALSE,TRUE,TRUE,FALSE,FALSE,FALSE,"{""coordinates"": [[-79.30852939128651, 43.686571322033586]], ""type"": ""MultiPoint""}"
12231,2015:5000804946,2015-05-14T15:38:00,DUNVEGAN RD,ST CLAIR AVE W,,3,Non-Fatal Injury,Non-Intersection,No Control,Cyclist Collision (internal code),Clear,Daylight,Dry,Local,FALSE,-79.40506386,43.6867122,2,Bicycle,North,2,22,Major,Helmet,,,,,Going Ahead,,Driver turns left into path of cyclist,Driving Properly,Normal,cyclist,,Toronto-St. Paul's (12),53 Division,Casa Loma,FALSE,FALSE,TRUE,FALSE,FALSE,FALSE,FALSE,FALSE,TRUE,FALSE,"{""coordinates"": [[-79.40506386187568, 43.68671220469553]], ""type"": ""MultiPoint""}"
12232,2015:5000804946,2015-05-14T15:38:00,DUNVEGAN RD,ST CLAIR AVE W,,3,Non-Fatal Injury,Non-Intersection,No Control,Cyclist Collision (internal code),Clear,Daylight,Dry,Local,FALSE,-79.40506386,43.6867122,1,,,3,4,None,Lap and Shoulder Belt,,,,,,,,,,passenger,,Toronto-St. Paul's (12),53 Division,Casa Loma,FALSE,FALSE,TRUE,FALSE,FALSE,FALSE,FALSE,FALSE,TRUE,FALSE,"{""coordinates"": [[-79.40506386187568, 43.68671220469553]], ""type"": ""MultiPoint""}"
12233,2015:5000814166,2015-05-16T02:11:00,755 QUEEN ST E,,10 m North of,5,Non-Fatal Injury,Non-Intersection,No Control,Pedestrian Collision (internal code),Clear,Dark with Artificial Lighting,Dry,Minor Arterial,TRUE,-79.3479268,43.65929213,1,,,4,23,None,Use Unknown,,,,,,,,,,passenger,,Toronto-Danforth (14),55 Division,South Riverdale,FALSE,FALSE,FALSE,FALSE,FALSE,FALSE,TRUE,FALSE,FALSE,FALSE,"{""coordinates"": [[-79.34792679501787, 43.65929212870359]], ""type"": ""MultiPoint""}"