_id,collision_id,accdate,stname1,stname2,stname3,per_inv,acclass,accloc,traffictl,impactype,visible,light,rdsfcond,road_class,failtorem,longitude,latitude,veh_no,vehtype,initdir,per_no,invage,injury,safequip,drivact,drivcond,pedact,pedcond,manoeuvre,pedtype,cyclistype,cycact,cyccond,road_user,fatal_no,wardname,division,neighbourhood,aggressive,distracted,cyclist,motorcyclist,other_micromobility,older_adult,pedestrian,red_light,school_child,heavy_truck,geometry
12294,2015:5001362618,2015-08-09T07:00:00,FINCH AVE E,BIRCHMOUNT RD,,2,Non-Fatal Injury,At Intersection,Traffic Signal,Pedestrian Collision (internal code),Clear,Daylight,Dry,Major Arterial,FALSE,-79.30598055,43.79898207,1,Automobile or Station Wagon,East,1,56,None,Lap and Shoulder Belt,Failed to yield right-of-way,Normal,,,Turning Right,,,,,driver,,Scarborough-Agincourt (22),42 Division,East L'Amoreaux,TRUE,FALSE,FALSE,FALSE,FALSE,TRUE,TRUE,FALSE,FALSE,FALSE,"{""coordinates"": [[-79.30598054996359, 43.798982066853284]], ""type"": ""MultiPoint""}"
12296,2015:5001375207,2015-08-11T09:20:00,ANNETTE ST,KEELE ST,,2,Non-Fatal Injury,At Intersection,Traffic Signal,Cyclist Collision (internal code),Clear,Daylight,Dry,Major Arterial,FALSE,-79.46379501,43.6636413,1,Truck - Open (Flatbed),West,1,66,None,Lap and Shoulder Belt,Improper turn,Inattentive,,,Turning Right,,,,,driver,,Parkdale-High Park (4),11 Division,Junction Area,FALSE,TRUE,TRUE,FALSE,FALSE,TRUE,FALSE,FALSE,FALSE,TRUE,"{""coordinates"": [[-79.46379501117268, 43.6636412961891]], ""type"": ""MultiPoint""}"
12297,2015:5001378649,2015-08-11T18:40:00,HAKIMI AVE,ASHTONBEE RD,97 m South of,2,Non-Fatal Injury,Non-Intersection,Stop Sign,Pedestrian Collision (internal code),Clear,Daylight,Dry,Local,FALSE,-79.2916986,43.72903205,1,Automobile or Station Wagon,East,1,43,None,Lap and Shoulder Belt,Improper turn,Inattentive,,,Turning Left,,,,,driver,,Scarborough Centre (21),41 Division,Wexford/Maryvale,FALSE,TRUE,FALSE,FALSE,FALSE,TRUE,TRUE,FALSE,FALSE,FALSE,"{""coordinates"": [[-79.29169859717015, 43.7290320459254]], ""type"": ""MultiPoint""}"
12298,2015:5001383996,2015-08-12T15:24:00,WILSON AVE,KELVIN AVE,,2,Non-Fatal Injury,At Intersection,Stop Sign,Cyclist Collision (internal code),Clear,Daylight,Dry,Major Arterial,FALSE,-79.53189503,43.71568836,1,Bicycle,North,1,16,Major,Equipment Not Used But Available,,,,,Going Ahead,,"Cyclist without right-of-way rides into path of driver (at intersection, laneway, or driveway)",Failed to Yield Right of Way,Inattentive,cyclist,,Humber River-Black Creek (7),31 Division,Pelmo Park-Humberlea,FALSE,TRUE,TRUE,FALSE,FALSE,FALSE,FALSE,FALSE,TRUE,FALSE,"{""coordinates"": [[-79.53189502531525, 43.71568835958731]], ""type"": ""MultiPoint""}"
12299,2015:5001379991,2015-08-12T23:07:00,ST CLAIR AVE W,KEELE ST,,2,Non-Fatal Injury,At Intersection,Traffic Signal,Pedestrian Collision (internal code),Clear,Dark with Artificial Lighting,Dry,Major Arterial,FALSE,-79.46761,43.6725213,1,,Unknown,2,19,Major,No Equipment Available,,,Crossing without right-of-way (intersection),Inattentive,,Driver going straight hits pedestrian crossing without right-of-way (at intersection),,,,pedestrian,,York South-Weston (5),11 Division,Junction Area,FALSE,TRUE,FALSE,FALSE,FALSE,FALSE,TRUE,FALSE,TRUE,FALSE,"{""coordinates"": [[-79.46761000292028, 43.67252129801143]], ""type"": ""MultiPoint""}"
12300,2015:5001404450,2015-08-15T21:00:00,DUFFERIN ST,HUNTER AVE,,2,Non-Fatal Injury,At Intersection,No Control,Cyclist Collision (internal code),Clear,Dark with Artificial Lighting,Dry,Major Arterial,FALSE,-79.44974193,43.69442526,1,Automobile or Station Wagon,North,1,72,None,Use Unknown,Improper turn,Normal,,,Turning Left,,,,,driver,,Toronto-St. Paul's (12),13 Division,Oakwood Village,FALSE,FALSE,TRUE,FALSE,FALSE,TRUE,FALSE,FALSE,FALSE,FALSE,"{""coordinates"": [[-79.44974193169163, 43.694425264211475]], ""type"": ""MultiPoint""}"
12301,2015:5001433281,2015-08-20T13:18:00,SOUTH KINGSWAY,BLOOR ST W,,3,Non-Fatal Injury,At Intersection,Traffic Signal,Cyclist Collision (internal code),Rain,Daylight,Wet,Major Arterial,FALSE,-79.48573708,43.64830234,1,Bicycle,East,1,23,Major,No Equipment Available,,,,,Going Ahead,,"Cyclist without right-of-way rides into path of driver (at intersection, laneway, or driveway)",Disobeyed Traffic Control,Normal,cyclist,,Parkdale-High Park (4),11 Division,High Park-Swansea,FALSE,FALSE,TRUE,FALSE,FALSE,TRUE,FALSE,FALSE,FALSE,FALSE,"{""coordinates"": [[-79.48573708093652, 43.64830233507977]], ""type"": ""MultiPoint""}"
12302,2015:5001444151,2015-08-22T07:30:00,DUNDAS ST W,AUKLAND RD,,2,Non-Fatal Injury,At Intersection,Traffic Signal,Pedestrian Collision (internal code),Clear,Daylight,Dry,Major Arterial,FALSE,-79.53799918,43.63851341,1,Municipal Transit Bus (TTC),South,1,43,None,Lap and Shoulder Belt,Failed to yield right-of-way,Inattentive,,,Turning Left,,,,,driver,,Etobicoke-Lakeshore (3),22 Division,Etobicoke City Centre,TRUE,TRUE,FALSE,FALSE,FALSE,TRUE,TRUE,FALSE,FALSE,TRUE,"{""coordinates"": [[-79.53799917659656, 43.63851340810911]], ""type"": ""MultiPoint""}"
12303,2015:5001450991,2015-08-23T11:47:00,DUNDAS ST W,CLOVERDALE MALL,100 m East of,4,Non-Fatal Injury,At Intersection,Traffic Signal,Cyclist Collision (internal code),Clear,Daylight,Dry,Major Arterial,FALSE,-79.55492122,43.62899243,2,,,4,43,Major,Lap and Shoulder Belt,,,,,,,,,,passenger,,Etobicoke-Lakeshore (3),22 Division,Etobicoke City Centre,FALSE,TRUE,TRUE,FALSE,FALSE,FALSE,FALSE,FALSE,FALSE,FALSE,"{""coordinates"": [[-79.55492121650457, 43.62899243435216]], ""type"": ""MultiPoint""}"
12304,2015:5001450991,2015-08-23T11:47:00,DUNDAS ST W,CLOVERDALE MALL,100 m East of,4,Non-Fatal Injury,At Intersection,Traffic Signal,Cyclist Collision (internal code),Clear,Daylight,Dry,Major Arterial,FALSE,-79.55492122,43.62899243,1,Automobile or Station Wagon,East,1,61,Minimal,Lap and Shoulder Belt,Improper turn,Inattentive,,,Turning Left,,,,,driver,,Etobicoke-Lakeshore (3),22 Division,Etobicoke City Centre,FALSE,TRUE,TRUE,FALSE,FALSE,FALSE,FALSE,FALSE,FALSE,FALSE,"{""coordinates"": [[-79.55492121650457, 43.62899243435216]], ""type"": ""MultiPoint""}"
12305,2015:5001740465,2015-10-09T00:15:00,1244 LAWRENCE,,,7,Non-Fatal Injury,At/Near Private Drive,No Control,Pedestrian Collision (internal code),Rain,Dark with Artificial Lighting,Wet,Major Arterial,FALSE,-79.31924863,43.74110208,2,,,6,19,Minimal,Use Unknown,,,,,,,,,,passenger,,Don Valley East (16),33 Division,Victoria Village,TRUE,TRUE,FALSE,FALSE,FALSE,FALSE,TRUE,FALSE,TRUE,FALSE,"{""coordinates"": [[-79.31924862884736, 43.74110208082225]], ""type"": ""MultiPoint""}"
12306,2015:5001501450,2015-08-31T15:45:00,LOWER SIMCOE ST,BREMNER BLVD,,2,Non-Fatal Injury,At Intersection,Traffic Signal,Cyclist Collision (internal code),Clear,Daylight,Dry,Minor Arterial,FALSE,-79.38396889,43.64231619,2,Truck - Closed,South,1,40,None,Lap and Shoulder Belt,Improper turn,Inattentive,,,Turning Right,,,,,driver,,Spadina-Fort York (10),52 Division,Harbourfront-CityPlace,FALSE,TRUE,TRUE,FALSE,FALSE,FALSE,FALSE,FALSE,FALSE,TRUE,"{""coordinates"": [[-79.38396889056341, 43.642316185151536]], ""type"": ""MultiPoint""}"
12308,2015:5001551226,2015-09-08T15:00:00,JARVIS ST,FRONT ST E,53 m South of,2,Non-Fatal Injury,Non-Intersection,No Control,Pedestrian Collision (internal code),Clear,Daylight,Dry,Major Arterial,FALSE,-79.37124286,43.64895016,1,,Unknown,2,69,Major,No Equipment Available,,,Crossing - no traffic control,Inattentive,,Driver hits pedestrian at midblock,,,,pedestrian,,Toronto Centre (13),51 Division,St Lawrence-East Bayfront-The Islands,FALSE,TRUE,FALSE,FALSE,FALSE,TRUE,TRUE,FALSE,FALSE,FALSE,"{""coordinates"": [[-79.37124285549467, 43.6489501647714]], ""type"": ""MultiPoint""}"
12309,2016:6000543310,2016-03-31T06:37:00,COLLEGE ST,LIPPINCOTT ST,1 m East of,3,Non-Fatal Injury,At Intersection,Stop Sign,Cyclist Collision (internal code),Rain,Daylight with Artificial Lighting,Wet,Major Arterial,FALSE,-79.40648291,43.65664821,2,,,3,61,None,Lap and Shoulder Belt,,,,,,,,,,passenger,,University-Rosedale (11),14 Division,Kensington-Chinatown,FALSE,TRUE,TRUE,FALSE,FALSE,TRUE,FALSE,FALSE,FALSE,FALSE,"{""coordinates"": [[-79.40648291228973, 43.65664821497436]], ""type"": ""MultiPoint""}"
12310,2015:5001573262,2015-09-11T21:30:00,QUEENS PARK,COLLEGE ST,1 m North of,2,Non-Fatal Injury,At Intersection,Traffic Signal,Pedestrian Collision (internal code),Rain,Dark with Artificial Lighting,Wet,Major Arterial,FALSE,-79.39048388,43.65984519,1,Automobile or Station Wagon,East,1,62,None,Use Unknown,Failed to yield right-of-way,Normal,,,Turning Left,,,,,driver,,University-Rosedale (11),52 Division,Yonge-Bay Corridor,TRUE,FALSE,FALSE,FALSE,FALSE,FALSE,TRUE,FALSE,FALSE,FALSE,"{""coordinates"": [[-79.39048387633916, 43.65984519074067]], ""type"": ""MultiPoint""}"
12311,2015:5001573277,2015-09-11T21:39:00,DUPONT ST,WALMER RD,24 m West of,4,Non-Fatal Injury,Non-Intersection,No Control,Pedestrian Collision (internal code),Rain,Dark with Artificial Lighting,Wet,Major Arterial,FALSE,-79.40825289,43.67460021,1,,,3,10,None,Lap and Shoulder Belt,,,,,,,,,,passenger,,University-Rosedale (11),14 Division,Annex,FALSE,FALSE,FALSE,FALSE,FALSE,FALSE,TRUE,FALSE,TRUE,FALSE,"{""coordinates"": [[-79.40825288710461, 43.674600212543126]], ""type"": ""MultiPoint""}"
12312,2015:5001573277,2015-09-11T21:39:00,DUPONT ST,WALMER RD,24 m West of,4,Non-Fatal Injury,Non-Intersection,No Control,Pedestrian Collision (internal code),Rain,Dark with Artificial Lighting,Wet,Major Arterial,FALSE,-79.40825289,43.67460021,1,,,2,12,None,Lap and Shoulder Belt,,,,,,,,,,passenger,,University-Rosedale (11),14 Division,Annex,FALSE,FALSE,FALSE,FALSE,FALSE,FALSE,TRUE,FALSE,TRUE,FALSE,"{""coordinates"": [[-79.40825288710461, 43.674600212543126]], ""type"": ""MultiPoint""}"
12313,2015:5001578731,2015-09-12T19:30:00,BAY MILLS BLVD,SHEPPARD AVE E,,4,Non-Fatal Injury,At Intersection,Traffic Signal,Pedestrian Collision (internal code),Rain,Dawn with Artificial Lighting,Wet,Major Arterial,FALSE,-79.30438556,43.77955006,1,,,3,24,None,Lap and Shoulder Belt,,,,,,,,,,passenger,,Scarborough-Agincourt (22),42 Division,Tam O'Shanter-Sullivan,TRUE,TRUE,FALSE,FALSE,FALSE,FALSE,TRUE,FALSE,TRUE,FALSE,"{""coordinates"": [[-79.30438556499723, 43.77955006364198]], ""type"": ""MultiPoint""}"
12314,2015:5001578731,2015-09-12T19:30:00,BAY MILLS BLVD,SHEPPARD AVE E,,4,Non-Fatal Injury,At Intersection,Traffic Signal,Pedestrian Collision (internal code),Rain,Dawn with Artificial Lighting,Wet,Major Arterial,FALSE,-79.30438556,43.77955006,1,,,2,26,None,Lap and Shoulder Belt,,,,,,,,,,passenger,,Scarborough-Agincourt (22),42 Division,Tam O'Shanter-Sullivan,TRUE,TRUE,FALSE,FALSE,FALSE,FALSE,TRUE,FALSE,TRUE,FALSE,"{""coordinates"": [[-79.30438556499723, 43.77955006364198]], ""type"": ""MultiPoint""}"
12315,2015:5001603828,2015-09-16T19:40:00,KENNEDY RD,PERTHSHIRE ST,,3,Non-Fatal Injury,Intersection-Related,No Control,Pedestrian Collision (internal code),Clear,Dark with Artificial Lighting,Dry,Major Arterial,FALSE,-79.30045653,43.80890006,1,,Unknown,2,83,Major,Use Unknown,,,Crossing - no traffic control,Normal,,Driver going straight hits pedestrian crossing without right-of-way (at intersection),,,,pedestrian,,Scarborough-Agincourt (22),42 Division,Milliken,FALSE,FALSE,FALSE,FALSE,FALSE,TRUE,TRUE,FALSE,FALSE,FALSE,"{""coordinates"": [[-79.30045653225096, 43.808900061152094]], ""type"": ""MultiPoint""}"
12316,2015:5001603828,2015-09-16T19:40:00,KENNEDY RD,PERTHSHIRE ST,,3,Non-Fatal Injury,Intersection-Related,No Control,Pedestrian Collision (internal code),Clear,Dark with Artificial Lighting,Dry,Major Arterial,FALSE,-79.30045653,43.80890006,1,,Unknown,3,70,Minimal,Use Unknown,,,Crossing - no traffic control,Normal,,Driver going straight hits pedestrian crossing without right-of-way (at intersection),,,,pedestrian,,Scarborough-Agincourt (22),42 Division,Milliken,FALSE,FALSE,FALSE,FALSE,FALSE,TRUE,TRUE,FALSE,FALSE,FALSE,"{""coordinates"": [[-79.30045653225096, 43.808900061152094]], ""type"": ""MultiPoint""}"
12317,2015:5001604572,2015-09-16T22:00:00,BIRMINGHAM ST,SIXTEENTH ST,1 m East of,2,Non-Fatal Injury,Non-Intersection,No Control,Cyclist Collision (internal code),Clear,Dark with Artificial Lighting,Dry,Collector,FALSE,-79.51608722,43.6011064,1,Bicycle,West,1,53,Major,No Equipment Available,,,,,Changing Lanes,,Sideswipe with cyclist and driver travelling in same direction,Improper Lane Change,Inattentive,cyclist,,Etobicoke-Lakeshore (3),22 Division,New Toronto,FALSE,TRUE,TRUE,FALSE,FALSE,FALSE,FALSE,FALSE,FALSE,FALSE,"{""coordinates"": [[-79.51608721712, 43.601106400169826]], ""type"": ""MultiPoint""}"
12318,2015:5001611464,2015-09-17T22:10:00,NEILSON RD,FINCH AVE E,26 m South of,2,Non-Fatal Injury,Non-Intersection,No Control,Pedestrian Collision (internal code),Clear,Dark with Artificial Lighting,Dry,Minor Arterial,TRUE,-79.22759642,43.81625498,1,Automobile or Station Wagon,North,1,,None,Use Unknown,Improper lane change,Unknown,,,Changing Lanes,,,,,driver,,Scarborough North (23),42 Division,Malvern West,FALSE,TRUE,FALSE,FALSE,FALSE,FALSE,TRUE,FALSE,FALSE,FALSE,"{""coordinates"": [[-79.22759641788302, 43.81625498315535]], ""type"": ""MultiPoint""}"
12320,2015:5001652822,2015-09-23T17:15:00,BOOTH AVE,LAKE SHORE BLVD E,1 m North of,3,Non-Fatal Injury,At Intersection,Stop Sign,Cyclist Collision (internal code),Clear,Daylight,Dry,Major Arterial,FALSE,-79.34077879,43.65351312,1,Automobile or Station Wagon,South,1,64,None,Lap and Shoulder Belt,Failed to yield right-of-way,Inattentive,,,Turning Right,,,,,driver,,Toronto-Danforth (14),55 Division,South Riverdale,TRUE,TRUE,TRUE,FALSE,FALSE,TRUE,FALSE,FALSE,FALSE,FALSE,"{""coordinates"": [[-79.3407787893768, 43.653513118973635]], ""type"": ""MultiPoint""}"
12322,2015:5001652684,2015-09-24T15:20:00,WELLINGTON ST W,YORK ST,3 m East of,2,Non-Fatal Injury,Non-Intersection,Traffic Signal,Cyclist Collision (internal code),Clear,Daylight,Dry,Minor Arterial,TRUE,-79.38302988,43.64658918,1,Automobile or Station Wagon,West,1,55,None,Lap and Shoulder Belt,Improper passing,Inattentive,,,Going Ahead,,,,,driver,,Spadina-Fort York (10),52 Division,Yonge-Bay Corridor,TRUE,TRUE,TRUE,FALSE,FALSE,FALSE,FALSE,FALSE,FALSE,FALSE,"{""coordinates"": [[-79.38302988218638, 43.64658918279654]], ""type"": ""MultiPoint""}"
12323,2015:5001660531,2015-09-25T19:43:00,HUMBERSIDE AVE,KEELE ST,,3,Non-Fatal Injury,At Intersection,Traffic Signal,Pedestrian Collision (internal code),Clear,Dark with Artificial Lighting,Dry,Major Arterial,FALSE,-79.46291801,43.6615883,1,Automobile or Station Wagon,East,1,32,None,Lap and Shoulder Belt,Failed to yield right-of-way,Inattentive,,,Turning Left,,,,,driver,,Parkdale-High Park (4),11 Division,High Park North,TRUE,TRUE,FALSE,FALSE,FALSE,TRUE,TRUE,FALSE,FALSE,FALSE,"{""coordinates"": [[-79.46291801306424, 43.661588295752644]], ""type"": ""MultiPoint""}"
12324,2015:5001667907,2015-09-27T00:54:00,KEELE ST,ANNETTE ST,9 m South of,2,Non-Fatal Injury,Intersection-Related,Traffic Signal,Cyclist Collision (internal code),Clear,Dark with Artificial Lighting,Dry,Major Arterial,FALSE,-79.46379501,43.6636413,2,Municipal Transit Bus (TTC),South,2,39,None,Lap and Shoulder Belt,Driving properly,Normal,,,Turning Right,,,,,driver,,Parkdale-High Park (4),11 Division,Junction Area,FALSE,FALSE,TRUE,FALSE,FALSE,FALSE,FALSE,FALSE,FALSE,TRUE,"{""coordinates"": [[-79.46379501117268, 43.6636412961891]], ""type"": ""MultiPoint""}"
12325,2015:5001670080,2015-09-27T12:20:00,HOMEWOOD AVE,WELLESLEY ST E,,2,Non-Fatal Injury,At Intersection,Traffic Signal,Cyclist Collision (internal code),Clear,Daylight,Dry,Minor Arterial,FALSE,-79.37584284,43.66647517,1,Automobile or Station Wagon,South,1,44,None,Use Unknown,Failed to yield right-of-way,Inattentive,,,Turning Right,,,,,driver,,Toronto Centre (13),51 Division,Cabbagetown-South St.James Town,TRUE,TRUE,TRUE,FALSE,FALSE,FALSE,FALSE,FALSE,FALSE,FALSE,"{""coordinates"": [[-79.37584283810013, 43.66647516801389]], ""type"": ""MultiPoint""}"
12326,2016:6001211373,2016-07-11T00:27:00,429 DUNDAS ST E,,15 m North of,5,Non-Fatal Injury,Intersection-Related,No Control,Cyclist Collision (internal code),Clear,Dark with Artificial Lighting,Dry,Major Arterial,FALSE,-79.36669583,43.65926516,2,,,5,21,Major,Lap and Shoulder Belt,,,,,,,,,,passenger,,Toronto Centre (13),51 Division,Moss Park,FALSE,FALSE,TRUE,FALSE,FALSE,FALSE,FALSE,FALSE,FALSE,FALSE,"{""coordinates"": [[-79.36669583130028, 43.65926515612712]], ""type"": ""MultiPoint""}"
12327,2015:5001672708,2015-09-27T21:36:00,336 BIRCHMOUNT RD,,3 m South of,2,Non-Fatal Injury,Non-Intersection,No Control,Cyclist Collision (internal code),Clear,Dark with Artificial Lighting,Dry,Minor Arterial,FALSE,-79.26479759,43.69895701,1,Automobile or Station Wagon,South,1,68,None,Lap and Shoulder Belt,Following too closely,Inattentive,,,Going Ahead,,,,,driver,,Scarborough Southwest (20),41 Division,Birchcliffe-Cliffside,TRUE,TRUE,TRUE,FALSE,FALSE,TRUE,FALSE,FALSE,FALSE,FALSE,"{""coordinates"": [[-79.26479758659751, 43.69895700938259]], ""type"": ""MultiPoint""}"
12328,2015:5001677716,2015-09-28T17:55:00,OSSINGTON AVE,DEWSON ST,42 m South of,2,Non-Fatal Injury,Non-Intersection,No Control,Pedestrian Collision (internal code),Clear,Daylight,Dry,Minor Arterial,FALSE,-79.42352695,43.65654524,1,,East,2,7,Major,Lap and Shoulder Belt,,,Running onto roadway,Inattentive,,Driver hits pedestrian at midblock,,,,pedestrian,,University-Rosedale (11),14 Division,Palmerston-Little Italy,FALSE,TRUE,FALSE,FALSE,FALSE,FALSE,TRUE,FALSE,TRUE,FALSE,"{""coordinates"": [[-79.42352694549098, 43.65654524001023]], ""type"": ""MultiPoint""}"
12329,2015:5001684106,2015-09-29T15:20:00,939 PROGRESS AVE,,4 m North of,2,Non-Fatal Injury,At Intersection,Traffic Signal,Cyclist Collision (internal code),Rain,Daylight,Wet,Minor Arterial,FALSE,-79.23189945,43.78389898,2,Bicycle,North,2,17,Major,Helmet,,,,,Going Ahead,,Driver turns left into path of cyclist,Driving Properly,Normal,cyclist,,Scarborough-Guildwood (24),43 Division,Woburn North,TRUE,TRUE,TRUE,FALSE,FALSE,FALSE,FALSE,FALSE,TRUE,FALSE,"{""coordinates"": [[-79.23189944836001, 43.78389898126516]], ""type"": ""MultiPoint""}"
12330,2015:5002232122,2015-10-01T12:12:00,PARLIAMENT ST,SPRUCE ST,500 m North of,2,Non-Fatal Injury,Non-Intersection,No Control,Cyclist Collision (internal code),Clear,Daylight,Dry,Minor Arterial,TRUE,-79.36738183,43.66285516,1,Automobile or Station Wagon,North,1,,None,Use Unknown,Other,Inattentive,,,Stopped,,,,,driver,,Toronto Centre (13),51 Division,Cabbagetown-South St.James Town,FALSE,TRUE,TRUE,FALSE,FALSE,FALSE,FALSE,FALSE,FALSE,FALSE,"{""coordinates"": [[-79.36738182729768, 43.6628551564649]], ""type"": ""MultiPoint""}"
12331,2015:5001696184,2015-10-01T17:02:00,DURIE ST,COLBECK ST,2 m North of,2,Non-Fatal Injury,At Intersection,Stop Sign,Pedestrian Collision (internal code),Clear,Daylight,Dry,Collector,FALSE,-79.48056406,43.65413432,1,,North,2,75,Major,No Equipment Available,,,Crossing with right-of-way (intersection),Normal,,Driver turns left into pedestrian crossing with right-of-way (at intersection),,,,pedestrian,,Parkdale-High Park (4),11 Division,Runnymede-Bloor West Village,TRUE,FALSE,FALSE,FALSE,FALSE,TRUE,TRUE,FALSE,FALSE,FALSE,"{""coordinates"": [[-79.48056406036244, 43.65413432477704]], ""type"": ""MultiPoint""}"
12332,2015:5001711803,2015-10-04T09:10:00,THE KINGSWAY,ANGLESEY BLVD,,2,Non-Fatal Injury,At Intersection,Stop Sign,Cyclist Collision (internal code),Clear,Daylight,Dry,Collector,FALSE,-79.52178611,43.66396537,1,Bicycle,East,1,46,Major,Use Unknown,,,,,Going Ahead,,"Cyclist without right-of-way rides into path of driver (at intersection, laneway, or driveway)",Disobeyed Traffic Control,Inattentive,cyclist,,Etobicoke Centre (2),22 Division,Edenbridge-Humber Valley,FALSE,TRUE,TRUE,FALSE,FALSE,FALSE,FALSE,FALSE,FALSE,FALSE,"{""coordinates"": [[-79.52178610826908, 43.66396537484652]], ""type"": ""MultiPoint""}"
12333,2015:5001713235,2015-10-04T14:53:00,COLLEGE ST,MARKHAM ST,,2,Non-Fatal Injury,At Intersection,Stop Sign,Cyclist Collision (internal code),Clear,Dark with Artificial Lighting,Dry,Major Arterial,TRUE,-79.40894692,43.65621022,1,Automobile or Station Wagon,East,1,30,None,Use Unknown,Improper passing,Unknown,,,Going Ahead,,,,,driver,,University-Rosedale (11),14 Division,Trinity-Bellwoods,TRUE,FALSE,TRUE,FALSE,FALSE,FALSE,FALSE,FALSE,FALSE,FALSE,"{""coordinates"": [[-79.40894691776417, 43.6562102187124]], ""type"": ""MultiPoint""}"
12334,2015:5001722959,2015-10-06T07:53:00,DAVISVILLE AVE,MOUNT PLEASANT RD,64 m West of,2,Non-Fatal Injury,Intersection-Related,No Control,Pedestrian Collision (internal code),Clear,Daylight,Dry,Minor Arterial,FALSE,-79.38780581,43.70012418,1,Automobile or Station Wagon,East,1,29,None,Use Unknown,Improper passing,Normal,,,Overtaking,,,,,driver,,Toronto-St. Paul's (12),53 Division,South Eglinton-Davisville,TRUE,FALSE,FALSE,FALSE,FALSE,FALSE,TRUE,FALSE,FALSE,FALSE,"{""coordinates"": [[-79.38780580918534, 43.700124177465405]], ""type"": ""MultiPoint""}"
12335,2015:5001723026,2015-10-06T08:10:00,COXWELL AVE,EARL HAIG AVE,,2,Non-Fatal Injury,Intersection-Related,Pedestrian Crossover,Pedestrian Collision (internal code),Clear,Daylight,Dry,Minor Arterial,FALSE,-79.32269672,43.68113109,1,,East,2,11,Major,No Equipment Available,,,Crossing - pedestrian crossover,Normal,,Driver hits pedestrian at PXO/pedestrian midblock signal,,,,pedestrian,,Beaches-East York (19),55 Division,Woodbine Corridor,TRUE,TRUE,FALSE,FALSE,FALSE,FALSE,TRUE,FALSE,TRUE,FALSE,"{""coordinates"": [[-79.32269671652043, 43.68113109007319]], ""type"": ""MultiPoint""}"
12336,2015:5001723055,2015-10-06T08:13:00,KING ST W,SUDBURY ST,15 m West of,2,Non-Fatal Injury,Non-Intersection,Traffic Signal,Cyclist Collision (internal code),Clear,Daylight,Dry,Major Arterial,FALSE,-79.41723296,43.64097424,2,Automobile or Station Wagon,East,2,56,None,Lap and Shoulder Belt,Driving properly,Normal,,,Going Ahead,,,,,driver,,Spadina-Fort York (10),14 Division,West Queen West,FALSE,TRUE,TRUE,FALSE,FALSE,FALSE,FALSE,FALSE,FALSE,FALSE,"{""coordinates"": [[-79.4172329584877, 43.64097423546148]], ""type"": ""MultiPoint""}"
12337,2015:5001740132,2015-10-08T22:27:00,EGLINTON AVE W,MENIN RD,16 m West of,2,Non-Fatal Injury,Intersection-Related,No Control,Pedestrian Collision (internal code),Rain,Dark with Artificial Lighting,Wet,Major Arterial,FALSE,-79.43188089,43.69963224,1,,Unknown,2,88,Major,No Equipment Available,,,Crossing - no traffic control,Normal,,Transit vehicle driver hits pedestrian anywhere along roadway,,,,pedestrian,,Toronto-St. Paul's (12),13 Division,Humewood-Cedarvale,TRUE,FALSE,FALSE,FALSE,FALSE,TRUE,TRUE,FALSE,FALSE,TRUE,"{""coordinates"": [[-79.43188089026134, 43.699632237833654]], ""type"": ""MultiPoint""}"
12338,2015:5001740465,2015-10-09T00:15:00,1244 LAWRENCE,,,7,Non-Fatal Injury,At/Near Private Drive,No Control,Pedestrian Collision (internal code),Rain,Dark with Artificial Lighting,Wet,Major Arterial,FALSE,-79.31924863,43.74110208,2,,Unknown,7,50,Major,Use Unknown,,,On sidewalk or shoulder,Unknown,,Driver hits pedestrian on sidewalk or shoulder,,,,pedestrian,,Don Valley East (16),33 Division,Victoria Village,TRUE,TRUE,FALSE,FALSE,FALSE,FALSE,TRUE,FALSE,TRUE,FALSE,"{""coordinates"": [[-79.31924862884736, 43.74110208082225]], ""type"": ""MultiPoint""}"
12339,2015:5001740465,2015-10-09T00:15:00,1244 LAWRENCE,,,7,Non-Fatal Injury,At/Near Private Drive,No Control,Pedestrian Collision (internal code),Rain,Dark with Artificial Lighting,Wet,Major Arterial,FALSE,-79.31924863,43.74110208,2,,,5,19,Minor,Use Unknown,,,,,,,,,,passenger,,Don Valley East (16),33 Division,Victoria Village,TRUE,TRUE,FALSE,FALSE,FALSE,FALSE,TRUE,FALSE,TRUE,FALSE,"{""coordinates"": [[-79.31924862884736, 43.74110208082225]], ""type"": ""MultiPoint""}"
12340,2015:5001740465,2015-10-09T00:15:00,1244 LAWRENCE,,,7,Non-Fatal Injury,At/Near Private Drive,No Control,Pedestrian Collision (internal code),Rain,Dark with Artificial Lighting,Wet,Major Arterial,FALSE,-79.31924863,43.74110208,3,Automobile or Station Wagon,West,3,19,None,Use Unknown,Exceeding speed limit,Inattentive,,,Going Ahead,,,,,driver,,Don Valley East (16),33 Division,Victoria Village,TRUE,TRUE,FALSE,FALSE,FALSE,FALSE,TRUE,FALSE,TRUE,FALSE,"{""coordinates"": [[-79.31924862884736, 43.74110208082225]], ""type"": ""MultiPoint""}"