_id,collision_id,accdate,stname1,stname2,stname3,per_inv,acclass,accloc,traffictl,impactype,visible,light,rdsfcond,road_class,failtorem,longitude,latitude,veh_no,vehtype,initdir,per_no,invage,injury,safequip,drivact,drivcond,pedact,pedcond,manoeuvre,pedtype,cyclistype,cycact,cyccond,road_user,fatal_no,wardname,division,neighbourhood,aggressive,distracted,cyclist,motorcyclist,other_micromobility,older_adult,pedestrian,red_light,school_child,heavy_truck,geometry
12766,2017:7000963426,2017-05-31T15:40:00,ELLESMERE RD,CONLINS RD,,2,Non-Fatal Injury,Intersection-Related,Traffic Signal,Cyclist Collision (internal code),Clear,Daylight,Dry,Minor Arterial,FALSE,-79.18322338,43.78783993,2,Automobile or Station Wagon,West,2,36,None,Use Unknown,Driving properly,Unknown,,,Going Ahead,,,,,driver,,Scarborough-Rouge Park (25),43 Division,Highland Creek,FALSE,FALSE,TRUE,FALSE,FALSE,FALSE,FALSE,FALSE,TRUE,FALSE,"{""coordinates"": [[-79.18322338003884, 43.78783993445028]], ""type"": ""MultiPoint""}"
12767,2017:7000970282,2017-06-01T15:04:00,GERRARD ST E,ST MATTHEWS RD,15 m East of,2,Non-Fatal Injury,Non-Intersection,No Control,Pedestrian Collision (internal code),Clear,Daylight,Dry,Minor Arterial,FALSE,-79.3551368,43.66473914,1,Automobile or Station Wagon,West,1,55,None,Lap and Shoulder Belt,Driving properly,Normal,,,Going Ahead,,,,,driver,,Toronto-Danforth (14),55 Division,South Riverdale,FALSE,FALSE,FALSE,FALSE,FALSE,FALSE,TRUE,FALSE,FALSE,FALSE,"{""coordinates"": [[-79.35513680103688, 43.66473913838325]], ""type"": ""MultiPoint""}"
12768,2017:7000981173,2017-06-03T01:56:00,EGLINTON AVE W,MIRANDA AVE,25 m East of,2,Non-Fatal Injury,Intersection-Related,Stop Sign,Pedestrian Collision (internal code),Clear,Dark with Artificial Lighting,Dry,Major Arterial,FALSE,-79.45505894,43.69455127,1,,South,1,21,Major,Use Unknown,,,Crossing - no traffic control,Normal,,Driver hits pedestrian at midblock,,,,pedestrian,,Davenport (9),13 Division,Caledonia-Fairbank,TRUE,FALSE,FALSE,FALSE,FALSE,FALSE,TRUE,FALSE,FALSE,FALSE,"{""coordinates"": [[-79.45505894123876, 43.69455127149557]], ""type"": ""MultiPoint""}"
12770,2017:7001005616,2017-06-03T23:30:00,ST CLAIR AVE W,CALEDONIA RD,,2,Non-Fatal Injury,Intersection-Related,Traffic Signal,Cyclist Collision (internal code),Clear,Dark with Artificial Lighting,Dry,Major Arterial,TRUE,-79.45473097,43.67527928,1,Automobile or Station Wagon,West,1,,None,Use Unknown,Improper passing,Inattentive,,,Going Ahead,,,,,driver,,Davenport (9),13 Division,Corso Italia-Davenport,TRUE,TRUE,TRUE,FALSE,FALSE,FALSE,FALSE,FALSE,FALSE,FALSE,"{""coordinates"": [[-79.45473097376865, 43.67527927852286]], ""type"": ""MultiPoint""}"
12771,2017:7001003309,2017-06-06T13:20:00,MARKHAM RD,ELLESMERE RD,69 m North of,2,Non-Fatal Injury,Non-Intersection,No Control,Pedestrian Collision (internal code),Rain,Daylight,Wet,Major Arterial,FALSE,-79.23198245,43.77706698,1,,Unknown,1,22,Major,No Equipment Available,,,On sidewalk or shoulder,Normal,,Driver hits pedestrian on sidewalk or shoulder,,,,pedestrian,,Scarborough-Guildwood (24),43 Division,Woburn North,FALSE,FALSE,FALSE,FALSE,FALSE,FALSE,TRUE,FALSE,FALSE,FALSE,"{""coordinates"": [[-79.23198245373653, 43.77706698009432]], ""type"": ""MultiPoint""}"
12772,2017:7001007745,2017-06-07T07:01:00,COLLEGE ST,DUFFERIN ST,,2,Non-Fatal Injury,Intersection-Related,Traffic Signal,Cyclist Collision (internal code),Clear,Daylight,Dry,Major Arterial,FALSE,-79.43252197,43.65256725,2,Bicycle,West,2,69,Major,Helmet,,,,,Going Ahead,,Driver turns left into path of cyclist,Driving Properly,Normal,cyclist,,Davenport (9),14 Division,Little Portugal,TRUE,TRUE,TRUE,FALSE,FALSE,TRUE,FALSE,FALSE,FALSE,FALSE,"{""coordinates"": [[-79.43252196952758, 43.65256725454648]], ""type"": ""MultiPoint""}"
12773,2017:7001007889,2017-06-07T07:15:00,DUNDAS ST W,ELIZABETH ST,,2,Non-Fatal Injury,At Intersection,No Control,Cyclist Collision (internal code),Clear,Daylight,Dry,Major Arterial,FALSE,-79.38518187,43.65535118,2,Bicycle,East,2,25,Major,No Equipment Available,,,,,Going Ahead,,Driver turns left into path of cyclist,Driving Properly,Normal,cyclist,,Spadina-Fort York (10),52 Division,Yonge-Bay Corridor,TRUE,TRUE,TRUE,FALSE,FALSE,FALSE,FALSE,FALSE,FALSE,FALSE,"{""coordinates"": [[-79.38518187299326, 43.65535118401972]], ""type"": ""MultiPoint""}"
12774,2017:7001016401,2017-06-08T10:30:00,DAVENPORT RD,AVENUE RD,100 m East of,2,Non-Fatal Injury,Non-Intersection,No Control,Cyclist Collision (internal code),Clear,Daylight,Dry,Major Arterial,FALSE,-79.39535886,43.67487119,1,Truck - Closed,East,1,37,None,Lap and Shoulder Belt,Other,Normal,,,Going Ahead,,,,,driver,,University-Rosedale (11),53 Division,Annex,FALSE,FALSE,TRUE,FALSE,FALSE,FALSE,FALSE,FALSE,FALSE,TRUE,"{""coordinates"": [[-79.39535886231572, 43.67487119409803]], ""type"": ""MultiPoint""}"
12775,2017:7001025478,2017-06-09T15:43:00,DANFORTH AV,COXWELL AV              (542),10 m East of,2,Non-Fatal Injury,Intersection-Related,Traffic Signal,Cyclist Collision (internal code),Clear,Daylight,Dry,Major Arterial,FALSE,-79.32348271,43.68339309,2,Automobile or Station Wagon,West,2,57,None,Lap and Shoulder Belt,Driving properly,Normal,,,Going Ahead,,,,,driver,,Beaches-East York (19),55 Division,Woodbine Corridor,FALSE,FALSE,TRUE,FALSE,FALSE,FALSE,FALSE,FALSE,FALSE,FALSE,"{""coordinates"": [[-79.32348271490274, 43.68339309099371]], ""type"": ""MultiPoint""}"
12776,2017:7001031526,2017-06-10T14:04:00,FINCH AVE E,PHARMACY AVE,233 m East of,2,Non-Fatal Injury,Non-Intersection,No Control,Pedestrian Collision (internal code),Clear,Daylight,Dry,Major Arterial,TRUE,-79.3231701,43.79488585,1,,North,2,64,Major,Use Unknown,,,Crossing - no traffic control,Normal,,Driver hits pedestrian at midblock,,,,pedestrian,,Scarborough-Agincourt (22),42 Division,L'Amoreaux West,TRUE,TRUE,FALSE,TRUE,FALSE,FALSE,TRUE,FALSE,FALSE,FALSE,"{""coordinates"": [[-79.32317009783736, 43.79488585318099]], ""type"": ""MultiPoint""}"
12777,2017:7001038789,2017-06-11T16:05:00,5 WAKUNDA PL,O CONNOR DR,,2,Non-Fatal Injury,Intersection-Related,No Control,Cyclist Collision (internal code),Clear,Daylight,Dry,Major Arterial,FALSE,-79.30490464,43.71591306,1,Bicycle,West,1,28,Major,Lap and Shoulder Belt,,,,,Other,,Insufficient information to describe collision,Other,Unknown,cyclist,,Beaches-East York (19),55 Division,Victoria Village,FALSE,FALSE,TRUE,FALSE,FALSE,FALSE,FALSE,FALSE,FALSE,FALSE,"{""coordinates"": [[-79.30490463745006, 43.71591306359922]], ""type"": ""MultiPoint""}"
12778,2017:7001065894,2017-06-15T12:00:00,MORNINGVIEW TRL,BLACKHURST CRT,3 m South of,2,Non-Fatal Injury,Intersection-Related,No Control,Pedestrian Collision (internal code),Clear,Daylight,Dry,Local,FALSE,-79.20022138,43.81891396,1,Municipal Transit Bus (TTC),North,1,68,None,Lap Belt Only,Driving properly,Normal,,,Going Ahead,,,,,driver,,Scarborough-Rouge Park (25),42 Division,Morningside Heights,FALSE,FALSE,FALSE,FALSE,FALSE,TRUE,TRUE,FALSE,FALSE,TRUE,"{""coordinates"": [[-79.20022138068582, 43.81891395802319]], ""type"": ""MultiPoint""}"
12779,2017:7001076312,2017-06-16T21:01:00,MARTIN GROVE RD,SILVERSTONE DR,101 m South of,2,Non-Fatal Injury,Non-Intersection,No Control,Pedestrian Collision (internal code),Rain,Dark with Artificial Lighting,Wet,Minor Arterial,FALSE,-79.59817904,43.75002441,1,Automobile or Station Wagon,South,1,74,None,Lap and Shoulder Belt,Driving properly,Normal,,,Going Ahead,,,,,driver,,Etobicoke North (1),23 Division,Mount Olive-Silverstone-Jamestown,FALSE,FALSE,FALSE,FALSE,FALSE,TRUE,TRUE,FALSE,TRUE,FALSE,"{""coordinates"": [[-79.5981790445738, 43.75002441464275]], ""type"": ""MultiPoint""}"
12780,2017:7001100297,2017-06-20T12:27:00,5799 YONGE ST,,2 m East of,2,Non-Fatal Injury,At/Near Private Drive,Stop Sign,Pedestrian Collision (internal code),Clear,Daylight,Dry,Major Arterial,FALSE,-79.41678274,43.7848872,1,,South,2,71,Major,No Equipment Available,,,On sidewalk or shoulder,Normal,,Driver hits pedestrian at private driveway,,,,pedestrian,,Willowdale (18),32 Division,Newtonbrook East,TRUE,FALSE,FALSE,FALSE,FALSE,TRUE,TRUE,FALSE,FALSE,FALSE,"{""coordinates"": [[-79.41678274244322, 43.78488719797287]], ""type"": ""MultiPoint""}"
12781,2017:7001101719,2017-06-20T15:50:00,SIMCOE ST,QUEEN ST W,7 m North of,2,Non-Fatal Injury,Laneway,No Control,Pedestrian Collision (internal code),Clear,Daylight,Dry,Major Arterial,FALSE,-79.38745488,43.65059419,1,,Unknown,2,55,Major,No Equipment Available,,,Other,Other Condition,,Other,,,,pedestrian,,Spadina-Fort York (10),52 Division,Wellington Place,FALSE,FALSE,FALSE,FALSE,FALSE,FALSE,TRUE,FALSE,FALSE,FALSE,"{""coordinates"": [[-79.38745488472269, 43.65059418846337]], ""type"": ""MultiPoint""}"
12782,2017:7001140517,2017-06-26T10:45:00,WELLESLEY ST E,CHURCH ST,,2,Non-Fatal Injury,At Intersection,Traffic Signal,Pedestrian Collision (internal code),Clear,Daylight,Dry,Minor Arterial,FALSE,-79.38091685,43.66564718,1,,East,1,72,Major,Use Unknown,,,Crossing with right-of-way (intersection),Normal,,Driver turns right into pedestrian crossing with right-of-way (at intersection),,,,pedestrian,,Toronto Centre (13),51 Division,Church-Wellesley,TRUE,FALSE,FALSE,FALSE,FALSE,TRUE,TRUE,FALSE,FALSE,TRUE,"{""coordinates"": [[-79.38091684905856, 43.665647175520775]], ""type"": ""MultiPoint""}"
12783,2017:7001155336,2017-06-28T11:55:00,ST CLAIR AVE W,AVENUE RD,29 m West of,2,Non-Fatal Injury,Non-Intersection,No Control,Pedestrian Collision (internal code),Clear,Daylight,Dry,Major Arterial,FALSE,-79.40176786,43.6865022,1,,North,1,79,Major,Use Unknown,,,Running onto roadway,Medical or Physical Disability,,Transit vehicle driver hits pedestrian anywhere along roadway,,,,pedestrian,,Toronto-St. Paul's (12),53 Division,Casa Loma,FALSE,FALSE,FALSE,FALSE,FALSE,TRUE,TRUE,FALSE,FALSE,TRUE,"{""coordinates"": [[-79.4017678560857, 43.686502200146315]], ""type"": ""MultiPoint""}"
12784,2017:7001157436,2017-06-28T16:48:00,MIDDELFIELD ROAD,PEBBLEWOOD AVENUE,,2,Non-Fatal Injury,At Intersection,No Control,Pedestrian Collision (internal code),Clear,Daylight,Dry,Minor Arterial,FALSE,-79.26314146,43.82320602,1,,West,2,15,Major,Use Unknown,,,Coming from behind parked vehicle or object,Inattentive,,Driver going straight hits pedestrian crossing without right-of-way (at intersection),,,,pedestrian,,Scarborough North (23),42 Division,Milliken,FALSE,TRUE,FALSE,FALSE,FALSE,TRUE,TRUE,FALSE,TRUE,FALSE,"{""coordinates"": [[-79.2631414615634, 43.82320602014714]], ""type"": ""MultiPoint""}"
12785,2017:7001157981,2017-06-28T18:00:00,DANFORTH AVE,WOODYCREST AVE,33 m West of,4,Non-Fatal Injury,At/Near Private Drive,No Control,Cyclist Collision (internal code),Clear,Daylight,Dry,Major Arterial,FALSE,-79.34218976,43.67941112,1,Automobile or Station Wagon,West,1,36,None,Lap and Shoulder Belt,Improper turn,Inattentive,,,Turning Left,,,,,driver,,Toronto-Danforth (14),55 Division,Blake-Jones,FALSE,TRUE,TRUE,FALSE,FALSE,FALSE,FALSE,FALSE,TRUE,FALSE,"{""coordinates"": [[-79.3421897554499, 43.67941111777748]], ""type"": ""MultiPoint""}"
12786,2017:7001157981,2017-06-28T18:00:00,DANFORTH AVE,WOODYCREST AVE,33 m West of,4,Non-Fatal Injury,At/Near Private Drive,No Control,Cyclist Collision (internal code),Clear,Daylight,Dry,Major Arterial,FALSE,-79.34218976,43.67941112,1,,,4,2,None,Child Safety Seat Used Correctly,,,,,,,,,,passenger,,Toronto-Danforth (14),55 Division,Blake-Jones,FALSE,TRUE,TRUE,FALSE,FALSE,FALSE,FALSE,FALSE,TRUE,FALSE,"{""coordinates"": [[-79.3421897554499, 43.67941111777748]], ""type"": ""MultiPoint""}"
12787,2017:7001160269,2017-06-29T02:48:00,196 DUPONT ST,,,2,Non-Fatal Injury,Non-Intersection,No Control,Pedestrian Collision (internal code),Rain,Dark with Artificial Lighting,Wet,Major Arterial,FALSE,-79.40418688,43.67536721,1,Automobile or Station Wagon,East,1,34,None,Lap and Shoulder Belt,Driving properly,Normal,,,Going Ahead,,,,,driver,,University-Rosedale (11),53 Division,Annex,FALSE,FALSE,FALSE,FALSE,FALSE,FALSE,TRUE,FALSE,FALSE,FALSE,"{""coordinates"": [[-79.40418687820672, 43.675367206540436]], ""type"": ""MultiPoint""}"
12789,2017:7001179140,2017-07-01T22:40:00,THE WEST MALL,HOLIDAY DR,90 m North of,6,Non-Fatal Injury,Non-Intersection,No Control,Pedestrian Collision (internal code),Clear,Dark with Artificial Lighting,Dry,Minor Arterial,FALSE,-79.5689972,43.65007644,1,,,4,11,None,Lap and Shoulder Belt,,,,,,,,,,passenger,,Etobicoke Centre (2),22 Division,Etobicoke West Mall,FALSE,TRUE,FALSE,FALSE,FALSE,FALSE,TRUE,FALSE,TRUE,FALSE,"{""coordinates"": [[-79.5689971954355, 43.650076439805304]], ""type"": ""MultiPoint""}"
12790,2017:7001179140,2017-07-01T22:40:00,THE WEST MALL,HOLIDAY DR,90 m North of,6,Non-Fatal Injury,Non-Intersection,No Control,Pedestrian Collision (internal code),Clear,Dark with Artificial Lighting,Dry,Minor Arterial,FALSE,-79.5689972,43.65007644,1,Pickup Truck,South,1,41,None,Lap and Shoulder Belt,Driving properly,Normal,,,Going Ahead,,,,,driver,,Etobicoke Centre (2),22 Division,Etobicoke West Mall,FALSE,TRUE,FALSE,FALSE,FALSE,FALSE,TRUE,FALSE,TRUE,FALSE,"{""coordinates"": [[-79.5689971954355, 43.650076439805304]], ""type"": ""MultiPoint""}"
12791,2017:7001187926,2017-07-03T13:12:00,ST CLAIR AVE W,AVENUE RD,,2,Non-Fatal Injury,At Intersection,Traffic Signal,Cyclist Collision (internal code),Clear,Daylight,Dry,Major Arterial,FALSE,-79.40145486,43.6865672,2,Streetcar,East,2,48,None,Lap and Shoulder Belt,Driving properly,Inattentive,,,Going Ahead,,,,,driver,,Toronto-St. Paul's (12),53 Division,Yonge-St.Clair,FALSE,TRUE,TRUE,FALSE,FALSE,FALSE,FALSE,FALSE,FALSE,TRUE,"{""coordinates"": [[-79.40145485540182, 43.686567199691694]], ""type"": ""MultiPoint""}"
12792,2017:7001207044,2017-07-06T08:35:00,DIXON RD,SKYWAY AVE,,2,Non-Fatal Injury,At Intersection,Traffic Signal,Cyclist Collision (internal code),Clear,Daylight,Dry,Major Arterial,FALSE,-79.58678115,43.68787544,1,Automobile or Station Wagon,North,1,22,Major,No Equipment Available,Failed to yield right-of-way,Inattentive,,,Turning Right,,,,,driver,,Etobicoke North (1),23 Division,West Humber-Clairville,TRUE,TRUE,TRUE,FALSE,FALSE,FALSE,FALSE,FALSE,FALSE,FALSE,"{""coordinates"": [[-79.5867811473713, 43.6878754390486]], ""type"": ""MultiPoint""}"
12793,2017:7001209887,2017-07-06T15:47:00,DANFORTH AVE,MAIN ST,90 m West of,2,Non-Fatal Injury,At/Near Private Drive,No Control,Cyclist Collision (internal code),Clear,Daylight,Dry,Major Arterial,FALSE,-79.30256267,43.68791706,1,Automobile or Station Wagon,West,1,56,None,Lap and Shoulder Belt,Failed to yield right-of-way,Inattentive,,,Turning Left,,,,,driver,,Beaches-East York (19),55 Division,East End-Danforth,TRUE,TRUE,TRUE,FALSE,FALSE,FALSE,FALSE,FALSE,FALSE,FALSE,"{""coordinates"": [[-79.30256266994131, 43.68791706144921]], ""type"": ""MultiPoint""}"
12794,2017:7001234625,2017-07-10T12:00:00,LYNVALLEY CRES,VICTORIA PARK AVE,,2,Non-Fatal Injury,At Intersection,Traffic Signal,Pedestrian Collision (internal code),Clear,Daylight with Artificial Lighting,Dry,Major Arterial,FALSE,-79.31177861,43.74788807,1,Automobile or Station Wagon,East,1,44,None,Lap and Shoulder Belt,Failed to yield right-of-way,Inattentive,,,Turning Left,,,,,driver,,Scarborough Centre (21),41 Division,Wexford/Maryvale,TRUE,TRUE,FALSE,FALSE,FALSE,FALSE,TRUE,FALSE,FALSE,FALSE,"{""coordinates"": [[-79.31177860701531, 43.74788807095146]], ""type"": ""MultiPoint""}"
12795,2017:7001269132,2017-07-15T13:35:00,538 MCLEVIN AVE,,107 m East of,4,Non-Fatal Injury,At/Near Private Drive,No Control,Pedestrian Collision (internal code),Clear,Daylight,Dry,Minor Arterial,FALSE,-79.21662541,43.81043397,1,,,2,30,None,Lap and Shoulder Belt,,,,,,,,,,passenger,,Scarborough-Rouge Park (25),42 Division,Malvern East,TRUE,TRUE,FALSE,FALSE,FALSE,FALSE,TRUE,FALSE,FALSE,FALSE,"{""coordinates"": [[-79.21662540805829, 43.810433971661475]], ""type"": ""MultiPoint""}"
12796,2017:7001269132,2017-07-15T13:35:00,538 MCLEVIN AVE,,107 m East of,4,Non-Fatal Injury,At/Near Private Drive,No Control,Pedestrian Collision (internal code),Clear,Daylight,Dry,Minor Arterial,FALSE,-79.21662541,43.81043397,1,Automobile or Station Wagon,East,3,35,None,Lap and Shoulder Belt,Failed to yield right-of-way,Inattentive,,,Turning Left,,,,,driver,,Scarborough-Rouge Park (25),42 Division,Malvern East,TRUE,TRUE,FALSE,FALSE,FALSE,FALSE,TRUE,FALSE,FALSE,FALSE,"{""coordinates"": [[-79.21662540805829, 43.810433971661475]], ""type"": ""MultiPoint""}"
12797,2017:7001286763,2017-07-18T07:37:00,YONGE ST,CAMERON AVE,40 m North of,2,Non-Fatal Injury,Non-Intersection,No Control,Cyclist Collision (internal code),Clear,Daylight,Dry,Major Arterial,FALSE,-79.40994676,43.75768819,2,Bicycle,South,2,42,Major,Helmet,,,,,Going Ahead,,Sideswipe with cyclist and driver travelling in same direction,Driving Properly,Normal,cyclist,,Willowdale (18),32 Division,Avondale,FALSE,TRUE,TRUE,FALSE,FALSE,FALSE,FALSE,FALSE,FALSE,TRUE,"{""coordinates"": [[-79.40994676130853, 43.757688192724146]], ""type"": ""MultiPoint""}"
12798,2017:7001286988,2017-07-18T08:25:00,VICTORIA PARK AVE,FINCH AVE E,,3,Non-Fatal Injury,At Intersection,Traffic Signal,Pedestrian Collision (internal code),Clear,Daylight,Dry,Major Arterial,FALSE,-79.3313716,43.7930351,1,Delivery Van,South,1,38,None,Lap and Shoulder Belt,Driving properly,Normal,,,Going Ahead,,,,,driver,,Scarborough-Agincourt (22),42 Division,L'Amoreaux West,FALSE,TRUE,FALSE,FALSE,FALSE,FALSE,TRUE,FALSE,TRUE,TRUE,"{""coordinates"": [[-79.33137159615221, 43.793035096374155]], ""type"": ""MultiPoint""}"
12799,2017:7001300231,2017-07-20T06:24:00,BREMNER BLVD,SPADINA AVE,,2,Non-Fatal Injury,At Intersection,Traffic Signal,Pedestrian Collision (internal code),Clear,Daylight,Dry,Major Arterial,FALSE,-79.39296391,43.6404892,1,Automobile or Station Wagon,West,1,24,None,Lap and Shoulder Belt,Driving properly,Normal,,,Going Ahead,,,,,driver,,Spadina-Fort York (10),52 Division,Harbourfront-CityPlace,FALSE,FALSE,FALSE,FALSE,FALSE,FALSE,TRUE,FALSE,FALSE,FALSE,"{""coordinates"": [[-79.39296391118076, 43.64048919909352]], ""type"": ""MultiPoint""}"
12802,2017:7001343625,2017-07-26T17:51:00,DUNDAS ST W,CARLYLE ST,,2,Non-Fatal Injury,At Intersection,No Control,Cyclist Collision (internal code),Clear,Daylight,Dry,Major Arterial,FALSE,-79.40480492,43.65208221,1,Automobile or Station Wagon,East,2,52,None,Lap and Shoulder Belt,Improper turn,Inattentive,,,Turning Left,,,,,driver,,Spadina-Fort York (10),14 Division,Kensington-Chinatown,FALSE,TRUE,TRUE,FALSE,FALSE,FALSE,FALSE,FALSE,FALSE,FALSE,"{""coordinates"": [[-79.40480491627342, 43.65208221375496]], ""type"": ""MultiPoint""}"
12803,2017:7001344660,2017-07-26T21:00:00,EGLINTON AVE E,VICTORIA PARK AVE,,2,Non-Fatal Injury,At Intersection,Traffic Signal,Pedestrian Collision (internal code),Rain,Dark with Artificial Lighting,Wet,Major Arterial,FALSE,-79.30260862,43.72464906,1,,West,1,65,Major,Use Unknown,,,Crossing with right-of-way (intersection),Normal,,Driver turns left into pedestrian crossing with right-of-way (at intersection),,,,pedestrian,,Scarborough Southwest (20),41 Division,Clairlea-Birchmount,TRUE,TRUE,FALSE,FALSE,FALSE,TRUE,TRUE,FALSE,FALSE,FALSE,"{""coordinates"": [[-79.30260862192719, 43.72464906024586]], ""type"": ""MultiPoint""}"
12805,2017:7001383874,2017-08-01T17:35:00,GRANGE AVE,LARCH ST,3 m West of,2,Non-Fatal Injury,At Intersection,No Control,Cyclist Collision (internal code),Clear,Daylight,Dry,Local,FALSE,-79.3965269,43.6520062,2,Automobile or Station Wagon,East,2,63,None,Lap and Shoulder Belt,Driving properly,Normal,,,Slowing or Stopping,,,,,driver,,Spadina-Fort York (10),52 Division,Kensington-Chinatown,FALSE,TRUE,TRUE,FALSE,FALSE,FALSE,FALSE,FALSE,FALSE,FALSE,"{""coordinates"": [[-79.39652690024684, 43.65200620154258]], ""type"": ""MultiPoint""}"
12806,2017:7001406926,2017-08-05T02:25:00,BAY ST,FRONT ST W,40 m South of,2,Non-Fatal Injury,At/Near Private Drive,No Control,Pedestrian Collision (internal code),Clear,Dark with Artificial Lighting,Dry,Major Arterial,FALSE,-79.37889488,43.64548318,1,Automobile or Station Wagon,North,1,53,None,Lap and Shoulder Belt,Driving properly,Inattentive,,,Going Ahead,,,,,driver,,Spadina-Fort York (10),52 Division,St Lawrence-East Bayfront-The Islands,FALSE,TRUE,FALSE,FALSE,FALSE,FALSE,TRUE,FALSE,FALSE,FALSE,"{""coordinates"": [[-79.37889487573587, 43.64548317686814]], ""type"": ""MultiPoint""}"
12807,2017:7001412145,2017-08-05T22:45:00,YORK MILLS RD,YONGE ST,,2,Non-Fatal Injury,At Intersection,Traffic Signal,Pedestrian Collision (internal code),Clear,Dark with Artificial Lighting,Dry,Major Arterial,FALSE,-79.40668077,43.74407719,1,Automobile or Station Wagon,West,2,17,None,Lap and Shoulder Belt,Failed to yield right-of-way,Inattentive,,,Turning Right,,,,,driver,,Don Valley West (15),32 Division,St.Andrew-Windfields,TRUE,TRUE,FALSE,FALSE,FALSE,TRUE,TRUE,FALSE,TRUE,FALSE,"{""coordinates"": [[-79.40668077368153, 43.74407719109805]], ""type"": ""MultiPoint""}"
12808,2017:7001414660,2017-08-06T11:25:00,KEELE ST,ANNETTE ST,7 m South of,6,Non-Fatal Injury,Intersection-Related,Traffic Signal,Pedestrian Collision (internal code),Clear,Daylight,Dry,Major Arterial,FALSE,-79.46376401,43.6635803,2,,Unknown,6,62,Major,No Equipment Available,,,Walking on roadway against traffic,Normal,,Driver going straight hits pedestrian crossing with right-of-way (at intersection),,,,pedestrian,,Parkdale-High Park (4),11 Division,Junction Area,TRUE,FALSE,FALSE,FALSE,FALSE,FALSE,TRUE,TRUE,TRUE,FALSE,"{""coordinates"": [[-79.46376401121952, 43.66358029616907]], ""type"": ""MultiPoint""}"
12809,2017:7001414660,2017-08-06T11:25:00,KEELE ST,ANNETTE ST,7 m South of,6,Non-Fatal Injury,Intersection-Related,Traffic Signal,Pedestrian Collision (internal code),Clear,Daylight,Dry,Major Arterial,FALSE,-79.46376401,43.6635803,2,Automobile or Station Wagon,East,2,50,Minor,Lap and Shoulder Belt,Driving properly,Normal,,,Going Ahead,,,,,driver,,Parkdale-High Park (4),11 Division,Junction Area,TRUE,FALSE,FALSE,FALSE,FALSE,FALSE,TRUE,TRUE,TRUE,FALSE,"{""coordinates"": [[-79.46376401121952, 43.66358029616907]], ""type"": ""MultiPoint""}"
12810,2017:7001414660,2017-08-06T11:25:00,KEELE ST,ANNETTE ST,7 m South of,6,Non-Fatal Injury,Intersection-Related,Traffic Signal,Pedestrian Collision (internal code),Clear,Daylight,Dry,Major Arterial,FALSE,-79.46376401,43.6635803,2,,,3,50,None,Lap and Shoulder Belt,,,,,,,,,,passenger,,Parkdale-High Park (4),11 Division,Junction Area,TRUE,FALSE,FALSE,FALSE,FALSE,FALSE,TRUE,TRUE,TRUE,FALSE,"{""coordinates"": [[-79.46376401121952, 43.66358029616907]], ""type"": ""MultiPoint""}"
12811,2017:7001414660,2017-08-06T11:25:00,KEELE ST,ANNETTE ST,7 m South of,6,Non-Fatal Injury,Intersection-Related,Traffic Signal,Pedestrian Collision (internal code),Clear,Daylight,Dry,Major Arterial,FALSE,-79.46376401,43.6635803,2,,,5,11,None,Lap and Shoulder Belt,,,,,,,,,,passenger,,Parkdale-High Park (4),11 Division,Junction Area,TRUE,FALSE,FALSE,FALSE,FALSE,FALSE,TRUE,TRUE,TRUE,FALSE,"{""coordinates"": [[-79.46376401121952, 43.66358029616907]], ""type"": ""MultiPoint""}"
12812,2017:7001424903,2017-08-08T08:01:00,MILLIKEN BLVD,FINCH AVE E,,2,Non-Fatal Injury,At Intersection,Traffic Signal,Pedestrian Collision (internal code),Clear,Daylight,Dry,Major Arterial,FALSE,-79.29425453,43.80174005,1,,North,2,79,Major,Use Unknown,,,Crossing with right-of-way (intersection),Normal,,Driver turns left into pedestrian crossing with right-of-way (at intersection),,,,pedestrian,,Scarborough-Agincourt (22),42 Division,East L'Amoreaux,TRUE,FALSE,FALSE,FALSE,FALSE,TRUE,TRUE,FALSE,FALSE,FALSE,"{""coordinates"": [[-79.29425452881246, 43.80174005339094]], ""type"": ""MultiPoint""}"
12814,2017:7001489368,2017-08-17T22:15:00,DUFFERIN ST,CARTWRIGHT AVE,,2,Non-Fatal Injury,At Intersection,No Control,Pedestrian Collision (internal code),Rain,Dark with Artificial Lighting,Wet,Major Arterial,FALSE,-79.45685989,43.72378326,1,Automobile or Station Wagon,South,1,42,None,Lap and Shoulder Belt,Driving properly,Normal,,,Going Ahead,,,,,driver,,Eglinton-Lawrence (8),32 Division,Yorkdale-Glen Park,FALSE,TRUE,FALSE,FALSE,FALSE,FALSE,TRUE,FALSE,TRUE,FALSE,"{""coordinates"": [[-79.4568598941226, 43.72378326248918]], ""type"": ""MultiPoint""}"
12815,2017:7001492041,2017-08-18T10:55:00,FAYWOOD BLVD,WILSON AVE,1 m South of,2,Non-Fatal Injury,At Intersection,Stop Sign,Cyclist Collision (internal code),Clear,Daylight,Dry,Major Arterial,FALSE,-79.44639986,43.73468224,1,Automobile or Station Wagon,South,1,49,None,Lap and Shoulder Belt,Failed to yield right-of-way,Inattentive,,,Turning Right,,,,,driver,,York Centre (6),32 Division,Clanton Park,TRUE,TRUE,TRUE,FALSE,FALSE,FALSE,FALSE,FALSE,FALSE,FALSE,"{""coordinates"": [[-79.44639985724868, 43.734682244757856]], ""type"": ""MultiPoint""}"