_id,collision_id,accdate,stname1,stname2,stname3,per_inv,acclass,accloc,traffictl,impactype,visible,light,rdsfcond,road_class,failtorem,longitude,latitude,veh_no,vehtype,initdir,per_no,invage,injury,safequip,drivact,drivcond,pedact,pedcond,manoeuvre,pedtype,cyclistype,cycact,cyccond,road_user,fatal_no,wardname,division,neighbourhood,aggressive,distracted,cyclist,motorcyclist,other_micromobility,older_adult,pedestrian,red_light,school_child,heavy_truck,geometry
13289,2019:9000918002,2019-05-20T09:20:00,QUEENS QUAY W,YORK ST,10 m West of,2,Non-Fatal Injury,At Intersection,Traffic Signal,Pedestrian Collision (internal code),Clear,Daylight,Dry,Minor Arterial,FALSE,-79.38016198,43.63989098,1,Streetcar,West,1,47,Minimal,Lap and Shoulder Belt,Driving properly,Normal,,,Going Ahead,,,,,driver,,Spadina-Fort York (10),52 Division,St Lawrence-East Bayfront-The Islands,FALSE,TRUE,FALSE,FALSE,FALSE,FALSE,TRUE,FALSE,FALSE,TRUE,"{""coordinates"": [[-79.3801619805206, 43.63989098176089]], ""type"": ""MultiPoint""}"
13290,2019:9000925412,2019-05-21T11:43:00,QUEEN ST W,SHAW ST,,2,Non-Fatal Injury,At Intersection,Traffic Signal,Pedestrian Collision (internal code),Clear,Daylight,Dry,Major Arterial,FALSE,-79.41626434,43.64465178,1,,North,2,81,Major,Use Unknown,,,Crossing with right-of-way (intersection),Normal,,Driver turns left into pedestrian crossing with right-of-way (at intersection),,,,pedestrian,,Spadina-Fort York (10),14 Division,West Queen West,TRUE,TRUE,FALSE,FALSE,FALSE,TRUE,TRUE,FALSE,FALSE,FALSE,"{""coordinates"": [[-79.4162643393282, 43.6446517768068]], ""type"": ""MultiPoint""}"
13291,2019:9000933967,2019-05-22T14:39:00,RICHMOND ST W,AUGUSTA AVE,,2,Non-Fatal Injury,At Intersection,No Control,Pedestrian Collision (internal code),Clear,Daylight,Dry,Major Arterial,FALSE,-79.39934993,43.64726482,1,Truck - Tank,West,1,38,None,Use Unknown,Driving properly,Unknown,,,Going Ahead,,,,,driver,,Spadina-Fort York (10),14 Division,Wellington Place,FALSE,TRUE,FALSE,FALSE,FALSE,FALSE,TRUE,FALSE,FALSE,TRUE,"{""coordinates"": [[-79.39934993419752, 43.64726481854418]], ""type"": ""MultiPoint""}"
13292,2019:9000942318,2019-05-23T17:30:00,QUEEN ST E,CARROLL ST,,2,Non-Fatal Injury,At Intersection,Pedestrian Crossover,Pedestrian Collision (internal code),Clear,Daylight,Dry,Major Arterial,FALSE,-79.35220017,43.6582587,1,Automobile or Station Wagon,West,1,72,None,Use Unknown,Failed to yield right-of-way,Inattentive,,,Going Ahead,,,,,driver,,Toronto-Danforth (14),55 Division,South Riverdale,TRUE,TRUE,FALSE,FALSE,FALSE,TRUE,TRUE,FALSE,FALSE,FALSE,"{""coordinates"": [[-79.3522001675609, 43.65825870420109]], ""type"": ""MultiPoint""}"
13294,2019:9000969517,2019-05-26T09:10:00,SIMCOE ST,PEARL ST,,2,Non-Fatal Injury,At Intersection,No Control,Cyclist Collision (internal code),Clear,Daylight,Dry,Collector,FALSE,-79.38633416,43.64793619,2,Bicycle,South,2,22,Major,Helmet,,,,,Going Ahead,,"Driver turns right at non-signalized intersection (e.g. stop, yield, no control, driveway) and hits cyclist",Driving Properly,Normal,cyclist,,Spadina-Fort York (10),52 Division,Yonge-Bay Corridor,TRUE,TRUE,TRUE,FALSE,FALSE,FALSE,FALSE,FALSE,FALSE,FALSE,"{""coordinates"": [[-79.38633416051229, 43.6479361857125]], ""type"": ""MultiPoint""}"
13295,2019:9000963732,2019-05-26T17:57:00,CARLTON ST,BERKELEY ST,1 m West of,3,Non-Fatal Injury,At Intersection,Stop Sign,Cyclist Collision (internal code),Clear,Daylight,Dry,Minor Arterial,TRUE,-79.36928241,43.66399222,1,Automobile or Station Wagon,North,1,26,None,Use Unknown,Failed to yield right-of-way,Inattentive,,,Turning Left,,,,,driver,,Toronto Centre (13),51 Division,Moss Park,TRUE,TRUE,TRUE,FALSE,FALSE,FALSE,FALSE,FALSE,FALSE,FALSE,"{""coordinates"": [[-79.36928240635628, 43.66399221811015]], ""type"": ""MultiPoint""}"
13296,2019:9000964152,2019-05-26T19:14:00,NORTH QUEEN ST,INDEX RD,100 m West of,4,Non-Fatal Injury,At Intersection,Traffic Signal,Pedestrian Collision (internal code),Clear,Daylight,Dry,Minor Arterial,FALSE,-79.55370816,43.6194025,1,,South,4,19,Major,No Equipment Available,,,Crossing with right-of-way (intersection),Normal,,Driver turns left into pedestrian crossing with right-of-way (at intersection),,,,pedestrian,,Etobicoke-Lakeshore (3),22 Division,Etobicoke City Centre,TRUE,TRUE,FALSE,FALSE,FALSE,TRUE,TRUE,FALSE,TRUE,FALSE,"{""coordinates"": [[-79.55370816402335, 43.61940250087581]], ""type"": ""MultiPoint""}"
13297,2019:9000964152,2019-05-26T19:14:00,NORTH QUEEN ST,INDEX RD,100 m West of,4,Non-Fatal Injury,At Intersection,Traffic Signal,Pedestrian Collision (internal code),Clear,Daylight,Dry,Minor Arterial,FALSE,-79.55370816,43.6194025,1,Passenger Van,North,1,81,None,Use Unknown,Failed to yield right-of-way,Inattentive,,,Turning Left,,,,,driver,,Etobicoke-Lakeshore (3),22 Division,Etobicoke City Centre,TRUE,TRUE,FALSE,FALSE,FALSE,TRUE,TRUE,FALSE,TRUE,FALSE,"{""coordinates"": [[-79.55370816402335, 43.61940250087581]], ""type"": ""MultiPoint""}"
13298,2019:9001006697,2019-06-01T15:15:00,BLOOR ST W,KEELE ST,,2,Non-Fatal Injury,At Intersection,Traffic Signal,Cyclist Collision (internal code),Clear,Daylight,Dry,Major Arterial,FALSE,-79.46000373,43.6546349,2,Bicycle,West,2,30,Major,Helmet,,,,,Going Ahead,,Driver turns left into path of cyclist,Driving Properly,Normal,cyclist,,Parkdale-High Park (4),11 Division,High Park-Swansea,TRUE,FALSE,TRUE,FALSE,FALSE,FALSE,FALSE,FALSE,FALSE,FALSE,"{""coordinates"": [[-79.46000372700776, 43.65463490099475]], ""type"": ""MultiPoint""}"
13299,2019:9001007644,2019-06-01T18:27:00,DUNDAS ST W,ANNETTE ST,,2,Non-Fatal Injury,At Intersection,Traffic Signal,Cyclist Collision (internal code),Clear,Daylight,Dry,Major Arterial,FALSE,-79.45873723,43.66441196,2,Automobile or Station Wagon,South,2,26,None,Lap and Shoulder Belt,Driving properly,Normal,,,Going Ahead,,,,,driver,,Parkdale-High Park (4),11 Division,Junction Area,FALSE,FALSE,TRUE,FALSE,FALSE,FALSE,FALSE,FALSE,TRUE,FALSE,"{""coordinates"": [[-79.45873722813225, 43.664411964345334]], ""type"": ""MultiPoint""}"
13300,2019:9001012160,2019-06-02T12:47:00,MCLEVIN AVE,HUPFIELD TRL,,2,Non-Fatal Injury,At Intersection,Traffic Signal,Pedestrian Collision (internal code),Clear,Daylight,Dry,Minor Arterial,FALSE,-79.21999,43.8102666,1,,North,1,76,Major,No Equipment Available,,,Crossing with right-of-way (intersection),Normal,,Driver turns left into pedestrian crossing with right-of-way (at intersection),,,,pedestrian,,Scarborough-Rouge Park (25),42 Division,Malvern East,TRUE,FALSE,FALSE,FALSE,FALSE,TRUE,TRUE,FALSE,FALSE,FALSE,"{""coordinates"": [[-79.21998999755807, 43.81026660051578]], ""type"": ""MultiPoint""}"
13301,2019:9001020471,2019-06-03T15:24:00,MIDLAND AVE,LOCKIE AVE,5 m  of,4,Non-Fatal Injury,Intersection-Related,Traffic Signal,Pedestrian Collision (internal code),Clear,Daylight,Dry,Major Arterial,FALSE,-79.28000292,43.78886239,1,,,2,8,None,Lap and Shoulder Belt,,,,,,,,,,passenger,,Scarborough North (23),42 Division,Agincourt South-Malvern West,FALSE,FALSE,FALSE,FALSE,FALSE,FALSE,TRUE,FALSE,TRUE,FALSE,"{""coordinates"": [[-79.28000291951248, 43.788862394788936]], ""type"": ""MultiPoint""}"
13302,2019:9001020471,2019-06-03T15:24:00,MIDLAND AVE,LOCKIE AVE,5 m  of,4,Non-Fatal Injury,Intersection-Related,Traffic Signal,Pedestrian Collision (internal code),Clear,Daylight,Dry,Major Arterial,FALSE,-79.28000292,43.78886239,1,,West,3,13,Major,No Equipment Available,,,Running onto roadway,Normal,,Driver going straight hits pedestrian crossing without right-of-way (at intersection),,,,pedestrian,,Scarborough North (23),42 Division,Agincourt South-Malvern West,FALSE,FALSE,FALSE,FALSE,FALSE,FALSE,TRUE,FALSE,TRUE,FALSE,"{""coordinates"": [[-79.28000291951248, 43.788862394788936]], ""type"": ""MultiPoint""}"
13303,2019:9001020911,2019-06-03T16:24:00,STEELES AVE E,BESTVIEW DR,12 m West of,4,Non-Fatal Injury,Intersection-Related,No Control,Pedestrian Collision (internal code),Clear,Daylight,Dry,Major Arterial,FALSE,-79.38335085,43.80602102,1,,,3,8,None,Lap and Shoulder Belt,,,,,,,,,,passenger,,Don Valley North (17),33 Division,Bayview Woods-Steeles,FALSE,FALSE,FALSE,FALSE,FALSE,FALSE,TRUE,FALSE,TRUE,FALSE,"{""coordinates"": [[-79.38335084670129, 43.80602102451146]], ""type"": ""MultiPoint""}"
13304,2019:9001020911,2019-06-03T16:24:00,STEELES AVE E,BESTVIEW DR,12 m West of,4,Non-Fatal Injury,Intersection-Related,No Control,Pedestrian Collision (internal code),Clear,Daylight,Dry,Major Arterial,FALSE,-79.38335085,43.80602102,1,,,2,11,None,Lap and Shoulder Belt,,,,,,,,,,passenger,,Don Valley North (17),33 Division,Bayview Woods-Steeles,FALSE,FALSE,FALSE,FALSE,FALSE,FALSE,TRUE,FALSE,TRUE,FALSE,"{""coordinates"": [[-79.38335084670129, 43.80602102451146]], ""type"": ""MultiPoint""}"
13305,2019:9001022166,2019-06-03T19:36:00,LAKE SHORE BLVD W,NEWFOUNDLAND RD,,2,Non-Fatal Injury,At Intersection,Traffic Signal,Cyclist Collision (internal code),Clear,Daylight,Dry,Major Arterial,FALSE,-79.41085511,43.63237989,1,Automobile or Station Wagon,East,1,24,Minimal,Lap and Shoulder Belt,Failed to yield right-of-way,Normal,,,Turning Right,,,,,driver,,Spadina-Fort York (10),14 Division,Fort York-Liberty Village,TRUE,FALSE,TRUE,FALSE,FALSE,FALSE,FALSE,FALSE,FALSE,FALSE,"{""coordinates"": [[-79.41085510751725, 43.63237989113189]], ""type"": ""MultiPoint""}"
13306,2019:9001042474,2019-06-06T15:50:00,3 DREWRY AVE,,25 m West of YONGE ST,2,Non-Fatal Injury,At/Near Private Drive,No Control,Pedestrian Collision (internal code),Clear,Daylight,Dry,Minor Arterial,FALSE,-79.41732462,43.78699717,1,Automobile or Station Wagon,North,1,60,Minimal,Lap and Shoulder Belt,Driving properly,Inattentive,,,Going Ahead,,,,,driver,,Willowdale (18),32 Division,Newtonbrook East,FALSE,TRUE,FALSE,FALSE,FALSE,TRUE,TRUE,FALSE,FALSE,FALSE,"{""coordinates"": [[-79.41732461546952, 43.7869971707679]], ""type"": ""MultiPoint""}"
13307,2019:9001051544,2019-06-07T19:25:00,DANFORTH AVE,COXWELL AVE,60 m North of,3,Non-Fatal Injury,Non-Intersection,No Control,Pedestrian Collision (internal code),Clear,Daylight with Artificial Lighting,Dry,Major Arterial,FALSE,-79.32253699,43.68347762,1,Automobile or Station Wagon,East,1,43,None,Lap and Shoulder Belt,Driving properly,Normal,,,Going Ahead,,,,,driver,,Beaches-East York (19),55 Division,Woodbine Corridor,FALSE,FALSE,FALSE,FALSE,FALSE,FALSE,TRUE,FALSE,FALSE,FALSE,"{""coordinates"": [[-79.32253698992274, 43.6834776223583]], ""type"": ""MultiPoint""}"
13308,2019:9001051786,2019-06-07T20:18:00,FINCH AVE W,MILVAN DR,,2,Non-Fatal Injury,At Intersection,Traffic Signal,Pedestrian Collision (internal code),Clear,Dusk,Dry,Major Arterial,TRUE,-79.55227359,43.7498727,1,,South,2,35,Major,No Equipment Available,,,Crossing with right-of-way (intersection),Normal,,Driver turns left into pedestrian crossing with right-of-way (at intersection),,,,pedestrian,,Humber River-Black Creek (7),31 Division,Humbermede,TRUE,FALSE,FALSE,FALSE,FALSE,FALSE,TRUE,FALSE,FALSE,FALSE,"{""coordinates"": [[-79.55227359236004, 43.74987270257165]], ""type"": ""MultiPoint""}"
13309,2019:9001076374,2019-06-11T13:05:00,ST CLAIR AVE E,NORTH WOODROW BLVD,,3,Non-Fatal Injury,At Intersection,No Control,Pedestrian Collision (internal code),Clear,Daylight,Dry,Major Arterial,FALSE,-79.26670494,43.71518531,1,,North,3,24,Major,Use Unknown,,,Crossing with right-of-way (intersection),Normal,,Driver going straight hits pedestrian crossing with right-of-way (at intersection),,,,pedestrian,,Scarborough Southwest (20),41 Division,Clairlea-Birchmount,TRUE,FALSE,FALSE,FALSE,FALSE,FALSE,TRUE,FALSE,FALSE,FALSE,"{""coordinates"": [[-79.26670493809564, 43.71518530918747]], ""type"": ""MultiPoint""}"
13310,2019:9001076374,2019-06-11T13:05:00,ST CLAIR AVE E,NORTH WOODROW BLVD,,3,Non-Fatal Injury,At Intersection,No Control,Pedestrian Collision (internal code),Clear,Daylight,Dry,Major Arterial,FALSE,-79.26670494,43.71518531,1,,,2,55,None,Lap and Shoulder Belt,,,,,,,,,,passenger,,Scarborough Southwest (20),41 Division,Clairlea-Birchmount,TRUE,FALSE,FALSE,FALSE,FALSE,FALSE,TRUE,FALSE,FALSE,FALSE,"{""coordinates"": [[-79.26670493809564, 43.71518530918747]], ""type"": ""MultiPoint""}"
13311,2019:9001080301,2019-06-11T23:13:00,ST CLAIR AVE W,OLD WESTON RD,,2,Non-Fatal Injury,At Intersection,Traffic Signal,Pedestrian Collision (internal code),Clear,Dark with Artificial Lighting,Dry,Major Arterial,FALSE,-79.46300968,43.67346424,1,,Unknown,2,79,Major,Use Unknown,,,Crossing without right-of-way (intersection),Ability Impaired - Alcohol Over .08,,Driver going straight hits pedestrian crossing without right-of-way (at intersection),,,,pedestrian,,Davenport (9),11 Division,Weston-Pelham Park,FALSE,FALSE,FALSE,FALSE,FALSE,TRUE,TRUE,FALSE,FALSE,FALSE,"{""coordinates"": [[-79.46300968155897, 43.67346424344845]], ""type"": ""MultiPoint""}"
13312,2019:9001086071,2019-06-12T17:50:00,BLOOR ST W,JOPLING AVE N,26 m East of,3,Non-Fatal Injury,At/Near Private Drive,No Control,Pedestrian Collision (internal code),Clear,Daylight,Dry,Major Arterial,FALSE,-79.53951743,43.640822,1,,North,2,20,Major,No Equipment Available,,,Crossing - no traffic control,Normal,,Unknown,,,,pedestrian,,Etobicoke-Lakeshore (3),22 Division,Islington,TRUE,FALSE,FALSE,FALSE,FALSE,FALSE,TRUE,FALSE,FALSE,FALSE,"{""coordinates"": [[-79.5395174315859, 43.64082199664064]], ""type"": ""MultiPoint""}"
13313,2019:9001086071,2019-06-12T17:50:00,BLOOR ST W,JOPLING AVE N,26 m East of,3,Non-Fatal Injury,At/Near Private Drive,No Control,Pedestrian Collision (internal code),Clear,Daylight,Dry,Major Arterial,FALSE,-79.53951743,43.640822,1,,North,3,46,Minor,No Equipment Available,,,Crossing - no traffic control,Normal,,Unknown,,,,pedestrian,,Etobicoke-Lakeshore (3),22 Division,Islington,TRUE,FALSE,FALSE,FALSE,FALSE,FALSE,TRUE,FALSE,FALSE,FALSE,"{""coordinates"": [[-79.5395174315859, 43.64082199664064]], ""type"": ""MultiPoint""}"
13314,2019:9001093833,2019-06-13T19:17:00,EGLINTON AVE W,HARTLEY AVE,20 m West of,2,Non-Fatal Injury,Intersection-Related,No Control,Pedestrian Collision (internal code),Clear,Daylight,Dry,Major Arterial,FALSE,-79.45391539,43.69480364,1,,Unknown,1,65,Major,No Equipment Available,,,Crossing - no traffic control,Normal,,Driver hits pedestrian at midblock,,,,pedestrian,,Davenport (9),13 Division,Caledonia-Fairbank,TRUE,FALSE,FALSE,FALSE,FALSE,TRUE,TRUE,FALSE,FALSE,FALSE,"{""coordinates"": [[-79.45391538940589, 43.69480363872128]], ""type"": ""MultiPoint""}"
13315,2019:9001103097,2019-06-15T00:48:00,QUEEN ST W,DUFFERIN ST,,2,Non-Fatal Injury,At Intersection,Traffic Signal,Cyclist Collision (internal code),Clear,Dark with Artificial Lighting,Dry,Major Arterial,FALSE,-79.4286011,43.6421341,1,Automobile or Station Wagon,West,1,22,None,Lap and Shoulder Belt,Failed to yield right-of-way,Normal,,,Turning Left,,,,,driver,,Spadina-Fort York (10),14 Division,South Parkdale,TRUE,FALSE,TRUE,FALSE,FALSE,FALSE,FALSE,FALSE,FALSE,FALSE,"{""coordinates"": [[-79.42860109868772, 43.64213409597288]], ""type"": ""MultiPoint""}"
13316,2019:9001113942,2019-06-16T17:10:00,EVANS AVE,HORNER AVE,,2,Non-Fatal Injury,At Intersection,Traffic Signal,Cyclist Collision (internal code),Clear,Daylight,Dry,Major Arterial,FALSE,-79.51880364,43.6169229,2,Automobile or Station Wagon,North,2,74,None,Lap and Shoulder Belt,Driving properly,Normal,,,Going Ahead,,,,,driver,,Etobicoke-Lakeshore (3),22 Division,Mimico-Queensway,FALSE,FALSE,TRUE,FALSE,FALSE,TRUE,FALSE,FALSE,FALSE,FALSE,"{""coordinates"": [[-79.51880364265449, 43.61692290499631]], ""type"": ""MultiPoint""}"
13317,2019:9001133946,2019-06-19T09:25:00,BIRCHMOUNT RD,FOXRIDGE DR,,3,Non-Fatal Injury,At Intersection,Traffic Signal,Cyclist Collision (internal code),Clear,Daylight,Dry,Minor Arterial,FALSE,-79.27447167,43.72175423,1,Bicycle,North,1,21,Major,No Equipment Available,,,,,Changing Lanes,,Sideswipe with cyclist and driver travelling in same direction,Improper Lane Change,Normal,cyclist,,Scarborough Southwest (20),41 Division,Kennedy Park,FALSE,FALSE,TRUE,FALSE,FALSE,FALSE,FALSE,FALSE,FALSE,FALSE,"{""coordinates"": [[-79.27447166741979, 43.721754228427336]], ""type"": ""MultiPoint""}"
13320,2019:9001146932,2019-06-20T22:04:00,ST CLAIR AVE E,BIRCHMOUNT RD,2 m East of,2,Non-Fatal Injury,At Intersection,Traffic Signal,Pedestrian Collision (internal code),Rain,Dark with Artificial Lighting,Wet,Major Arterial,FALSE,-79.27108422,43.71408668,1,,Unknown,2,23,Major,No Equipment Available,,,Crossing with right-of-way (intersection),Normal,,Driver turns right into pedestrian crossing with right-of-way (at intersection),,,,pedestrian,,Scarborough Southwest (20),41 Division,Clairlea-Birchmount,TRUE,FALSE,FALSE,FALSE,FALSE,FALSE,TRUE,FALSE,FALSE,FALSE,"{""coordinates"": [[-79.27108421963798, 43.714086682173345]], ""type"": ""MultiPoint""}"
13321,2019:9001180401,2019-06-25T16:09:00,NORTHLAND AVE,WESTON RD,,2,Non-Fatal Injury,At Intersection,Traffic Signal,Cyclist Collision (internal code),Clear,Daylight,Dry,Major Arterial,FALSE,-79.47403417,43.67882772,1,Pickup Truck,East,1,53,Minimal,Lap and Shoulder Belt,Driving properly,Normal,,,Turning Left,,,,,driver,,York South-Weston (5),12 Division,Junction Area,FALSE,FALSE,TRUE,FALSE,FALSE,FALSE,FALSE,FALSE,TRUE,FALSE,"{""coordinates"": [[-79.47403416802648, 43.67882772116806]], ""type"": ""MultiPoint""}"
13322,2019:9001182119,2019-06-25T20:02:00,MIDLAND AVE,MIDWEST RD,,8,Non-Fatal Injury,Non-Intersection,No Control,Pedestrian Collision (internal code),Clear,Daylight,Dry,Major Arterial,FALSE,-79.2661632,43.7546598,1,,,6,23,None,Use Unknown,,,,,,,,,,passenger,,Scarborough Centre (21),41 Division,Bendale-Glen Andrew,FALSE,FALSE,FALSE,FALSE,FALSE,FALSE,TRUE,FALSE,FALSE,FALSE,"{""coordinates"": [[-79.2661632040766, 43.75465979813465]], ""type"": ""MultiPoint""}"
13323,2019:9001182119,2019-06-25T20:02:00,MIDLAND AVE,MIDWEST RD,,8,Non-Fatal Injury,Non-Intersection,No Control,Pedestrian Collision (internal code),Clear,Daylight,Dry,Major Arterial,FALSE,-79.2661632,43.7546598,3,Pickup Truck,North,3,42,None,Use Unknown,Driving properly,Normal,,,Turning Left,,,,,driver,,Scarborough Centre (21),41 Division,Bendale-Glen Andrew,FALSE,FALSE,FALSE,FALSE,FALSE,FALSE,TRUE,FALSE,FALSE,FALSE,"{""coordinates"": [[-79.2661632040766, 43.75465979813465]], ""type"": ""MultiPoint""}"
13324,2019:9001182119,2019-06-25T20:02:00,MIDLAND AVE,MIDWEST RD,,8,Non-Fatal Injury,Non-Intersection,No Control,Pedestrian Collision (internal code),Clear,Daylight,Dry,Major Arterial,FALSE,-79.2661632,43.7546598,5,Passenger Van,North,5,55,None,Use Unknown,Driving properly,Normal,,,Going Ahead,,,,,driver,,Scarborough Centre (21),41 Division,Bendale-Glen Andrew,FALSE,FALSE,FALSE,FALSE,FALSE,FALSE,TRUE,FALSE,FALSE,FALSE,"{""coordinates"": [[-79.2661632040766, 43.75465979813465]], ""type"": ""MultiPoint""}"
13325,2019:9001182119,2019-06-25T20:02:00,MIDLAND AVE,MIDWEST RD,,8,Non-Fatal Injury,Non-Intersection,No Control,Pedestrian Collision (internal code),Clear,Daylight,Dry,Major Arterial,FALSE,-79.2661632,43.7546598,2,Automobile or Station Wagon,North,2,40,None,Use Unknown,Driving properly,Normal,,,Going Ahead,,,,,driver,,Scarborough Centre (21),41 Division,Bendale-Glen Andrew,FALSE,FALSE,FALSE,FALSE,FALSE,FALSE,TRUE,FALSE,FALSE,FALSE,"{""coordinates"": [[-79.2661632040766, 43.75465979813465]], ""type"": ""MultiPoint""}"
13326,2019:9001182119,2019-06-25T20:02:00,MIDLAND AVE,MIDWEST RD,,8,Non-Fatal Injury,Non-Intersection,No Control,Pedestrian Collision (internal code),Clear,Daylight,Dry,Major Arterial,FALSE,-79.2661632,43.7546598,1,,,7,20,None,Use Unknown,,,,,,,,,,passenger,,Scarborough Centre (21),41 Division,Bendale-Glen Andrew,FALSE,FALSE,FALSE,FALSE,FALSE,FALSE,TRUE,FALSE,FALSE,FALSE,"{""coordinates"": [[-79.2661632040766, 43.75465979813465]], ""type"": ""MultiPoint""}"
13328,2019:9001196370,2019-06-27T18:50:00,LAKE SHORE BLVD W,TENTH ST,6 m West of,2,Non-Fatal Injury,At Intersection,Traffic Signal,Pedestrian Collision (internal code),Clear,Daylight,Dry,Major Arterial,FALSE,-79.50859553,43.59994368,1,,South,2,82,Major,Use Unknown,,,Crossing with right-of-way (intersection),Normal,,Driver turns left into pedestrian crossing with right-of-way (at intersection),,,,pedestrian,,Etobicoke-Lakeshore (3),22 Division,New Toronto,TRUE,TRUE,FALSE,FALSE,FALSE,TRUE,TRUE,FALSE,FALSE,FALSE,"{""coordinates"": [[-79.50859553063408, 43.599943683158976]], ""type"": ""MultiPoint""}"
13329,2019:9001201240,2019-06-28T12:22:00,ADELAIDE ST E,BERKELEY ST,1 m West of,4,Non-Fatal Injury,At Intersection,Traffic Signal,Cyclist Collision (internal code),Clear,Daylight,Dry,Major Arterial,FALSE,-79.36474292,43.65291433,1,Bicycle,East,1,63,Major,Helmet,,,,,Turning Left,,Cyclist turns left into path of driver,Improper Turn,Normal,cyclist,,Toronto Centre (13),51 Division,Moss Park,FALSE,FALSE,TRUE,FALSE,FALSE,FALSE,FALSE,FALSE,FALSE,FALSE,"{""coordinates"": [[-79.3647429243081, 43.652914332610464]], ""type"": ""MultiPoint""}"
13330,2019:9001201240,2019-06-28T12:22:00,ADELAIDE ST E,BERKELEY ST,1 m West of,4,Non-Fatal Injury,At Intersection,Traffic Signal,Cyclist Collision (internal code),Clear,Daylight,Dry,Major Arterial,FALSE,-79.36474292,43.65291433,2,,,4,29,None,Lap and Shoulder Belt,,,,,,,,,,passenger,,Toronto Centre (13),51 Division,Moss Park,FALSE,FALSE,TRUE,FALSE,FALSE,FALSE,FALSE,FALSE,FALSE,FALSE,"{""coordinates"": [[-79.3647429243081, 43.652914332610464]], ""type"": ""MultiPoint""}"
13331,2019:9001220436,2019-07-01T07:19:00,ST CLAIR AVE W,OAKWOOD AVE,,2,Non-Fatal Injury,At Intersection,Traffic Signal,Pedestrian Collision (internal code),Clear,Daylight,Dry,Major Arterial,FALSE,-79.43568113,43.67958298,1,Automobile or Station Wagon,West,1,55,None,Use Unknown,Driving properly,Normal,,,Going Ahead,,,,,driver,,Davenport (9),13 Division,Wychwood,FALSE,TRUE,FALSE,FALSE,FALSE,FALSE,TRUE,FALSE,FALSE,FALSE,"{""coordinates"": [[-79.43568112842624, 43.679582976722266]], ""type"": ""MultiPoint""}"
13332,2019:9001234049,2019-07-03T07:35:00,DAVENPORT RD,HECTOR AVE,,2,Non-Fatal Injury,At Intersection,No Control,Cyclist Collision (internal code),Clear,Daylight with Artificial Lighting,Dry,Minor Arterial,FALSE,-79.42403866,43.67524947,1,Automobile or Station Wagon,West,1,44,None,Lap and Shoulder Belt,Failed to yield right-of-way,Inattentive,,,Turning Left,,,,,driver,,Toronto-St. Paul's (12),13 Division,Wychwood,TRUE,TRUE,TRUE,FALSE,FALSE,FALSE,FALSE,FALSE,FALSE,FALSE,"{""coordinates"": [[-79.42403865757309, 43.67524946553627]], ""type"": ""MultiPoint""}"
13333,2019:9001234628,2019-07-03T09:20:00,LAWRENCE AVE W,KEELE ST,10 m East of,2,Non-Fatal Injury,Non-Intersection,No Control,Pedestrian Collision (internal code),Clear,Daylight,Dry,Major Arterial,FALSE,-79.4780243,43.70858617,1,,South,2,52,Major,Use Unknown,,,Running onto roadway,Inattentive,,Driver hits pedestrian at midblock,,,,pedestrian,,York South-Weston (5),12 Division,Brookhaven-Amesbury,FALSE,TRUE,FALSE,FALSE,FALSE,FALSE,TRUE,FALSE,FALSE,FALSE,"{""coordinates"": [[-79.47802429579424, 43.70858616705522]], ""type"": ""MultiPoint""}"
13334,2019:9001268275,2019-07-07T20:10:00,SHEPPARD AVE E,NEILSON RD,,2,Non-Fatal Injury,At Intersection,Traffic Signal,Pedestrian Collision (internal code),Clear,Daylight,Dry,Major Arterial,FALSE,-79.21763252,43.79804812,1,,South,1,28,Major,Use Unknown,,,Crossing with right-of-way (intersection),Normal,,Driver turns left into pedestrian crossing with right-of-way (at intersection),,,,pedestrian,,Scarborough-Rouge Park (25),42 Division,Malvern East,FALSE,FALSE,FALSE,FALSE,FALSE,FALSE,TRUE,FALSE,FALSE,FALSE,"{""coordinates"": [[-79.21763252068887, 43.79804812051536]], ""type"": ""MultiPoint""}"
13335,2019:9001270000,2019-07-08T02:51:00,PARKSIDE DR,CONSTANCE ST,,3,Non-Fatal Injury,At Intersection,No Control,Pedestrian Collision (internal code),Clear,Dark with Artificial Lighting,Dry,Major Arterial,FALSE,-79.45762336,43.64821095,1,Automobile or Station Wagon,South,1,46,None,Lap and Shoulder Belt,Driving properly,Normal,,,Going Ahead,,,,,driver,,Parkdale-High Park (4),11 Division,High Park-Swansea,FALSE,FALSE,FALSE,FALSE,FALSE,FALSE,TRUE,FALSE,FALSE,FALSE,"{""coordinates"": [[-79.45762336237546, 43.64821094982799]], ""type"": ""MultiPoint""}"