_id,collision_id,accdate,stname1,stname2,stname3,per_inv,acclass,accloc,traffictl,impactype,visible,light,rdsfcond,road_class,failtorem,longitude,latitude,veh_no,vehtype,initdir,per_no,invage,injury,safequip,drivact,drivcond,pedact,pedcond,manoeuvre,pedtype,cyclistype,cycact,cyccond,road_user,fatal_no,wardname,division,neighbourhood,aggressive,distracted,cyclist,motorcyclist,other_micromobility,older_adult,pedestrian,red_light,school_child,heavy_truck,geometry
13390,2019:9001714515,2019-09-07T12:44:00,LAKE PROMENADE,CRYSTAL CRES,20 m West of,2,Non-Fatal Injury,Intersection-Related,No Control,Cyclist Collision (internal code),Clear,Daylight,Dry,Local,FALSE,-79.52668487,43.59028871,1,Truck - Open (Flatbed),West,1,51,None,Lap and Shoulder Belt,Driving properly,Normal,,,Overtaking,,,,,driver,,Etobicoke-Lakeshore (3),22 Division,Long Branch,FALSE,FALSE,TRUE,FALSE,FALSE,FALSE,FALSE,FALSE,FALSE,TRUE,"{""coordinates"": [[-79.52668486692804, 43.590288712621216]], ""type"": ""MultiPoint""}"
13391,2019:9001718859,2019-09-08T01:06:00,KING ST W,PORTLAND ST,5 m West of,2,Non-Fatal Injury,At Intersection,Traffic Signal,Cyclist Collision (internal code),Clear,Dark,Dry,Major Arterial,FALSE,-79.40005947,43.64438091,1,Automobile or Station Wagon,East,1,22,None,Lap and Shoulder Belt,Lost control,Ability Impaired - Alcohol Over .08,,,Turning Right,,,,,driver,,Spadina-Fort York (10),14 Division,Wellington Place,FALSE,FALSE,TRUE,FALSE,FALSE,FALSE,FALSE,FALSE,FALSE,FALSE,"{""coordinates"": [[-79.4000594738239, 43.64438090915331]], ""type"": ""MultiPoint""}"
13392,2019:9001733746,2019-09-10T07:40:00,19 FOUR WINDS DR,,90 m East of,2,Non-Fatal Injury,Non-Intersection,No Control,Pedestrian Collision (internal code),Clear,Daylight,Dry,Collector,FALSE,-79.4989593,43.76391836,1,,Unknown,2,76,Major,Use Unknown,,,Crossing - no traffic control,Normal,,,,,,pedestrian,,Humber River-Black Creek (7),31 Division,York University Heights,FALSE,TRUE,FALSE,FALSE,FALSE,TRUE,TRUE,FALSE,FALSE,FALSE,"{""coordinates"": [[-79.49895929827507, 43.76391835526071]], ""type"": ""MultiPoint""}"
13394,2019:9001746758,2019-09-11T20:56:00,JANE ST,GRANDRAVINE DR,,2,Non-Fatal Injury,At Intersection,Traffic Signal,Pedestrian Collision (internal code),Rain,Dark with Artificial Lighting,Wet,Major Arterial,FALSE,-79.51508788,43.74702308,1,Automobile or Station Wagon,West,1,39,None,Lap and Shoulder Belt,Failed to yield right-of-way,Inattentive,,,Turning Left,,,,,driver,,Humber River-Black Creek (7),31 Division,Glenfield-Jane Heights,TRUE,TRUE,FALSE,FALSE,FALSE,FALSE,TRUE,FALSE,FALSE,FALSE,"{""coordinates"": [[-79.51508788206057, 43.74702308411172]], ""type"": ""MultiPoint""}"
13395,2019:9001753960,2019-09-12T21:03:00,MARTIN GROVE RD,EGLINTON AVE W,,2,Non-Fatal Injury,At Intersection,Traffic Signal,Cyclist Collision (internal code),Clear,Dark with Artificial Lighting,Dry,Major Arterial,FALSE,-79.56313038,43.6744066,2,Bicycle,East,2,29,Major,No Equipment Available,,,,,Going Ahead,,"Cyclist without right-of-way rides into path of driver (at intersection, laneway, or driveway)",Wrong Way on One Way Road,Ability Impaired - Alcohol,cyclist,,Etobicoke Centre (2),22 Division,Princess-Rosethorn,FALSE,FALSE,TRUE,FALSE,FALSE,FALSE,FALSE,FALSE,FALSE,FALSE,"{""coordinates"": [[-79.5631303756475, 43.67440660141692]], ""type"": ""MultiPoint""}"
13396,2010:1151934,2010-01-12T14:01:00,JANE Stre,HARDING Aven,,3,Non-Fatal Injury,At Intersection,Traffic Signal,Pedestrian Collision (internal code),Clear,Daylight,Dry,Major Arterial,FALSE,-79.50289102,43.69954433,1,,,1,,,Other Safety Equipment Used,,,,,,,,,,owner,,York South-Weston (5),12 Division,Brookhaven-Amesbury,TRUE,TRUE,FALSE,FALSE,FALSE,FALSE,TRUE,FALSE,FALSE,FALSE,"{""coordinates"": [[-79.50289101825076, 43.69954433436903]], ""type"": ""MultiPoint""}"
13397,2019:9001759607,2019-09-13T16:40:00,LAKE SHORE BLVD W,LOWER SIMCOE ST,24 m East of,2,Non-Fatal Injury,Intersection-Related,Traffic Signal,Pedestrian Collision (internal code),Clear,Daylight,Dry,Expressway,FALSE,-79.3831756,43.64032968,1,Pickup Truck,West,1,34,None,Use Unknown,Driving properly,Normal,,,Going Ahead,,,,,driver,,Spadina-Fort York (10),52 Division,Harbourfront-CityPlace,FALSE,FALSE,FALSE,FALSE,FALSE,FALSE,TRUE,FALSE,FALSE,FALSE,"{""coordinates"": [[-79.38317559662762, 43.640329676301924]], ""type"": ""MultiPoint""}"
13398,2019:9001763544,2019-09-14T05:11:00,333 SHERBOURNE ST,,,2,Non-Fatal Injury,At/Near Private Drive,No Control,Cyclist Collision (internal code),Clear,Daylight with Artificial Lighting,Dry,Minor Arterial,TRUE,-79.37263172,43.6621688,2,Bicycle,North,2,44,Major,Use Unknown,,,,,Going Ahead,,"Driver turns right at non-signalized intersection (e.g. stop, yield, no control, driveway) and hits cyclist",Driving Properly,Normal,cyclist,,Toronto Centre (13),51 Division,Moss Park,FALSE,FALSE,TRUE,FALSE,FALSE,FALSE,FALSE,FALSE,FALSE,TRUE,"{""coordinates"": [[-79.37263171971289, 43.66216879802608]], ""type"": ""MultiPoint""}"
13399,2019:9001776305,2019-09-16T00:42:00,JARVIS ST,RICHARD BIGLEY LANE,,2,Non-Fatal Injury,Non-Intersection,No Control,Pedestrian Collision (internal code),Clear,Dark with Artificial Lighting,Dry,Major Arterial,TRUE,-79.37335653,43.65400153,1,,East,2,36,Major,No Equipment Available,,,Crossing - no traffic control,Inattentive,,Driver hits pedestrian at midblock,,,,pedestrian,,Toronto Centre (13),51 Division,Moss Park,FALSE,TRUE,FALSE,FALSE,FALSE,FALSE,TRUE,FALSE,FALSE,FALSE,"{""coordinates"": [[-79.37335652585786, 43.654001533804966]], ""type"": ""MultiPoint""}"
13400,2019:9001788987,2019-09-17T16:30:00,LA ROSE AVE,SCARLETT RD,25 m West of,2,Non-Fatal Injury,At/Near Private Drive,No Control,Cyclist Collision (internal code),Clear,Daylight,Dry,Collector,FALSE,-79.51496592,43.68652583,2,Bicycle,East,2,54,Major,Helmet,,,,,Going Ahead,,"Driver turns right at non-signalized intersection (e.g. stop, yield, no control, driveway) and hits cyclist",Driving Properly,Normal,cyclist,,Etobicoke Centre (2),23 Division,Humber Heights-Westmount,TRUE,FALSE,TRUE,FALSE,FALSE,FALSE,FALSE,FALSE,FALSE,FALSE,"{""coordinates"": [[-79.51496592343639, 43.68652583088794]], ""type"": ""MultiPoint""}"
13402,2019:9001818682,2019-09-21T14:30:00,KINGSTON RD,OVERTURE RD,170 m East of,2,Non-Fatal Injury,Non-Intersection,No Control,Pedestrian Collision (internal code),Clear,Daylight,Dry,Major Arterial,FALSE,-79.19639228,43.76012619,1,Municipal Transit Bus (TTC),East,1,62,None,Lap and Shoulder Belt,Driving properly,Normal,,,Going Ahead,,,,,driver,,Scarborough-Guildwood (24),43 Division,West Hill,FALSE,FALSE,FALSE,FALSE,FALSE,FALSE,TRUE,FALSE,FALSE,TRUE,"{""coordinates"": [[-79.19639228496385, 43.76012618585551]], ""type"": ""MultiPoint""}"
13404,2019:9001853726,2019-09-26T09:23:00,NASSAU ST,BATHURST ST,1 m North of,3,Non-Fatal Injury,At/Near Private Drive,No Control,Pedestrian Collision (internal code),Clear,Daylight,Wet,Collector,FALSE,-79.40600277,43.65435635,1,Automobile or Station Wagon,North,1,74,None,Lap and Shoulder Belt,Other,Unknown,,,Reversing,,,,,driver,,University-Rosedale (11),14 Division,Kensington-Chinatown,FALSE,FALSE,FALSE,FALSE,FALSE,TRUE,TRUE,FALSE,FALSE,FALSE,"{""coordinates"": [[-79.4060027679985, 43.65435634869989]], ""type"": ""MultiPoint""}"
13405,2019:9001855890,2019-09-26T14:45:00,EGLINTON AVE E,WYNFORD DR,60 m East of,3,Non-Fatal Injury,Non-Intersection,No Control,Cyclist Collision (internal code),Clear,Daylight,Dry,Major Arterial,FALSE,-79.32432984,43.7245581,1,Bicycle,East,1,54,Major,No Equipment Available,,,,,Changing Lanes,,Sideswipe with cyclist and driver travelling in same direction,Lost control,Had Been Drinking,cyclist,,Don Valley East (16),55 Division,Flemingdon Park,FALSE,FALSE,TRUE,FALSE,FALSE,FALSE,FALSE,FALSE,FALSE,TRUE,"{""coordinates"": [[-79.32432984477109, 43.72455809628499]], ""type"": ""MultiPoint""}"
13407,2020:0000342262,2020-02-17T19:49:00,LAKE SHORE BLVD W,THIRTY NINTH ST,15 m South of,5,Non-Fatal Injury,Intersection-Related,No Control,Pedestrian Collision (internal code),Clear,Dark with Artificial Lighting,Dry,Major Arterial,FALSE,-79.54055512,43.59276828,1,,,4,25,None,Use Unknown,,,,,,,,,,passenger,,Etobicoke-Lakeshore (3),22 Division,Long Branch,FALSE,FALSE,FALSE,FALSE,FALSE,FALSE,TRUE,FALSE,FALSE,FALSE,"{""coordinates"": [[-79.54055512007476, 43.592768282422895]], ""type"": ""MultiPoint""}"
13408,2019:9001911446,2019-10-04T09:55:00,EGLINTON AVE W,HEDDINGTON AVE,,2,Non-Fatal Injury,At Intersection,Traffic Signal,Pedestrian Collision (internal code),Clear,Daylight,Dry,Major Arterial,FALSE,-79.41384572,43.70340191,1,Automobile or Station Wagon,South,1,45,None,Lap and Shoulder Belt,Failed to yield right-of-way,Normal,,,Turning Left,,,,,driver,,Toronto-St. Paul's (12),53 Division,Forest Hill South,TRUE,FALSE,FALSE,FALSE,FALSE,FALSE,TRUE,FALSE,FALSE,FALSE,"{""coordinates"": [[-79.41384572192983, 43.7034019085735]], ""type"": ""MultiPoint""}"
13409,2019:9001916632,2019-10-04T22:31:00,BATHURST ST,LAKE SHORE BLVD W,5 m South of,2,Non-Fatal Injury,At Intersection,Traffic Signal,Pedestrian Collision (internal code),Clear,Dark,Dry,Major Arterial,FALSE,-79.39960935,43.63641201,1,,North,2,31,Major,Use Unknown,,,Crossing with right-of-way (intersection),Normal,,Driver turns left into pedestrian crossing with right-of-way (at intersection),,,,pedestrian,,Spadina-Fort York (10),14 Division,Fort York-Liberty Village,FALSE,FALSE,FALSE,FALSE,FALSE,FALSE,TRUE,FALSE,FALSE,FALSE,"{""coordinates"": [[-79.39960935115356, 43.63641200805188]], ""type"": ""MultiPoint""}"
13410,2019:9001921394,2019-10-05T16:11:00,DUPONT ST,BEDFORD RD,,2,Non-Fatal Injury,At Intersection,No Control,Cyclist Collision (internal code),Clear,Daylight,Dry,Minor Arterial,FALSE,-79.40050956,43.67629847,2,Bicycle,East,2,62,Major,Helmet,,,,,Going Ahead,,Driver turns left into path of cyclist,Driving Properly,Normal,cyclist,,University-Rosedale (11),53 Division,Annex,FALSE,FALSE,TRUE,FALSE,FALSE,FALSE,FALSE,FALSE,FALSE,FALSE,"{""coordinates"": [[-79.40050955880011, 43.676298473561815]], ""type"": ""MultiPoint""}"
13411,2019:9001943397,2019-10-08T17:35:00,COLLEGE ST,BATHURST ST,10 m East of,2,Non-Fatal Injury,Non-Intersection,Traffic Signal,Pedestrian Collision (internal code),Clear,Daylight,Dry,Major Arterial,FALSE,-79.40768123,43.65640866,1,Automobile or Station Wagon,West,1,23,None,Lap and Shoulder Belt,Driving properly,Normal,,,Going Ahead,,,,,driver,,University-Rosedale (11),14 Division,Kensington-Chinatown,FALSE,TRUE,FALSE,FALSE,FALSE,FALSE,TRUE,FALSE,FALSE,FALSE,"{""coordinates"": [[-79.40768123479367, 43.65640865769905]], ""type"": ""MultiPoint""}"
13413,2019:9001959130,2019-10-10T18:21:00,LAWRENCE AVE E,CROCKFORD BLVD,,2,Non-Fatal Injury,At Intersection,Traffic Signal,Pedestrian Collision (internal code),Clear,Daylight,Dry,Major Arterial,FALSE,-79.29123345,43.74602717,1,Automobile or Station Wagon,West,1,49,None,Use Unknown,Driving properly,Normal,,,Going Ahead,,,,,driver,,Scarborough Centre (21),41 Division,Wexford/Maryvale,FALSE,FALSE,FALSE,FALSE,FALSE,FALSE,TRUE,FALSE,TRUE,FALSE,"{""coordinates"": [[-79.29123344572547, 43.74602716898425]], ""type"": ""MultiPoint""}"
13414,2019:9001959528,2019-10-10T19:18:00,LESLIE ST,RAVEL RD,20 m North of,2,Non-Fatal Injury,At Intersection,Traffic Signal,Pedestrian Collision (internal code),Clear,Daylight,Dry,Major Arterial,FALSE,-79.36835145,43.7914832,1,Automobile or Station Wagon,South,1,68,None,Lap and Shoulder Belt,Driving properly,Normal,,,Going Ahead,,,,,driver,,Don Valley North (17),33 Division,Hillcrest Village,FALSE,FALSE,FALSE,FALSE,FALSE,TRUE,TRUE,FALSE,FALSE,FALSE,"{""coordinates"": [[-79.3683514481499, 43.791483196404265]], ""type"": ""MultiPoint""}"
13415,2019:9001963574,2019-10-11T11:00:00,NORTHVIEW AVE,VICTORIA PARK AVE,120 m East of,2,Non-Fatal Injury,At/Near Private Drive,No Control,Pedestrian Collision (internal code),Clear,Daylight,Dry,Local,FALSE,-79.28329894,43.68330591,1,Automobile or Station Wagon,East,2,24,None,Lap and Shoulder Belt,Driving properly,Normal,,,Going Ahead,,,,,driver,,Scarborough Southwest (20),41 Division,Birchcliffe-Cliffside,FALSE,TRUE,FALSE,FALSE,FALSE,FALSE,TRUE,FALSE,TRUE,FALSE,"{""coordinates"": [[-79.28329894082715, 43.68330590584186]], ""type"": ""MultiPoint""}"
13416,2019:9001966767,2019-10-11T19:00:00,YONGE ST,WELLESLEY ST E,15 m South of,2,Non-Fatal Injury,Non-Intersection,No Control,Pedestrian Collision (internal code),Clear,Dusk with Artificial Lighting,Dry,Major Arterial,FALSE,-79.38457174,43.66492684,1,Automobile or Station Wagon,South,1,48,None,Lap and Shoulder Belt,Driving properly,Unknown,,,Going Ahead,,,,,driver,,Toronto Centre (13),51 Division,Church-Wellesley,FALSE,FALSE,FALSE,FALSE,FALSE,FALSE,TRUE,FALSE,FALSE,FALSE,"{""coordinates"": [[-79.38457174095578, 43.66492684086809]], ""type"": ""MultiPoint""}"
13417,2019:9001971045,2019-10-12T12:15:00,TURNBERRY AVE,OLD WESTON RD,,2,Non-Fatal Injury,At Intersection,Traffic Signal,Pedestrian Collision (internal code),Clear,Daylight,Dry,Minor Arterial,FALSE,-79.4647797,43.67832035,1,Automobile or Station Wagon,East,1,59,None,Lap and Shoulder Belt,Failed to yield right-of-way,Inattentive,,,Turning Left,,,,,driver,,Davenport (9),12 Division,Weston-Pelham Park,TRUE,TRUE,FALSE,FALSE,FALSE,FALSE,TRUE,FALSE,TRUE,FALSE,"{""coordinates"": [[-79.4647796959293, 43.67832035357775]], ""type"": ""MultiPoint""}"
13418,2019:9001976844,2019-10-13T10:49:00,ELLESMERE RD,PHARMACY AVE,26 m East of,5,Non-Fatal Injury,At Intersection,Traffic Signal,Pedestrian Collision (internal code),Clear,Daylight,Dry,Major Arterial,TRUE,-79.31015436,43.75895902,1,,Unknown,2,37,Major,Use Unknown,,,On sidewalk or shoulder,Normal,,Driver hits pedestrian on sidewalk or shoulder,,,,pedestrian,,Scarborough Centre (21),41 Division,Wexford/Maryvale,FALSE,FALSE,FALSE,FALSE,FALSE,FALSE,TRUE,FALSE,FALSE,FALSE,"{""coordinates"": [[-79.31015436275783, 43.75895901683864]], ""type"": ""MultiPoint""}"
13419,2019:9001976844,2019-10-13T10:49:00,ELLESMERE RD,PHARMACY AVE,26 m East of,5,Non-Fatal Injury,At Intersection,Traffic Signal,Pedestrian Collision (internal code),Clear,Daylight,Dry,Major Arterial,TRUE,-79.31015436,43.75895902,1,,Unknown,3,58,Major,Use Unknown,,,On sidewalk or shoulder,Unknown,,Driver hits pedestrian on sidewalk or shoulder,,,,pedestrian,,Scarborough Centre (21),41 Division,Wexford/Maryvale,FALSE,FALSE,FALSE,FALSE,FALSE,FALSE,TRUE,FALSE,FALSE,FALSE,"{""coordinates"": [[-79.31015436275783, 43.75895901683864]], ""type"": ""MultiPoint""}"
13420,2019:9001976844,2019-10-13T10:49:00,ELLESMERE RD,PHARMACY AVE,26 m East of,5,Non-Fatal Injury,At Intersection,Traffic Signal,Pedestrian Collision (internal code),Clear,Daylight,Dry,Major Arterial,TRUE,-79.31015436,43.75895902,1,,,5,40,None,Use Unknown,,,,,,,,,,passenger,,Scarborough Centre (21),41 Division,Wexford/Maryvale,FALSE,FALSE,FALSE,FALSE,FALSE,FALSE,TRUE,FALSE,FALSE,FALSE,"{""coordinates"": [[-79.31015436275783, 43.75895901683864]], ""type"": ""MultiPoint""}"
13421,2019:9001991012,2019-10-15T15:48:00,MCCOWAN RD,KINGSTON RD,,2,Non-Fatal Injury,At Intersection,Traffic Signal,Pedestrian Collision (internal code),Clear,Daylight,Dry,Major Arterial,FALSE,-79.23240311,43.72506533,1,Automobile or Station Wagon,South,1,52,None,Lap and Shoulder Belt,Failed to yield right-of-way,Normal,,,Turning Right,,,,,driver,,Scarborough Southwest (20),43 Division,Cliffcrest,TRUE,FALSE,FALSE,FALSE,FALSE,FALSE,TRUE,FALSE,TRUE,FALSE,"{""coordinates"": [[-79.23240311282203, 43.72506533464966]], ""type"": ""MultiPoint""}"
13422,2019:9001991874,2019-10-15T17:51:00,BAYVIEW AVE,SOUDAN AVE,40 m North of,2,Non-Fatal Injury,Non-Intersection,Pedestrian Crossover,Pedestrian Collision (internal code),Clear,Daylight,Dry,Major Arterial,FALSE,-79.3766142,43.70943671,1,Delivery Van,North,1,29,None,Use Unknown,Failed to yield right-of-way,Normal,,,Going Ahead,,,,,driver,,Don Valley West (15),53 Division,Leaside-Bennington,TRUE,FALSE,FALSE,FALSE,FALSE,TRUE,TRUE,FALSE,FALSE,TRUE,"{""coordinates"": [[-79.37661420005485, 43.709436707855176]], ""type"": ""MultiPoint""}"
13423,2019:9001993381,2019-10-15T22:16:00,GERRARD ST E,WEMBLEY DR,,2,Non-Fatal Injury,At Intersection,No Control,Cyclist Collision (internal code),Clear,Dark with Artificial Lighting,Dry,Minor Arterial,FALSE,-79.31806617,43.67585585,1,Automobile or Station Wagon,East,1,58,None,Lap and Shoulder Belt,Improper turn,Inattentive,,,Turning Left,,,,,driver,,Beaches-East York (19),55 Division,Woodbine Corridor,FALSE,TRUE,TRUE,FALSE,FALSE,FALSE,FALSE,FALSE,FALSE,FALSE,"{""coordinates"": [[-79.3180661666787, 43.67585585151532]], ""type"": ""MultiPoint""}"
13424,2019:9002016124,2019-10-19T02:48:00,CABERNET CRCL,MOSELLE DR,13 m West of,4,Non-Fatal Injury,Intersection-Related,No Control,Pedestrian Collision (internal code),Clear,Dark with Artificial Lighting,Dry,Collector,FALSE,-79.60439767,43.75591142,1,,Unknown,3,29,Major,No Equipment Available,,,On sidewalk or shoulder,Other Condition,,Driver hits pedestrian on sidewalk or shoulder,,,,pedestrian,,Etobicoke North (1),23 Division,West Humber-Clairville,FALSE,FALSE,FALSE,FALSE,FALSE,FALSE,TRUE,FALSE,FALSE,FALSE,"{""coordinates"": [[-79.60439767283195, 43.75591142361173]], ""type"": ""MultiPoint""}"
13425,2019:9002016124,2019-10-19T02:48:00,CABERNET CRCL,MOSELLE DR,13 m West of,4,Non-Fatal Injury,Intersection-Related,No Control,Pedestrian Collision (internal code),Clear,Dark with Artificial Lighting,Dry,Collector,FALSE,-79.60439767,43.75591142,1,,,2,22,None,Lap and Shoulder Belt,,,,,,,,,,passenger,,Etobicoke North (1),23 Division,West Humber-Clairville,FALSE,FALSE,FALSE,FALSE,FALSE,FALSE,TRUE,FALSE,FALSE,FALSE,"{""coordinates"": [[-79.60439767283195, 43.75591142361173]], ""type"": ""MultiPoint""}"
13426,2019:9002039731,2019-10-22T17:56:00,MIDLAND AVE,ARTILLERY ST,48 m North of,2,Non-Fatal Injury,Non-Intersection,No Control,Pedestrian Collision (internal code),Clear,Daylight,Dry,Major Arterial,FALSE,-79.29400285,43.81850261,1,Automobile or Station Wagon,South,1,61,None,Lap and Shoulder Belt,Driving properly,Normal,,,Going Ahead,,,,,driver,,Scarborough-Agincourt (22),42 Division,Milliken,FALSE,FALSE,FALSE,FALSE,FALSE,TRUE,TRUE,FALSE,FALSE,FALSE,"{""coordinates"": [[-79.29400285487277, 43.81850261165076]], ""type"": ""MultiPoint""}"
13427,2019:9002063791,2019-10-25T20:28:00,CUMMER AVE,WILLOWDALE AVE,,2,Non-Fatal Injury,At Intersection,Traffic Signal,Cyclist Collision (internal code),Clear,Dark with Artificial Lighting,Dry,Minor Arterial,TRUE,-79.40987831,43.78859171,2,Bicycle,East,2,20,Major,Helmet,,,,,Going Ahead,,,Driving Properly,Normal,cyclist,,Willowdale (18),32 Division,Newtonbrook East,TRUE,FALSE,TRUE,FALSE,FALSE,FALSE,FALSE,FALSE,FALSE,FALSE,"{""coordinates"": [[-79.40987831256749, 43.78859170524943]], ""type"": ""MultiPoint""}"
13431,2019:9002086969,2019-10-29T07:15:00,PROGRESS AVE,KENNEDY RD,5 m South of,2,Non-Fatal Injury,At Intersection,Traffic Signal,Pedestrian Collision (internal code),"Airborne Matter (Fog, Mist, Smoke, Dust)",Dark with Artificial Lighting,Dry,Major Arterial,FALSE,-79.28222309,43.76935022,1,Automobile or Station Wagon,West,1,37,None,Lap and Shoulder Belt,Driving properly,Normal,,,Turning Left,,,,,driver,,Scarborough Centre (21),41 Division,Dorset Park,FALSE,FALSE,FALSE,FALSE,FALSE,FALSE,TRUE,FALSE,FALSE,FALSE,"{""coordinates"": [[-79.28222309384208, 43.76935021884627]], ""type"": ""MultiPoint""}"
13432,2019:9002093475,2019-10-30T03:04:00,RICHMOND ST E,JARVIS ST,,2,Non-Fatal Injury,At Intersection,Traffic Signal,Pedestrian Collision (internal code),Clear,Dark with Artificial Lighting,Dry,Major Arterial,FALSE,-79.37279195,43.65263206,1,,Unknown,2,63,Major,Use Unknown,,,Walking on roadway with traffic,Inattentive,,Unknown,,,,pedestrian,,Toronto Centre (13),51 Division,Moss Park,TRUE,TRUE,FALSE,FALSE,FALSE,FALSE,TRUE,FALSE,FALSE,FALSE,"{""coordinates"": [[-79.37279195161179, 43.652632056943936]], ""type"": ""MultiPoint""}"
13433,2019:9002099158,2019-10-30T20:06:00,MCNICOLL AVE,MCCOWAN RD,,3,Non-Fatal Injury,At Intersection,Traffic Signal,Pedestrian Collision (internal code),Rain,Dark with Artificial Lighting,Wet,Major Arterial,FALSE,-79.27193861,43.81786935,1,,North,2,79,Major,No Equipment Available,,,Crossing without right-of-way (intersection),Normal,,Driver going straight hits pedestrian crossing without right-of-way (at intersection),,,,pedestrian,,Scarborough North (23),42 Division,Milliken,FALSE,FALSE,FALSE,FALSE,FALSE,TRUE,TRUE,FALSE,TRUE,FALSE,"{""coordinates"": [[-79.27193861200708, 43.81786934681146]], ""type"": ""MultiPoint""}"
13434,2019:9002099158,2019-10-30T20:06:00,MCNICOLL AVE,MCCOWAN RD,,3,Non-Fatal Injury,At Intersection,Traffic Signal,Pedestrian Collision (internal code),Rain,Dark with Artificial Lighting,Wet,Major Arterial,FALSE,-79.27193861,43.81786935,1,,,3,5,None,Lap and Shoulder Belt,,,,,,,,,,passenger,,Scarborough North (23),42 Division,Milliken,FALSE,FALSE,FALSE,FALSE,FALSE,TRUE,TRUE,FALSE,TRUE,FALSE,"{""coordinates"": [[-79.27193861200708, 43.81786934681146]], ""type"": ""MultiPoint""}"
13436,2019:9002113038,2019-11-01T18:25:00,SPADINA RD,MACPHERSON AVE,,2,Non-Fatal Injury,At Intersection,Stop Sign,Pedestrian Collision (internal code),Clear,Dusk,Dry,Minor Arterial,FALSE,-79.40745995,43.67586361,1,,South,2,45,Major,No Equipment Available,,,Crossing with right-of-way (intersection),Normal,,Driver going straight hits pedestrian crossing with right-of-way (at intersection),,,,pedestrian,,Toronto-St. Paul's (12),53 Division,Casa Loma,TRUE,FALSE,FALSE,FALSE,FALSE,FALSE,TRUE,FALSE,FALSE,FALSE,"{""coordinates"": [[-79.40745995099499, 43.67586360806147]], ""type"": ""MultiPoint""}"
13437,2019:9002113660,2019-11-01T19:41:00,GERRARD ST E,JONES AVE,,4,Non-Fatal Injury,At Intersection,Traffic Signal,Cyclist Collision (internal code),Clear,Dark with Artificial Lighting,Dry,Minor Arterial,FALSE,-79.33556804,43.66917634,2,,,4,23,None,Use Unknown,,,,,,,,,,passenger,,Toronto-Danforth (14),55 Division,South Riverdale,FALSE,FALSE,TRUE,FALSE,FALSE,FALSE,FALSE,FALSE,FALSE,FALSE,"{""coordinates"": [[-79.33556804003301, 43.66917634225112]], ""type"": ""MultiPoint""}"
13438,2019:9002113660,2019-11-01T19:41:00,GERRARD ST E,JONES AVE,,4,Non-Fatal Injury,At Intersection,Traffic Signal,Cyclist Collision (internal code),Clear,Dark with Artificial Lighting,Dry,Minor Arterial,FALSE,-79.33556804,43.66917634,1,Bicycle,South,1,41,Major,No Equipment Available,,,,,Going Ahead,,"Cyclist without right-of-way rides into path of driver (at intersection, laneway, or driveway)",Disobeyed Traffic Control,Unknown,cyclist,,Toronto-Danforth (14),55 Division,South Riverdale,FALSE,FALSE,TRUE,FALSE,FALSE,FALSE,FALSE,FALSE,FALSE,FALSE,"{""coordinates"": [[-79.33556804003301, 43.66917634225112]], ""type"": ""MultiPoint""}"
13439,2019:9002133907,2019-11-04T07:20:00,GLENMOUNT AVE,SHELBORNE AVE,,2,Non-Fatal Injury,At Intersection,Stop Sign,Pedestrian Collision (internal code),Rain,Daylight,Wet,Collector,FALSE,-79.43169089,43.71530378,1,Passenger Van,East,2,68,None,Lap and Shoulder Belt,Failed to yield right-of-way,Other Condition,,,Turning Left,,,,,driver,,Eglinton-Lawrence (8),13 Division,Englemount-Lawrence,TRUE,FALSE,FALSE,FALSE,FALSE,TRUE,TRUE,FALSE,FALSE,FALSE,"{""coordinates"": [[-79.43169088834533, 43.71530378433103]], ""type"": ""MultiPoint""}"
13440,2019:9002147665,2019-11-06T17:32:00,FRONT ST W,WINDSOR ST,28 m East of,2,Non-Fatal Injury,At/Near Private Drive,No Control,Cyclist Collision (internal code),Clear,Dark with Artificial Lighting,Wet,Minor Arterial,FALSE,-79.38995051,43.6436294,1,Automobile or Station Wagon,South,1,41,None,Use Unknown,Failed to yield right-of-way,Inattentive,,,Turning Left,,,,,driver,,Spadina-Fort York (10),52 Division,Harbourfront-CityPlace,TRUE,TRUE,TRUE,FALSE,FALSE,FALSE,FALSE,FALSE,FALSE,FALSE,"{""coordinates"": [[-79.38995050725867, 43.643629398913845]], ""type"": ""MultiPoint""}"
13441,2019:9002151002,2019-11-07T07:10:00,DON MILLS RD W,GOODVIEW RD,168 m South of,2,Non-Fatal Injury,At/Near Private Drive,No Control,Cyclist Collision (internal code),Clear,Dawn with Artificial Lighting,Wet,Major Arterial,FALSE,-79.35233733,43.78259112,2,Automobile or Station Wagon,South,2,35,None,Lap and Shoulder Belt,Driving properly,Normal,,,Going Ahead,,,,,driver,,Don Valley North (17),33 Division,Don Valley Village,FALSE,TRUE,TRUE,FALSE,FALSE,TRUE,FALSE,FALSE,FALSE,FALSE,"{""coordinates"": [[-79.35233733211446, 43.782591118287776]], ""type"": ""MultiPoint""}"