_id,collision_id,accdate,stname1,stname2,stname3,per_inv,acclass,accloc,traffictl,impactype,visible,light,rdsfcond,road_class,failtorem,longitude,latitude,veh_no,vehtype,initdir,per_no,invage,injury,safequip,drivact,drivcond,pedact,pedcond,manoeuvre,pedtype,cyclistype,cycact,cyccond,road_user,fatal_no,wardname,division,neighbourhood,aggressive,distracted,cyclist,motorcyclist,other_micromobility,older_adult,pedestrian,red_light,school_child,heavy_truck,geometry
13542,2020:0000865160,2020-05-09T07:00:00,SCARBOROUGH GOLF CLUB RD,KINGSTON RD,,2,Non-Fatal Injury,At Intersection,Traffic Signal,Pedestrian Collision (internal code),Clear,Daylight,Dry,Major Arterial,FALSE,-79.20931651,43.74592789,1,Pickup Truck,South,1,39,None,Lap and Shoulder Belt,Driving properly,Normal,,,Turning Left,,,,,driver,,Scarborough-Guildwood (24),43 Division,Guildwood,FALSE,FALSE,FALSE,FALSE,FALSE,FALSE,TRUE,FALSE,FALSE,FALSE,"{""coordinates"": [[-79.20931650886783, 43.745927892842936]], ""type"": ""MultiPoint""}"
13544,2020:0000895313,2020-05-14T11:49:00,EGLINTON AVE E,CEDAR DR,,4,Non-Fatal Injury,Intersection-Related,Traffic Signal,Pedestrian Collision (internal code),Clear,Daylight,Dry,Major Arterial,TRUE,-79.21553448,43.74387559,1,,Unknown,3,50,Minor,Use Unknown,,,On sidewalk or shoulder,Normal,,Driver hits pedestrian on sidewalk or shoulder,,,,pedestrian,,Scarborough-Guildwood (24),43 Division,Scarborough Village,FALSE,FALSE,FALSE,FALSE,FALSE,FALSE,TRUE,FALSE,TRUE,FALSE,"{""coordinates"": [[-79.21553447648866, 43.743875591733456]], ""type"": ""MultiPoint""}"
13545,2020:0000895313,2020-05-14T11:49:00,EGLINTON AVE E,CEDAR DR,,4,Non-Fatal Injury,Intersection-Related,Traffic Signal,Pedestrian Collision (internal code),Clear,Daylight,Dry,Major Arterial,TRUE,-79.21553448,43.74387559,1,,Unknown,2,38,Minor,Use Unknown,,,On sidewalk or shoulder,Normal,,Driver hits pedestrian on sidewalk or shoulder,,,,pedestrian,,Scarborough-Guildwood (24),43 Division,Scarborough Village,FALSE,FALSE,FALSE,FALSE,FALSE,FALSE,TRUE,FALSE,TRUE,FALSE,"{""coordinates"": [[-79.21553447648866, 43.743875591733456]], ""type"": ""MultiPoint""}"
13546,2020:0000962030,2020-05-25T09:15:00,20 EDWARD ST,,5 m North of,2,Non-Fatal Injury,Non-Intersection,No Control,Pedestrian Collision (internal code),Clear,Daylight,Dry,Collector,FALSE,-79.38212271,43.6567672,1,,Unknown,2,48,Major,Use Unknown,,,On sidewalk or shoulder,Had Been Drinking,,Driver hits pedestrian on sidewalk or shoulder,,,,pedestrian,,University-Rosedale (11),52 Division,Yonge-Bay Corridor,FALSE,FALSE,FALSE,FALSE,FALSE,FALSE,TRUE,FALSE,FALSE,TRUE,"{""coordinates"": [[-79.38212271299615, 43.65676720171218]], ""type"": ""MultiPoint""}"
13547,2020:0000972852,2020-05-26T19:40:00,STEELES AVE W,BARMAC DR,,2,Non-Fatal Injury,At Intersection,Traffic Signal,Pedestrian Collision (internal code),Clear,Daylight,Dry,Major Arterial,FALSE,-79.55494386,43.76849605,1,Pickup Truck,North,1,41,None,Lap and Shoulder Belt,Failed to yield right-of-way,Inattentive,,,Turning Left,,,,,driver,,Humber River-Black Creek (7),31 Division,Humber Summit,TRUE,TRUE,FALSE,FALSE,FALSE,FALSE,TRUE,FALSE,FALSE,FALSE,"{""coordinates"": [[-79.55494385933832, 43.768496051491674]], ""type"": ""MultiPoint""}"
13548,2020:0000985567,2020-05-28T17:39:00,DAVISVILLE AVE,YONGE ST,189 m East of,3,Non-Fatal Injury,At/Near Private Drive,Pedestrian Crossover,Pedestrian Collision (internal code),Rain,Daylight,Wet,Minor Arterial,FALSE,-79.39429156,43.69870981,1,Automobile or Station Wagon,West,1,34,None,Lap and Shoulder Belt,Failed to yield right-of-way,Inattentive,,,Going Ahead,,,,,driver,,Toronto-St. Paul's (12),53 Division,South Eglinton-Davisville,TRUE,TRUE,FALSE,FALSE,FALSE,FALSE,TRUE,FALSE,FALSE,FALSE,"{""coordinates"": [[-79.39429155559719, 43.698709805574694]], ""type"": ""MultiPoint""}"
13549,2020:0001345150,2020-07-20T01:20:00,911A ADELAIDE ST W,,4 m North of,2,Non-Fatal Injury,Non-Intersection,No Control,Pedestrian Collision (internal code),Clear,Dark,Dry,Collector,TRUE,-79.41474609,43.64280165,1,Automobile or Station Wagon,East,1,50,None,Lap and Shoulder Belt,Improper passing,Had Been Drinking,,,Going Ahead,,,,,driver,,Spadina-Fort York (10),14 Division,West Queen West,TRUE,FALSE,FALSE,FALSE,FALSE,FALSE,TRUE,FALSE,FALSE,FALSE,"{""coordinates"": [[-79.4147460898181, 43.6428016469833]], ""type"": ""MultiPoint""}"
13550,2020:0001017235,2020-06-02T18:56:00,777 BLOOR ST W,,9 m South of,2,Non-Fatal Injury,Non-Intersection,No Control,Cyclist Collision (internal code),Clear,Daylight,Dry,Major Arterial,TRUE,-79.41969754,43.66322554,2,Bicycle,East,2,46,Major,Helmet,,,,,Going Ahead,,"Driver without right-of-way drives into path of cyclist (at intersection, laneway, or driveway)",Driving Properly,Normal,cyclist,,University-Rosedale (11),14 Division,Palmerston-Little Italy,FALSE,FALSE,TRUE,FALSE,FALSE,TRUE,FALSE,FALSE,FALSE,FALSE,"{""coordinates"": [[-79.41969754341387, 43.66322553724299]], ""type"": ""MultiPoint""}"
13552,2020:0001055551,2020-06-08T16:56:00,555 WILSON HEIGHTS BLVD,,,2,Non-Fatal Injury,At/Near Private Drive,No Control,Cyclist Collision (internal code),Clear,Daylight,Dry,Minor Arterial,TRUE,-79.45625752,43.75107422,2,Bicycle,South,2,13,Major,Helmet,,,,,Going Ahead,,Driver turns left into path of cyclist,Driving Properly,Normal,cyclist,,York Centre (6),32 Division,Clanton Park,TRUE,FALSE,TRUE,FALSE,FALSE,FALSE,FALSE,FALSE,TRUE,FALSE,"{""coordinates"": [[-79.45625752140978, 43.75107421953442]], ""type"": ""MultiPoint""}"
13553,2020:0001064302,2020-06-09T21:48:00,DUFFERIN ST,BLOOR ST W,20 m South of,3,Non-Fatal Injury,Intersection-Related,No Control,Cyclist Collision (internal code),Clear,Dark with Artificial Lighting,Dry,Major Arterial,FALSE,-79.43532258,43.65981141,1,Automobile or Station Wagon,South,1,22,None,Lap and Shoulder Belt,Improper turn,Normal,,,Making U-Turn,,,,,driver,,Davenport (9),14 Division,Dufferin Grove,FALSE,FALSE,TRUE,FALSE,FALSE,FALSE,FALSE,FALSE,FALSE,FALSE,"{""coordinates"": [[-79.43532257911085, 43.65981140709684]], ""type"": ""MultiPoint""}"
13554,2020:0001070817,2020-06-10T21:15:00,LAWRENCE AVE W,VARNA DR,,3,Non-Fatal Injury,At Intersection,Traffic Signal,Cyclist Collision (internal code),Rain,Dark with Artificial Lighting,Wet,Major Arterial,FALSE,-79.43764182,43.71742858,1,Bicycle,North,3,22,Major,Use Unknown,,,,,Going Ahead,,"Cyclist without right-of-way rides into path of driver (at intersection, laneway, or driveway)",Disobeyed Traffic Control,Inattentive,cyclist,,Eglinton-Lawrence (8),13 Division,Englemount-Lawrence,FALSE,TRUE,TRUE,FALSE,FALSE,FALSE,FALSE,FALSE,FALSE,FALSE,"{""coordinates"": [[-79.43764182308357, 43.717428577909374]], ""type"": ""MultiPoint""}"
13555,2020:0001070817,2020-06-10T21:15:00,LAWRENCE AVE W,VARNA DR,,3,Non-Fatal Injury,At Intersection,Traffic Signal,Cyclist Collision (internal code),Rain,Dark with Artificial Lighting,Wet,Major Arterial,FALSE,-79.43764182,43.71742858,2,,,2,58,None,Lap and Shoulder Belt,,,,,,,,,,passenger,,Eglinton-Lawrence (8),13 Division,Englemount-Lawrence,FALSE,TRUE,TRUE,FALSE,FALSE,FALSE,FALSE,FALSE,FALSE,FALSE,"{""coordinates"": [[-79.43764182308357, 43.717428577909374]], ""type"": ""MultiPoint""}"
13557,2020:0001119919,2020-06-18T09:58:00,WOODBINE AVE,CORLEY AVE,,2,Non-Fatal Injury,At Intersection,Traffic Signal,Pedestrian Collision (internal code),Clear,Daylight,Dry,Major Arterial,FALSE,-79.30892613,43.6763899,1,,Unknown,2,62,Major,Use Unknown,,,Crossing with right-of-way (intersection),Normal,,Driver turns left into pedestrian crossing with right-of-way (at intersection),,,,pedestrian,,Beaches-East York (19),55 Division,East End-Danforth,TRUE,FALSE,FALSE,FALSE,FALSE,FALSE,TRUE,FALSE,FALSE,FALSE,"{""coordinates"": [[-79.30892613402892, 43.67638989608882]], ""type"": ""MultiPoint""}"
13558,2020:0001153227,2020-06-23T06:11:00,LAWRENCE AVE W,DUPLEX AVE,,2,Non-Fatal Injury,At Intersection,Traffic Signal,Cyclist Collision (internal code),Clear,Daylight,Dry,Major Arterial,FALSE,-79.40556778,43.72431406,2,Automobile or Station Wagon,East,2,36,None,Lap and Shoulder Belt,Driving properly,Normal,,,Going Ahead,,,,,driver,,Eglinton-Lawrence (8),53 Division,Lawrence Park South,FALSE,FALSE,TRUE,FALSE,FALSE,FALSE,FALSE,FALSE,FALSE,FALSE,"{""coordinates"": [[-79.40556778064605, 43.724314062003174]], ""type"": ""MultiPoint""}"
13559,2020:0001161689,2020-06-24T11:30:00,ST CLAIR AVE W,OLD WESTON RD,11 m North of,2,Non-Fatal Injury,At Intersection,Traffic Signal,Pedestrian Collision (internal code),Clear,Daylight,Dry,Major Arterial,FALSE,-79.46300968,43.67346424,1,Streetcar,West,1,49,None,Lap and Shoulder Belt,Driving properly,Normal,,,Going Ahead,,,,,driver,,Davenport (9),11 Division,Weston-Pelham Park,FALSE,TRUE,FALSE,FALSE,FALSE,FALSE,TRUE,FALSE,FALSE,TRUE,"{""coordinates"": [[-79.46300968155897, 43.67346424344845]], ""type"": ""MultiPoint""}"
13560,2020:0001162641,2020-06-24T13:57:00,KEELE ST,WEST TORONTO ST,,2,Non-Fatal Injury,At Intersection,Traffic Signal,Pedestrian Collision (internal code),Clear,Daylight,Dry,Major Arterial,FALSE,-79.46646581,43.66996236,1,Pickup Truck,East,1,42,None,Use Unknown,Failed to yield right-of-way,Inattentive,,,Turning Left,,,,,driver,,York South-Weston (5),11 Division,Junction Area,TRUE,TRUE,FALSE,FALSE,FALSE,TRUE,TRUE,FALSE,FALSE,FALSE,"{""coordinates"": [[-79.46646580993179, 43.669962357738065]], ""type"": ""MultiPoint""}"
13561,2020:0001180091,2020-06-26T22:13:00,DANFORTH AVE,GREENWOOD AVE,62 m West of,2,Non-Fatal Injury,Non-Intersection,No Control,Pedestrian Collision (internal code),Clear,Dark,Dry,Major Arterial,FALSE,-79.33330209,43.68116212,1,Automobile or Station Wagon,East,1,49,None,Lap and Shoulder Belt,Driving properly,Normal,,,Going Ahead,,,,,driver,,Toronto-Danforth (14),55 Division,Blake-Jones,FALSE,FALSE,FALSE,FALSE,FALSE,TRUE,TRUE,FALSE,FALSE,FALSE,"{""coordinates"": [[-79.33330208883206, 43.681162116524305]], ""type"": ""MultiPoint""}"
13562,2020:0001184792,2020-06-27T16:43:00,EGLINTON AVE W,SCARLETT RD,,2,Non-Fatal Injury,At Intersection,Traffic Signal,Cyclist Collision (internal code),Clear,Daylight,Dry,Major Arterial,FALSE,-79.51141826,43.68388987,2,Bicycle,East,2,12,Major,Use Unknown,,,,,Going Ahead,,Driver turns right on green or amber at signalized intersection and hits cyclist,Driving Properly,Normal,cyclist,,Etobicoke Centre (2),22 Division,Edenbridge-Humber Valley,TRUE,FALSE,TRUE,FALSE,FALSE,FALSE,FALSE,FALSE,TRUE,FALSE,"{""coordinates"": [[-79.51141825535076, 43.68388987223643]], ""type"": ""MultiPoint""}"
13563,2020:0001257891,2020-07-07T20:30:00,SERGIO MARCHI ST,TORBARRIE RD,,2,Non-Fatal Injury,Intersection-Related,No Control,Pedestrian Collision (internal code),Clear,Dusk with Artificial Lighting,Dry,Local,FALSE,-79.52401432,43.73004007,1,,Unknown,2,33,Major,Use Unknown,,,Other,Normal,,Driver hits pedestrian at midblock,,,,pedestrian,,Humber River-Black Creek (7),31 Division,Oakdale-Beverley Heights,FALSE,FALSE,FALSE,FALSE,FALSE,FALSE,TRUE,FALSE,FALSE,FALSE,"{""coordinates"": [[-79.52401431632035, 43.73004007057024]], ""type"": ""MultiPoint""}"
13564,2020:0001275484,2020-07-10T06:50:00,ENDSLEIGH CRES,MARGARET AVE,,2,Non-Fatal Injury,At Intersection,No Control,Pedestrian Collision (internal code),Clear,Daylight,Dry,Local,FALSE,-79.33554501,43.78162598,1,,North,2,76,Major,No Equipment Available,,,Crossing without right-of-way (intersection),Normal,,Driver going straight hits pedestrian crossing without right-of-way (at intersection),,,,pedestrian,,Don Valley North (17),33 Division,Pleasant View,FALSE,FALSE,FALSE,FALSE,FALSE,TRUE,TRUE,FALSE,FALSE,FALSE,"{""coordinates"": [[-79.3355450083397, 43.78162597979274]], ""type"": ""MultiPoint""}"
13565,2020:0001276216,2020-07-10T09:00:00,SPANBRIDGE RD,LINKWOOD LANE,8 m North of,2,Non-Fatal Injury,At Intersection,Stop Sign,Pedestrian Collision (internal code),Clear,Daylight,Dry,Collector,FALSE,-79.32445956,43.71229003,1,Automobile or Station Wagon,East,1,50,None,Lap and Shoulder Belt,Failed to yield right-of-way,Inattentive,,,Turning Left,,,,,driver,,Don Valley East (16),55 Division,Flemingdon Park,TRUE,TRUE,FALSE,FALSE,FALSE,TRUE,TRUE,FALSE,FALSE,FALSE,"{""coordinates"": [[-79.32445956148538, 43.71229003110122]], ""type"": ""MultiPoint""}"
13566,2020:0001311242,2020-07-15T09:50:00,YONGE ST,EGLINTON AVE E,16 m West of,2,Non-Fatal Injury,At Intersection,Traffic Signal,Cyclist Collision (internal code),Clear,Daylight,Dry,Major Arterial,FALSE,-79.3983275,43.70665964,2,Truck - Tank,East,2,39,None,Use Unknown,Driving properly,Normal,,,Going Ahead,,,,,driver,,Toronto-St. Paul's (12),53 Division,South Eglinton-Davisville,FALSE,TRUE,TRUE,FALSE,FALSE,FALSE,FALSE,FALSE,FALSE,TRUE,"{""coordinates"": [[-79.39832750020247, 43.706659638157696]], ""type"": ""MultiPoint""}"
13567,2020:0001353255,2020-07-21T06:43:00,81 MCCORMACK ST,AVON AVE,5 m East of,1,Non-Fatal Injury,At/Near Private Drive,No Control,Pedestrian Collision (internal code),Clear,Daylight,Dry,Local,FALSE,-79.47579657,43.67616507,1,,Unknown,1,61,Major,No Equipment Available,,,Pushing or working on vehicle,Normal,,Driver hits pedestrian at private driveway,,,,pedestrian,,York South-Weston (5),12 Division,Rockcliffe-Smythe,FALSE,FALSE,FALSE,FALSE,FALSE,FALSE,TRUE,FALSE,FALSE,FALSE,"{""coordinates"": [[-79.47579656616556, 43.67616506622638]], ""type"": ""MultiPoint""}"
13568,2020:0001357752,2020-07-21T18:35:00,CENTRE RD,HIGH PARK BLVD,,2,Non-Fatal Injury,At Intersection,Stop Sign,Cyclist Collision (internal code),Clear,Daylight,Dry,Major Arterial,FALSE,-79.45827187,43.64413304,1,Bicycle,South,1,53,Major,Helmet,,,,,Turning Left,,Cyclist turns left into path of driver,Disobeyed Traffic Control,Inattentive,cyclist,,Parkdale-High Park (4),11 Division,High Park-Swansea,FALSE,TRUE,TRUE,FALSE,FALSE,FALSE,FALSE,FALSE,FALSE,FALSE,"{""coordinates"": [[-79.45827186929662, 43.64413304100827]], ""type"": ""MultiPoint""}"
13569,2020:0001378008,2020-07-24T15:54:00,KINGSTON RD,LAKEHURST DR,3 m West of,5,Non-Fatal Injury,Intersection-Related,No Control,Pedestrian Collision (internal code),Clear,Daylight,Dry,Major Arterial,FALSE,-79.25790062,43.69630254,2,Pickup Truck,East,2,33,None,Lap and Shoulder Belt,Driving properly,Normal,,,Slowing or Stopping,,,,,driver,,Scarborough Southwest (20),41 Division,Birchcliffe-Cliffside,TRUE,TRUE,FALSE,TRUE,FALSE,FALSE,TRUE,FALSE,FALSE,FALSE,"{""coordinates"": [[-79.25790062357281, 43.69630254465885]], ""type"": ""MultiPoint""}"
13570,2020:0001378008,2020-07-24T15:54:00,KINGSTON RD,LAKEHURST DR,3 m West of,5,Non-Fatal Injury,Intersection-Related,No Control,Pedestrian Collision (internal code),Clear,Daylight,Dry,Major Arterial,FALSE,-79.25790062,43.69630254,1,,Unknown,5,48,None,Use Unknown,,,Other,Normal,,Driver going straight hits pedestrian crossing with right-of-way (at intersection),,,,pedestrian,,Scarborough Southwest (20),41 Division,Birchcliffe-Cliffside,TRUE,TRUE,FALSE,TRUE,FALSE,FALSE,TRUE,FALSE,FALSE,FALSE,"{""coordinates"": [[-79.25790062357281, 43.69630254465885]], ""type"": ""MultiPoint""}"
13571,2020:0001378008,2020-07-24T15:54:00,KINGSTON RD,LAKEHURST DR,3 m West of,5,Non-Fatal Injury,Intersection-Related,No Control,Pedestrian Collision (internal code),Clear,Daylight,Dry,Major Arterial,FALSE,-79.25790062,43.69630254,3,Automobile or Station Wagon,East,3,64,None,Lap and Shoulder Belt,Driving properly,Normal,,,Slowing or Stopping,,,,,driver,,Scarborough Southwest (20),41 Division,Birchcliffe-Cliffside,TRUE,TRUE,FALSE,TRUE,FALSE,FALSE,TRUE,FALSE,FALSE,FALSE,"{""coordinates"": [[-79.25790062357281, 43.69630254465885]], ""type"": ""MultiPoint""}"
13574,2020:0001411275,2020-07-28T08:45:00,MIDLAND AVE,COPTHORNE AVE,,2,Non-Fatal Injury,At Intersection,Traffic Signal,Pedestrian Collision (internal code),Clear,Daylight,Dry,Major Arterial,FALSE,-79.29489549,43.82063503,1,Automobile or Station Wagon,West,1,59,None,Use Unknown,Failed to yield right-of-way,Inattentive,,,Turning Right,,,,,driver,,Scarborough North (23),42 Division,Milliken,TRUE,TRUE,FALSE,FALSE,FALSE,FALSE,TRUE,FALSE,FALSE,FALSE,"{""coordinates"": [[-79.29489549357315, 43.820635028646265]], ""type"": ""MultiPoint""}"
13575,2020:0001417758,2020-07-30T09:53:00,746 OSSINGTON AVE,,3 m East of,2,Non-Fatal Injury,At/Near Private Drive,No Control,Pedestrian Collision (internal code),Clear,Daylight,Dry,Minor Arterial,FALSE,-79.425885,43.66253127,1,Municipal Transit Bus (TTC),East,1,41,None,Lap and Shoulder Belt,Driving properly,Normal,,,Turning Right,,,,,driver,,University-Rosedale (11),14 Division,Dovercourt Village,FALSE,FALSE,FALSE,FALSE,FALSE,TRUE,TRUE,FALSE,FALSE,TRUE,"{""coordinates"": [[-79.42588499543574, 43.6625312715482]], ""type"": ""MultiPoint""}"
13576,2020:0001419288,2020-07-30T13:40:00,SPADINA AVE,COLLEGE ST,,2,Non-Fatal Injury,At Intersection,Traffic Signal,Cyclist Collision (internal code),Clear,Daylight,Dry,Major Arterial,FALSE,-79.40001368,43.65787349,1,Bicycle,North,1,23,Major,Use Unknown,,,,,Changing Lanes,,Sideswipe with cyclist and driver travelling in same direction,Improper Lane Change,Inattentive,cyclist,,University-Rosedale (11),52 Division,Kensington-Chinatown,FALSE,TRUE,TRUE,FALSE,FALSE,FALSE,FALSE,FALSE,FALSE,FALSE,"{""coordinates"": [[-79.40001367612587, 43.657873489864386]], ""type"": ""MultiPoint""}"
13577,2020:0001468565,2020-08-06T15:57:00,941 PROGRESS AVE,,40 m East of,2,Non-Fatal Injury,Non-Intersection,No Control,Pedestrian Collision (internal code),Clear,Daylight,Dry,Minor Arterial,FALSE,-79.23180034,43.78311359,1,Automobile or Station Wagon,West,1,35,None,Lap and Shoulder Belt,Driving properly,Normal,,,Going Ahead,,,,,driver,,Scarborough-Guildwood (24),43 Division,Woburn North,FALSE,TRUE,FALSE,FALSE,FALSE,FALSE,TRUE,FALSE,FALSE,FALSE,"{""coordinates"": [[-79.23180033653134, 43.78311359162372]], ""type"": ""MultiPoint""}"
13578,2020:0001487545,2020-08-09T11:06:00,YONGE ST,ELM ST,13 m South of,2,Non-Fatal Injury,Intersection-Related,No Control,Pedestrian Collision (internal code),Clear,Daylight,Dry,Major Arterial,FALSE,-79.3814971,43.65772469,1,Municipal Transit Bus (TTC),South,1,40,None,Lap and Shoulder Belt,Driving properly,Normal,,,Going Ahead,,,,,driver,,Toronto Centre (13),51 Division,Downtown Yonge East,FALSE,TRUE,FALSE,FALSE,FALSE,FALSE,TRUE,FALSE,FALSE,TRUE,"{""coordinates"": [[-79.38149710002664, 43.65772468958597]], ""type"": ""MultiPoint""}"
13579,2020:0001492582,2020-08-10T05:51:00,MARKHAM RD,FINCH AVE E,,4,Non-Fatal Injury,At Intersection,Traffic Signal,Pedestrian Collision (internal code),Clear,Dark with Artificial Lighting,Dry,Major Arterial,FALSE,-79.24303843,43.81289876,1,Automobile or Station Wagon,South,1,25,None,Lap and Shoulder Belt,Failed to yield right-of-way,Normal,,,Turning Left,,,,,driver,,Scarborough North (23),42 Division,Malvern West,TRUE,FALSE,FALSE,FALSE,FALSE,FALSE,TRUE,FALSE,FALSE,FALSE,"{""coordinates"": [[-79.2430384262501, 43.812898763901515]], ""type"": ""MultiPoint""}"
13580,2020:0001492582,2020-08-10T05:51:00,MARKHAM RD,FINCH AVE E,,4,Non-Fatal Injury,At Intersection,Traffic Signal,Pedestrian Collision (internal code),Clear,Dark with Artificial Lighting,Dry,Major Arterial,FALSE,-79.24303843,43.81289876,1,,South,4,53,Major,No Equipment Available,,,Crossing with right-of-way (intersection),Normal,,Driver turns left into pedestrian crossing with right-of-way (at intersection),,,,pedestrian,,Scarborough North (23),42 Division,Malvern West,TRUE,FALSE,FALSE,FALSE,FALSE,FALSE,TRUE,FALSE,FALSE,FALSE,"{""coordinates"": [[-79.2430384262501, 43.812898763901515]], ""type"": ""MultiPoint""}"
13581,2020:0001494344,2020-08-10T11:17:00,OAKWOOD AVE,JESMOND AVE,25 m South of,2,Non-Fatal Injury,At Intersection,Traffic Signal,Cyclist Collision (internal code),Clear,Daylight,Dry,Minor Arterial,FALSE,-79.43948819,43.68945542,1,Bicycle,North,1,18,Major,No Equipment Available,,,,,Making U-Turn,,,Improper Turn,Normal,cyclist,,Toronto-St. Paul's (12),13 Division,Oakwood Village,FALSE,FALSE,TRUE,FALSE,FALSE,TRUE,FALSE,FALSE,TRUE,FALSE,"{""coordinates"": [[-79.43948818680227, 43.689455415122474]], ""type"": ""MultiPoint""}"
13586,2020:0001551312,2020-08-18T12:35:00,HILDA AVE,MOORE PARK AVE,,2,Non-Fatal Injury,At Intersection,Stop Sign,Cyclist Collision (internal code),Clear,Daylight,Dry,Collector,FALSE,-79.42683085,43.79204784,1,Bicycle,East,1,13,Major,No Equipment Available,,,,,Going Ahead,,"Cyclist without right-of-way rides into path of driver (at intersection, laneway, or driveway)",Disobeyed Traffic Control,Inattentive,cyclist,,Willowdale (18),32 Division,Newtonbrook West,FALSE,TRUE,TRUE,FALSE,FALSE,TRUE,FALSE,FALSE,TRUE,FALSE,"{""coordinates"": [[-79.42683085072788, 43.79204784058407]], ""type"": ""MultiPoint""}"
13587,2020:0001566873,2020-08-20T15:35:00,SHEPPARD AVE W,KEELE ST,,6,Non-Fatal Injury,At Intersection,Traffic Signal,Pedestrian Collision (internal code),Clear,Daylight,Dry,Major Arterial,FALSE,-79.48640895,43.74470372,2,Delivery Van,South,2,48,Minimal,Lap and Shoulder Belt,Driving properly,Normal,,,Going Ahead,,,,,driver,,York Centre (6),31 Division,Downsview,TRUE,FALSE,FALSE,FALSE,FALSE,FALSE,TRUE,TRUE,FALSE,TRUE,"{""coordinates"": [[-79.48640895029743, 43.744703715366335]], ""type"": ""MultiPoint""}"
13588,2020:0001566873,2020-08-20T15:35:00,SHEPPARD AVE W,KEELE ST,,6,Non-Fatal Injury,At Intersection,Traffic Signal,Pedestrian Collision (internal code),Clear,Daylight,Dry,Major Arterial,FALSE,-79.48640895,43.74470372,1,,Unknown,6,23,Minor,No Equipment Available,,,On sidewalk or shoulder,Normal,,Driver hits pedestrian on sidewalk or shoulder,,,,pedestrian,,York Centre (6),31 Division,Downsview,TRUE,FALSE,FALSE,FALSE,FALSE,FALSE,TRUE,TRUE,FALSE,TRUE,"{""coordinates"": [[-79.48640895029743, 43.744703715366335]], ""type"": ""MultiPoint""}"
13589,2020:0001566873,2020-08-20T15:35:00,SHEPPARD AVE W,KEELE ST,,6,Non-Fatal Injury,At Intersection,Traffic Signal,Pedestrian Collision (internal code),Clear,Daylight,Dry,Major Arterial,FALSE,-79.48640895,43.74470372,3,Delivery Van,South,3,50,Minor,Lap and Shoulder Belt,Driving properly,Unknown,,,Going Ahead,,,,,driver,,York Centre (6),31 Division,Downsview,TRUE,FALSE,FALSE,FALSE,FALSE,FALSE,TRUE,TRUE,FALSE,TRUE,"{""coordinates"": [[-79.48640895029743, 43.744703715366335]], ""type"": ""MultiPoint""}"
13590,2020:0001566873,2020-08-20T15:35:00,SHEPPARD AVE W,KEELE ST,,6,Non-Fatal Injury,At Intersection,Traffic Signal,Pedestrian Collision (internal code),Clear,Daylight,Dry,Major Arterial,FALSE,-79.48640895,43.74470372,3,,,5,21,Major,Lap and Shoulder Belt,,,,,,,,,,passenger,,York Centre (6),31 Division,Downsview,TRUE,FALSE,FALSE,FALSE,FALSE,FALSE,TRUE,TRUE,FALSE,TRUE,"{""coordinates"": [[-79.48640895029743, 43.744703715366335]], ""type"": ""MultiPoint""}"
13591,2020:0001567749,2020-08-20T17:43:00,1602 BATHURST ST,,50 m South of,2,Non-Fatal Injury,Non-Intersection,No Control,Pedestrian Collision (internal code),Clear,Daylight,Dry,Major Arterial,FALSE,-79.42053674,43.68866575,1,Automobile or Station Wagon,North,1,22,None,Lap and Shoulder Belt,Driving properly,Normal,,,Going Ahead,,,,,driver,,Toronto-St. Paul's (12),13 Division,Forest Hill South,FALSE,FALSE,FALSE,FALSE,FALSE,FALSE,TRUE,FALSE,FALSE,FALSE,"{""coordinates"": [[-79.42053673703207, 43.68866574670986]], ""type"": ""MultiPoint""}"
13592,2020:0001584883,2020-08-23T04:21:00,ST CLAIR AVE E,KENNEDY RD,,2,Non-Fatal Injury,At Intersection,Traffic Signal,Cyclist Collision (internal code),Clear,Dark with Artificial Lighting,Dry,Major Arterial,TRUE,-79.26130332,43.71645178,1,Unknown,West,1,,None,Use Unknown,Other,Unknown,,,Going Ahead,,,,,driver,,Scarborough Southwest (20),41 Division,Clairlea-Birchmount,FALSE,FALSE,TRUE,FALSE,FALSE,FALSE,FALSE,FALSE,FALSE,FALSE,"{""coordinates"": [[-79.26130331556092, 43.71645178157624]], ""type"": ""MultiPoint""}"
13593,2020:0001600299,2020-08-25T10:11:00,ROYAL YORK RD,SIMPSON AVE,,2,Non-Fatal Injury,At Intersection,No Control,Cyclist Collision (internal code),Clear,Daylight,Dry,Minor Arterial,FALSE,-79.49925711,43.61830761,1,Automobile or Station Wagon,South,1,33,None,Lap and Shoulder Belt,Driving properly,Normal,,,Stopped,,,,,driver,,Etobicoke-Lakeshore (3),22 Division,Mimico-Queensway,FALSE,FALSE,TRUE,FALSE,FALSE,FALSE,FALSE,FALSE,FALSE,FALSE,"{""coordinates"": [[-79.49925710500689, 43.61830761452119]], ""type"": ""MultiPoint""}"