_id,collision_id,accdate,stname1,stname2,stname3,per_inv,acclass,accloc,traffictl,impactype,visible,light,rdsfcond,road_class,failtorem,longitude,latitude,veh_no,vehtype,initdir,per_no,invage,injury,safequip,drivact,drivcond,pedact,pedcond,manoeuvre,pedtype,cyclistype,cycact,cyccond,road_user,fatal_no,wardname,division,neighbourhood,aggressive,distracted,cyclist,motorcyclist,other_micromobility,older_adult,pedestrian,red_light,school_child,heavy_truck,geometry
13696,2021:1000691488,2021-04-15T12:12:00,QUEEN ST E,BROADVIEW AVE,31 m East of,3,Non-Fatal Injury,Non-Intersection,No Control,Pedestrian Collision (internal code),Clear,Daylight,Dry,Minor Arterial,FALSE,-79.34928573,43.65892246,1,,South,3,29,Major,No Equipment Available,,,Running onto roadway,Normal,,Driver hits pedestrian at midblock,,,,pedestrian,,Toronto-Danforth (14),55 Division,South Riverdale,FALSE,FALSE,FALSE,FALSE,FALSE,FALSE,TRUE,FALSE,FALSE,FALSE,"{""coordinates"": [[-79.34928573227248, 43.65892245714165]], ""type"": ""MultiPoint""}"
13697,2021:1000691488,2021-04-15T12:12:00,QUEEN ST E,BROADVIEW AVE,31 m East of,3,Non-Fatal Injury,Non-Intersection,No Control,Pedestrian Collision (internal code),Clear,Daylight,Dry,Minor Arterial,FALSE,-79.34928573,43.65892246,1,,,2,41,None,Lap and Shoulder Belt,,,,,,,,,,passenger,,Toronto-Danforth (14),55 Division,South Riverdale,FALSE,FALSE,FALSE,FALSE,FALSE,FALSE,TRUE,FALSE,FALSE,FALSE,"{""coordinates"": [[-79.34928573227248, 43.65892245714165]], ""type"": ""MultiPoint""}"
13699,2021:1000693871,2021-04-15T18:00:00,DUNDAS ST W,BATHURST ST,,2,Non-Fatal Injury,At Intersection,Traffic Signal,Cyclist Collision (internal code),Clear,Daylight,Dry,Major Arterial,TRUE,-79.40597988,43.65223919,2,Bicycle,West,2,61,Major,No Equipment Available,,,,,Going Ahead,,Driver turns right on red at signalized intersection and hits cyclist,Driving Properly,Normal,cyclist,,Spadina-Fort York (10),14 Division,Kensington-Chinatown,FALSE,FALSE,TRUE,FALSE,FALSE,FALSE,FALSE,FALSE,FALSE,FALSE,"{""coordinates"": [[-79.40597988311579, 43.65223919224796]], ""type"": ""MultiPoint""}"
13700,2021:1000762323,2021-04-26T07:15:00,ARKONA DR,ARKONA DR,,2,Non-Fatal Injury,At Intersection,Stop Sign,Pedestrian Collision (internal code),Clear,Daylight,Dry,Collector,FALSE,-79.30447044,43.77318402,1,Automobile or Station Wagon,East,1,48,None,Lap and Shoulder Belt,Disobeyed traffic control,Inattentive,,,Turning Left,,,,,driver,,Scarborough-Agincourt (22),42 Division,Tam O'Shanter-Sullivan,TRUE,TRUE,FALSE,FALSE,FALSE,FALSE,TRUE,FALSE,FALSE,FALSE,"{""coordinates"": [[-79.3044704414955, 43.77318401690325]], ""type"": ""MultiPoint""}"
13702,2021:1000814402,2021-05-03T18:24:00,SPADINA AVE,NASSAU ST,60 m South of,3,Non-Fatal Injury,Non-Intersection,No Control,Pedestrian Collision (internal code),Clear,Daylight,Dry,Major Arterial,FALSE,-79.39896845,43.65527568,1,,,3,51,Minimal,No Equipment Available,,,,,,,,,,passenger,,University-Rosedale (11),52 Division,Kensington-Chinatown,FALSE,TRUE,FALSE,FALSE,FALSE,FALSE,TRUE,FALSE,FALSE,TRUE,"{""coordinates"": [[-79.39896845117951, 43.655275680105525]], ""type"": ""MultiPoint""}"
13703,2021:1000814402,2021-05-03T18:24:00,SPADINA AVE,NASSAU ST,60 m South of,3,Non-Fatal Injury,Non-Intersection,No Control,Pedestrian Collision (internal code),Clear,Daylight,Dry,Major Arterial,FALSE,-79.39896845,43.65527568,1,,West,2,48,Major,No Equipment Available,,,Crossing - no traffic control,Inattentive,,Transit vehicle driver hits pedestrian anywhere along roadway,,,,pedestrian,,University-Rosedale (11),52 Division,Kensington-Chinatown,FALSE,TRUE,FALSE,FALSE,FALSE,FALSE,TRUE,FALSE,FALSE,TRUE,"{""coordinates"": [[-79.39896845117951, 43.655275680105525]], ""type"": ""MultiPoint""}"
13704,2021:1000874624,2021-05-12T10:40:00,LAWRENCE AVE E,STARSPRAY BLVD,20 m West of,2,Non-Fatal Injury,Intersection-Related,No Control,Pedestrian Collision (internal code),Clear,Daylight,Dry,Local,FALSE,-79.1229745,43.78842736,1,,East,2,71,Major,Use Unknown,,,Other,Medical or Physical Disability,,Transit vehicle driver hits pedestrian anywhere along roadway,,,,pedestrian,,Scarborough-Rouge Park (25),43 Division,West Rouge,FALSE,FALSE,FALSE,FALSE,FALSE,TRUE,TRUE,FALSE,FALSE,TRUE,"{""coordinates"": [[-79.12297450299606, 43.78842735970094]], ""type"": ""MultiPoint""}"
13705,2021:1000874987,2021-05-12T11:34:00,1190 WESTON RD,,15 m South of,2,Non-Fatal Injury,Non-Intersection,No Control,Pedestrian Collision (internal code),Clear,Daylight,Dry,Minor Arterial,FALSE,-79.49126899,43.68762825,1,,Unknown,2,83,Major,Use Unknown,,,On sidewalk or shoulder,Normal,,Driver hits pedestrian on sidewalk or shoulder,,,,pedestrian,,York South-Weston (5),12 Division,Mount Dennis,FALSE,TRUE,FALSE,FALSE,FALSE,TRUE,TRUE,FALSE,FALSE,FALSE,"{""coordinates"": [[-79.49126898660383, 43.68762824799983]], ""type"": ""MultiPoint""}"
13706,2021:1000909606,2021-05-17T08:49:00,YONGE ST,401 C E YONGE N RAMP ST,430 m South of,2,Non-Fatal Injury,Non-Intersection,No Control,Cyclist Collision (internal code),Clear,Daylight,Dry,Major Arterial,FALSE,-79.40807782,43.74981912,2,Bicycle,South,2,35,Major,Helmet,,,,,Going Ahead,,Sideswipe with cyclist and driver travelling in same direction,Driving Properly,Normal,cyclist,,Don Valley West (15),32 Division,St.Andrew-Windfields,TRUE,TRUE,TRUE,FALSE,FALSE,FALSE,FALSE,FALSE,FALSE,FALSE,"{""coordinates"": [[-79.4080778152102, 43.74981912415779]], ""type"": ""MultiPoint""}"
13707,2021:1000928847,2021-05-19T17:52:00,8 FRASERWOOD AVE,,,5,Non-Fatal Injury,Non-Intersection,No Control,Pedestrian Collision (internal code),Clear,Daylight,Dry,Local,FALSE,-79.43820641,43.71391906,1,,,3,2,None,Use Unknown,,,,,,,,,,passenger,,Eglinton-Lawrence (8),13 Division,Englemount-Lawrence,FALSE,FALSE,FALSE,FALSE,FALSE,FALSE,TRUE,FALSE,TRUE,FALSE,"{""coordinates"": [[-79.43820640516265, 43.713919058385095]], ""type"": ""MultiPoint""}"
13708,2021:1000928847,2021-05-19T17:52:00,8 FRASERWOOD AVE,,,5,Non-Fatal Injury,Non-Intersection,No Control,Pedestrian Collision (internal code),Clear,Daylight,Dry,Local,FALSE,-79.43820641,43.71391906,1,,,2,54,None,Use Unknown,,,,,,,,,,passenger,,Eglinton-Lawrence (8),13 Division,Englemount-Lawrence,FALSE,FALSE,FALSE,FALSE,FALSE,FALSE,TRUE,FALSE,TRUE,FALSE,"{""coordinates"": [[-79.43820640516265, 43.713919058385095]], ""type"": ""MultiPoint""}"
13709,2021:1000928847,2021-05-19T17:52:00,8 FRASERWOOD AVE,,,5,Non-Fatal Injury,Non-Intersection,No Control,Pedestrian Collision (internal code),Clear,Daylight,Dry,Local,FALSE,-79.43820641,43.71391906,1,,South,5,7,Major,Use Unknown,,,Running onto roadway,Normal,,Driver hits pedestrian at midblock,,,,pedestrian,,Eglinton-Lawrence (8),13 Division,Englemount-Lawrence,FALSE,FALSE,FALSE,FALSE,FALSE,FALSE,TRUE,FALSE,TRUE,FALSE,"{""coordinates"": [[-79.43820640516265, 43.713919058385095]], ""type"": ""MultiPoint""}"
13711,2021:1000936048,2021-05-20T17:38:00,MCKEE AVE,KENNETH AVE,20 m South of,2,Non-Fatal Injury,Intersection-Related,Stop Sign,Pedestrian Collision (internal code),Clear,Daylight,Dry,Collector,FALSE,-79.40944345,43.77362665,1,,South,2,42,Major,No Equipment Available,,,On sidewalk or shoulder,Normal,,Driver hits pedestrian on sidewalk or shoulder,,,,pedestrian,,Willowdale (18),32 Division,East Willowdale,TRUE,TRUE,FALSE,FALSE,FALSE,FALSE,TRUE,FALSE,FALSE,FALSE,"{""coordinates"": [[-79.40944345293055, 43.773626648916185]], ""type"": ""MultiPoint""}"
13713,2021:1000951822,2021-05-22T22:00:00,EASTERN AVE,COXWELL AVE,,2,Non-Fatal Injury,At Intersection,Traffic Signal,Pedestrian Collision (internal code),Clear,Dark with Artificial Lighting,Dry,Minor Arterial,FALSE,-79.31618172,43.66541884,1,Automobile or Station Wagon,West,1,65,None,Lap and Shoulder Belt,Failed to yield right-of-way,Inattentive,,,Turning Left,,,,,driver,,Beaches-East York (19),55 Division,The Beaches,TRUE,TRUE,FALSE,FALSE,FALSE,TRUE,TRUE,FALSE,TRUE,FALSE,"{""coordinates"": [[-79.31618171667242, 43.6654188378244]], ""type"": ""MultiPoint""}"
13714,2021:1000952186,2021-05-22T23:12:00,DON MILLS RD,GATEWAY BLVD,8 m South of,3,Non-Fatal Injury,Intersection-Related,Traffic Signal,Pedestrian Collision (internal code),Clear,Dark with Artificial Lighting,Dry,Major Arterial,FALSE,-79.33631566,43.71433091,1,,,2,22,None,Use Unknown,,,,,,,,,,passenger,,Don Valley East (16),55 Division,Flemingdon Park,TRUE,FALSE,FALSE,FALSE,FALSE,FALSE,TRUE,FALSE,TRUE,FALSE,"{""coordinates"": [[-79.33631565892905, 43.71433090973021]], ""type"": ""MultiPoint""}"
13715,2021:1000952186,2021-05-22T23:12:00,DON MILLS RD,GATEWAY BLVD,8 m South of,3,Non-Fatal Injury,Intersection-Related,Traffic Signal,Pedestrian Collision (internal code),Clear,Dark with Artificial Lighting,Dry,Major Arterial,FALSE,-79.33631566,43.71433091,1,,Unknown,3,19,Major,Use Unknown,,,On sidewalk or shoulder,Normal,,Driver hits pedestrian on sidewalk or shoulder,,,,pedestrian,,Don Valley East (16),55 Division,Flemingdon Park,TRUE,FALSE,FALSE,FALSE,FALSE,FALSE,TRUE,FALSE,TRUE,FALSE,"{""coordinates"": [[-79.33631565892905, 43.71433090973021]], ""type"": ""MultiPoint""}"
13716,2021:1000955837,2021-05-23T15:01:00,1418 QUEEN ST W,,,2,Non-Fatal Injury,Non-Intersection,No Control,Pedestrian Collision (internal code),Clear,Daylight,Dry,Major Arterial,FALSE,-79.4348267,43.64087907,1,Automobile or Station Wagon,West,1,28,None,Lap and Shoulder Belt,Driving properly,Normal,,,Going Ahead,,,,,driver,,Parkdale-High Park (4),14 Division,South Parkdale,FALSE,TRUE,FALSE,FALSE,FALSE,FALSE,TRUE,FALSE,FALSE,FALSE,"{""coordinates"": [[-79.4348266990872, 43.6408790702448]], ""type"": ""MultiPoint""}"
13717,2021:1000962145,2021-05-24T14:15:00,DUFFERIN ST,ST CLAIR AVE W,,2,Non-Fatal Injury,At Intersection,Traffic Signal,Pedestrian Collision (internal code),Clear,Daylight,Dry,Major Arterial,FALSE,-79.44304351,43.67788926,1,Automobile or Station Wagon,South,1,50,None,Lap and Shoulder Belt,Speed too fast for conditions,Inattentive,,,Going Ahead,,,,,driver,,Davenport (9),13 Division,Corso Italia-Davenport,TRUE,TRUE,FALSE,FALSE,FALSE,FALSE,TRUE,FALSE,TRUE,FALSE,"{""coordinates"": [[-79.44304351079889, 43.67788926214161]], ""type"": ""MultiPoint""}"
13718,2021:1000983324,2021-05-27T13:15:00,44 RUSSELL HILL RD,,92 m North of,2,Non-Fatal Injury,Non-Intersection,No Control,Cyclist Collision (internal code),Clear,Daylight,Dry,Collector,FALSE,-79.40411826,43.68124232,1,Automobile or Station Wagon,East,1,70,None,Lap and Shoulder Belt,Improper turn,Inattentive,,,Turning Right,,,,,driver,,Toronto-St. Paul's (12),53 Division,Casa Loma,FALSE,TRUE,TRUE,FALSE,FALSE,TRUE,FALSE,FALSE,FALSE,FALSE,"{""coordinates"": [[-79.40411826137766, 43.6812423249538]], ""type"": ""MultiPoint""}"
13719,2021:1000999578,2021-05-29T20:40:00,LAKE SHORE BLVD W,YORK ST,,2,Non-Fatal Injury,At Intersection,Traffic Signal,Pedestrian Collision (internal code),Clear,Dusk with Artificial Lighting,Dry,Major Arterial,FALSE,-79.38083337,43.64138634,1,,North,2,29,Major,No Equipment Available,,,Crossing without right-of-way (intersection),Inattentive,,Driver going straight hits pedestrian crossing without right-of-way (at intersection),,,,pedestrian,,Spadina-Fort York (10),52 Division,St Lawrence-East Bayfront-The Islands,FALSE,TRUE,FALSE,TRUE,FALSE,FALSE,TRUE,FALSE,FALSE,FALSE,"{""coordinates"": [[-79.38083336627892, 43.641386343748465]], ""type"": ""MultiPoint""}"
13720,2021:1001003363,2021-05-30T13:15:00,BLOOR ST W,GLENDONWYNNE RD,52 m East of,3,Non-Fatal Injury,Non-Intersection,No Control,Pedestrian Collision (internal code),Clear,Daylight,Dry,Major Arterial,FALSE,-79.47332468,43.6516976,1,,South,3,66,Major,No Equipment Available,,,Crossing - no traffic control,Normal,,Driver hits pedestrian at midblock,,,,pedestrian,,Parkdale-High Park (4),11 Division,High Park-Swansea,FALSE,FALSE,FALSE,FALSE,FALSE,TRUE,TRUE,FALSE,TRUE,FALSE,"{""coordinates"": [[-79.47332468099404, 43.65169760496568]], ""type"": ""MultiPoint""}"
13721,2006:930125,2006-09-21T15:00:00,27 SELLMAR RD,,,3,Non-Fatal Injury,,No Control,Pedestrian Collision (internal code),Clear,Daylight,Dry,Local,FALSE,-79.53389108,43.68714438,1,,,1,,,Other Safety Equipment Used,,,,,,,,,,owner,,Etobicoke Centre (2),23 Division,Willowridge-Martingrove-Richview,FALSE,FALSE,FALSE,FALSE,FALSE,TRUE,TRUE,FALSE,FALSE,FALSE,"{""coordinates"": [[-79.53389108087836, 43.68714437709569]], ""type"": ""MultiPoint""}"
13723,2021:1001039843,2021-06-04T13:21:00,SCARLETT RD,EGLINTON AVE W,,2,Non-Fatal Injury,At Intersection,Traffic Controller,Cyclist Collision (internal code),Clear,Daylight,Dry,Major Arterial,FALSE,-79.51141826,43.68388987,2,Bicycle,East,2,24,Major,Use Unknown,,,,,Going Ahead,,Driver turns left into path of cyclist,Driving Properly,Normal,cyclist,,Etobicoke Centre (2),22 Division,Edenbridge-Humber Valley,FALSE,FALSE,TRUE,FALSE,FALSE,FALSE,FALSE,FALSE,FALSE,FALSE,"{""coordinates"": [[-79.51141825535076, 43.68388987223643]], ""type"": ""MultiPoint""}"
13724,2021:1001050264,2021-06-05T21:20:00,LAWRENCE AVE E,RODDA BLVD,,3,Non-Fatal Injury,At Intersection,No Control,Pedestrian Collision (internal code),Clear,Dark with Artificial Lighting,Dry,Major Arterial,FALSE,-79.19062445,43.76733977,1,,North,2,30,Major,Use Unknown,,,Crossing with right-of-way (intersection),Normal,,Driver turns left into pedestrian crossing with right-of-way (at intersection),,,,pedestrian,,Scarborough-Guildwood (24),43 Division,West Hill,TRUE,FALSE,FALSE,FALSE,FALSE,FALSE,TRUE,FALSE,FALSE,FALSE,"{""coordinates"": [[-79.19062444962105, 43.76733977422396]], ""type"": ""MultiPoint""}"
13725,2021:1001050264,2021-06-05T21:20:00,LAWRENCE AVE E,RODDA BLVD,,3,Non-Fatal Injury,At Intersection,No Control,Pedestrian Collision (internal code),Clear,Dark with Artificial Lighting,Dry,Major Arterial,FALSE,-79.19062445,43.76733977,1,,North,3,26,Major,Use Unknown,,,Crossing with right-of-way (intersection),Normal,,Driver turns left into pedestrian crossing with right-of-way (at intersection),,,,pedestrian,,Scarborough-Guildwood (24),43 Division,West Hill,TRUE,FALSE,FALSE,FALSE,FALSE,FALSE,TRUE,FALSE,FALSE,FALSE,"{""coordinates"": [[-79.19062444962105, 43.76733977422396]], ""type"": ""MultiPoint""}"
13726,2021:1001069325,2021-06-08T14:44:00,QUEEN ST W,MANNING AVE,10 m East of,2,Non-Fatal Injury,Intersection-Related,No Control,Pedestrian Collision (internal code),Clear,Daylight,Dry,Major Arterial,FALSE,-79.40854337,43.64621579,1,Automobile or Station Wagon,East,1,27,None,Lap and Shoulder Belt,Driving properly,Normal,,,Going Ahead,,,,,driver,,Spadina-Fort York (10),14 Division,West Queen West,FALSE,FALSE,FALSE,FALSE,FALSE,FALSE,TRUE,FALSE,FALSE,FALSE,"{""coordinates"": [[-79.40854337432053, 43.64621579072587]], ""type"": ""MultiPoint""}"
13727,2021:1001072175,2021-06-08T22:09:00,WARDEN AVE,MCNICOLL AVE,320 m North of,2,Non-Fatal Injury,Non-Intersection,No Control,Pedestrian Collision (internal code),Clear,Dark with Artificial Lighting,Dry,Major Arterial,FALSE,-79.32220878,43.80902694,1,Passenger Van,North,1,64,None,Use Unknown,Driving properly,Normal,,,Going Ahead,,,,,driver,,Scarborough-Agincourt (22),42 Division,Steeles,FALSE,TRUE,FALSE,FALSE,FALSE,FALSE,TRUE,FALSE,FALSE,FALSE,"{""coordinates"": [[-79.3222087793348, 43.809026935312005]], ""type"": ""MultiPoint""}"
13729,2021:1001141851,2021-06-18T15:50:00,LAWRENCE AVE W,WESTON RD,17 m West of,2,Non-Fatal Injury,Intersection-Related,No Control,Pedestrian Collision (internal code),Clear,Daylight,Dry,Major Arterial,FALSE,-79.51615609,43.70008707,1,Automobile or Station Wagon,West,1,51,None,Use Unknown,Driving properly,Normal,,,Going Ahead,,,,,driver,,York South-Weston (5),12 Division,Weston,FALSE,TRUE,FALSE,FALSE,FALSE,TRUE,TRUE,FALSE,FALSE,FALSE,"{""coordinates"": [[-79.51615608548819, 43.700087074144484]], ""type"": ""MultiPoint""}"
13730,2021:1001146779,2021-06-19T10:15:00,FOREST MANOR RD,PARKWAY FOREST DR,,2,Non-Fatal Injury,At Intersection,Stop Sign,Pedestrian Collision (internal code),Clear,Daylight,Dry,Collector,FALSE,-79.3433499,43.77499986,1,,East,2,78,Major,Use Unknown,,,Crossing with right-of-way (intersection),Normal,,Driver turns left into pedestrian crossing with right-of-way (at intersection),,,,pedestrian,,Don Valley North (17),33 Division,Henry Farm,TRUE,TRUE,FALSE,FALSE,FALSE,TRUE,TRUE,FALSE,FALSE,FALSE,"{""coordinates"": [[-79.34334989811909, 43.77499985990815]], ""type"": ""MultiPoint""}"
13731,2021:1001147674,2021-06-19T12:50:00,DAVISVILLE AV,MOUNT PLEASANT RD,6 m West of,2,Non-Fatal Injury,At Intersection,Traffic Signal,Pedestrian Collision (internal code),Clear,Daylight,Dry,Major Arterial,TRUE,-79.38692154,43.70023567,1,,South,2,23,Major,No Equipment Available,,,Crossing with right-of-way (intersection),Normal,,Driver turns left into pedestrian crossing with right-of-way (at intersection),,,,pedestrian,,Don Valley West (15),53 Division,Mount Pleasant East,FALSE,TRUE,FALSE,FALSE,FALSE,FALSE,TRUE,FALSE,FALSE,TRUE,"{""coordinates"": [[-79.38692154470378, 43.700235674031866]], ""type"": ""MultiPoint""}"
13732,2021:1001241239,2021-07-02T17:11:00,JANE ST,WILSON AVE,5 m North of,3,Non-Fatal Injury,Intersection-Related,Traffic Signal,Pedestrian Collision (internal code),Clear,Daylight,Wet,Major Arterial,FALSE,-79.50859531,43.72084282,1,,West,3,61,Major,No Equipment Available,,,Crossing without right-of-way (intersection),Inattentive,,Driver turns right into pedestrian crossing without right-of-way (at intersection),,,,pedestrian,,York Centre (6),31 Division,Oakdale-Beverley Heights,FALSE,TRUE,FALSE,FALSE,FALSE,FALSE,TRUE,FALSE,FALSE,FALSE,"{""coordinates"": [[-79.50859530753263, 43.72084282269161]], ""type"": ""MultiPoint""}"
13733,2021:1001241239,2021-07-02T17:11:00,JANE ST,WILSON AVE,5 m North of,3,Non-Fatal Injury,Intersection-Related,Traffic Signal,Pedestrian Collision (internal code),Clear,Daylight,Wet,Major Arterial,FALSE,-79.50859531,43.72084282,1,,,2,58,None,Lap and Shoulder Belt,,,,,,,,,,passenger,,York Centre (6),31 Division,Oakdale-Beverley Heights,FALSE,TRUE,FALSE,FALSE,FALSE,FALSE,TRUE,FALSE,FALSE,FALSE,"{""coordinates"": [[-79.50859530753263, 43.72084282269161]], ""type"": ""MultiPoint""}"
13735,2021:1001274605,2021-07-07T11:56:00,WOODMOUNT AVE,STRATHMORE BLVD,,2,Non-Fatal Injury,At Intersection,Stop Sign,Pedestrian Collision (internal code),Clear,Daylight,Dry,Local,FALSE,-79.31557134,43.68587706,1,Pickup Truck,North,1,38,None,Use Unknown,Failed to yield right-of-way,Inattentive,,,Going Ahead,,,,,driver,,Beaches-East York (19),55 Division,Danforth,TRUE,TRUE,FALSE,FALSE,FALSE,FALSE,TRUE,FALSE,FALSE,FALSE,"{""coordinates"": [[-79.31557133640027, 43.6858770570191]], ""type"": ""MultiPoint""}"
13736,2021:1001311707,2021-07-13T07:45:00,GERRARD ST E,HORTICULTURAL AVE,5 m East of,2,Non-Fatal Injury,Intersection-Related,Stop Sign,Cyclist Collision (internal code),Clear,Daylight,Dry,Minor Arterial,FALSE,-79.37469929,43.66060859,2,Automobile or Station Wagon,East,2,52,None,Use Unknown,Driving properly,Normal,,,Going Ahead,,,,,driver,,Toronto Centre (13),51 Division,Moss Park,FALSE,TRUE,TRUE,FALSE,FALSE,TRUE,FALSE,FALSE,FALSE,FALSE,"{""coordinates"": [[-79.37469929203526, 43.66060859014792]], ""type"": ""MultiPoint""}"
13737,2021:1001321784,2021-07-14T14:40:00,DON MILLS RD,GREEN BELT DR,270 m North of,2,Non-Fatal Injury,Non-Intersection,No Control,Pedestrian Collision (internal code),Clear,Daylight,Dry,Major Arterial,FALSE,-79.34152652,43.73001695,1,,East,2,17,Major,No Equipment Available,,,Crossing - no traffic control,Medical or Physical Disability,,Driver hits pedestrian at midblock,,,,pedestrian,,Don Valley East (16),33 Division,Banbury-Don Mills,FALSE,FALSE,FALSE,FALSE,FALSE,TRUE,TRUE,FALSE,TRUE,FALSE,"{""coordinates"": [[-79.34152652243408, 43.730016949915566]], ""type"": ""MultiPoint""}"
13738,2021:1001358291,2021-07-19T17:40:00,5231 YONGE ST,ELLERSLIE AVE,64 m South of,2,Non-Fatal Injury,Non-Intersection,No Control,Cyclist Collision (internal code),Clear,Daylight,Dry,Major Arterial,FALSE,-79.41341075,43.77139887,2,Automobile or Station Wagon,South,2,47,None,Use Unknown,Driving properly,Unknown,,,Stopped,,,,,driver,,Willowdale (18),32 Division,Yonge-Doris,FALSE,FALSE,TRUE,FALSE,FALSE,FALSE,FALSE,FALSE,FALSE,FALSE,"{""coordinates"": [[-79.41341074701506, 43.77139887076936]], ""type"": ""MultiPoint""}"
13739,2025:5000959825,2025-05-09T07:55:00,O CONNOR DR,ST CLAIR AVE E,,2,Non-Fatal Injury,Intersection-Related,Unknown,SMV Other,Clear,Daylight,Dry,Major Arterial,FALSE,-79.31316847,43.70494548,1,Pickup Truck,North,1,47,None,Lap and Shoulder Belt,Driving properly,Normal,,,Going Ahead,,,,,driver,,Beaches-East York (19),55 Division,O'Connor-Parkview,FALSE,FALSE,FALSE,FALSE,FALSE,FALSE,TRUE,FALSE,TRUE,FALSE,"{""coordinates"": [[-79.31316846682066, 43.704945475231376]], ""type"": ""MultiPoint""}"
13740,2021:1001358898,2021-07-19T19:15:00,RIDELLE AVE,TIMES RD,5 m East of,2,Non-Fatal Injury,At Intersection,Stop Sign,Pedestrian Collision (internal code),Clear,Daylight,Dry,Local,FALSE,-79.44672084,43.70273057,1,,South,2,78,Major,No Equipment Available,,,Crossing with right-of-way (intersection),Normal,,Driver going straight hits pedestrian crossing with right-of-way (at intersection),,,,pedestrian,,Eglinton-Lawrence (8),13 Division,Briar Hill-Belgravia,TRUE,FALSE,FALSE,FALSE,FALSE,TRUE,TRUE,FALSE,FALSE,TRUE,"{""coordinates"": [[-79.44672084364473, 43.702730566776175]], ""type"": ""MultiPoint""}"
13741,2021:1001360205,2021-07-19T23:43:00,DIXON RD,ST PHILLIPS RD,8 m East of,2,Non-Fatal Injury,Intersection-Related,No Control,Pedestrian Collision (internal code),Clear,Dark with Artificial Lighting,Dry,Major Arterial,FALSE,-79.53423014,43.6997514,1,,South,2,53,Major,Use Unknown,,,Running onto roadway,Inattentive,,Driver going straight hits pedestrian crossing without right-of-way (at intersection),,,,pedestrian,,Etobicoke Centre (2),23 Division,Humber Heights-Westmount,FALSE,TRUE,FALSE,FALSE,FALSE,FALSE,TRUE,FALSE,FALSE,FALSE,"{""coordinates"": [[-79.53423014478966, 43.69975140206797]], ""type"": ""MultiPoint""}"
13742,2021:1001385290,2021-07-23T13:35:00,VICTORIA PARK AVE,EDGE PARK AVE,19 m North of,3,Non-Fatal Injury,Non-Intersection,No Control,Pedestrian Collision (internal code),Clear,Daylight,Dry,Major Arterial,FALSE,-79.29988523,43.71808071,1,Pickup Truck,North,1,36,None,Lap and Shoulder Belt,Driving properly,Normal,,,Going Ahead,,,,,driver,,Beaches-East York (19),55 Division,Victoria Village,FALSE,TRUE,FALSE,FALSE,FALSE,FALSE,TRUE,FALSE,FALSE,FALSE,"{""coordinates"": [[-79.29988523020064, 43.71808070846621]], ""type"": ""MultiPoint""}"
13745,2021:1001392111,2021-07-24T13:11:00,ROYAL YORK RD,BLOOR ST W,,2,Non-Fatal Injury,At Intersection,Traffic Signal,Pedestrian Collision (internal code),Rain,Daylight,Wet,Major Arterial,TRUE,-79.51132677,43.64729169,1,,South,2,58,Major,Use Unknown,,,Crossing with right-of-way (intersection),Normal,,Driver turns right into pedestrian crossing with right-of-way (at intersection),,,,pedestrian,,Etobicoke-Lakeshore (3),22 Division,Stonegate-Queensway,TRUE,FALSE,FALSE,FALSE,FALSE,FALSE,TRUE,FALSE,FALSE,FALSE,"{""coordinates"": [[-79.51132677001898, 43.64729168517138]], ""type"": ""MultiPoint""}"
13746,2021:1001461087,2021-08-03T12:30:00,PHARMACY AVE,DANFORTH AVE,,2,Non-Fatal Injury,At Intersection,Traffic Signal,Pedestrian Collision (internal code),Clear,Daylight,Dry,Major Arterial,FALSE,-79.28334471,43.69225519,1,Passenger Van,South,1,64,None,Lap and Shoulder Belt,Driving properly,Normal,,,Turning Left,,,,,driver,,Scarborough Southwest (20),41 Division,Oakridge,FALSE,TRUE,FALSE,FALSE,FALSE,FALSE,TRUE,FALSE,FALSE,FALSE,"{""coordinates"": [[-79.28334470595811, 43.6922551857981]], ""type"": ""MultiPoint""}"
13747,2021:1001469287,2021-08-04T14:41:00,ALLANFORD RD,SHEPPARD AVE E,,2,Non-Fatal Injury,At Intersection,Traffic Signal,Pedestrian Collision (internal code),Clear,Daylight,Dry,Major Arterial,FALSE,-79.29342305,43.78204555,1,,South,2,28,Major,Use Unknown,,,Crossing with right-of-way (intersection),Normal,,Driver turns left into pedestrian crossing with right-of-way (at intersection),,,,pedestrian,,Scarborough-Agincourt (22),42 Division,Tam O'Shanter-Sullivan,TRUE,TRUE,FALSE,FALSE,FALSE,FALSE,TRUE,FALSE,FALSE,FALSE,"{""coordinates"": [[-79.29342305220392, 43.78204554609746]], ""type"": ""MultiPoint""}"
13748,2021:1001493415,2021-08-07T22:36:00,FRONT ST W,SPADINA AVE,15 m South of,2,Non-Fatal Injury,At Intersection,Traffic Signal,Pedestrian Collision (internal code),Clear,Dark,Dry,Major Arterial,FALSE,-79.39388728,43.64266429,1,,North,2,21,Major,No Equipment Available,,,Crossing without right-of-way (intersection),Had Been Drinking,,Driver going straight hits pedestrian crossing without right-of-way (at intersection),,,,pedestrian,,Spadina-Fort York (10),52 Division,Harbourfront-CityPlace,FALSE,FALSE,FALSE,FALSE,FALSE,FALSE,TRUE,FALSE,FALSE,FALSE,"{""coordinates"": [[-79.39388728412759, 43.64266428664624]], ""type"": ""MultiPoint""}"