_id,collision_id,accdate,stname1,stname2,stname3,per_inv,acclass,accloc,traffictl,impactype,visible,light,rdsfcond,road_class,failtorem,longitude,latitude,veh_no,vehtype,initdir,per_no,invage,injury,safequip,drivact,drivcond,pedact,pedcond,manoeuvre,pedtype,cyclistype,cycact,cyccond,road_user,fatal_no,wardname,division,neighbourhood,aggressive,distracted,cyclist,motorcyclist,other_micromobility,older_adult,pedestrian,red_light,school_child,heavy_truck,geometry
13749,2021:1001512252,2021-08-10T15:25:00,ST CLAIR AVE W,ST CLAIR GDNS,18 m East of,2,Non-Fatal Injury,Non-Intersection,No Control,Pedestrian Collision (internal code),Clear,Daylight,Dry,Major Arterial,FALSE,-79.44502716,43.6774315,1,Streetcar,East,1,48,None,Lap and Shoulder Belt,Driving properly,Normal,,,Going Ahead,,,,,driver,,Davenport (9),13 Division,Corso Italia-Davenport,FALSE,TRUE,FALSE,FALSE,FALSE,FALSE,TRUE,FALSE,FALSE,TRUE,"{""coordinates"": [[-79.44502715790492, 43.67743150142099]], ""type"": ""MultiPoint""}"
13750,2021:1001517326,2021-08-11T09:20:00,BROCK AVE,SEAFORTH AVE,5 m North of,2,Non-Fatal Injury,At Intersection,No Control,Pedestrian Collision (internal code),Clear,Daylight,Dry,Collector,FALSE,-79.43317874,43.64362946,1,,South,2,22,Major,Use Unknown,,,On sidewalk or shoulder,Normal,,Driver hits pedestrian on sidewalk or shoulder,,,,pedestrian,,Parkdale-High Park (4),11 Division,Roncesvalles,FALSE,TRUE,FALSE,FALSE,FALSE,FALSE,TRUE,FALSE,FALSE,FALSE,"{""coordinates"": [[-79.43317874195455, 43.643629463637225]], ""type"": ""MultiPoint""}"
13751,2021:1001537853,2021-08-13T23:55:00,800 BATHURST ST,,30 m North of,2,Non-Fatal Injury,Non-Intersection,No Control,Pedestrian Collision (internal code),Clear,Dark with Artificial Lighting,Dry,Major Arterial,FALSE,-79.41136622,43.66550671,1,,East,2,19,Major,No Equipment Available,,,Crossing - no traffic control,Inattentive,,Driver hits pedestrian at midblock,,,,pedestrian,,University-Rosedale (11),14 Division,Annex,FALSE,TRUE,FALSE,FALSE,FALSE,FALSE,TRUE,FALSE,TRUE,FALSE,"{""coordinates"": [[-79.41136622495928, 43.66550671349303]], ""type"": ""MultiPoint""}"
13752,2021:1001545631,2021-08-15T05:50:00,106 BEECH AVE,,1 m East of,2,Non-Fatal Injury,At/Near Private Drive,No Control,Cyclist Collision (internal code),Clear,Dark with Artificial Lighting,Dry,Major Arterial,FALSE,-79.28795289,43.67355555,2,Bicycle,South,2,55,Major,No Equipment Available,,,,,Going Ahead,,Driver reversing hits cyclist,Wrong Way on One Way Road,Normal,cyclist,,Beaches-East York (19),55 Division,The Beaches,FALSE,FALSE,TRUE,FALSE,FALSE,FALSE,FALSE,FALSE,FALSE,FALSE,"{""coordinates"": [[-79.28795289249568, 43.67355554618504]], ""type"": ""MultiPoint""}"
13753,2021:1001562119,2021-08-17T15:04:00,EGLINTON AVE W,MARTIN GROVE RD,20 m East of,2,Non-Fatal Injury,Intersection-Related,Traffic Signal,Pedestrian Collision (internal code),Clear,Daylight,Dry,Major Arterial,TRUE,-79.56313038,43.6744066,1,Automobile or Station Wagon,South,1,24,None,Use Unknown,Lost control,Unknown,,,Turning Left,,,,,driver,,Etobicoke Centre (2),22 Division,Princess-Rosethorn,FALSE,FALSE,FALSE,FALSE,FALSE,TRUE,TRUE,FALSE,FALSE,FALSE,"{""coordinates"": [[-79.5631303756475, 43.67440660141692]], ""type"": ""MultiPoint""}"
13754,2021:1001563711,2021-08-17T19:00:00,CHERRY ST,FRONT ST E,1 m West of,2,Non-Fatal Injury,At Intersection,Traffic Signal,Pedestrian Collision (internal code),Clear,Daylight,Dry,Collector,TRUE,-79.35795275,43.65258626,1,Automobile or Station Wagon,North,1,33,None,Use Unknown,Failed to yield right-of-way,Unknown,,,Turning Left,,,,,driver,,Toronto Centre (13),51 Division,St Lawrence-East Bayfront-The Islands,TRUE,FALSE,FALSE,FALSE,FALSE,FALSE,TRUE,FALSE,FALSE,FALSE,"{""coordinates"": [[-79.35795275045835, 43.652586258743966]], ""type"": ""MultiPoint""}"
13756,2006:927745,2006-09-05T22:26:00,QUEEN ST E,SPRUCE HILL RD,,3,Non-Fatal Injury,,No Control,Pedestrian Collision (internal code),Clear,Dark,Dry,Minor Arterial,FALSE,-79.28809066,43.67254404,2,,,2,,None,Other Safety Equipment Used,,,,,,,,,,other,,Beaches-East York (19),55 Division,The Beaches,FALSE,FALSE,FALSE,FALSE,FALSE,FALSE,TRUE,FALSE,TRUE,FALSE,"{""coordinates"": [[-79.28809066264141, 43.67254404128249]], ""type"": ""MultiPoint""}"
13758,2021:1001572143,2021-08-18T22:40:00,KIPLING AVE,DIXON RD,,2,Non-Fatal Injury,At Intersection,Traffic Signal,Pedestrian Collision (internal code),Clear,Dark with Artificial Lighting,Dry,Major Arterial,FALSE,-79.5586061,43.69417816,1,,West,2,45,Major,No Equipment Available,,,Running onto roadway,Normal,,Driver going straight hits pedestrian crossing without right-of-way (at intersection),,,,pedestrian,,Etobicoke Centre (2),23 Division,Kingsview Village-The Westway,FALSE,FALSE,FALSE,FALSE,FALSE,FALSE,TRUE,FALSE,FALSE,FALSE,"{""coordinates"": [[-79.55860610184014, 43.694178160793655]], ""type"": ""MultiPoint""}"
13761,2021:1001616611,2021-08-25T09:35:00,345 ADELAIDE ST W,,,2,Non-Fatal Injury,At/Near Private Drive,No Control,Cyclist Collision (internal code),Clear,Daylight,Dry,Major Arterial,FALSE,-79.39370417,43.647055,1,Delivery Van,East,1,25,None,Lap and Shoulder Belt,Improper turn,Inattentive,,,Turning Right,,,,,driver,,Spadina-Fort York (10),52 Division,Wellington Place,FALSE,TRUE,TRUE,FALSE,FALSE,FALSE,FALSE,FALSE,FALSE,TRUE,"{""coordinates"": [[-79.39370417143905, 43.647055001790456]], ""type"": ""MultiPoint""}"
13762,2021:1001662122,2021-08-31T13:45:00,FERN AVE,WESTON RD,1 m East of,2,Non-Fatal Injury,At Intersection,Traffic Signal,Pedestrian Collision (internal code),Clear,Daylight,Dry,Minor Arterial,FALSE,-79.52374734,43.70230342,1,,North,2,77,Major,No Equipment Available,,,Crossing with right-of-way (intersection),Normal,,Driver turns left into pedestrian crossing with right-of-way (at intersection),,,,pedestrian,,York South-Weston (5),12 Division,Weston,TRUE,FALSE,FALSE,FALSE,FALSE,TRUE,TRUE,FALSE,FALSE,FALSE,"{""coordinates"": [[-79.52374733857455, 43.702303420927905]], ""type"": ""MultiPoint""}"
13763,2021:1001663013,2021-08-31T15:53:00,723 PAPE AVE,,,2,Non-Fatal Injury,Non-Intersection,No Control,Cyclist Collision (internal code),Clear,Daylight,Dry,Major Arterial,TRUE,-79.3449522,43.67922045,1,Automobile or Station Wagon,North,1,30,None,Use Unknown,Failed to yield right-of-way,Normal,,,Other,,,,,driver,,Toronto-Danforth (14),55 Division,Danforth,TRUE,FALSE,TRUE,FALSE,FALSE,FALSE,FALSE,FALSE,FALSE,FALSE,"{""coordinates"": [[-79.34495219890583, 43.679220452309124]], ""type"": ""MultiPoint""}"
13764,2021:1001676258,2021-09-02T11:17:00,LAKE SHORE BLVD E,LESLIE ST,3 m East of,2,Non-Fatal Injury,At Intersection,Traffic Signal,Cyclist Collision (internal code),Clear,Daylight,Dry,Major Arterial,FALSE,-79.32840404,43.65915894,2,Bicycle,North,2,52,Major,Helmet,,,,,Going Ahead,,Driver turns left into path of cyclist,Driving Properly,Normal,cyclist,,Toronto-Danforth (14),55 Division,South Riverdale,TRUE,TRUE,TRUE,FALSE,FALSE,TRUE,FALSE,FALSE,FALSE,FALSE,"{""coordinates"": [[-79.32840403880368, 43.65915893779654]], ""type"": ""MultiPoint""}"
13765,2021:1001735558,2021-09-10T19:26:00,GERRARD ST E,YONGE ST,58 m East of,3,Non-Fatal Injury,Non-Intersection,No Control,Cyclist Collision (internal code),Clear,Dark with Artificial Lighting,Dry,Minor Arterial,FALSE,-79.38118429,43.65920098,1,Delivery Van,West,1,27,None,Lap and Shoulder Belt,Failed to yield right-of-way,Normal,,,Pulling Onto Shoulder or Toward Curb,,,,,driver,,Toronto Centre (13),51 Division,Downtown Yonge East,TRUE,FALSE,TRUE,FALSE,FALSE,FALSE,FALSE,FALSE,FALSE,TRUE,"{""coordinates"": [[-79.38118429197571, 43.659200976607295]], ""type"": ""MultiPoint""}"
13766,2021:1001795260,2021-09-18T23:49:00,MANITOBA DR,CANADA BLVD,40 m West of,2,Non-Fatal Injury,Non-Intersection,No Control,Pedestrian Collision (internal code),Clear,Dark with Artificial Lighting,Dry,Local,FALSE,-79.4103363,43.63615262,1,Automobile or Station Wagon,West,1,59,None,Equipment Not Used But Available,Driving properly,Normal,,,Going Ahead,,,,,driver,,Spadina-Fort York (10),14 Division,Fort York-Liberty Village,FALSE,TRUE,FALSE,FALSE,FALSE,FALSE,TRUE,FALSE,FALSE,FALSE,"{""coordinates"": [[-79.41033630164293, 43.63615262486664]], ""type"": ""MultiPoint""}"
13769,2021:1001822979,2021-09-22T20:06:00,DAVENPORT RD,BELMONT ST,,2,Non-Fatal Injury,At Intersection,Traffic Signal,Pedestrian Collision (internal code),Rain,Dark with Artificial Lighting,Wet,Major Arterial,FALSE,-79.39288015,43.67463526,1,,North,2,22,Major,No Equipment Available,,,Crossing with right-of-way (intersection),Normal,,Driver turns left into pedestrian crossing with right-of-way (at intersection),,,,pedestrian,,University-Rosedale (11),53 Division,Annex,TRUE,TRUE,FALSE,FALSE,FALSE,TRUE,TRUE,FALSE,FALSE,FALSE,"{""coordinates"": [[-79.39288015239971, 43.674635255124436]], ""type"": ""MultiPoint""}"
13770,2021:1001834169,2021-09-24T11:29:00,DUNDAS ST W,PRINCE EDWARD DR N,,2,Non-Fatal Injury,At Intersection,Traffic Signal,Pedestrian Collision (internal code),Clear,Daylight,Dry,Major Arterial,FALSE,-79.51041885,43.66055919,1,Automobile or Station Wagon,West,1,43,None,Lap and Shoulder Belt,Driving properly,Normal,,,Going Ahead,,,,,driver,,Etobicoke-Lakeshore (3),22 Division,Kingsway South,FALSE,TRUE,FALSE,FALSE,FALSE,FALSE,TRUE,FALSE,TRUE,FALSE,"{""coordinates"": [[-79.51041884644091, 43.66055919434973]], ""type"": ""MultiPoint""}"
13771,2021:1002028747,2021-10-21T22:22:00,MCCOWAN RD,EGLINTON AVE E,,2,Non-Fatal Injury,At Intersection,Traffic Signal,Pedestrian Collision (internal code),Rain,Dark with Artificial Lighting,Wet,Major Arterial,FALSE,-79.23832352,43.73877918,1,Automobile or Station Wagon,North,1,45,None,Lap and Shoulder Belt,Failed to yield right-of-way,Inattentive,,,Turning Left,,,,,driver,,Scarborough Southwest (20),43 Division,Eglinton East,TRUE,TRUE,FALSE,FALSE,FALSE,FALSE,TRUE,FALSE,FALSE,FALSE,"{""coordinates"": [[-79.23832351622485, 43.7387791793446]], ""type"": ""MultiPoint""}"
13772,2021:1001851492,2021-09-26T22:45:00,KINGSTON RD,HAREWOOD AVE,10 m West of,2,Non-Fatal Injury,Intersection-Related,No Control,Pedestrian Collision (internal code),Clear,Dark with Artificial Lighting,Dry,Major Arterial,FALSE,-79.23516496,43.722643,1,,North,2,39,Major,No Equipment Available,,,Crossing without right-of-way (intersection),Had Been Drinking,,Driver turns left into pedestrian crossing without right-of-way (at intersection),,,,pedestrian,,Scarborough Southwest (20),43 Division,Cliffcrest,FALSE,FALSE,FALSE,FALSE,FALSE,FALSE,TRUE,FALSE,FALSE,FALSE,"{""coordinates"": [[-79.23516496044871, 43.722643004546434]], ""type"": ""MultiPoint""}"
13773,2021:1001867215,2021-09-29T03:06:00,LAWRENCE AVE E,ORTON PARK RD,20 m East of,2,Non-Fatal Injury,Intersection-Related,Traffic Signal,Pedestrian Collision (internal code),Clear,Dark,Dry,Major Arterial,FALSE,-79.20559334,43.76397523,1,Automobile or Station Wagon,West,1,32,None,Lap and Shoulder Belt,Driving properly,Normal,,,Going Ahead,,,,,driver,,Scarborough-Guildwood (24),43 Division,Golfdale-Cedarbrae-Woburn,FALSE,FALSE,FALSE,FALSE,FALSE,FALSE,TRUE,FALSE,FALSE,FALSE,"{""coordinates"": [[-79.20559334478659, 43.76397522550809]], ""type"": ""MultiPoint""}"
13774,2021:1001872479,2021-09-29T18:14:00,FINCH AVE W,YONGE ST,1 m West of,3,Non-Fatal Injury,Non-Intersection,No Control,Pedestrian Collision (internal code),Clear,Daylight,Dry,Major Arterial,FALSE,-79.41664561,43.7794517,1,,South,2,83,Major,No Equipment Available,,,Crossing - no traffic control,Inattentive,,Driver hits pedestrian at midblock,,,,pedestrian,,Willowdale (18),32 Division,Willowdale West,TRUE,TRUE,FALSE,FALSE,FALSE,TRUE,TRUE,FALSE,FALSE,FALSE,"{""coordinates"": [[-79.41664560667414, 43.7794516996494]], ""type"": ""MultiPoint""}"
13775,2021:1001872479,2021-09-29T18:14:00,FINCH AVE W,YONGE ST,1 m West of,3,Non-Fatal Injury,Non-Intersection,No Control,Pedestrian Collision (internal code),Clear,Daylight,Dry,Major Arterial,FALSE,-79.41664561,43.7794517,1,,South,3,66,Minor,No Equipment Available,,,Crossing - no traffic control,Inattentive,,Driver hits pedestrian at midblock,,,,pedestrian,,Willowdale (18),32 Division,Willowdale West,TRUE,TRUE,FALSE,FALSE,FALSE,TRUE,TRUE,FALSE,FALSE,FALSE,"{""coordinates"": [[-79.41664560667414, 43.7794516996494]], ""type"": ""MultiPoint""}"
13777,2021:1001897187,2021-10-03T06:09:00,477 DUNDAS ST W,,52 m East of,2,Non-Fatal Injury,Non-Intersection,No Control,Pedestrian Collision (internal code),Rain,Dark with Artificial Lighting,Wet,Major Arterial,FALSE,-79.39722132,43.65303264,1,,South,2,74,Major,No Equipment Available,,,Crossing - no traffic control,Inattentive,,Driver hits pedestrian at midblock,,,,pedestrian,,Spadina-Fort York (10),52 Division,Kensington-Chinatown,FALSE,TRUE,FALSE,FALSE,FALSE,TRUE,TRUE,FALSE,FALSE,FALSE,"{""coordinates"": [[-79.39722131989572, 43.65303263610762]], ""type"": ""MultiPoint""}"
13778,2021:1001904901,2021-10-04T11:50:00,BAYVIEW AVE,CUMMER AVE,,2,Non-Fatal Injury,At Intersection,Traffic Signal,Pedestrian Collision (internal code),Clear,Daylight,Wet,Major Arterial,FALSE,-79.39355901,43.79222709,1,,West,2,75,Major,No Equipment Available,,,Crossing without right-of-way (intersection),Normal,,Driver going straight hits pedestrian crossing without right-of-way (at intersection),,,,pedestrian,,Don Valley North (17),33 Division,Bayview Woods-Steeles,FALSE,FALSE,FALSE,FALSE,FALSE,TRUE,TRUE,FALSE,FALSE,FALSE,"{""coordinates"": [[-79.39355900742281, 43.79222709211185]], ""type"": ""MultiPoint""}"
13779,2021:1001936756,2021-10-08T19:12:00,WELLINGTON ST W,UNIVERSITY AVE,,2,Non-Fatal Injury,At Intersection,Traffic Signal,Pedestrian Collision (internal code),Clear,Daylight,Dry,Major Arterial,TRUE,-79.3840606,43.64631112,1,Automobile or Station Wagon,West,1,,None,Use Unknown,Improper turn,Inattentive,,,Turning Left,,,,,driver,,Spadina-Fort York (10),52 Division,Yonge-Bay Corridor,FALSE,TRUE,FALSE,FALSE,FALSE,FALSE,TRUE,FALSE,FALSE,FALSE,"{""coordinates"": [[-79.38406059903706, 43.64631112169492]], ""type"": ""MultiPoint""}"
13780,2021:1001960285,2021-10-12T13:56:00,LAWRENCE AVE W,DUPLEX AVE,135 m West of,2,Non-Fatal Injury,Non-Intersection,No Control,Pedestrian Collision (internal code),Clear,Daylight,Dry,Major Arterial,FALSE,-79.40733017,43.72394022,1,,Unknown,2,86,Major,Use Unknown,,,On sidewalk or shoulder,Medical or Physical Disability,,Driver hits pedestrian on sidewalk or shoulder,,,,pedestrian,,Eglinton-Lawrence (8),53 Division,Lawrence Park South,FALSE,FALSE,FALSE,FALSE,FALSE,TRUE,TRUE,FALSE,FALSE,TRUE,"{""coordinates"": [[-79.4073301745355, 43.72394022411528]], ""type"": ""MultiPoint""}"
13783,2021:1001983260,2021-10-15T14:50:00,RICHMOND ST W,DUNCAN ST,,2,Non-Fatal Injury,At Intersection,Traffic Signal,Pedestrian Collision (internal code),Clear,Daylight,Dry,Major Arterial,FALSE,-79.38914178,43.64938196,1,,East,2,59,Major,No Equipment Available,,,Crossing with right-of-way (intersection),Normal,,Driver turns left into pedestrian crossing with right-of-way (at intersection),,,,pedestrian,,Spadina-Fort York (10),52 Division,Wellington Place,TRUE,FALSE,FALSE,FALSE,FALSE,FALSE,TRUE,FALSE,FALSE,FALSE,"{""coordinates"": [[-79.38914178098943, 43.64938195984741]], ""type"": ""MultiPoint""}"
13784,2021:1001991750,2021-10-16T19:17:00,BAY ST,CUMBERLAND ST,,2,Non-Fatal Injury,At Intersection,Traffic Signal,Pedestrian Collision (internal code),Clear,Dark with Artificial Lighting,Dry,Major Arterial,TRUE,-79.38980551,43.67048868,1,Automobile or Station Wagon,South,1,,None,Use Unknown,Exceeding speed limit,Unknown,,,Going Ahead,,,,,driver,,University-Rosedale (11),53 Division,Annex,TRUE,FALSE,FALSE,FALSE,FALSE,FALSE,TRUE,FALSE,FALSE,FALSE,"{""coordinates"": [[-79.38980550699335, 43.67048867572604]], ""type"": ""MultiPoint""}"
13787,2023:3001492927,2023-06-21T20:00:00,QUEEN ST E,BEECH AV,9 m West of,2,Non-Fatal Injury,Non-Intersection,No Control,Cyclist Collision (internal code),Clear,Daylight,Dry,Minor Arterial,FALSE,-79.28720521,43.67263239,1,Automobile or Station Wagon,West,1,69,None,Use Unknown,Other,Normal,,,Parked,,,,,driver,,Beaches-East York (19),55 Division,The Beaches,FALSE,FALSE,TRUE,FALSE,FALSE,TRUE,FALSE,FALSE,FALSE,FALSE,"{""coordinates"": [[-79.2872052116512, 43.67263238841639]], ""type"": ""MultiPoint""}"
13788,2022:2000962188,2022-05-22T14:43:00,DUFFERIN ST,CROATIA ST,,3,Non-Fatal Injury,At Intersection,Stop Sign,Pedestrian Collision (internal code),Clear,Daylight,Dry,Major Arterial,FALSE,-79.43474275,43.65827408,0,,,2,42,None,Lap and Shoulder Belt,,,,,,,,,,passenger,,Davenport (9),14 Division,Dufferin Grove,TRUE,TRUE,FALSE,FALSE,FALSE,TRUE,TRUE,FALSE,FALSE,FALSE,"{""coordinates"": [[-79.4347427465522, 43.6582740837757]], ""type"": ""MultiPoint""}"
13789,2021:1002052752,2021-10-25T12:55:00,ORIOLE PKWY,EGLINTON AVE W,50 m South of,2,Non-Fatal Injury,Non-Intersection,No Control,Pedestrian Collision (internal code),Rain,Daylight,Wet,Minor Arterial,FALSE,-79.40588062,43.70448146,1,Automobile or Station Wagon,South,1,32,None,Use Unknown,Driving properly,Normal,,,Going Ahead,,,,,driver,,Toronto-St. Paul's (12),53 Division,Yonge-Eglinton,FALSE,TRUE,FALSE,FALSE,FALSE,FALSE,TRUE,FALSE,FALSE,FALSE,"{""coordinates"": [[-79.40588061788182, 43.70448145685801]], ""type"": ""MultiPoint""}"
13791,2021:1002064782,2021-10-27T08:12:00,DUNCANWOODS DR,NAVENBY CRES,3 m South of,3,Non-Fatal Injury,Intersection-Related,No Control,Pedestrian Collision (internal code),Clear,Daylight with Artificial Lighting,Dry,Collector,FALSE,-79.56537327,43.75374463,1,,Unknown,2,44,Major,Lap and Shoulder Belt,,,On sidewalk or shoulder,Normal,,Driver hits pedestrian on sidewalk or shoulder,,,,pedestrian,,Humber River-Black Creek (7),31 Division,Humber Summit,FALSE,FALSE,FALSE,FALSE,FALSE,FALSE,TRUE,FALSE,TRUE,FALSE,"{""coordinates"": [[-79.56537327399217, 43.75374463340585]], ""type"": ""MultiPoint""}"
13792,2021:1002064782,2021-10-27T08:12:00,DUNCANWOODS DR,NAVENBY CRES,3 m South of,3,Non-Fatal Injury,Intersection-Related,No Control,Pedestrian Collision (internal code),Clear,Daylight with Artificial Lighting,Dry,Collector,FALSE,-79.56537327,43.75374463,1,,Unknown,3,8,Minor,Lap and Shoulder Belt,,,On sidewalk or shoulder,Normal,,Driver hits pedestrian on sidewalk or shoulder,,,,pedestrian,,Humber River-Black Creek (7),31 Division,Humber Summit,FALSE,FALSE,FALSE,FALSE,FALSE,FALSE,TRUE,FALSE,TRUE,FALSE,"{""coordinates"": [[-79.56537327399217, 43.75374463340585]], ""type"": ""MultiPoint""}"
13793,2021:1002085130,2021-10-29T23:00:00,3600 STEELES AVE W,,1 m West of,2,Non-Fatal Injury,Non-Intersection,No Control,Pedestrian Collision (internal code),Rain,Dark with Artificial Lighting,Wet,Major Arterial,FALSE,-79.53879241,43.77179193,1,Automobile or Station Wagon,West,1,26,None,Lap and Shoulder Belt,Driving properly,Normal,,,Going Ahead,,,,,driver,,Humber River-Black Creek (7),31 Division,Humber Summit,FALSE,TRUE,FALSE,FALSE,FALSE,FALSE,TRUE,FALSE,FALSE,FALSE,"{""coordinates"": [[-79.5387924067586, 43.771791931410455]], ""type"": ""MultiPoint""}"
13795,2021:1002105025,2021-11-01T22:05:00,2275 WARDEN AVE,,1 m South of,2,Non-Fatal Injury,At/Near Private Drive,No Control,Cyclist Collision (internal code),Clear,Dark with Artificial Lighting,Dry,Major Arterial,FALSE,-79.30958977,43.78230496,1,Automobile or Station Wagon,South,1,30,None,Lap and Shoulder Belt,Failed to yield right-of-way,Inattentive,,,Turning Left,,,,,driver,,Scarborough-Agincourt (22),42 Division,Tam O'Shanter-Sullivan,TRUE,TRUE,TRUE,FALSE,FALSE,FALSE,FALSE,FALSE,FALSE,FALSE,"{""coordinates"": [[-79.30958976526976, 43.782304964858085]], ""type"": ""MultiPoint""}"
13796,2021:1002132451,2021-11-05T17:11:00,THE QUEENSWAY,NORTH QUEEN ST,135 m West of,2,Non-Fatal Injury,Non-Intersection,No Control,Pedestrian Collision (internal code),Clear,Daylight,Dry,Major Arterial,FALSE,-79.55800353,43.61406575,1,,South,2,78,Major,Use Unknown,,,Crossing without right-of-way (intersection),Normal,,Driver hits pedestrian at midblock,,,,pedestrian,,Etobicoke-Lakeshore (3),22 Division,Etobicoke City Centre,FALSE,FALSE,FALSE,FALSE,FALSE,TRUE,TRUE,FALSE,FALSE,FALSE,"{""coordinates"": [[-79.5580035287571, 43.61406574788261]], ""type"": ""MultiPoint""}"
13797,2021:1002135282,2021-11-06T01:25:00,MIDDLEFIELD RD,FINCH AVE E,10 m North of,2,Non-Fatal Injury,Intersection-Related,Traffic Signal,Pedestrian Collision (internal code),Clear,Dark with Artificial Lighting,Dry,Minor Arterial,TRUE,-79.257664,43.8098165,1,Automobile or Station Wagon,South,1,28,None,Use Unknown,Lost control,Unknown,,,Going Ahead,,,,,driver,,Scarborough North (23),42 Division,Agincourt North,FALSE,FALSE,FALSE,FALSE,FALSE,FALSE,TRUE,FALSE,FALSE,FALSE,"{""coordinates"": [[-79.25766399921879, 43.809816503497316]], ""type"": ""MultiPoint""}"
13798,2021:1002157696,2021-11-09T10:13:00,BEDFORD RD,DAVENPORT RD,2 m East of,2,Non-Fatal Injury,At Intersection,Traffic Signal,Pedestrian Collision (internal code),Clear,Daylight,Dry,Major Arterial,FALSE,-79.39980766,43.67429957,1,,Unknown,2,85,Major,Lap and Shoulder Belt,,,Other,Other Condition,,Other,,,,pedestrian,,University-Rosedale (11),53 Division,Annex,FALSE,FALSE,FALSE,FALSE,FALSE,TRUE,TRUE,FALSE,FALSE,FALSE,"{""coordinates"": [[-79.39980765631769, 43.674299571684784]], ""type"": ""MultiPoint""}"
13799,2021:1002160067,2021-11-09T15:50:00,LAWRENCE AVE W,DUFFLAW RD,3 m West of,2,Non-Fatal Injury,At Intersection,Traffic Signal,Pedestrian Collision (internal code),Rain,Daylight,Wet,Major Arterial,FALSE,-79.46083523,43.71268313,1,,West,2,23,Major,Use Unknown,,,Crossing with right-of-way (intersection),Normal,,Driver turns left into pedestrian crossing with right-of-way (at intersection),,,,pedestrian,,Eglinton-Lawrence (8),13 Division,Yorkdale-Glen Park,TRUE,TRUE,FALSE,FALSE,FALSE,FALSE,TRUE,FALSE,FALSE,FALSE,"{""coordinates"": [[-79.46083523187401, 43.71268312716609]], ""type"": ""MultiPoint""}"
13800,2021:1002183621,2021-11-12T20:09:00,650 OLD WESTON RD,,55 m South of,2,Non-Fatal Injury,Non-Intersection,No Control,Pedestrian Collision (internal code),Rain,Dark with Artificial Lighting,Wet,Minor Arterial,TRUE,-79.46539005,43.67945332,1,,Unknown,2,32,Major,No Equipment Available,,,Coming from behind parked vehicle or object,Normal,,Driver hits pedestrian at midblock,,,,pedestrian,,Davenport (9),12 Division,Weston-Pelham Park,TRUE,TRUE,FALSE,FALSE,FALSE,FALSE,TRUE,FALSE,FALSE,FALSE,"{""coordinates"": [[-79.46539004669629, 43.6794533190746]], ""type"": ""MultiPoint""}"
13803,2021:1002212268,2021-11-16T23:30:00,LAKE SHORE BLVD W,BATHURST ST,,2,Non-Fatal Injury,At Intersection,Traffic Signal,Pedestrian Collision (internal code),Clear,Dark with Artificial Lighting,Dry,Major Arterial,TRUE,-79.39960935,43.63641201,1,Automobile or Station Wagon,West,1,27,None,Use Unknown,Other,Unknown,,,Going Ahead,,,,,driver,,Spadina-Fort York (10),14 Division,Fort York-Liberty Village,FALSE,FALSE,FALSE,FALSE,FALSE,FALSE,TRUE,FALSE,FALSE,FALSE,"{""coordinates"": [[-79.39960935115356, 43.63641200805188]], ""type"": ""MultiPoint""}"
13804,2021:1002218081,2021-11-17T18:56:00,LAKE SHORE BLVD W,SHORE BREEZE DR,3 m West of,2,Non-Fatal Injury,Intersection-Related,No Control,Pedestrian Collision (internal code),Rain,Dark,Wet,Major Arterial,FALSE,-79.48048875,43.62407159,1,,Unknown,2,29,Major,Use Unknown,,,Crossing - no traffic control,Inattentive,,Driver going straight hits pedestrian crossing without right-of-way (at intersection),,,,pedestrian,,Etobicoke-Lakeshore (3),22 Division,Humber Bay Shores,FALSE,TRUE,FALSE,FALSE,FALSE,FALSE,TRUE,FALSE,TRUE,FALSE,"{""coordinates"": [[-79.48048874578484, 43.624071590333486]], ""type"": ""MultiPoint""}"
13807,2021:1002268507,2021-11-24T18:10:00,24 GRANDVIEW AVE,,101 m East of,2,Non-Fatal Injury,Non-Intersection,No Control,Pedestrian Collision (internal code),Clear,Dark with Artificial Lighting,Dry,Local,FALSE,-79.34996473,43.67352512,1,,Unknown,2,60,Major,No Equipment Available,,,Coming from behind parked vehicle or object,Inattentive,,Driver hits pedestrian at midblock,,,,pedestrian,,Toronto-Danforth (14),55 Division,North Riverdale,FALSE,TRUE,FALSE,FALSE,FALSE,FALSE,TRUE,FALSE,FALSE,TRUE,"{""coordinates"": [[-79.34996472870009, 43.67352511712287]], ""type"": ""MultiPoint""}"