_id,collision_id,accdate,stname1,stname2,stname3,per_inv,acclass,accloc,traffictl,impactype,visible,light,rdsfcond,road_class,failtorem,longitude,latitude,veh_no,vehtype,initdir,per_no,invage,injury,safequip,drivact,drivcond,pedact,pedcond,manoeuvre,pedtype,cyclistype,cycact,cyccond,road_user,fatal_no,wardname,division,neighbourhood,aggressive,distracted,cyclist,motorcyclist,other_micromobility,older_adult,pedestrian,red_light,school_child,heavy_truck,geometry
13874,2022:2000984362,2022-05-25T16:56:00,COLLEGE ST,EUCLID AVE,60 m West of,2,Non-Fatal Injury,Non-Intersection,No Control,Cyclist Collision (internal code),Clear,Daylight,Dry,Major Arterial,FALSE,-79.41185452,43.65551221,1,Bicycle,West,1,44,Major,No Equipment Available,,,,,Going Ahead,,Sideswipe with cyclist and driver travelling in same direction,Driving Properly,Had Been Drinking,cyclist,,University-Rosedale (11),14 Division,Trinity-Bellwoods,FALSE,FALSE,TRUE,FALSE,FALSE,FALSE,FALSE,FALSE,FALSE,FALSE,"{""coordinates"": [[-79.4118545231222, 43.65551221028212]], ""type"": ""MultiPoint""}"
13875,2022:2000988089,2022-05-26T08:31:00,STEELES AVE E,MAXOME AVE,,2,Non-Fatal Injury,At Intersection,Traffic Signal,Cyclist Collision (internal code),Clear,Daylight,Dry,Major Arterial,FALSE,-79.40620855,43.80098565,1,Automobile or Station Wagon,South,1,22,None,Lap and Shoulder Belt,Improper turn,Inattentive,,,Turning Left,,,,,driver,,Willowdale (18),32 Division,Newtonbrook East,FALSE,TRUE,TRUE,FALSE,FALSE,FALSE,FALSE,FALSE,FALSE,FALSE,"{""coordinates"": [[-79.40620855437977, 43.80098565105461]], ""type"": ""MultiPoint""}"
13876,2022:2001020904,2022-05-30T18:47:00,QUEENS QUAY E,MERCHANTS WHARF,19 m South of,2,Non-Fatal Injury,At Intersection,No Control,Cyclist Collision (internal code),Clear,Daylight,Dry,Minor Arterial,FALSE,-79.36428517,43.6454833,1,Automobile or Station Wagon,East,1,51,None,Lap and Shoulder Belt,Improper turn,Normal,,,Turning Right,,,,,driver,,Spadina-Fort York (10),51 Division,St Lawrence-East Bayfront-The Islands,FALSE,FALSE,TRUE,FALSE,FALSE,FALSE,FALSE,FALSE,TRUE,FALSE,"{""coordinates"": [[-79.36428517068143, 43.64548330295672]], ""type"": ""MultiPoint""}"
13877,2022:2001021476,2022-05-30T20:12:00,THE DONWAY E,GUYTOI CRT,3 m North of,2,Non-Fatal Injury,Intersection-Related,No Control,Pedestrian Collision (internal code),Clear,Dusk with Artificial Lighting,Dry,Minor Arterial,FALSE,-79.34146548,43.73233629,1,,North,2,20,Major,Use Unknown,,,Running onto roadway,Other Condition,,Driver going straight hits pedestrian crossing without right-of-way (at intersection),,,,pedestrian,,Don Valley East (16),33 Division,Banbury-Don Mills,FALSE,FALSE,FALSE,FALSE,FALSE,FALSE,TRUE,FALSE,FALSE,FALSE,"{""coordinates"": [[-79.34146548394804, 43.73233628544693]], ""type"": ""MultiPoint""}"
13878,2022:2001048848,2022-06-03T12:40:00,25 RIPLEY AVE,,1 m South of,2,Non-Fatal Injury,Non-Intersection,No Control,Pedestrian Collision (internal code),Clear,Daylight,Dry,Local,TRUE,-79.47469037,43.63735817,1,Delivery Van,North,1,48,None,Lap and Shoulder Belt,Other,Inattentive,,,Going Ahead,,,,,driver,,Parkdale-High Park (4),11 Division,High Park-Swansea,FALSE,TRUE,FALSE,FALSE,FALSE,FALSE,TRUE,FALSE,FALSE,TRUE,"{""coordinates"": [[-79.47469037068203, 43.6373581662153]], ""type"": ""MultiPoint""}"
13879,2022:2001063847,2022-06-05T16:25:00,KING ST W,CLOSE AVE,30 m West of,2,Non-Fatal Injury,Non-Intersection,No Control,Pedestrian Collision (internal code),Clear,Daylight,Dry,Major Arterial,FALSE,-79.43468175,43.63738862,1,Automobile or Station Wagon,East,1,32,Minimal,Lap and Shoulder Belt,Driving properly,Normal,,,Going Ahead,,,,,driver,,Parkdale-High Park (4),14 Division,South Parkdale,FALSE,TRUE,FALSE,FALSE,FALSE,FALSE,TRUE,FALSE,FALSE,FALSE,"{""coordinates"": [[-79.43468174611233, 43.637388623318834]], ""type"": ""MultiPoint""}"
13880,2022:2001085402,2022-06-08T15:54:00,DUNDAS ST W,LAKEVIEW AVE,25 m East of,2,Non-Fatal Injury,Intersection-Related,No Control,Cyclist Collision (internal code),Clear,Daylight,Dry,Minor Arterial,TRUE,-79.4227417,43.64931335,1,Pickup Truck,West,1,58,None,Lap and Shoulder Belt,Improper lane change,Inattentive,,,Changing Lanes,,,,,driver,,Spadina-Fort York (10),14 Division,Trinity-Bellwoods,FALSE,TRUE,TRUE,FALSE,FALSE,FALSE,FALSE,FALSE,FALSE,FALSE,"{""coordinates"": [[-79.42274170037874, 43.64931334512708]], ""type"": ""MultiPoint""}"
13881,2022:2001109273,2022-06-11T12:36:00,YONGE ST,ALBERTUS AVE,10 m South of,2,Non-Fatal Injury,Intersection-Related,No Control,Pedestrian Collision (internal code),Clear,Dark with Artificial Lighting,Dry,Major Arterial,FALSE,-79.40001359,43.71449503,1,Automobile or Station Wagon,South,1,67,None,Lap and Shoulder Belt,Driving properly,Normal,,,Going Ahead,,,,,driver,,Don Valley West (15),53 Division,Mount Pleasant East,FALSE,TRUE,FALSE,FALSE,FALSE,TRUE,TRUE,FALSE,FALSE,FALSE,"{""coordinates"": [[-79.40001358712742, 43.71449502659078]], ""type"": ""MultiPoint""}"
13882,2022:2001126945,2022-06-14T11:59:00,836 BLOOR ST W,,2 m South of 836 BLOOR ST W,2,Non-Fatal Injury,Non-Intersection,No Control,Pedestrian Collision (internal code),Clear,Daylight,Dry,Major Arterial,FALSE,-79.42366484,43.6623062,1,,North,2,76,Major,No Equipment Available,,,Crossing - no traffic control,Inattentive,,Driver hits pedestrian at midblock,,,,pedestrian,,University-Rosedale (11),14 Division,Palmerston-Little Italy,FALSE,TRUE,TRUE,FALSE,FALSE,TRUE,TRUE,FALSE,FALSE,FALSE,"{""coordinates"": [[-79.42366483773617, 43.66230620129271]], ""type"": ""MultiPoint""}"
13883,2022:2001145268,2022-06-16T19:30:00,OVERLEA BLVD,THORNCLIFFE PARK DR,3 m South of,3,Non-Fatal Injury,At Intersection,Traffic Signal,Cyclist Collision (internal code),Clear,Daylight,Dry,Major Arterial,FALSE,-79.34367042,43.70738436,1,Bicycle,East,1,12,Major,No Equipment Available,,,,,Going Ahead,,"Cyclist without right-of-way rides into path of driver (at intersection, laneway, or driveway)",Disobeyed Traffic Control,Inattentive,cyclist,,Don Valley West (15),53 Division,Thorncliffe Park,FALSE,TRUE,TRUE,FALSE,FALSE,TRUE,FALSE,FALSE,TRUE,FALSE,"{""coordinates"": [[-79.34367041820512, 43.70738435673612]], ""type"": ""MultiPoint""}"
13884,2024:4002130627,2024-09-28T20:38:00,KINGSTON RD,FENWOOD HTS,,2,Non-Fatal Injury,Intersection-Related,Traffic Signal,SMV Other,Clear,Dusk with Artificial Lighting,Dry,Major Arterial,TRUE,-79.2298757,43.72740917,,,,2,78,Major,Use Unknown,,,Unknown,Unknown,,,,,,pedestrian,,Scarborough Southwest (20),43 Division,Cliffcrest,FALSE,FALSE,FALSE,FALSE,FALSE,TRUE,TRUE,FALSE,FALSE,FALSE,"{""coordinates"": [[-79.22987569657136, 43.72740916992635]], ""type"": ""MultiPoint""}"
13885,2022:2001159151,2022-06-18T18:55:00,GAMBLE AVE,PAPE AVE,,2,Non-Fatal Injury,At Intersection,Stop Sign,Pedestrian Collision (internal code),Clear,Daylight,Dry,Major Arterial,FALSE,-79.3491331,43.69032886,1,,South,2,62,Major,No Equipment Available,,,Crossing with right-of-way (intersection),Normal,,Driver going straight hits pedestrian crossing with right-of-way (at intersection),,,,pedestrian,,Toronto-Danforth (14),55 Division,Old East York,TRUE,TRUE,FALSE,FALSE,FALSE,FALSE,TRUE,FALSE,FALSE,FALSE,"{""coordinates"": [[-79.34913309901658, 43.690328855038494]], ""type"": ""MultiPoint""}"
13886,2022:2001159560,2022-06-18T20:15:00,BRIMLEY RD,EGLINTON AVE E,,2,Non-Fatal Injury,At Intersection,Traffic Signal,Pedestrian Collision (internal code),Clear,Daylight,Dry,Major Arterial,FALSE,-79.24805101,43.73662389,1,Automobile or Station Wagon,North,1,37,None,Lap and Shoulder Belt,Improper turn,Inattentive,,,Turning Left,,,,,driver,,Scarborough Southwest (20),41 Division,Kennedy Park,FALSE,TRUE,FALSE,FALSE,FALSE,FALSE,TRUE,FALSE,FALSE,FALSE,"{""coordinates"": [[-79.24805101078819, 43.73662388537681]], ""type"": ""MultiPoint""}"
13889,2022:2001212143,2022-06-26T06:00:00,SPADINA AVE,QUEEN ST W,50 m South of,2,Non-Fatal Injury,Non-Intersection,No Control,Cyclist Collision (internal code),Clear,Daylight,Dry,Major Arterial,TRUE,-79.39625239,43.6484817,1,Automobile or Station Wagon,South,1,,None,Use Unknown,Other,Other Condition,,,Going Ahead,,,,,driver,,Spadina-Fort York (10),52 Division,Wellington Place,FALSE,FALSE,TRUE,FALSE,FALSE,FALSE,FALSE,FALSE,FALSE,FALSE,"{""coordinates"": [[-79.39625239201553, 43.6484817020257]], ""type"": ""MultiPoint""}"
13890,2022:2001217698,2022-06-27T02:38:00,QUEEN ST W,BELLWOODS AVE,,2,Non-Fatal Injury,At Intersection,No Control,Cyclist Collision (internal code),Clear,Dark with Artificial Lighting,Dry,Major Arterial,FALSE,-79.41074827,43.64577329,2,Bicycle,West,2,29,Major,Use Unknown,,,,,Going Ahead,,Driver turns left into path of cyclist,Driving Properly,Normal,cyclist,,Spadina-Fort York (10),14 Division,West Queen West,TRUE,TRUE,TRUE,FALSE,FALSE,FALSE,FALSE,FALSE,FALSE,FALSE,"{""coordinates"": [[-79.4107482743641, 43.64577328924039]], ""type"": ""MultiPoint""}"
13892,2022:2001253169,2022-07-02T00:42:00,ADELAIDE ST E,YONGE ST,,2,Non-Fatal Injury,At Intersection,Traffic Signal,Pedestrian Collision (internal code),Clear,Dark with Artificial Lighting,Dry,Major Arterial,TRUE,-79.37843009,43.65033562,1,Automobile or Station Wagon,East,1,22,None,Use Unknown,Exceeding speed limit,Normal,,,Going Ahead,,,,,driver,,Toronto Centre (13),51 Division,Downtown Yonge East,TRUE,FALSE,FALSE,FALSE,FALSE,FALSE,TRUE,FALSE,FALSE,FALSE,"{""coordinates"": [[-79.37843008867605, 43.650335618051606]], ""type"": ""MultiPoint""}"
13893,2022:2001257548,2022-07-02T18:09:00,ADELAIDE ST W,PORTLAND ST,8 m East of,2,Non-Fatal Injury,At Intersection,Traffic Signal,Cyclist Collision (internal code),Clear,Daylight,Dry,Major Arterial,FALSE,-79.40059353,43.64565883,1,Truck - Other,North,1,49,None,Lap and Shoulder Belt,Failed to yield right-of-way,Normal,,,Turning Right,,,,,driver,,Spadina-Fort York (10),14 Division,Wellington Place,TRUE,FALSE,TRUE,FALSE,FALSE,FALSE,FALSE,FALSE,TRUE,TRUE,"{""coordinates"": [[-79.40059353046594, 43.645658833216835]], ""type"": ""MultiPoint""}"
13894,2022:2001286974,2022-07-06T19:45:00,KING ST W,GWYNNE AVE,5 m South of,2,Non-Fatal Injury,Intersection-Related,No Control,Pedestrian Collision (internal code),Clear,Dusk with Artificial Lighting,Dry,Major Arterial,FALSE,-79.42882236,43.6385788,1,Automobile or Station Wagon,West,1,26,None,Lap and Shoulder Belt,Driving properly,Normal,,,Going Ahead,,,,,driver,,Parkdale-High Park (4),14 Division,South Parkdale,FALSE,TRUE,FALSE,FALSE,FALSE,FALSE,TRUE,FALSE,FALSE,FALSE,"{""coordinates"": [[-79.4288223574893, 43.63857879957064]], ""type"": ""MultiPoint""}"
13895,2022:2001292860,2022-07-07T16:05:00,KEELE ST,MURRAY ROSS PARKWAY,,2,Non-Fatal Injury,At Intersection,Traffic Signal,Cyclist Collision (internal code),Clear,Daylight,Dry,Major Arterial,FALSE,-79.49200127,43.76724095,2,Bicycle,South,2,71,Major,Helmet,,,,,Going Ahead,,Driver turns right on red at signalized intersection and hits cyclist,Driving Properly,Normal,cyclist,,York Centre (6),31 Division,York University Heights,FALSE,TRUE,TRUE,FALSE,FALSE,TRUE,FALSE,FALSE,FALSE,TRUE,"{""coordinates"": [[-79.49200127475306, 43.76724094721611]], ""type"": ""MultiPoint""}"
13896,2022:2001329600,2022-07-12T14:07:00,QUEEN ST W,BROCK AVE,,3,Non-Fatal Injury,At Intersection,Traffic Signal,Pedestrian Collision (internal code),Clear,Daylight,Dry,Major Arterial,FALSE,-79.43233188,43.64140168,2,Automobile or Station Wagon,West,2,61,None,Lap and Shoulder Belt,Driving properly,Normal,,,Going Ahead,,,,,driver,,Parkdale-High Park (4),14 Division,South Parkdale,FALSE,FALSE,FALSE,FALSE,FALSE,FALSE,TRUE,FALSE,FALSE,FALSE,"{""coordinates"": [[-79.43233188127914, 43.64140167991787]], ""type"": ""MultiPoint""}"
13897,2022:2001329600,2022-07-12T14:07:00,QUEEN ST W,BROCK AVE,,3,Non-Fatal Injury,At Intersection,Traffic Signal,Pedestrian Collision (internal code),Clear,Daylight,Dry,Major Arterial,FALSE,-79.43233188,43.64140168,1,,Unknown,3,51,Major,No Equipment Available,,,On sidewalk or shoulder,Normal,,Driver hits pedestrian on sidewalk or shoulder,,,,pedestrian,,Parkdale-High Park (4),14 Division,South Parkdale,FALSE,FALSE,FALSE,FALSE,FALSE,FALSE,TRUE,FALSE,FALSE,FALSE,"{""coordinates"": [[-79.43233188127914, 43.64140167991787]], ""type"": ""MultiPoint""}"
13898,2022:2001330011,2022-07-12T15:08:00,JANE ST,FINCH AVE W,50 m South of,5,Non-Fatal Injury,Non-Intersection,No Control,Pedestrian Collision (internal code),Clear,Daylight,Dry,Major Arterial,FALSE,-79.51757505,43.75667427,1,Automobile or Station Wagon,North,1,41,None,Lap and Shoulder Belt,Driving properly,Normal,,,Going Ahead,,,,,driver,,Humber River-Black Creek (7),31 Division,Glenfield-Jane Heights,FALSE,FALSE,FALSE,FALSE,FALSE,FALSE,TRUE,FALSE,TRUE,FALSE,"{""coordinates"": [[-79.517575053816, 43.75667426747532]], ""type"": ""MultiPoint""}"
13899,2022:2001333771,2022-07-13T03:45:00,NORGROVE CRES,SUMMITCREST DR,50 m North of,2,Non-Fatal Injury,Non-Intersection,No Control,Pedestrian Collision (internal code),Clear,Dark with Artificial Lighting,Dry,Local,FALSE,-79.5292558,43.68633511,1,,East,2,30,Major,Use Unknown,,,Running onto roadway,Other Condition,,Driver hits pedestrian at midblock,,,,pedestrian,,Etobicoke Centre (2),23 Division,Willowridge-Martingrove-Richview,FALSE,FALSE,FALSE,FALSE,FALSE,FALSE,TRUE,FALSE,FALSE,FALSE,"{""coordinates"": [[-79.52925579813184, 43.686335113055115]], ""type"": ""MultiPoint""}"
13900,2022:2001340330,2022-07-13T23:38:00,EGLINTON AVE E,DANFORTH RD,20 m South of,2,Non-Fatal Injury,At Intersection,Traffic Signal,Pedestrian Collision (internal code),Clear,Dark,Dry,Major Arterial,FALSE,-79.2461284,43.73702443,1,Automobile or Station Wagon,West,1,54,None,Lap and Shoulder Belt,Improper turn,Normal,,,Turning Left,,,,,driver,,Scarborough Southwest (20),43 Division,Eglinton East,FALSE,FALSE,FALSE,FALSE,FALSE,FALSE,TRUE,FALSE,FALSE,FALSE,"{""coordinates"": [[-79.24612840013343, 43.73702442658373]], ""type"": ""MultiPoint""}"
13901,2022:2001344891,2022-07-14T16:00:00,EVANS AVE,TREEVIEW DR,,2,Non-Fatal Injury,At Intersection,Traffic Signal,Cyclist Collision (internal code),Clear,Daylight,Dry,Major Arterial,FALSE,-79.53637417,43.61344011,2,Bicycle,East,2,63,Major,No Equipment Available,,,,,Going Ahead,,Driver turns left into path of cyclist,Other,Inattentive,cyclist,,Etobicoke-Lakeshore (3),22 Division,Alderwood,FALSE,TRUE,TRUE,FALSE,FALSE,TRUE,FALSE,FALSE,FALSE,FALSE,"{""coordinates"": [[-79.53637416788493, 43.61344011044276]], ""type"": ""MultiPoint""}"
13902,2022:2001354914,2022-07-15T23:17:00,BATHURST ST,EGLINTON AVE W,3 m North of,2,Non-Fatal Injury,At Intersection,Traffic Signal,Cyclist Collision (internal code),Clear,Dark,Dry,Major Arterial,FALSE,-79.4255645,43.70088804,1,Bicycle,South,1,36,Major,No Equipment Available,,,,,Going Ahead,,Sideswipe with cyclist and driver travelling in same direction,Lost control,Had Been Drinking,cyclist,,Toronto-St. Paul's (12),13 Division,Humewood-Cedarvale,FALSE,FALSE,TRUE,FALSE,FALSE,FALSE,FALSE,FALSE,FALSE,FALSE,"{""coordinates"": [[-79.42556449729052, 43.70088803979644]], ""type"": ""MultiPoint""}"
13903,2022:2001379315,2022-07-19T12:45:00,MORNINGSIDE AVE,MILITARY TRL,,2,Non-Fatal Injury,At Intersection,Traffic Signal,Pedestrian Collision (internal code),Clear,Daylight,Dry,Major Arterial,FALSE,-79.1943247,43.78920563,1,,South,2,13,Major,No Equipment Available,,,Crossing with right-of-way (intersection),Normal,,Driver turns left into pedestrian crossing with right-of-way (at intersection),,,,pedestrian,,Scarborough-Guildwood (24),43 Division,Morningside,TRUE,FALSE,FALSE,FALSE,FALSE,FALSE,TRUE,FALSE,TRUE,FALSE,"{""coordinates"": [[-79.19432469576918, 43.78920562770883]], ""type"": ""MultiPoint""}"
13906,2022:2001404331,2022-07-22T18:15:00,ST CLAIR AVE W,CALEDONIA RD,50 m East of,2,Non-Fatal Injury,Non-Intersection,No Control,Pedestrian Collision (internal code),Clear,Daylight,Dry,Major Arterial,FALSE,-79.45419008,43.67538684,1,,South,2,46,Major,Use Unknown,,,Crossing - no traffic control,Normal,,Transit vehicle driver hits pedestrian anywhere along roadway,,,,pedestrian,,Davenport (9),13 Division,Corso Italia-Davenport,FALSE,FALSE,FALSE,FALSE,FALSE,FALSE,TRUE,FALSE,FALSE,TRUE,"{""coordinates"": [[-79.45419008146276, 43.6753868375112]], ""type"": ""MultiPoint""}"
13907,2026:6000938560,2026-05-07T08:42:00,QUEEN ST W,UNIVERSITY AVE,8 m North of,2,Non-Fatal Injury,Intersection-Related,Traffic Signal,SMV Other,Clear,Daylight,Dry,,FALSE,-79.38660088,43.65085819,1,,,2,39,Major,No Equipment Available,,,Unknown,Unknown,,,,,,pedestrian,,Spadina-Fort York (10),52 Division,Yonge-Bay Corridor,FALSE,FALSE,FALSE,FALSE,FALSE,FALSE,TRUE,FALSE,FALSE,FALSE,"{""coordinates"": [[-79.3866008826482, 43.650858187137885]], ""type"": ""MultiPoint""}"
13908,2022:2001427156,2022-07-24T22:54:00,REXDALE BLVD,KIPLING AVE,100 m East of,2,Non-Fatal Injury,Non-Intersection,No Control,Pedestrian Collision (internal code),Rain,Dark with Artificial Lighting,Wet,Major Arterial,TRUE,-79.56545727,43.71187454,1,,Unknown,2,24,Major,Use Unknown,,,Pushing or working on vehicle,Normal,,Driver hits pedestrian at midblock,,,,pedestrian,,Etobicoke North (1),23 Division,West Humber-Clairville,TRUE,FALSE,FALSE,FALSE,FALSE,FALSE,TRUE,FALSE,FALSE,FALSE,"{""coordinates"": [[-79.56545727375558, 43.71187453942399]], ""type"": ""MultiPoint""}"
13909,2022:2001422943,2022-07-25T09:50:00,PARK LAWN RD,LAKE SHORE BLVD W,N OF LAKE SHORE BLD W,2,Non-Fatal Injury,At Intersection,Traffic Signal,Pedestrian Collision (internal code),Clear,Daylight,Dry,Major Arterial,FALSE,-79.4832277,43.62365579,1,,South,2,62,Major,Use Unknown,,,Crossing with right-of-way (intersection),Normal,,Driver turns right into pedestrian crossing with right-of-way (at intersection),,,,pedestrian,,Etobicoke-Lakeshore (3),22 Division,Humber Bay Shores,TRUE,FALSE,FALSE,FALSE,FALSE,TRUE,TRUE,FALSE,FALSE,FALSE,"{""coordinates"": [[-79.48322770478023, 43.62365579274782]], ""type"": ""MultiPoint""}"
13910,2022:2001452847,2022-07-29T11:56:00,WILSON AVE,BATHURST ST,60 m West of,3,Non-Fatal Injury,At/Near Private Drive,No Control,Pedestrian Collision (internal code),Clear,Daylight,Dry,Major Arterial,FALSE,-79.43508594,43.737059,1,,,2,19,None,Lap and Shoulder Belt,,,,,,,,,,passenger,,York Centre (6),32 Division,Clanton Park,TRUE,TRUE,FALSE,FALSE,FALSE,TRUE,TRUE,FALSE,TRUE,FALSE,"{""coordinates"": [[-79.43508593873881, 43.73705899989877]], ""type"": ""MultiPoint""}"
13911,2022:2001452847,2022-07-29T11:56:00,WILSON AVE,BATHURST ST,60 m West of,3,Non-Fatal Injury,At/Near Private Drive,No Control,Pedestrian Collision (internal code),Clear,Daylight,Dry,Major Arterial,FALSE,-79.43508594,43.737059,1,,West,3,72,Major,No Equipment Available,,,Other,Other Condition,,Driver hits pedestrian on sidewalk or shoulder,,,,pedestrian,,York Centre (6),32 Division,Clanton Park,TRUE,TRUE,FALSE,FALSE,FALSE,TRUE,TRUE,FALSE,TRUE,FALSE,"{""coordinates"": [[-79.43508593873881, 43.73705899989877]], ""type"": ""MultiPoint""}"
13914,2022:2001463724,2022-07-30T22:01:00,WARDEN AVE,BAMBURGH CRCL,,3,Non-Fatal Injury,At Intersection,Traffic Signal,Pedestrian Collision (internal code),Clear,Dark with Artificial Lighting,Dry,Major Arterial,FALSE,-79.3233303,43.81156371,1,,South,3,16,Major,No Equipment Available,,,Crossing with right-of-way (intersection),Normal,,Driver going straight hits pedestrian crossing with right-of-way (at intersection),,,,pedestrian,,Scarborough-Agincourt (22),42 Division,Steeles,TRUE,FALSE,FALSE,FALSE,FALSE,FALSE,TRUE,TRUE,TRUE,FALSE,"{""coordinates"": [[-79.32333029971888, 43.811563710399426]], ""type"": ""MultiPoint""}"
13915,2022:2001463724,2022-07-30T22:01:00,WARDEN AVE,BAMBURGH CRCL,,3,Non-Fatal Injury,At Intersection,Traffic Signal,Pedestrian Collision (internal code),Clear,Dark with Artificial Lighting,Dry,Major Arterial,FALSE,-79.3233303,43.81156371,1,,South,2,15,Major,No Equipment Available,,,Crossing with right-of-way (intersection),Normal,,Driver going straight hits pedestrian crossing with right-of-way (at intersection),,,,pedestrian,,Scarborough-Agincourt (22),42 Division,Steeles,TRUE,FALSE,FALSE,FALSE,FALSE,FALSE,TRUE,TRUE,TRUE,FALSE,"{""coordinates"": [[-79.32333029971888, 43.811563710399426]], ""type"": ""MultiPoint""}"
13916,2022:2001485578,2022-08-03T00:25:00,JANE ST,ALLIANCE AVE,100 m South of,2,Non-Fatal Injury,Non-Intersection,No Control,Pedestrian Collision (internal code),Clear,Dark with Artificial Lighting,Dry,Major Arterial,TRUE,-79.49525919,43.67516564,1,Automobile or Station Wagon,North,1,55,None,Lap and Shoulder Belt,Other,Other Condition,,,Slowing or Stopping,,,,,driver,,York South-Weston (5),12 Division,Rockcliffe-Smythe,FALSE,FALSE,FALSE,FALSE,FALSE,FALSE,TRUE,FALSE,FALSE,FALSE,"{""coordinates"": [[-79.49525919009011, 43.6751656436769]], ""type"": ""MultiPoint""}"
13917,2022:2001487064,2022-08-03T08:55:00,DEAUVILLE LANE,GRENOBLE DR,,2,Non-Fatal Injury,At Intersection,Stop Sign,Pedestrian Collision (internal code),Clear,Daylight,Dry,Collector,FALSE,-79.33034183,43.71650146,1,,West,2,41,Major,No Equipment Available,,,Crossing with right-of-way (intersection),Normal,,Driver going straight hits pedestrian crossing with right-of-way (at intersection),,,,pedestrian,,Don Valley East (16),55 Division,Flemingdon Park,TRUE,TRUE,FALSE,FALSE,FALSE,TRUE,TRUE,FALSE,FALSE,FALSE,"{""coordinates"": [[-79.33034182937493, 43.71650146425284]], ""type"": ""MultiPoint""}"
13919,2022:2001506529,2022-08-05T22:31:00,QUEEN ST E,ORCHARD PARK BLVD,12 m East of,2,Non-Fatal Injury,Intersection-Related,No Control,Pedestrian Collision (internal code),Clear,Dark with Artificial Lighting,Dry,Minor Arterial,FALSE,-79.31351905,43.66695616,1,Pickup Truck,East,1,64,None,Use Unknown,Driving properly,Normal,,,Going Ahead,,,,,driver,,Beaches-East York (19),55 Division,The Beaches,FALSE,FALSE,FALSE,FALSE,FALSE,FALSE,TRUE,FALSE,FALSE,FALSE,"{""coordinates"": [[-79.3135190508166, 43.66695615688055]], ""type"": ""MultiPoint""}"
13920,2022:2001507092,2022-08-06T00:40:00,ST CLAIR AVE W,LAUGHTON AVE,1662 St Clair Ave W,2,Non-Fatal Injury,At Intersection,Traffic Signal,Pedestrian Collision (internal code),Clear,Dark with Artificial Lighting,Dry,Major Arterial,FALSE,-79.45760806,43.67465061,1,,North,2,56,Major,Use Unknown,,,Crossing without right-of-way (intersection),Inattentive,,Driver going straight hits pedestrian crossing without right-of-way (at intersection),,,,pedestrian,,Davenport (9),11 Division,Weston-Pelham Park,FALSE,TRUE,FALSE,FALSE,FALSE,FALSE,TRUE,FALSE,FALSE,FALSE,"{""coordinates"": [[-79.45760805788602, 43.67465060606711]], ""type"": ""MultiPoint""}"
13922,2022:2001514494,2022-08-07T04:14:00,KENNEDY RD,MERRIAN RD,18 m East of,2,Non-Fatal Injury,At Intersection,Traffic Signal,Pedestrian Collision (internal code),Clear,Dark with Artificial Lighting,Dry,Major Arterial,FALSE,-79.26588095,43.72733512,1,,West,2,64,Major,Use Unknown,,,Crossing without right-of-way (intersection),Normal,,Driver going straight hits pedestrian crossing without right-of-way (at intersection),,,,pedestrian,,Scarborough Southwest (20),41 Division,Kennedy Park,FALSE,FALSE,FALSE,TRUE,FALSE,FALSE,TRUE,FALSE,FALSE,FALSE,"{""coordinates"": [[-79.26588094732068, 43.72733511950882]], ""type"": ""MultiPoint""}"
13923,2022:2001535137,2022-08-10T06:48:00,525 ELM ST,,5 m South of,2,Non-Fatal Injury,Non-Intersection,No Control,Pedestrian Collision (internal code),Clear,Daylight,Dry,Collector,FALSE,-79.39149926,43.65584787,1,Automobile or Station Wagon,East,1,28,None,Lap and Shoulder Belt,Driving properly,Normal,,,Going Ahead,,,,,driver,,University-Rosedale (11),52 Division,Kensington-Chinatown,FALSE,FALSE,FALSE,FALSE,FALSE,FALSE,TRUE,FALSE,FALSE,FALSE,"{""coordinates"": [[-79.39149925848967, 43.655847873586524]], ""type"": ""MultiPoint""}"
13924,2022:2001536072,2022-08-10T09:39:00,MARTIN GROVE RD,STEELES AVE W,15 m South of,2,Non-Fatal Injury,Non-Intersection,No Control,Pedestrian Collision (internal code),Clear,Daylight,Dry,Minor Arterial,FALSE,-79.60333718,43.75779207,1,,West,2,61,Major,Use Unknown,,,Crossing - no traffic control,Normal,,Driver hits pedestrian at midblock,,,,pedestrian,,Etobicoke North (1),23 Division,West Humber-Clairville,FALSE,FALSE,FALSE,FALSE,FALSE,FALSE,TRUE,FALSE,FALSE,FALSE,"{""coordinates"": [[-79.60333718317722, 43.75779206741336]], ""type"": ""MultiPoint""}"