_id,collision_id,accdate,stname1,stname2,stname3,per_inv,acclass,accloc,traffictl,impactype,visible,light,rdsfcond,road_class,failtorem,longitude,latitude,veh_no,vehtype,initdir,per_no,invage,injury,safequip,drivact,drivcond,pedact,pedcond,manoeuvre,pedtype,cyclistype,cycact,cyccond,road_user,fatal_no,wardname,division,neighbourhood,aggressive,distracted,cyclist,motorcyclist,other_micromobility,older_adult,pedestrian,red_light,school_child,heavy_truck,geometry
14076,2024:4002252114,2024-10-14T19:40:00,SPADINA RD,BERNARD AVE,150 m South of,4,Non-Fatal Injury,Non-Intersection,Unknown,Angle,Clear,Dark with Artificial Lighting,Dry,Minor Arterial,FALSE,-79.40555629,43.67078981,1,Automobile or Station Wagon,East,1,67,Major,Use Unknown,Lost control,Normal,,,Out of Gear,,,,,driver,,University-Rosedale (11),14 Division,Annex,FALSE,FALSE,FALSE,FALSE,FALSE,TRUE,FALSE,FALSE,FALSE,FALSE,"{""coordinates"": [[-79.40555628805484, 43.670789809743056]], ""type"": ""MultiPoint""}"
14077,2024:4002252114,2024-10-14T19:40:00,SPADINA RD,BERNARD AVE,150 m South of,4,Non-Fatal Injury,Non-Intersection,Unknown,Angle,Clear,Dark with Artificial Lighting,Dry,Minor Arterial,FALSE,-79.40555629,43.67078981,2,,,4,27,None,Lap and Shoulder Belt,,,,,,,,,,passenger,,University-Rosedale (11),14 Division,Annex,FALSE,FALSE,FALSE,FALSE,FALSE,TRUE,FALSE,FALSE,FALSE,FALSE,"{""coordinates"": [[-79.40555628805484, 43.670789809743056]], ""type"": ""MultiPoint""}"
14078,2024:4002255012,2024-10-15T08:55:00,65 SKYMARK DR,FINCH AVE E,5 m North of,3,Non-Fatal Injury,Non-Intersection,Unknown,SMV Other,Clear,Daylight,Dry,,FALSE,-79.35334463,43.79490112,1,Automobile or Station Wagon,West,1,86,None,Lap and Shoulder Belt,Other,Normal,,,Going Ahead,,,,,driver,,Don Valley North (17),33 Division,Hillcrest Village,FALSE,FALSE,FALSE,FALSE,FALSE,TRUE,FALSE,FALSE,FALSE,FALSE,"{""coordinates"": [[-79.35334462959423, 43.79490112224151]], ""type"": ""MultiPoint""}"
14079,2024:4002347399,2024-10-27T12:02:00,CHURCH ST,WELLESLEY ST E,44 m South of,2,Non-Fatal Injury,Non-Intersection,No Control,SMV Other,Clear,Daylight,Dry,Major Arterial,FALSE,-79.38067395,43.66515708,2,Bicycle,North,2,40,Major,Helmet,,,,,Going Ahead,,Rear end with cyclist and driver travelling in same direction,Unknown,Unknown,cyclist,,Toronto Centre (13),51 Division,Church-Wellesley,FALSE,FALSE,TRUE,FALSE,FALSE,FALSE,FALSE,FALSE,FALSE,FALSE,"{""coordinates"": [[-79.38067394933853, 43.66515707527536]], ""type"": ""MultiPoint""}"
14080,2024:4002376229,2024-10-31T06:55:00,THE QUEENSWAY,CHARTWELL RD,3 m West of,2,Non-Fatal Injury,Non-Intersection,Unknown,SMV Other,Clear,Dark with Artificial Lighting,Dry,,FALSE,-79.51067417,43.62453898,1,,,2,71,Major,Use Unknown,,,Unknown,Unknown,,,,,,pedestrian,,Etobicoke-Lakeshore (3),22 Division,Stonegate-Queensway,FALSE,FALSE,FALSE,FALSE,FALSE,TRUE,TRUE,FALSE,FALSE,TRUE,"{""coordinates"": [[-79.51067416667874, 43.624538981381576]], ""type"": ""MultiPoint""}"
14081,2024:4002426168,2024-11-06T17:00:00,515 BROADVIEW AV,Bain Ave,5 m North of,2,Non-Fatal Injury,Non-Intersection,Unknown,SMV Other,Clear,Daylight,Dry,Minor Arterial,FALSE,-79.35418399,43.67071014,1,Automobile or Station Wagon,South,1,31,None,Lap and Shoulder Belt,Other,Normal,,,Parked,,,,,driver,,Toronto-Danforth (14),55 Division,North Riverdale,FALSE,FALSE,TRUE,FALSE,FALSE,FALSE,FALSE,FALSE,FALSE,FALSE,"{""coordinates"": [[-79.35418399056275, 43.67071013608155]], ""type"": ""MultiPoint""}"
14082,2010:1146741,2010-01-09T10:12:00,DANFORTH AVE,DAWES RD,,3,Non-Fatal Injury,At Intersection,Traffic Signal,Pedestrian Collision (internal code),Clear,Daylight,Dry,Major Arterial,FALSE,-79.29679066,43.68934405,1,,,1,,,Other Safety Equipment Used,,,,,,,,,,owner,,Beaches-East York (19),55 Division,East End-Danforth,TRUE,TRUE,FALSE,FALSE,FALSE,TRUE,TRUE,FALSE,FALSE,FALSE,"{""coordinates"": [[-79.29679065739451, 43.689344053371336]], ""type"": ""MultiPoint""}"
14083,2024:4002448590,2024-11-09T16:20:00,KENNEDY RD,PROGRESS AVE,145 m East of,3,Non-Fatal Injury,Non-Intersection,Unknown,Angle,Clear,Daylight,Dry,Major Arterial,FALSE,-79.28025163,43.76980463,1,Automobile or Station Wagon,South,1,58,Minimal,Lap and Shoulder Belt,Failed to yield right-of-way,Normal,,,Going Ahead,,,,,driver,,Scarborough Centre (21),41 Division,Dorset Park,TRUE,FALSE,FALSE,FALSE,FALSE,FALSE,FALSE,FALSE,FALSE,FALSE,"{""coordinates"": [[-79.28025163399728, 43.76980463359532]], ""type"": ""MultiPoint""}"
14084,2024:4002515023,2024-11-18T23:29:00,PAINTED POST DR DR,MORNINGTON GT,25 m West of,2,Non-Fatal Injury,Non-Intersection,Stop Sign,SMV Other,Clear,Dark with Artificial Lighting,Dry,Collector,TRUE,-79.22683235,43.76803417,1,Automobile or Station Wagon,East,1,0,None,Use Unknown,Unknown,Unknown,,,Going Ahead,,,,,driver,,Scarborough-Guildwood (24),43 Division,Golfdale-Cedarbrae-Woburn,FALSE,FALSE,FALSE,FALSE,FALSE,FALSE,TRUE,FALSE,TRUE,FALSE,"{""coordinates"": [[-79.22683235360425, 43.76803417327699]], ""type"": ""MultiPoint""}"
14085,2024:4002534769,2024-11-20T20:30:00,DON MILLS RD,OVERLEA BLVD,,2,Non-Fatal Injury,Intersection-Related,Traffic Signal,SMV Other,Clear,Dark with Artificial Lighting,Dry,Major Arterial,TRUE,-79.3343891,43.7100081,1,,,2,63,Major,No Equipment Available,,,Unknown,Unknown,,Unknown,,,,pedestrian,,Don Valley East (16),55 Division,Flemingdon Park,FALSE,FALSE,FALSE,FALSE,FALSE,FALSE,TRUE,FALSE,FALSE,FALSE,"{""coordinates"": [[-79.3343890981251, 43.71000810343077]], ""type"": ""MultiPoint""}"
14086,2025:5000013708,2025-01-02T22:39:00,BAYVIEW AVE,POTTERY RD,40 m East of,1,Non-Fatal Injury,Non-Intersection,Unknown,SMV Other,Clear,Dark with Artificial Lighting,Dry,Major Arterial,FALSE,-79.37002088,43.69623125,1,Automobile or Station Wagon,South,1,36,Major,Lap and Shoulder Belt,Exceeding speed limit,Normal,,,Going Ahead,,,,,driver,,Don Valley West (15),53 Division,Leaside-Bennington,TRUE,FALSE,FALSE,FALSE,FALSE,FALSE,FALSE,FALSE,FALSE,FALSE,"{""coordinates"": [[-79.37002088260354, 43.69623125391678]], ""type"": ""MultiPoint""}"
14087,2025:5000130158,2025-01-18T14:54:00,LAKE SHORE BLVD W,JAMESON AVE,240 m West of,2,Non-Fatal Injury,Non-Intersection,Unknown,Rear End,Rain,Daylight,Wet,,FALSE,-79.43742671,43.63367927,2,Automobile or Station Wagon,East,2,32,Major,Lap and Shoulder Belt,Driving properly,Normal,,,Going Ahead,,,,,driver,,Parkdale-High Park (4),14 Division,South Parkdale,FALSE,FALSE,FALSE,FALSE,FALSE,FALSE,FALSE,FALSE,FALSE,FALSE,"{""coordinates"": [[-79.43742671067888, 43.633679268358954]], ""type"": ""MultiPoint""}"
14088,2025:5000140394,2025-01-20T04:01:00,DON VALLEY PY N,EGLINTON AV E,500 m South of,3,Non-Fatal Injury,Non-Intersection,Unknown,SMV Other,Clear,Dark with Artificial Lighting,Dry,,FALSE,-79.32814217,43.71888219,1,,,2,21,Major,Lap and Shoulder Belt,,,,,,,,,,passenger,,Don Valley East (16),55 Division,Flemingdon Park,FALSE,FALSE,FALSE,FALSE,FALSE,FALSE,FALSE,FALSE,FALSE,FALSE,"{""coordinates"": [[-79.32814217468518, 43.718882194208554]], ""type"": ""MultiPoint""}"
14089,2025:5000140394,2025-01-20T04:01:00,DON VALLEY PY N,EGLINTON AV E,500 m South of,3,Non-Fatal Injury,Non-Intersection,Unknown,SMV Other,Clear,Dark with Artificial Lighting,Dry,,FALSE,-79.32814217,43.71888219,1,,,3,20,Major,Air Bag Deployed,,,,,,,,,,passenger,,Don Valley East (16),55 Division,Flemingdon Park,FALSE,FALSE,FALSE,FALSE,FALSE,FALSE,FALSE,FALSE,FALSE,FALSE,"{""coordinates"": [[-79.32814217468518, 43.718882194208554]], ""type"": ""MultiPoint""}"
14090,2025:5000264126,2025-02-05T10:00:00,DIXON RD,MCMANUS RD,33 m West of,2,Non-Fatal Injury,Non-Intersection,No Control,SMV Unattended Vehicle,Clear,Daylight,Dry,Major Arterial,FALSE,-79.53760206,43.69908338,2,Truck - Closed,West,2,47,Minimal,No Equipment Available,Unknown,Unknown,,,Parked,,,,,driver,,Etobicoke Centre (2),23 Division,Kingsview Village-The Westway,TRUE,FALSE,FALSE,FALSE,FALSE,FALSE,FALSE,FALSE,FALSE,TRUE,"{""coordinates"": [[-79.53760206343796, 43.69908337505451]], ""type"": ""MultiPoint""}"
14091,2025:5000345875,2025-02-16T14:11:00,8 MALLORY GDNS,,,2,Non-Fatal Injury,Non-Intersection,No Control,SMV Other,Snow,Daylight,Loose Snow,Local,FALSE,-79.39630914,43.69079629,1,Automobile or Station Wagon,West,1,69,,,Unknown,Unknown,,,Turning Left,,,,,driver,,Toronto-St. Paul's (12),53 Division,Yonge-St.Clair,FALSE,FALSE,FALSE,FALSE,FALSE,TRUE,TRUE,FALSE,FALSE,FALSE,"{""coordinates"": [[-79.39630913923845, 43.69079629143383]], ""type"": ""MultiPoint""}"
14092,2025:5000565174,2025-03-17T18:47:00,47 LENTHALL AVE,ROBBINSTONE DR,,2,Non-Fatal Injury,Non-Intersection,No Control,SMV Other,Clear,Daylight,Dry,,FALSE,-79.23704944,43.79841419,1,Automobile or Station Wagon,West,1,0,,Use Unknown,Unknown,Unknown,,,Going Ahead,,,,,driver,,Scarborough North (23),42 Division,Malvern West,FALSE,FALSE,FALSE,FALSE,FALSE,FALSE,TRUE,FALSE,TRUE,FALSE,"{""coordinates"": [[-79.23704944398534, 43.79841418888653]], ""type"": ""MultiPoint""}"
14093,2025:5000744673,2025-04-10T14:13:00,QUEEN ST E,KING ST E,,2,Non-Fatal Injury,Intersection-Related,Unknown,Turning Movement,Rain,Daylight with Artificial Lighting,Wet,Major Arterial,FALSE,-79.35492381,43.65774414,2,Pickup Truck,East,2,75,None,Lap and Shoulder Belt,Driving properly,Normal,,,Going Ahead,,,,,driver,,Toronto Centre (13),51 Division,Moss Park,FALSE,FALSE,TRUE,FALSE,FALSE,TRUE,FALSE,FALSE,FALSE,FALSE,"{""coordinates"": [[-79.35492381077404, 43.657744139166766]], ""type"": ""MultiPoint""}"
14094,2025:5000865160,2025-04-27T02:24:00,EVANS AVE,ROYAL YORK RD,,2,Non-Fatal Injury,T Intersection,Traffic Signal,SMV Other,Clear,Dark with Artificial Lighting,Dry,Minor Arterial,TRUE,-79.50038346,43.62096597,1,Unknown,Unknown,1,0,,Use Unknown,Other,Unknown,,,Unknown,,,,,driver,,Etobicoke-Lakeshore (3),22 Division,Mimico-Queensway,FALSE,FALSE,FALSE,FALSE,FALSE,FALSE,TRUE,FALSE,FALSE,FALSE,"{""coordinates"": [[-79.50038345973451, 43.620965970248335]], ""type"": ""MultiPoint""}"
14095,2025:5000970927,2025-05-10T16:30:00,3465 DUNDAS ST W,WILLARD AVE,80 m East of,2,Non-Fatal Injury,Non-Intersection,No Control,Same Direction,Clear,Daylight,Dry,Major Arterial,FALSE,-79.48747625,43.66562633,1,Automobile or Station Wagon,East,1,30,None,Lap and Shoulder Belt,Unknown,Normal,,,Changing Lanes,,,,,driver,,Parkdale-High Park (4),11 Division,Runnymede-Bloor West Village,FALSE,FALSE,FALSE,TRUE,FALSE,FALSE,FALSE,FALSE,FALSE,FALSE,"{""coordinates"": [[-79.48747625303535, 43.66562632962275]], ""type"": ""MultiPoint""}"
14096,2025:5001384915,2025-07-03T14:39:00,CHRISTIE ST,DAVENPORT RD,20 m South of,2,Non-Fatal Injury,Intersection-Related,Traffic Signal,SMV Other,Clear,Daylight,Dry,,FALSE,-79.42306191,43.67557023,1,,,2,32,Major,Equipment Not Used But Available,,,Unknown,Unknown,,,,,,pedestrian,,Toronto-St. Paul's (12),13 Division,Wychwood,FALSE,FALSE,FALSE,FALSE,FALSE,FALSE,TRUE,FALSE,FALSE,FALSE,"{""coordinates"": [[-79.4230619135049, 43.67557023334474]], ""type"": ""MultiPoint""}"
14097,2025:5001411531,2025-07-07T03:30:00,MAIN ST,DANFORTH AV,50 m North of,2,Non-Fatal Injury,Non-Intersection,Unknown,SMV Other,Clear,Dark,Dry,Major Arterial,FALSE,-79.30190797,43.68836956,1,Automobile or Station Wagon,North,1,24,None,Use Unknown,Other,Normal,,,Going Ahead,,,,,driver,,Beaches-East York (19),55 Division,East End-Danforth,FALSE,FALSE,FALSE,FALSE,FALSE,FALSE,TRUE,FALSE,FALSE,FALSE,"{""coordinates"": [[-79.3019079681359, 43.68836956052148]], ""type"": ""MultiPoint""}"
14099,2025:5001461715,2025-07-13T18:12:00,JAMES ST,FORTY SECOND ST,10 m South of,2,Non-Fatal Injury,Intersection-Related,No Control,Same Direction,Clear,Daylight,Dry,Local,FALSE,-79.54384128,43.58864634,2,Bicycle,South,2,82,Major,Helmet,,,,,Going Ahead,,Sideswipe with cyclist and driver travelling in same direction,Unknown,Unknown,cyclist,,Etobicoke-Lakeshore (3),22 Division,Long Branch,TRUE,FALSE,TRUE,FALSE,FALSE,TRUE,FALSE,FALSE,FALSE,FALSE,"{""coordinates"": [[-79.54384127712275, 43.588646342510785]], ""type"": ""MultiPoint""}"
14100,2025:5001526354,2025-07-22T09:13:00,EVANS AVE,KIPLING AVE,50 m West of,3,Non-Fatal Injury,Non-Intersection,Unknown,Angle,Clear,Daylight,Dry,Major Arterial,FALSE,-79.52768421,43.61545841,1,Bicycle,North,1,61,Major,No Equipment Available,,,,,Going Ahead,,"Motorist drove out at inter., lane, or driv., without yield. ROW",Failed to Yield Right of Way,Normal,cyclist,,Etobicoke-Lakeshore (3),22 Division,Mimico-Queensway,FALSE,FALSE,TRUE,FALSE,FALSE,FALSE,FALSE,FALSE,FALSE,FALSE,"{""coordinates"": [[-79.52768420587425, 43.61545840747639]], ""type"": ""MultiPoint""}"
14101,2025:5001595442,2025-07-31T02:54:00,FRONT ST W,BAY ST,25 m East of,2,Non-Fatal Injury,Intersection-Related,Traffic Signal,SMV Other,Rain,Dark with Artificial Lighting,Wet,Major Arterial,TRUE,-79.37880387,43.64605218,1,Automobile or Station Wagon,South,1,0,None,Use Unknown,Unknown,Unknown,,,Going Ahead,,,,,driver,,Toronto Centre (13),52 Division,Yonge-Bay Corridor,FALSE,FALSE,FALSE,FALSE,FALSE,FALSE,TRUE,FALSE,FALSE,FALSE,"{""coordinates"": [[-79.37880387469491, 43.64605217661187]], ""type"": ""MultiPoint""}"
14102,2025:5001679470,2025-08-11T09:25:00,GARDINER XWY E,PARKSIDE DR,7 m South of,2,Non-Fatal Injury,Non-Intersection,Unknown,SMV Other,Clear,Daylight,Dry,Expressway,FALSE,-79.47189008,43.63468832,2,Automobile or Station Wagon,West,2,51,None,Lap and Shoulder Belt,Driving properly,Normal,,,Going Ahead,,,,,driver,,Parkdale-High Park (4),11 Division,South Parkdale,FALSE,FALSE,FALSE,FALSE,FALSE,FALSE,FALSE,FALSE,FALSE,FALSE,"{""coordinates"": [[-79.47189007782265, 43.6346883203244]], ""type"": ""MultiPoint""}"
14103,2025:5001816682,2025-08-29T17:26:00,YONGE ST,ST MARY ST,2 m North of,4,Non-Fatal Injury,Non-Intersection,Unknown,Turning Movement,Clear,Daylight,Dry,Major Arterial,FALSE,-79.38584425,43.66812378,1,,,3,1,None,Child Safety Seat Used Correctly,,,,,,,,,,passenger,,Toronto Centre (13),51 Division,Church-Wellesley,FALSE,FALSE,FALSE,FALSE,FALSE,FALSE,FALSE,FALSE,FALSE,FALSE,"{""coordinates"": [[-79.38584425469067, 43.66812378208152]], ""type"": ""MultiPoint""}"
14104,2025:5001816682,2025-08-29T17:26:00,YONGE ST,ST MARY ST,2 m North of,4,Non-Fatal Injury,Non-Intersection,Unknown,Turning Movement,Clear,Daylight,Dry,Major Arterial,FALSE,-79.38584425,43.66812378,2,Automobile or Station Wagon,East,2,25,None,Use Unknown,Driving properly,Normal,,,Turning Left,,,,,driver,,Toronto Centre (13),51 Division,Church-Wellesley,FALSE,FALSE,FALSE,FALSE,FALSE,FALSE,FALSE,FALSE,FALSE,FALSE,"{""coordinates"": [[-79.38584425469067, 43.66812378208152]], ""type"": ""MultiPoint""}"
14105,2025:5001948088,2025-09-16T11:20:00,STEELES AVE E,LITTLE'S RD,95 m East of,1,Non-Fatal Injury,Non-Intersection,Unknown,SMV Other,Clear,Daylight,Dry,Minor Arterial,FALSE,-79.21799518,43.84424538,1,Automobile or Station Wagon,West,1,76,Major,Lap and Shoulder Belt,Lost control,Unknown,,,Going Ahead,,,,,driver,,Scarborough-Rouge Park (25),42 Division,Morningside Heights,FALSE,FALSE,FALSE,FALSE,FALSE,TRUE,FALSE,FALSE,FALSE,FALSE,"{""coordinates"": [[-79.2179951846445, 43.84424537976861]], ""type"": ""MultiPoint""}"
14106,2025:5001988287,2025-09-21T17:03:00,BLOOR ST W,CHRISTIE ST,28 m North of,2,Non-Fatal Injury,Non-Intersection,Unknown,SMV Other,Clear,Daylight,Dry,,TRUE,-79.41842942,43.66370763,1,,,2,20,Major,Use Unknown,,,Other,Normal,,,,,,pedestrian,,University-Rosedale (11),14 Division,Annex,FALSE,FALSE,FALSE,FALSE,FALSE,FALSE,TRUE,FALSE,FALSE,FALSE,"{""coordinates"": [[-79.41842942399694, 43.66370763035564]], ""type"": ""MultiPoint""}"
14107,2025:5002222898,2025-10-22T18:37:00,QUEEN ST E,LOGAN AVE,38 m East of,2,Non-Fatal Injury,Intersection-Related,Unknown,SMV Other,Clear,Dark with Artificial Lighting,Dry,Minor Arterial,FALSE,-79.34201478,43.66062412,1,Automobile or Station Wagon,East,1,39,None,Use Unknown,Other,Normal,,,Parked,,,,,driver,,Toronto-Danforth (14),55 Division,South Riverdale,FALSE,FALSE,TRUE,FALSE,FALSE,FALSE,FALSE,FALSE,FALSE,FALSE,"{""coordinates"": [[-79.34201478171639, 43.66062411989912]], ""type"": ""MultiPoint""}"
14108,2025:5002662289,2025-12-21T22:06:00,GARDINER Expy,WICKMAN RD,10 m West of,2,Non-Fatal Injury,Non-Intersection,Unknown,SMV Other,Clear,Dark with Artificial Lighting,Dry,Major Arterial,FALSE,-79.53034721,43.61691541,2,Truck - Long Combination Vehicle,East,2,51,None,Lap and Shoulder Belt,Driving properly,Normal,,,Going Ahead,,,,,driver,,Etobicoke-Lakeshore (3),22 Division,Alderwood,FALSE,FALSE,FALSE,FALSE,FALSE,FALSE,FALSE,FALSE,FALSE,TRUE,"{""coordinates"": [[-79.53034720668136, 43.6169154100716]], ""type"": ""MultiPoint""}"
14109,2026:6000695008,2026-04-04T17:22:00,BARRINGTON AV,165 BARRINGTON AV,2 m South of,4,Non-Fatal Injury,At/Near Private Drive,No Control,SMV Other,Clear,Daylight,Dry,,FALSE,-79.30274666,43.69348306,3,,,4,55,Major,Use Unknown,,,Unknown,Unknown,,,,,,pedestrian,,Beaches-East York (19),55 Division,Taylor-Massey,FALSE,FALSE,FALSE,FALSE,FALSE,FALSE,TRUE,FALSE,FALSE,TRUE,"{""coordinates"": [[-79.30274666299185, 43.69348306151191]], ""type"": ""MultiPoint""}"
14110,2026:6000858513,2026-04-26T17:54:00,CALEDONIA RD,GLENGROVE AV,5 m North of,5,Non-Fatal Injury,Intersection-Related,Pedestrian Crossover,SMV Other,Clear,Daylight,Dry,,FALSE,-79.46527594,43.70643128,1,,,5,1,Major,No Equipment Available,,,Unknown,Unknown,,,,,,pedestrian,,Eglinton-Lawrence (8),13 Division,Yorkdale-Glen Park,TRUE,FALSE,FALSE,FALSE,FALSE,FALSE,TRUE,FALSE,FALSE,FALSE,"{""coordinates"": [[-79.46527593923594, 43.70643128068175]], ""type"": ""MultiPoint""}"
14111,2026:6000858513,2026-04-26T17:54:00,CALEDONIA RD,GLENGROVE AV,5 m North of,5,Non-Fatal Injury,Intersection-Related,Pedestrian Crossover,SMV Other,Clear,Daylight,Dry,,FALSE,-79.46527594,43.70643128,1,,,2,22,Major,No Equipment Available,,,Unknown,Unknown,,,,,,pedestrian,,Eglinton-Lawrence (8),13 Division,Yorkdale-Glen Park,TRUE,FALSE,FALSE,FALSE,FALSE,FALSE,TRUE,FALSE,FALSE,FALSE,"{""coordinates"": [[-79.46527593923594, 43.70643128068175]], ""type"": ""MultiPoint""}"
14112,2026:6000858513,2026-04-26T17:54:00,CALEDONIA RD,GLENGROVE AV,5 m North of,5,Non-Fatal Injury,Intersection-Related,Pedestrian Crossover,SMV Other,Clear,Daylight,Dry,,FALSE,-79.46527594,43.70643128,1,,,3,26,None,No Equipment Available,,,Unknown,Unknown,,,,,,pedestrian,,Eglinton-Lawrence (8),13 Division,Yorkdale-Glen Park,TRUE,FALSE,FALSE,FALSE,FALSE,FALSE,TRUE,FALSE,FALSE,FALSE,"{""coordinates"": [[-79.46527593923594, 43.70643128068175]], ""type"": ""MultiPoint""}"
14113,2026:6000914240,2026-05-04T07:11:00,LOGAN AV,QUEEN ST E,,2,Non-Fatal Injury,Intersection-Related,Traffic Signal,SMV Other,Clear,Daylight with Artificial Lighting,Dry,,FALSE,-79.34247278,43.66053612,1,,,2,24,Major,No Equipment Available,,,Unknown,Unknown,,,,,,pedestrian,,Toronto-Danforth (14),55 Division,South Riverdale,TRUE,FALSE,FALSE,FALSE,FALSE,FALSE,TRUE,TRUE,FALSE,TRUE,"{""coordinates"": [[-79.3424727827238, 43.66053612057795]], ""type"": ""MultiPoint""}"
14114,2026:6000941586,2026-05-07T15:46:00,COLLEGE ST,BROCK AV,30 m East of,2,Non-Fatal Injury,Non-Intersection,Unknown,SMV Other,Clear,Daylight,Dry,,FALSE,-79.43596298,43.65188826,1,Automobile or Station Wagon,West,1,83,None,Use Unknown,Driving properly,Normal,,,Going Ahead,,,,,driver,,Davenport (9),11 Division,Dufferin Grove,FALSE,FALSE,FALSE,FALSE,FALSE,TRUE,FALSE,FALSE,FALSE,FALSE,"{""coordinates"": [[-79.43596297736738, 43.651888259860925]], ""type"": ""MultiPoint""}"
14115,2026:6000945477,2026-05-08T04:45:00,GEORGE ST,DUNDAS ST E,6 m West of,2,Non-Fatal Injury,Intersection-Related,Traffic Signal,SMV Other,Clear,Dark,Wet,Major Arterial,FALSE,-79.37488285,43.65785817,1,,,2,29,Major,No Equipment Available,,,Unknown,Unknown,,,,,,pedestrian,,Toronto Centre (13),51 Division,Downtown Yonge East,TRUE,FALSE,FALSE,FALSE,FALSE,TRUE,TRUE,FALSE,FALSE,FALSE,"{""coordinates"": [[-79.37488284922603, 43.65785816837248]], ""type"": ""MultiPoint""}"
14116,2026:6000966568,2026-05-10T23:08:00,WESTON RD,LAWRENCE AVE W,1 m West of,3,Non-Fatal Injury,Non-Intersection,Traffic Signal,SMV Other,Clear,Dark with Artificial Lighting,Dry,,FALSE,-79.51621703,43.70017135,1,,,3,57,Major,Use Unknown,,,Unknown,Unknown,,,,,,pedestrian,,York South-Weston (5),12 Division,Weston,FALSE,FALSE,FALSE,FALSE,FALSE,TRUE,TRUE,FALSE,FALSE,FALSE,"{""coordinates"": [[-79.51621703411017, 43.700171349572265]], ""type"": ""MultiPoint""}"
14117,2026:6000975205,2026-05-12T03:19:00,ISLINGTON Ave,DIXON RD,2 m West of,2,Non-Fatal Injury,Intersection-Related,No Control,SMV Unattended Vehicle,Clear,Dark,Dry,,FALSE,-79.54669708,43.69706239,2,Truck - Open (Flatbed),West,2,41,Major,Lap and Shoulder Belt,Unknown,Normal,,,Parked,,,,,driver,,Etobicoke North (1),23 Division,Kingsview Village-The Westway,FALSE,FALSE,FALSE,FALSE,FALSE,FALSE,FALSE,FALSE,FALSE,TRUE,"{""coordinates"": [[-79.54669707882282, 43.697062386763115]], ""type"": ""MultiPoint""}"
14118,2026:6001055451,2026-05-22T14:05:00,1150 DUFFERIN ST,SHANLY ST,25 m North of,5,Non-Fatal Injury,Non-Intersection,Unknown,Same Direction,Clear,Daylight,Dry,,FALSE,-79.43698596,43.66371426,1,Automobile or Station Wagon,South,1,51,None,Lap and Shoulder Belt,Improper passing,Normal,,,Going Ahead,,,,,driver,,Davenport (9),14 Division,Dovercourt Village,TRUE,FALSE,FALSE,TRUE,FALSE,FALSE,FALSE,FALSE,FALSE,TRUE,"{""coordinates"": [[-79.4369859595973, 43.66371425727103]], ""type"": ""MultiPoint""}"
14119,2026:6001055451,2026-05-22T14:05:00,1150 DUFFERIN ST,SHANLY ST,25 m North of,5,Non-Fatal Injury,Non-Intersection,Unknown,Same Direction,Clear,Daylight,Dry,,FALSE,-79.43698596,43.66371426,1,,,4,28,None,Use Unknown,,,,,,,,,,passenger,,Davenport (9),14 Division,Dovercourt Village,TRUE,FALSE,FALSE,TRUE,FALSE,FALSE,FALSE,FALSE,FALSE,TRUE,"{""coordinates"": [[-79.4369859595973, 43.66371425727103]], ""type"": ""MultiPoint""}"
14120,2026:6001066286,2026-05-23T23:09:00,BRIMLEY ROAD,401 EXPRESSWAY,20 m North of,3,Non-Fatal Injury,Non-Intersection,Unknown,Rear End,Rain,Dark with Artificial Lighting,Wet,,FALSE,-79.2647515,43.77940202,2,Automobile or Station Wagon,North,2,45,Minor,Lap and Shoulder Belt,Driving properly,Normal,,,Going Ahead,,,,,driver,,Scarborough North (23),42 Division,Bendale-Glen Andrew,FALSE,FALSE,FALSE,FALSE,FALSE,TRUE,FALSE,FALSE,FALSE,FALSE,"{""coordinates"": [[-79.26475150045191, 43.77940201603148]], ""type"": ""MultiPoint""}"
14121,2026:6001066286,2026-05-23T23:09:00,BRIMLEY ROAD,401 EXPRESSWAY,20 m North of,3,Non-Fatal Injury,Non-Intersection,Unknown,Rear End,Rain,Dark with Artificial Lighting,Wet,,FALSE,-79.2647515,43.77940202,1,,,3,85,Minor,Use Unknown,,,,,,,,,,passenger,,Scarborough North (23),42 Division,Bendale-Glen Andrew,FALSE,FALSE,FALSE,FALSE,FALSE,TRUE,FALSE,FALSE,FALSE,FALSE,"{""coordinates"": [[-79.26475150045191, 43.77940201603148]], ""type"": ""MultiPoint""}"
14122,2026:6001077566,2026-05-25T14:45:00,KENNEDY RD,STEELES AV E,163 m South of,2,Non-Fatal Injury,Non-Intersection,Unknown,Turning Movement,Clear,Daylight,Dry,,FALSE,-79.30552353,43.82024607,2,Bicycle,South,2,63,Major,No Equipment Available,,,,,Going Ahead,,,Driving Properly,Normal,cyclist,,Scarborough-Agincourt (22),42 Division,Milliken,TRUE,FALSE,TRUE,FALSE,FALSE,FALSE,FALSE,FALSE,FALSE,FALSE,"{""coordinates"": [[-79.30552352995377, 43.82024606775384]], ""type"": ""MultiPoint""}"
14123,2026:6001106919,2026-05-29T08:50:00,PAR AVE,22 PAR AVE,,4,Non-Fatal Injury,At/Near Private Drive,No Control,SMV Other,Clear,Daylight,Dry,Local,FALSE,-79.21461144,43.76470396,1,,,4,2,Major,No Equipment Available,,,Unknown,Unknown,,,,,,pedestrian,,Scarborough-Guildwood (24),43 Division,Golfdale-Cedarbrae-Woburn,TRUE,TRUE,FALSE,FALSE,FALSE,FALSE,TRUE,FALSE,TRUE,FALSE,"{""coordinates"": [[-79.21461143923446, 43.76470396034358]], ""type"": ""MultiPoint""}"
14124,2026:6001112457,2026-05-29T21:10:00,MIDDLEFIELD RD,5651 STEELES AVE E,25 m South of,2,Non-Fatal Injury,At/Near Private Drive,No Control,SMV Other,Clear,Dusk with Artificial Lighting,Dry,,FALSE,-79.26670446,43.83218203,1,,,2,31,Major,Use Unknown,,,Unknown,Unknown,,,,,,pedestrian,,Scarborough North (23),42 Division,Milliken,FALSE,TRUE,FALSE,FALSE,FALSE,TRUE,TRUE,FALSE,FALSE,FALSE,"{""coordinates"": [[-79.2667044595973, 43.83218202535243]], ""type"": ""MultiPoint""}"