_id,collision_id,accdate,stname1,stname2,stname3,per_inv,acclass,accloc,traffictl,impactype,visible,light,rdsfcond,road_class,failtorem,longitude,latitude,veh_no,vehtype,initdir,per_no,invage,injury,safequip,drivact,drivcond,pedact,pedcond,manoeuvre,pedtype,cyclistype,cycact,cyccond,road_user,fatal_no,wardname,division,neighbourhood,aggressive,distracted,cyclist,motorcyclist,other_micromobility,older_adult,pedestrian,red_light,school_child,heavy_truck,geometry
14311,2010:1155651,2010-01-24T02:42:00,COLLEGE ST,BORDEN ST,,3,Non-Fatal Injury,,Traffic Signal,Pedestrian Collision (internal code),Clear,Dark,Wet,Major Arterial,FALSE,-79.40539091,43.65694421,2,,North,3,19,Major,Other Safety Equipment Used,,,Crossing without right-of-way (intersection),Had Been Drinking,,Driver hits pedestrian walking or running out from between parked vehicles (at midblock),,,,pedestrian,,University-Rosedale (11),14 Division,Kensington-Chinatown,FALSE,FALSE,FALSE,FALSE,FALSE,FALSE,TRUE,FALSE,TRUE,FALSE,"{""coordinates"": [[-79.40539090970378, 43.65694421329148]], ""type"": ""MultiPoint""}"
14313,2010:1155683,2010-01-23T08:34:00,SHEPPARD AVE W,ARLETA AVE,,2,Non-Fatal Injury,At Intersection,Traffic Signal,Pedestrian Collision (internal code),Clear,Daylight,Dry,Major Arterial,FALSE,-79.50149094,43.74144431,2,,North,2,62,Major,No Equipment Available,,,Crossing with right-of-way (intersection),Normal,,Driver turns left into pedestrian crossing with right-of-way (at intersection),,,,pedestrian,,York Centre (6),31 Division,Glenfield-Jane Heights,TRUE,FALSE,FALSE,FALSE,FALSE,FALSE,TRUE,FALSE,FALSE,FALSE,"{""coordinates"": [[-79.50149093928944, 43.74144431199386]], ""type"": ""MultiPoint""}"
14317,2010:1148593,2010-01-19T11:50:00,ST CLAIR GDNS,NORTON AVE,,3,Non-Fatal Injury,,No Control,Pedestrian Collision (internal code),Clear,Daylight,Dry,Local,FALSE,-79.44539095,43.67834426,1,Automobile or Station Wagon,South,2,67,None,Other Safety Equipment Used,Other,Normal,,,Reversing,,,,,driver,,Davenport (9),13 Division,Corso Italia-Davenport,FALSE,FALSE,FALSE,FALSE,FALSE,TRUE,TRUE,FALSE,FALSE,FALSE,"{""coordinates"": [[-79.44539095094336, 43.67834426410267]], ""type"": ""MultiPoint""}"
14318,2010:1148593,2010-01-19T11:50:00,ST CLAIR GDNS,NORTON AVE,,3,Non-Fatal Injury,,No Control,Pedestrian Collision (internal code),Clear,Daylight,Dry,Local,FALSE,-79.44539095,43.67834426,2,,West,3,71,Major,Other Safety Equipment Used,,,Crossing - no traffic control,Normal,,Driver reversing hits pedestrian,,,,pedestrian,,Davenport (9),13 Division,Corso Italia-Davenport,FALSE,FALSE,FALSE,FALSE,FALSE,TRUE,TRUE,FALSE,FALSE,FALSE,"{""coordinates"": [[-79.44539095094336, 43.67834426410267]], ""type"": ""MultiPoint""}"
14321,2010:1147870,2010-01-15T06:55:00,KIPLING AVE,STEVENSON RD,,2,Non-Fatal Injury,,No Control,Pedestrian Collision (internal code),Clear,Dusk,Wet,Major Arterial,FALSE,-79.58289103,43.7449444,2,,West,3,76,Major,Other Safety Equipment Used,,,Crossing - no traffic control,Unknown,,Driver hits pedestrian at midblock,,,,pedestrian,,Etobicoke North (1),23 Division,Mount Olive-Silverstone-Jamestown,FALSE,FALSE,FALSE,FALSE,FALSE,TRUE,TRUE,FALSE,FALSE,FALSE,"{""coordinates"": [[-79.58289103497688, 43.7449444007379]], ""type"": ""MultiPoint""}"
14322,2010:1147870,2010-01-15T06:55:00,KIPLING AVE,STEVENSON RD,,2,Non-Fatal Injury,,No Control,Pedestrian Collision (internal code),Clear,Dusk,Wet,Major Arterial,FALSE,-79.58289103,43.7449444,1,Automobile or Station Wagon,North,2,47,None,Other Safety Equipment Used,Driving properly,Normal,,,Going Ahead,,,,,driver,,Etobicoke North (1),23 Division,Mount Olive-Silverstone-Jamestown,FALSE,FALSE,FALSE,FALSE,FALSE,TRUE,TRUE,FALSE,FALSE,FALSE,"{""coordinates"": [[-79.58289103497688, 43.7449444007379]], ""type"": ""MultiPoint""}"
14323,2010:1152191,2010-01-14T17:43:00,PASSMORE AVE,SILVER STAR BLVD,,3,Non-Fatal Injury,At Intersection,Traffic Signal,Pedestrian Collision (internal code),Clear,Dark,Wet,Collector,FALSE,-79.29809052,43.81994406,1,Automobile or Station Wagon,East,2,27,None,Lap and Shoulder Belt,Failed to yield right-of-way,Inattentive,,,Turning Left,,,,,driver,,Scarborough-Agincourt (22),42 Division,Milliken,TRUE,TRUE,FALSE,FALSE,FALSE,FALSE,TRUE,FALSE,FALSE,FALSE,"{""coordinates"": [[-79.29809051865878, 43.819944059308725]], ""type"": ""MultiPoint""}"
14324,2010:1152191,2010-01-14T17:43:00,PASSMORE AVE,SILVER STAR BLVD,,3,Non-Fatal Injury,At Intersection,Traffic Signal,Pedestrian Collision (internal code),Clear,Dark,Wet,Collector,FALSE,-79.29809052,43.81994406,2,,East,3,25,Major,Other Safety Equipment Used,,,Crossing with right-of-way (intersection),Normal,,Driver turns left into pedestrian crossing with right-of-way (at intersection),,,,pedestrian,,Scarborough-Agincourt (22),42 Division,Milliken,TRUE,TRUE,FALSE,FALSE,FALSE,FALSE,TRUE,FALSE,FALSE,FALSE,"{""coordinates"": [[-79.29809051865878, 43.819944059308725]], ""type"": ""MultiPoint""}"
14329,2010:1151614,2010-01-12T11:53:00,EGLINTON Aven E,CEDAR Driv,,5,Non-Fatal Injury,At Intersection,Traffic Signal,Pedestrian Collision (internal code),Clear,Daylight,Dry,Major Arterial,FALSE,-79.21559046,43.74394396,1,,,1,23,Major,Lap and Shoulder Belt,,,,,,,,,,passenger,,Scarborough-Guildwood (24),43 Division,Scarborough Village,TRUE,TRUE,FALSE,FALSE,FALSE,FALSE,TRUE,FALSE,FALSE,FALSE,"{""coordinates"": [[-79.21559045789625, 43.74394395730317]], ""type"": ""MultiPoint""}"
14330,2010:1151614,2010-01-12T11:53:00,EGLINTON Aven E,CEDAR Driv,,5,Non-Fatal Injury,At Intersection,Traffic Signal,Pedestrian Collision (internal code),Clear,Daylight,Dry,Major Arterial,FALSE,-79.21559046,43.74394396,3,,,4,,,Other Safety Equipment Used,,,,,,,,,,owner,,Scarborough-Guildwood (24),43 Division,Scarborough Village,TRUE,TRUE,FALSE,FALSE,FALSE,FALSE,TRUE,FALSE,FALSE,FALSE,"{""coordinates"": [[-79.21559045789625, 43.74394395730317]], ""type"": ""MultiPoint""}"
14331,2010:1151467,2010-01-10T09:33:00,SENTINEL Road,STILECROFT Driv,,2,Non-Fatal Injury,At Intersection,Stop Sign,Pedestrian Collision (internal code),Clear,Daylight,Dry,Collector,FALSE,-79.49419091,43.7504443,1,Truck - Open (Flatbed),South,1,36,None,Other Safety Equipment Used,Failed to yield right-of-way,Inattentive,,,Going Ahead,,,,,driver,,York Centre (6),31 Division,York University Heights,TRUE,TRUE,FALSE,FALSE,FALSE,TRUE,TRUE,FALSE,FALSE,TRUE,"{""coordinates"": [[-79.49419091130727, 43.7504442987387]], ""type"": ""MultiPoint""}"
14332,2010:1146740,2010-01-09T11:19:00,MARLEE AVE,VIEWMOUNT AVE,,2,Non-Fatal Injury,,Pedestrian Crossover,Pedestrian Collision (internal code),Clear,Daylight,Other,Minor Arterial,FALSE,-79.4430909,43.70714425,2,,East,2,92,Major,Other Safety Equipment Used,,,Crossing - pedestrian crossover,Unknown,,Driver hits pedestrian at PXO/pedestrian midblock signal,,,,pedestrian,,Eglinton-Lawrence (8),13 Division,Yorkdale-Glen Park,TRUE,FALSE,FALSE,FALSE,FALSE,TRUE,TRUE,FALSE,FALSE,FALSE,"{""coordinates"": [[-79.44309089801054, 43.70714425044637]], ""type"": ""MultiPoint""}"
14334,2010:1150954,2010-01-08T03:02:00,UNIVERSITY Ave,DUNDAS St W,,2,Non-Fatal Injury,,No Control,Pedestrian Collision (internal code),Clear,Dark,Wet,Major Arterial,FALSE,-79.38829088,43.65474419,2,,East,2,63,Major,Other Safety Equipment Used,,,Crossing - no traffic control,Inattentive,Going Ahead,Driver going straight hits pedestrian crossing without right-of-way (at intersection),,,,pedestrian,,Spadina-Fort York (10),52 Division,Yonge-Bay Corridor,FALSE,TRUE,FALSE,FALSE,FALSE,FALSE,TRUE,FALSE,FALSE,FALSE,"{""coordinates"": [[-79.38829087996456, 43.6547441887318]], ""type"": ""MultiPoint""}"
14335,2010:1150406,2010-01-07T21:08:00,DANFORTH Road,MACKINAC Cres,,3,Non-Fatal Injury,,No Control,Cyclist Collision (internal code),Clear,Dark,Dry,Major Arterial,FALSE,-79.24449049,43.74954399,2,Bicycle,North,3,44,Major,No Equipment Available,,,,,Going Ahead,,Rear end with cyclist and driver travelling in same direction,Driving Properly,Normal,cyclist,,Scarborough Centre (21),43 Division,Bendale South,TRUE,TRUE,TRUE,FALSE,FALSE,FALSE,FALSE,FALSE,FALSE,FALSE,"{""coordinates"": [[-79.24449049275432, 43.74954398791451]], ""type"": ""MultiPoint""}"
14336,2010:1150406,2010-01-07T21:08:00,DANFORTH Road,MACKINAC Cres,,3,Non-Fatal Injury,,No Control,Cyclist Collision (internal code),Clear,Dark,Dry,Major Arterial,FALSE,-79.24449049,43.74954399,1,Automobile or Station Wagon,North,2,23,None,Other Safety Equipment Used,Failed to yield right-of-way,Inattentive,,,Overtaking,,,,,driver,,Scarborough Centre (21),43 Division,Bendale South,TRUE,TRUE,TRUE,FALSE,FALSE,FALSE,FALSE,FALSE,FALSE,FALSE,"{""coordinates"": [[-79.24449049275432, 43.74954398791451]], ""type"": ""MultiPoint""}"
14337,2010:1150854,2010-01-06T02:57:00,665 LAWRENCE AVE W,,,2,Non-Fatal Injury,,No Control,Pedestrian Collision (internal code),Clear,Dark,Dry,Major Arterial,FALSE,-79.44369088,43.71624425,2,,Unknown,2,43,Major,Other Safety Equipment Used,,,Playing or working on highway,Inattentive,,Driver hits pedestrian at midblock,,,,pedestrian,,Eglinton-Lawrence (8),32 Division,Englemount-Lawrence,FALSE,TRUE,FALSE,FALSE,FALSE,FALSE,TRUE,FALSE,FALSE,FALSE,"{""coordinates"": [[-79.4436908837178, 43.7162442479579]], ""type"": ""MultiPoint""}"
14338,2009:1149845,2009-12-31T19:47:00,WESTON RD,JANE ST,,3,Non-Fatal Injury,At Intersection,Traffic Signal,Pedestrian Collision (internal code),Rain,Dark,Wet,Major Arterial,FALSE,-79.50089103,43.69124434,1,,,1,,,Other Safety Equipment Used,,,,,,,,,,owner,,York South-Weston (5),12 Division,Mount Dennis,TRUE,TRUE,FALSE,FALSE,FALSE,FALSE,TRUE,FALSE,FALSE,FALSE,"{""coordinates"": [[-79.50089103098139, 43.69124433614244]], ""type"": ""MultiPoint""}"
14339,2009:1145082,2009-12-31T19:03:00,BATHURST ST,GLENGROVE AVE,,2,Non-Fatal Injury,,No Control,Pedestrian Collision (internal code),Rain,Dark,Wet,Major Arterial,FALSE,-79.42859086,43.71414423,2,,East,2,36,Major,Other Safety Equipment Used,,,Crossing - no traffic control,Normal,,Driver going straight hits pedestrian crossing without right-of-way (at intersection),,,,pedestrian,,Eglinton-Lawrence (8),13 Division,Englemount-Lawrence,FALSE,FALSE,FALSE,FALSE,FALSE,FALSE,TRUE,FALSE,FALSE,FALSE,"{""coordinates"": [[-79.42859086033879, 43.71414422858555]], ""type"": ""MultiPoint""}"
14340,2009:1144503,2009-12-29T14:20:00,SHUTER ST,SUMACH ST,,3,Non-Fatal Injury,At Intersection,Pedestrian Crossover,Pedestrian Collision (internal code),Clear,Daylight,Dry,Minor Arterial,FALSE,-79.35969082,43.65814415,1,,,1,,,Other Safety Equipment Used,,,,,,,,,,owner,,Toronto Centre (13),51 Division,Regent Park,TRUE,FALSE,FALSE,FALSE,FALSE,FALSE,TRUE,FALSE,FALSE,FALSE,"{""coordinates"": [[-79.35969081941357, 43.658144146080886]], ""type"": ""MultiPoint""}"
14341,2009:1147865,2009-12-28T23:17:00,FINCH AVE E,BRIDLETOWNE CRCL,,1,Non-Fatal Injury,At Intersection,Traffic Signal,Pedestrian Collision (internal code),Clear,Dark,Wet,Major Arterial,TRUE,-79.31229056,43.79744407,1,Automobile or Station Wagon,South,1,,None,Other Safety Equipment Used,Failed to yield right-of-way,Unknown,,,Turning Left,,,,,driver,,Scarborough-Agincourt (22),42 Division,East L'Amoreaux,TRUE,FALSE,FALSE,FALSE,FALSE,FALSE,TRUE,FALSE,FALSE,FALSE,"{""coordinates"": [[-79.31229056144481, 43.797444074139236]], ""type"": ""MultiPoint""}"
14342,2009:1144191,2009-12-26T01:32:00,1340 DANFORTH Rd,,,2,Non-Fatal Injury,,No Control,Pedestrian Collision (internal code),Rain,Dark,Wet,Major Arterial,TRUE,-79.2448905,43.74364399,1,Automobile or Station Wagon,South,1,,None,Other Safety Equipment Used,Other,Unknown,,,Going Ahead,,,,,driver,,Scarborough Centre (21),43 Division,Eglinton East,FALSE,FALSE,FALSE,FALSE,FALSE,FALSE,TRUE,FALSE,FALSE,FALSE,"{""coordinates"": [[-79.2448905001138, 43.74364398773679]], ""type"": ""MultiPoint""}"
14343,2009:1148477,2009-12-25T18:45:00,LAWRENCE AVE W,BATHURST ST,,3,Non-Fatal Injury,At Intersection,Traffic Signal,Pedestrian Collision (internal code),Rain,Dark,Wet,Major Arterial,FALSE,-79.42979085,43.71924423,1,Automobile or Station Wagon,South,1,24,None,Other Safety Equipment Used,Failed to yield right-of-way,Normal,,,Turning Left,,,,,driver,,Eglinton-Lawrence (8),53 Division,Bedford Park-Nortown,TRUE,FALSE,FALSE,FALSE,FALSE,FALSE,TRUE,FALSE,FALSE,FALSE,"{""coordinates"": [[-79.42979085405342, 43.719244228501886]], ""type"": ""MultiPoint""}"
14345,2009:1148504,2009-12-22T15:25:00,DUNDAS ST W,ROYALAVON CRES,,3,Non-Fatal Injury,At Intersection,Traffic Signal,Pedestrian Collision (internal code),Clear,Daylight,Dry,Major Arterial,FALSE,-79.53199116,43.6452444,1,,,1,,,Other Safety Equipment Used,,,,,,,,,,owner,,Etobicoke-Lakeshore (3),22 Division,Islington,TRUE,TRUE,FALSE,FALSE,FALSE,FALSE,TRUE,TRUE,TRUE,FALSE,"{""coordinates"": [[-79.53199115624403, 43.64524439710382]], ""type"": ""MultiPoint""}"
14346,2009:1148424,2009-12-21T19:33:00,LIVINGSTON RD,EARSWICK DR,,2,Non-Fatal Injury,At Intersection,No Control,Pedestrian Collision (internal code),Clear,Dark,Dry,Collector,FALSE,-79.19879043,43.74624394,1,Automobile or Station Wagon,South,1,73,None,Lap and Shoulder Belt,Failed to yield right-of-way,Ability Impaired - Alcohol,,,Turning Right,,,,,driver,,Scarborough-Guildwood (24),43 Division,Guildwood,TRUE,FALSE,FALSE,FALSE,FALSE,TRUE,TRUE,FALSE,FALSE,FALSE,"{""coordinates"": [[-79.19879043157297, 43.74624394031327]], ""type"": ""MultiPoint""}"
14347,2009:1148238,2009-12-19T21:20:00,FINCH Aven E,MIDLAND Aven,,3,Non-Fatal Injury,At Intersection,Traffic Signal,Pedestrian Collision (internal code),Clear,Dark,Dry,Major Arterial,FALSE,-79.28629051,43.80374404,1,,,1,,,Other Safety Equipment Used,,,,,,,,,,owner,,Scarborough North (23),42 Division,Agincourt North,TRUE,FALSE,FALSE,FALSE,FALSE,FALSE,TRUE,FALSE,FALSE,FALSE,"{""coordinates"": [[-79.28629051440188, 43.803744044322144]], ""type"": ""MultiPoint""}"
14348,2009:1148132,2009-12-17T21:00:00,SPADINA Road,BLOOR Stre W,,2,Non-Fatal Injury,,No Control,Pedestrian Collision (internal code),Clear,Dark,Dry,Minor Arterial,FALSE,-79.40429089,43.66784421,1,Automobile or Station Wagon,North,1,29,Minimal,Lap and Shoulder Belt,Driving properly,Normal,,,Going Ahead,,,,,driver,,University-Rosedale (11),53 Division,Annex,FALSE,FALSE,FALSE,FALSE,FALSE,FALSE,TRUE,FALSE,FALSE,FALSE,"{""coordinates"": [[-79.40429089031443, 43.66784420872617]], ""type"": ""MultiPoint""}"
14350,2009:1142399,2009-12-15T19:43:00,505 KINGSTON RD,,,3,Non-Fatal Injury,,No Control,Cyclist Collision (internal code),Clear,Dark,Dry,Major Arterial,FALSE,-79.30259068,43.67754406,1,Automobile or Station Wagon,Unknown,1,,None,Other Safety Equipment Used,Other,Unknown,,,Parked,,,,,driver,,Beaches-East York (19),55 Division,The Beaches,FALSE,FALSE,TRUE,FALSE,FALSE,FALSE,FALSE,FALSE,FALSE,FALSE,"{""coordinates"": [[-79.30259068357584, 43.67754406184576]], ""type"": ""MultiPoint""}"
14351,2009:1146990,2009-12-14T17:24:00,KENNETH Aven,FINCH Aven E,,2,Non-Fatal Injury,At Intersection,Traffic Signal,Pedestrian Collision (internal code),Rain,Daylight,Wet,Major Arterial,FALSE,-79.41229074,43.78044419,2,,East,2,50,Major,No Equipment Available,,,Crossing with right-of-way (intersection),Normal,,Driver turns right into pedestrian crossing with right-of-way (at intersection),,,,pedestrian,,Willowdale (18),32 Division,East Willowdale,TRUE,FALSE,FALSE,FALSE,FALSE,FALSE,TRUE,FALSE,FALSE,FALSE,"{""coordinates"": [[-79.41229074007055, 43.78044419310994]], ""type"": ""MultiPoint""}"
14352,2009:1146948,2009-12-14T16:18:00,GERRARD Stre E,MARJORY Aven,,3,Non-Fatal Injury,At Intersection,Traffic Signal,Pedestrian Collision (internal code),Rain,Daylight,Wet,Minor Arterial,FALSE,-79.33759076,43.66874411,1,,,1,,,Other Safety Equipment Used,,,,,,,,,,owner,,Toronto-Danforth (14),55 Division,South Riverdale,FALSE,TRUE,FALSE,FALSE,FALSE,FALSE,TRUE,FALSE,FALSE,FALSE,"{""coordinates"": [[-79.3375907617917, 43.668744112509586]], ""type"": ""MultiPoint""}"
14353,2009:1142007,2009-12-13T18:05:00,WARDEN AVE,MCNICOLL AVE,,2,Non-Fatal Injury,,No Control,Pedestrian Collision (internal code),Rain,Dark,Wet,Major Arterial,FALSE,-79.32229057,43.80914409,2,,West,2,22,Major,Other Safety Equipment Used,,,Crossing - no traffic control,Inattentive,,Driver hits pedestrian at midblock,,,,pedestrian,,Scarborough-Agincourt (22),42 Division,Steeles,FALSE,TRUE,FALSE,FALSE,FALSE,FALSE,TRUE,FALSE,FALSE,FALSE,"{""coordinates"": [[-79.32229056645389, 43.80914408631083]], ""type"": ""MultiPoint""}"
14354,2009:1141818,2009-12-12T11:25:00,BROWNS LINE,RIMILTON AVE,,1,Non-Fatal Injury,,No Control,Cyclist Collision (internal code),Clear,Daylight,Dry,Major Arterial,FALSE,-79.54619125,43.60384444,1,Bicycle,South,1,69,Major,Other Safety Equipment Used,,,,,Going Ahead,,"Cyclist falls off bicycle, no contact with motorist",Lost control,Medical or Physical Disability,cyclist,,Etobicoke-Lakeshore (3),22 Division,Alderwood,FALSE,FALSE,TRUE,FALSE,FALSE,TRUE,FALSE,FALSE,FALSE,FALSE,"{""coordinates"": [[-79.54619125192482, 43.6038444372309]], ""type"": ""MultiPoint""}"
14355,2009:1144593,2009-12-10T15:45:00,DUNDAS Stre W,ELIZABETH Stre,,3,Non-Fatal Injury,At Intersection,Stop Sign,Pedestrian Collision (internal code),Clear,Daylight,Dry,Major Arterial,FALSE,-79.38519087,43.65544418,2,,West,3,57,Major,Use Unknown,,,Crossing with right-of-way (intersection),Normal,,Driver going straight hits pedestrian crossing with right-of-way (at intersection),,,,pedestrian,,University-Rosedale (11),52 Division,Yonge-Bay Corridor,TRUE,TRUE,FALSE,FALSE,FALSE,FALSE,TRUE,FALSE,FALSE,FALSE,"{""coordinates"": [[-79.38519087286826, 43.65544418401189]], ""type"": ""MultiPoint""}"
14356,2009:1144593,2009-12-10T15:45:00,DUNDAS Stre W,ELIZABETH Stre,,3,Non-Fatal Injury,At Intersection,Stop Sign,Pedestrian Collision (internal code),Clear,Daylight,Dry,Major Arterial,FALSE,-79.38519087,43.65544418,1,Automobile or Station Wagon,South,2,30,None,Other Safety Equipment Used,Failed to yield right-of-way,Inattentive,,,Going Ahead,,,,,driver,,University-Rosedale (11),52 Division,Yonge-Bay Corridor,TRUE,TRUE,FALSE,FALSE,FALSE,FALSE,TRUE,FALSE,FALSE,FALSE,"{""coordinates"": [[-79.38519087286826, 43.65544418401189]], ""type"": ""MultiPoint""}"
14357,2009:1146015,2009-12-09T17:54:00,LEDUC DR,TORBOLTON DR,,2,Non-Fatal Injury,At Intersection,No Control,Pedestrian Collision (internal code),Clear,Dark,Wet,Local,FALSE,-79.55859105,43.71794439,1,Automobile or Station Wagon,East,1,26,None,Other Safety Equipment Used,Other,Normal,,,Going Ahead,,,,,driver,,Etobicoke North (1),23 Division,Rexdale-Kipling,FALSE,FALSE,FALSE,FALSE,FALSE,FALSE,TRUE,FALSE,FALSE,FALSE,"{""coordinates"": [[-79.55859105497771, 43.71794438891139]], ""type"": ""MultiPoint""}"
14358,2009:1145801,2009-12-08T14:05:00,110 CARRIER Dr,,,3,Non-Fatal Injury,,No Control,Pedestrian Collision (internal code),Clear,Daylight,Dry,Collector,FALSE,-79.61289108,43.73944444,2,,,2,,,Other Safety Equipment Used,,,,,,,,,,owner,,Etobicoke North (1),23 Division,West Humber-Clairville,FALSE,TRUE,FALSE,FALSE,FALSE,FALSE,TRUE,FALSE,FALSE,FALSE,"{""coordinates"": [[-79.6128910830508, 43.739444437527794]], ""type"": ""MultiPoint""}"
14359,2009:1145801,2009-12-08T14:05:00,110 CARRIER Dr,,,3,Non-Fatal Injury,,No Control,Pedestrian Collision (internal code),Clear,Daylight,Dry,Collector,FALSE,-79.61289108,43.73944444,2,Automobile or Station Wagon,North,3,26,None,Other Safety Equipment Used,Driving properly,Normal,,,Going Ahead,,,,,driver,,Etobicoke North (1),23 Division,West Humber-Clairville,FALSE,TRUE,FALSE,FALSE,FALSE,FALSE,TRUE,FALSE,FALSE,FALSE,"{""coordinates"": [[-79.6128910830508, 43.739444437527794]], ""type"": ""MultiPoint""}"
14361,2009:1141277,2009-12-05T23:20:00,FINCH AVE W,BATHURST ST,,2,Non-Fatal Injury,,Traffic Signal,Pedestrian Collision (internal code),Clear,Dark,Dry,Major Arterial,TRUE,-79.4429908,43.77384423,1,Automobile or Station Wagon,East,2,,None,Other Safety Equipment Used,Disobeyed traffic control,Unknown,,,Going Ahead,,,,,driver,,Willowdale (18),32 Division,Willowdale West,TRUE,FALSE,FALSE,FALSE,FALSE,FALSE,TRUE,TRUE,FALSE,FALSE,"{""coordinates"": [[-79.44299079778465, 43.773844230994065]], ""type"": ""MultiPoint""}"
14362,2009:1140459,2009-12-05T22:11:00,PHARMACY AVE,FINCH AVE E,,2,Non-Fatal Injury,,Traffic Signal,Pedestrian Collision (internal code),Clear,Dark,Dry,Major Arterial,FALSE,-79.32599059,43.79434409,1,Automobile or Station Wagon,North,1,47,None,Other Safety Equipment Used,Failed to yield right-of-way,Normal,,,Turning Left,,,,,driver,,Scarborough-Agincourt (22),42 Division,L'Amoreaux West,TRUE,FALSE,FALSE,FALSE,FALSE,FALSE,TRUE,FALSE,FALSE,FALSE,"{""coordinates"": [[-79.32599058627072, 43.79434409007752]], ""type"": ""MultiPoint""}"
14363,2009:1139818,2009-11-30T17:16:00,LAWRENCE AVE W,BRUCEWOOD CRES,,2,Non-Fatal Injury,At Intersection,No Control,Pedestrian Collision (internal code),Clear,Dark,Dry,Major Arterial,FALSE,-79.43099086,43.71894423,1,Automobile or Station Wagon,East,1,62,None,Lap and Shoulder Belt,Driving properly,Normal,,,Going Ahead,,,,,driver,,Eglinton-Lawrence (8),13 Division,Englemount-Lawrence,FALSE,FALSE,FALSE,FALSE,FALSE,FALSE,TRUE,FALSE,FALSE,FALSE,"{""coordinates"": [[-79.43099085667339, 43.718944230187546]], ""type"": ""MultiPoint""}"
14364,2009:1143896,2009-11-30T06:31:00,ELLESMERE Rd,CLAUDIUS Gt,,2,Non-Fatal Injury,,No Control,Pedestrian Collision (internal code),Clear,Dark,Wet,Major Arterial,FALSE,-79.30789059,43.75954407,2,,North,2,31,Major,Use Unknown,,,Running onto roadway,Inattentive,,Driver going straight hits pedestrian crossing without right-of-way (at intersection),,,,pedestrian,,Scarborough Centre (21),41 Division,Wexford/Maryvale,FALSE,TRUE,FALSE,FALSE,FALSE,FALSE,TRUE,FALSE,FALSE,FALSE,"{""coordinates"": [[-79.30789058894432, 43.75954406657989]], ""type"": ""MultiPoint""}"
14365,2009:1143363,2009-11-27T17:25:00,SHEPPARD AVE E,ROUGE RIVER DR,,2,Non-Fatal Injury,,No Control,Pedestrian Collision (internal code),Rain,Dark,Wet,Major Arterial,FALSE,-79.18659037,43.80494394,2,,North,2,46,Major,No Equipment Available,,,Crossing - no traffic control,Normal,,Driver going straight hits pedestrian crossing without right-of-way (at intersection),,,,pedestrian,,Scarborough-Rouge Park (25),42 Division,West Rouge,FALSE,FALSE,FALSE,FALSE,FALSE,FALSE,TRUE,FALSE,FALSE,FALSE,"{""coordinates"": [[-79.18659037278601, 43.804943941877895]], ""type"": ""MultiPoint""}"
14366,2009:1139418,2009-11-27T06:55:00,MARKHAM RD,TUXEDO CRT,,2,Non-Fatal Injury,At Intersection,Traffic Signal,Pedestrian Collision (internal code),Clear,Daylight,Dry,Major Arterial,FALSE,-79.23299045,43.77954398,2,,West,1,71,Major,Other Safety Equipment Used,,,Crossing without right-of-way (intersection),Normal,,Driver going straight hits pedestrian crossing without right-of-way (at intersection),,,,pedestrian,,Scarborough-Guildwood (24),43 Division,Woburn North,FALSE,FALSE,FALSE,FALSE,FALSE,TRUE,TRUE,FALSE,FALSE,FALSE,"{""coordinates"": [[-79.23299045319496, 43.7795439815436]], ""type"": ""MultiPoint""}"
14367,2009:1143058,2009-11-26T06:30:00,1050 ELLESMERE Rd,,,2,Non-Fatal Injury,,No Control,Cyclist Collision (internal code),Rain,Dark,Wet,Major Arterial,FALSE,-79.27329052,43.76744402,1,Automobile or Station Wagon,East,1,74,None,Lap and Shoulder Belt,Failed to yield right-of-way,Inattentive,,,Going Ahead,,,,,driver,,Scarborough Centre (21),41 Division,Dorset Park,TRUE,TRUE,TRUE,FALSE,FALSE,TRUE,FALSE,FALSE,FALSE,FALSE,"{""coordinates"": [[-79.2732905245117, 43.76744402483767]], ""type"": ""MultiPoint""}"
14368,2009:1139232,2009-11-26T00:10:00,HIGHWAY 27 N,HUMBER COLLEGE Boul,,4,Non-Fatal Injury,,Traffic Signal,Pedestrian Collision (internal code),Clear,Dark,Wet,Major Arterial,FALSE,-79.60139109,43.73044443,2,,East,2,20,Major,Other Safety Equipment Used,,,Crossing without right-of-way (intersection),Inattentive,Other,Driver going straight hits pedestrian crossing without right-of-way (at intersection),,,,pedestrian,,Etobicoke North (1),23 Division,West Humber-Clairville,FALSE,TRUE,FALSE,FALSE,FALSE,FALSE,TRUE,FALSE,FALSE,FALSE,"{""coordinates"": [[-79.60139108561053, 43.73044443018568]], ""type"": ""MultiPoint""}"
14369,2009:1139232,2009-11-26T00:10:00,HIGHWAY 27 N,HUMBER COLLEGE Boul,,4,Non-Fatal Injury,,Traffic Signal,Pedestrian Collision (internal code),Clear,Dark,Wet,Major Arterial,FALSE,-79.60139109,43.73044443,1,,,3,25,None,Other Safety Equipment Used,,,,,,,,,,passenger,,Etobicoke North (1),23 Division,West Humber-Clairville,FALSE,TRUE,FALSE,FALSE,FALSE,FALSE,TRUE,FALSE,FALSE,FALSE,"{""coordinates"": [[-79.60139108561053, 43.73044443018568]], ""type"": ""MultiPoint""}"