_id,collision_id,accdate,stname1,stname2,stname3,per_inv,acclass,accloc,traffictl,impactype,visible,light,rdsfcond,road_class,failtorem,longitude,latitude,veh_no,vehtype,initdir,per_no,invage,injury,safequip,drivact,drivcond,pedact,pedcond,manoeuvre,pedtype,cyclistype,cycact,cyccond,road_user,fatal_no,wardname,division,neighbourhood,aggressive,distracted,cyclist,motorcyclist,other_micromobility,older_adult,pedestrian,red_light,school_child,heavy_truck,geometry
14526,2009:1115973,2009-06-20T21:30:00,JANE ST,MACDONALD AVE,,3,Non-Fatal Injury,,No Control,Pedestrian Collision (internal code),Clear,Dark,Dry,Major Arterial,FALSE,-79.50419101,43.70444433,2,,,3,3,Major,Other Safety Equipment Used,,,Running onto roadway,Inattentive,,Other,,,,pedestrian,,York South-Weston (5),12 Division,Rustic,FALSE,TRUE,FALSE,FALSE,FALSE,FALSE,TRUE,FALSE,FALSE,FALSE,"{""coordinates"": [[-79.50419101087942, 43.704444333441984]], ""type"": ""MultiPoint""}"
14527,2009:1110181,2009-06-19T18:44:00,PARLIAMENT ST,OAK ST,,3,Non-Fatal Injury,At Intersection,Pedestrian Crossover,Cyclist Collision (internal code),Clear,Daylight,Dry,Minor Arterial,FALSE,-79.36649083,43.66064416,1,,,1,32,None,Lap and Shoulder Belt,,,,,,,,,,passenger,,Toronto Centre (13),51 Division,Regent Park,TRUE,TRUE,TRUE,FALSE,FALSE,FALSE,FALSE,FALSE,TRUE,FALSE,"{""coordinates"": [[-79.36649082886137, 43.66064415557528]], ""type"": ""MultiPoint""}"
14528,2009:1115921,2009-06-19T10:30:00,MANNING AVE,BLOOR ST W,,3,Non-Fatal Injury,,Traffic Signal,Pedestrian Collision (internal code),Clear,Daylight,Dry,Major Arterial,FALSE,-79.41609092,43.66424423,3,,,3,44,Major,Other Safety Equipment Used,,,Playing or working on highway,Normal,,Driver reversing hits pedestrian,,,,pedestrian,,University-Rosedale (11),14 Division,Annex,FALSE,FALSE,FALSE,FALSE,FALSE,TRUE,TRUE,FALSE,FALSE,FALSE,"{""coordinates"": [[-79.41609091864251, 43.6642442268034]], ""type"": ""MultiPoint""}"
14529,2009:1115921,2009-06-19T10:30:00,MANNING AVE,BLOOR ST W,,3,Non-Fatal Injury,,Traffic Signal,Pedestrian Collision (internal code),Clear,Daylight,Dry,Major Arterial,FALSE,-79.41609092,43.66424423,2,Automobile or Station Wagon,South,2,73,None,Use Unknown,Other,Normal,,,Reversing,,,,,driver,,University-Rosedale (11),14 Division,Annex,FALSE,FALSE,FALSE,FALSE,FALSE,TRUE,TRUE,FALSE,FALSE,FALSE,"{""coordinates"": [[-79.41609091864251, 43.6642442268034]], ""type"": ""MultiPoint""}"
14530,2009:1111004,2009-06-17T19:15:00,ST CLAIR AVE W,TWEEDSMUIR AVE,,2,Non-Fatal Injury,,Traffic Signal,Pedestrian Collision (internal code),Rain,Dark,Wet,Major Arterial,TRUE,-79.41339088,43.68414422,1,Automobile or Station Wagon,East,2,,None,Other Safety Equipment Used,Other,Unknown,,,Reversing,,,,,driver,,Toronto-St. Paul's (12),13 Division,Casa Loma,FALSE,FALSE,FALSE,FALSE,FALSE,TRUE,TRUE,FALSE,FALSE,FALSE,"{""coordinates"": [[-79.41339088146886, 43.68414421707914]], ""type"": ""MultiPoint""}"
14531,2009:1110888,2009-06-11T08:35:00,WELLINGTON ST W,YORK ST,,2,Non-Fatal Injury,At Intersection,Traffic Signal,Cyclist Collision (internal code),Clear,Daylight,Dry,Minor Arterial,TRUE,-79.38299088,43.64654418,1,Automobile or Station Wagon,West,1,,None,Other Safety Equipment Used,Driving properly,Normal,,,Going Ahead,,,,,driver,,Spadina-Fort York (10),52 Division,Yonge-Bay Corridor,FALSE,FALSE,TRUE,FALSE,FALSE,FALSE,FALSE,FALSE,FALSE,FALSE,"{""coordinates"": [[-79.3829908821784, 43.64654418274837]], ""type"": ""MultiPoint""}"
14532,2009:1108724,2009-06-10T15:46:00,EGLINTON AVE W,OLD PARK RD,,4,Non-Fatal Injury,,Traffic Signal,Pedestrian Collision (internal code),Clear,Daylight,Dry,Major Arterial,FALSE,-79.43099089,43.69984424,1,,,1,,,Other Safety Equipment Used,,,,,,,,,,owner,,Eglinton-Lawrence (8),13 Division,Forest Hill North,FALSE,FALSE,FALSE,FALSE,FALSE,FALSE,TRUE,FALSE,FALSE,FALSE,"{""coordinates"": [[-79.43099088828855, 43.69984423654638]], ""type"": ""MultiPoint""}"
14533,2009:1108724,2009-06-10T15:46:00,EGLINTON AVE W,OLD PARK RD,,4,Non-Fatal Injury,,Traffic Signal,Pedestrian Collision (internal code),Clear,Daylight,Dry,Major Arterial,FALSE,-79.43099089,43.69984424,3,,South,4,44,Major,Other Safety Equipment Used,,,Running onto roadway,,,Driver going straight hits pedestrian crossing without right-of-way (at intersection),,,,pedestrian,,Eglinton-Lawrence (8),13 Division,Forest Hill North,FALSE,FALSE,FALSE,FALSE,FALSE,FALSE,TRUE,FALSE,FALSE,FALSE,"{""coordinates"": [[-79.43099088828855, 43.69984423654638]], ""type"": ""MultiPoint""}"
14534,2009:1109235,2009-06-09T16:13:00,CUMMER Aven,BAYVIEW Aven,,3,Non-Fatal Injury,At Intersection,Traffic Signal,Pedestrian Collision (internal code),Clear,Daylight,Dry,Major Arterial,FALSE,-79.3935907,43.79224417,2,,,2,,,Other Safety Equipment Used,,,,,,,,,,owner,,Willowdale (18),32 Division,Newtonbrook East,FALSE,TRUE,FALSE,FALSE,FALSE,FALSE,TRUE,FALSE,FALSE,FALSE,"{""coordinates"": [[-79.39359069695547, 43.79224416974788]], ""type"": ""MultiPoint""}"
14535,2009:1109235,2009-06-09T16:13:00,CUMMER Aven,BAYVIEW Aven,,3,Non-Fatal Injury,At Intersection,Traffic Signal,Pedestrian Collision (internal code),Clear,Daylight,Dry,Major Arterial,FALSE,-79.3935907,43.79224417,2,Automobile or Station Wagon,West,3,24,None,Lap and Shoulder Belt,Driving properly,Normal,,,Going Ahead,,,,,driver,,Willowdale (18),32 Division,Newtonbrook East,FALSE,TRUE,FALSE,FALSE,FALSE,FALSE,TRUE,FALSE,FALSE,FALSE,"{""coordinates"": [[-79.39359069695547, 43.79224416974788]], ""type"": ""MultiPoint""}"
14536,2009:1113770,2009-06-06T20:09:00,COXWELL Ave,ROBBINS Ave,,2,Non-Fatal Injury,,No Control,Cyclist Collision (internal code),Clear,Daylight,Dry,Minor Arterial,FALSE,-79.31829072,43.67064408,2,Bicycle,South,2,51,Major,Other Safety Equipment Used,,,,,Going Ahead,,Dooring,Driving Properly,Normal,cyclist,,Beaches-East York (19),55 Division,Woodbine Corridor,FALSE,TRUE,TRUE,FALSE,FALSE,FALSE,FALSE,FALSE,FALSE,FALSE,"{""coordinates"": [[-79.31829072244706, 43.67064408460452]], ""type"": ""MultiPoint""}"
14537,2009:1108205,2009-06-04T21:28:00,PARKSIDE DR,CONSTANCE ST,,5,Non-Fatal Injury,,No Control,Pedestrian Collision (internal code),Clear,Dark,Dry,Major Arterial,FALSE,-79.45769103,43.64824429,1,Automobile or Station Wagon,North,2,38,Minimal,Lap and Shoulder Belt,Driving properly,Normal,,,Slowing or Stopping,,,,,driver,,Parkdale-High Park (4),11 Division,High Park-Swansea,FALSE,FALSE,FALSE,FALSE,FALSE,FALSE,TRUE,FALSE,TRUE,FALSE,"{""coordinates"": [[-79.45769102605055, 43.64824429341541]], ""type"": ""MultiPoint""}"
14538,2009:1108205,2009-06-04T21:28:00,PARKSIDE DR,CONSTANCE ST,,5,Non-Fatal Injury,,No Control,Pedestrian Collision (internal code),Clear,Dark,Dry,Major Arterial,FALSE,-79.45769103,43.64824429,3,,Unknown,5,26,Major,No Equipment Available,,,On sidewalk or shoulder,Normal,,Driver hits pedestrian on sidewalk or shoulder,,,,pedestrian,,Parkdale-High Park (4),11 Division,High Park-Swansea,FALSE,FALSE,FALSE,FALSE,FALSE,FALSE,TRUE,FALSE,TRUE,FALSE,"{""coordinates"": [[-79.45769102605055, 43.64824429341541]], ""type"": ""MultiPoint""}"
14539,2009:1108205,2009-06-04T21:28:00,PARKSIDE DR,CONSTANCE ST,,5,Non-Fatal Injury,,No Control,Pedestrian Collision (internal code),Clear,Dark,Dry,Major Arterial,FALSE,-79.45769103,43.64824429,2,,,3,33,Minimal,Lap and Shoulder Belt,,,,,,,,,,passenger,,Parkdale-High Park (4),11 Division,High Park-Swansea,FALSE,FALSE,FALSE,FALSE,FALSE,FALSE,TRUE,FALSE,TRUE,FALSE,"{""coordinates"": [[-79.45769102605055, 43.64824429341541]], ""type"": ""MultiPoint""}"
14540,2009:1107544,2009-06-02T20:13:00,QUEEN St W,UNIVERSITY Ave,,9,Non-Fatal Injury,At Intersection,Traffic Signal,Pedestrian Collision (internal code),Clear,Dark,Dry,Major Arterial,FALSE,-79.38659088,43.65084419,3,,,4,18,Minimal,Other Safety Equipment Used,,,,,,,,,,passenger,,Spadina-Fort York (10),52 Division,Yonge-Bay Corridor,TRUE,FALSE,FALSE,FALSE,FALSE,FALSE,TRUE,TRUE,TRUE,FALSE,"{""coordinates"": [[-79.38659088265017, 43.65084418712629]], ""type"": ""MultiPoint""}"
14541,2009:1107544,2009-06-02T20:13:00,QUEEN St W,UNIVERSITY Ave,,9,Non-Fatal Injury,At Intersection,Traffic Signal,Pedestrian Collision (internal code),Clear,Dark,Dry,Major Arterial,FALSE,-79.38659088,43.65084419,4,,,8,34,Major,Other Safety Equipment Used,,,On sidewalk or shoulder,Normal,,Driver hits pedestrian on sidewalk or shoulder,,,,pedestrian,,Spadina-Fort York (10),52 Division,Yonge-Bay Corridor,TRUE,FALSE,FALSE,FALSE,FALSE,FALSE,TRUE,TRUE,TRUE,FALSE,"{""coordinates"": [[-79.38659088265017, 43.65084418712629]], ""type"": ""MultiPoint""}"
14542,2009:1107544,2009-06-02T20:13:00,QUEEN St W,UNIVERSITY Ave,,9,Non-Fatal Injury,At Intersection,Traffic Signal,Pedestrian Collision (internal code),Clear,Dark,Dry,Major Arterial,FALSE,-79.38659088,43.65084419,1,Automobile or Station Wagon,South,1,59,Minimal,No Equipment Available,Driving properly,Normal,,,Slowing or Stopping,,,,,driver,,Spadina-Fort York (10),52 Division,Yonge-Bay Corridor,TRUE,FALSE,FALSE,FALSE,FALSE,FALSE,TRUE,TRUE,TRUE,FALSE,"{""coordinates"": [[-79.38659088265017, 43.65084418712629]], ""type"": ""MultiPoint""}"
14543,2009:1154355,2009-06-02T08:20:00,MANOR RD E,MOUNT PLEASANT RD,,2,Non-Fatal Injury,,Traffic Signal,Cyclist Collision (internal code),Clear,Daylight,Dry,Major Arterial,FALSE,-79.3885908,43.70424418,1,Automobile or Station Wagon,West,1,48,None,Lap and Shoulder Belt,Driving properly,Inattentive,,,Stopped,,,,,driver,,Toronto-St. Paul's (12),53 Division,South Eglinton-Davisville,FALSE,TRUE,TRUE,FALSE,FALSE,FALSE,FALSE,FALSE,FALSE,FALSE,"{""coordinates"": [[-79.38859080426572, 43.70424417757207]], ""type"": ""MultiPoint""}"
14544,2009:1112907,2009-06-01T16:41:00,EASTERN AVE,QUEEN ST E,,2,Non-Fatal Injury,At Intersection,Stop Sign,Pedestrian Collision (internal code),Clear,Daylight,Dry,Minor Arterial,FALSE,-79.31479072,43.66674408,2,,West,1,39,Major,No Equipment Available,,,Crossing with right-of-way (intersection),Normal,,Driver turns right into pedestrian crossing with right-of-way (at intersection),,,,pedestrian,,Beaches-East York (19),55 Division,The Beaches,TRUE,TRUE,FALSE,FALSE,FALSE,FALSE,TRUE,FALSE,FALSE,FALSE,"{""coordinates"": [[-79.31479072103055, 43.66674407982893]], ""type"": ""MultiPoint""}"
14545,2009:1108321,2009-05-29T21:10:00,DANFORTH Road,ST CLAIR Aven E,,2,Non-Fatal Injury,At Intersection,Traffic Signal,Pedestrian Collision (internal code),Rain,Dark,Wet,Major Arterial,FALSE,-79.25989056,43.716844,1,Automobile or Station Wagon,South,1,48,None,Lap and Shoulder Belt,Failed to yield right-of-way,Normal,,,Turning Left,,,,,driver,,Scarborough Southwest (20),41 Division,Clairlea-Birchmount,TRUE,FALSE,FALSE,FALSE,FALSE,FALSE,TRUE,FALSE,FALSE,FALSE,"{""coordinates"": [[-79.25989055628196, 43.716844003825535]], ""type"": ""MultiPoint""}"
14546,2009:1113026,2009-05-27T23:53:00,MCCOWAN Road,LAWRENCE Aven E,,3,Non-Fatal Injury,At Intersection,Traffic Signal,Pedestrian Collision (internal code),Rain,Dark,Wet,Major Arterial,FALSE,-79.24539049,43.75554399,1,,,1,,,Other Safety Equipment Used,,,,,,,,,,owner,,Scarborough Centre (21),43 Division,Bendale South,TRUE,FALSE,FALSE,FALSE,FALSE,FALSE,TRUE,FALSE,FALSE,FALSE,"{""coordinates"": [[-79.24539048909186, 43.75554398980358]], ""type"": ""MultiPoint""}"
14547,2009:1106184,2009-05-26T19:15:00,ROGERS Road,SILVERTHORN Aven,,1,Non-Fatal Injury,,Traffic Signal,Cyclist Collision (internal code),Rain,Daylight,Wet,Minor Arterial,FALSE,-79.46329098,43.68274429,2,Bicycle,West,2,54,Major,Other Safety Equipment Used,,,,,Going Ahead,,Driver turns right on red at signalized intersection and hits cyclist,Driving Properly,Normal,cyclist,,Davenport (9),12 Division,Keelesdale-Eglinton West,FALSE,TRUE,TRUE,FALSE,FALSE,FALSE,FALSE,FALSE,FALSE,FALSE,"{""coordinates"": [[-79.46329097692337, 43.682744287663844]], ""type"": ""MultiPoint""}"
14548,2009:1110667,2009-05-22T21:35:00,675 ANNETTE Stre,,,2,Non-Fatal Injury,,No Control,Cyclist Collision (internal code),Clear,Dark,Dry,Minor Arterial,FALSE,-79.48429106,43.65904433,2,Bicycle,East,2,19,Major,No Equipment Available,,,,,Turning Left,,Rear end with cyclist and driver travelling in same direction,Other,Normal,cyclist,,Parkdale-High Park (4),11 Division,Runnymede-Bloor West Village,TRUE,FALSE,TRUE,FALSE,FALSE,FALSE,FALSE,FALSE,TRUE,FALSE,"{""coordinates"": [[-79.48429105877885, 43.659044328023334]], ""type"": ""MultiPoint""}"
14549,2009:1105521,2009-05-22T15:25:00,KING Stre E,ASHBY Plac,,3,Non-Fatal Injury,,No Control,Pedestrian Collision (internal code),Clear,Daylight,Dry,Major Arterial,FALSE,-79.35769082,43.65594414,1,,,1,45,Major,Other Safety Equipment Used,,,Walking on roadway against traffic,Had Been Drinking,Other,Driver going straight hits pedestrian crossing without right-of-way (at intersection),,,,pedestrian,,Toronto Centre (13),51 Division,Moss Park,FALSE,FALSE,FALSE,FALSE,FALSE,FALSE,TRUE,FALSE,FALSE,FALSE,"{""coordinates"": [[-79.35769081875264, 43.65594414351146]], ""type"": ""MultiPoint""}"
14550,2009:1111047,2009-05-15T12:05:00,KENNEDY RD,ANTRIM CRES,,2,Non-Fatal Injury,At Intersection,Traffic Signal,Pedestrian Collision (internal code),Clear,Daylight,Dry,Major Arterial,FALSE,-79.28329054,43.77174404,2,,East,2,23,Major,Other Safety Equipment Used,,,Crossing with right-of-way (intersection),Normal,,Driver turns left into pedestrian crossing with right-of-way (at intersection),,,,pedestrian,,Scarborough Centre (21),41 Division,Dorset Park,TRUE,TRUE,FALSE,FALSE,FALSE,FALSE,TRUE,FALSE,FALSE,FALSE,"{""coordinates"": [[-79.2832905373326, 43.77174403749634]], ""type"": ""MultiPoint""}"
14551,2009:1108048,2009-05-15T11:00:00,4175 LAWRENCE AVE E,,,2,Non-Fatal Injury,,No Control,Pedestrian Collision (internal code),Clear,Daylight,Dry,Major Arterial,FALSE,-79.1876904,43.76804393,1,,South,1,61,Major,Other Safety Equipment Used,,,Crossing - no traffic control,Had Been Drinking,,Driver hits pedestrian at midblock,,,,pedestrian,,Scarborough-Guildwood (24),43 Division,West Hill,FALSE,FALSE,FALSE,FALSE,FALSE,TRUE,TRUE,FALSE,FALSE,FALSE,"{""coordinates"": [[-79.18769039969062, 43.76804393405015]], ""type"": ""MultiPoint""}"
14552,2009:1106370,2009-05-15T02:39:00,DIXON RD,CARLINGVIEW DR,,2,Non-Fatal Injury,,No Control,Pedestrian Collision (internal code),Clear,Dark,Dry,Major Arterial,TRUE,-79.59799116,43.68664445,1,Automobile or Station Wagon,West,1,,None,Other Safety Equipment Used,Exceeding speed limit,Unknown,,,Going Ahead,,,,,driver,,Etobicoke North (1),23 Division,West Humber-Clairville,TRUE,FALSE,FALSE,FALSE,FALSE,FALSE,TRUE,FALSE,FALSE,FALSE,"{""coordinates"": [[-79.59799116407821, 43.68664445301145]], ""type"": ""MultiPoint""}"
14553,2009:1107709,2009-05-13T17:29:00,610 VAUGHAN RD,,,3,Non-Fatal Injury,,No Control,Pedestrian Collision (internal code),Clear,Daylight,Dry,Minor Arterial,FALSE,-79.43949092,43.69184425,1,,,1,,,Other Safety Equipment Used,,,,,,,,,,owner,,Toronto-St. Paul's (12),13 Division,Oakwood Village,FALSE,FALSE,FALSE,FALSE,FALSE,FALSE,TRUE,FALSE,FALSE,FALSE,"{""coordinates"": [[-79.43949091719854, 43.691844250983785]], ""type"": ""MultiPoint""}"
14554,2009:1103903,2009-05-12T15:40:00,MIDLAND AVE,SOUTH SHIELDS AVE,,2,Non-Fatal Injury,At Intersection,Traffic Signal,Pedestrian Collision (internal code),Clear,Daylight,Dry,Major Arterial,FALSE,-79.28879052,43.80704405,1,Automobile or Station Wagon,South,2,60,None,Other Safety Equipment Used,Failed to yield right-of-way,Inattentive,,,Turning Left,,,,,driver,,Scarborough North (23),42 Division,Agincourt North,TRUE,TRUE,FALSE,FALSE,FALSE,FALSE,TRUE,FALSE,FALSE,FALSE,"{""coordinates"": [[-79.28879051547896, 43.807044047537865]], ""type"": ""MultiPoint""}"
14555,2009:1109447,2009-05-11T07:22:00,FRONT ST W,SPADINA AVE,,3,Non-Fatal Injury,,No Control,Pedestrian Collision (internal code),Clear,Daylight,Dry,Minor Arterial,FALSE,-79.39569091,43.6422442,1,Truck - Open (Flatbed),West,2,52,None,Lap and Shoulder Belt,Driving properly,Normal,,,Going Ahead,,,,,driver,,Spadina-Fort York (10),14 Division,Harbourfront-CityPlace,FALSE,FALSE,FALSE,FALSE,FALSE,FALSE,TRUE,FALSE,FALSE,TRUE,"{""coordinates"": [[-79.39569091384652, 43.64224420275616]], ""type"": ""MultiPoint""}"
14556,2009:1109447,2009-05-11T07:22:00,FRONT ST W,SPADINA AVE,,3,Non-Fatal Injury,,No Control,Pedestrian Collision (internal code),Clear,Daylight,Dry,Minor Arterial,FALSE,-79.39569091,43.6422442,2,,,3,32,Major,No Equipment Available,,,Running onto roadway,Other Condition,,Driver hits pedestrian at midblock,,,,pedestrian,,Spadina-Fort York (10),14 Division,Harbourfront-CityPlace,FALSE,FALSE,FALSE,FALSE,FALSE,FALSE,TRUE,FALSE,FALSE,TRUE,"{""coordinates"": [[-79.39569091384652, 43.64224420275616]], ""type"": ""MultiPoint""}"
14557,2009:1107143,2009-05-09T13:40:00,QUEEN ST W,BAY ST,,2,Non-Fatal Injury,At Intersection,Traffic Signal,Pedestrian Collision (internal code),Rain,Daylight,Wet,Major Arterial,FALSE,-79.38169087,43.65184418,1,Automobile or Station Wagon,East,1,61,None,Lap and Shoulder Belt,Driving properly,Normal,,,Going Ahead,,,,,driver,,Spadina-Fort York (10),52 Division,Yonge-Bay Corridor,FALSE,TRUE,FALSE,FALSE,FALSE,FALSE,TRUE,FALSE,FALSE,FALSE,"{""coordinates"": [[-79.38169087155447, 43.651844179653615]], ""type"": ""MultiPoint""}"
14558,2009:1103248,2009-05-07T23:07:00,COXWELL AVE,CASCI AVE,,2,Non-Fatal Injury,,No Control,Cyclist Collision (internal code),Clear,Dark,Dry,Minor Arterial,FALSE,-79.32078972,43.67654209,2,Bicycle,North,2,19,Major,Other Safety Equipment Used,,,,,Changing Lanes,,Sideswipe with cyclist and driver travelling in same direction,Improper Lane Change,,cyclist,,Beaches-East York (19),55 Division,Woodbine Corridor,FALSE,FALSE,TRUE,FALSE,FALSE,FALSE,FALSE,FALSE,TRUE,FALSE,"{""coordinates"": [[-79.32078971918409, 43.67654208773646]], ""type"": ""MultiPoint""}"
14559,2009:1106823,2009-05-06T19:09:00,1472 AVENUE RD,,,3,Non-Fatal Injury,,No Control,Pedestrian Collision (internal code),Clear,Daylight,Dry,Major Arterial,FALSE,-79.41509083,43.72044421,2,,,3,28,Major,Other Safety Equipment Used,,,Running onto roadway,Had Been Drinking,,Driver hits pedestrian at midblock,,,,pedestrian,,Eglinton-Lawrence (8),53 Division,Bedford Park-Nortown,FALSE,FALSE,FALSE,FALSE,FALSE,FALSE,TRUE,FALSE,FALSE,FALSE,"{""coordinates"": [[-79.41509082610686, 43.72044420872085]], ""type"": ""MultiPoint""}"
14560,2009:1106823,2009-05-06T19:09:00,1472 AVENUE RD,,,3,Non-Fatal Injury,,No Control,Pedestrian Collision (internal code),Clear,Daylight,Dry,Major Arterial,FALSE,-79.41509083,43.72044421,1,Automobile or Station Wagon,South,2,41,None,Other Safety Equipment Used,Driving properly,Normal,,,Going Ahead,,,,,driver,,Eglinton-Lawrence (8),53 Division,Bedford Park-Nortown,FALSE,FALSE,FALSE,FALSE,FALSE,FALSE,TRUE,FALSE,FALSE,FALSE,"{""coordinates"": [[-79.41509082610686, 43.72044420872085]], ""type"": ""MultiPoint""}"
14561,2009:1106309,2009-04-30T15:40:00,MCINTOSH ST,NATAL AVE,,2,Non-Fatal Injury,At Intersection,Stop Sign,Cyclist Collision (internal code),Clear,Daylight,Dry,Collector,FALSE,-79.25189055,43.70794399,1,Automobile or Station Wagon,West,1,18,None,Lap and Shoulder Belt,Exceeding speed limit,Normal,,,Going Ahead,,,,,driver,,Scarborough Southwest (20),41 Division,Birchcliffe-Cliffside,TRUE,FALSE,TRUE,FALSE,FALSE,FALSE,FALSE,FALSE,TRUE,FALSE,"{""coordinates"": [[-79.25189055251276, 43.70794399246688]], ""type"": ""MultiPoint""}"
14562,2009:1106122,2009-04-30T00:33:00,SHEPPARD AVE E,MORNINGSIDE AVE,,2,Non-Fatal Injury,At Intersection,Traffic Signal,Pedestrian Collision (internal code),Clear,Dark,Dry,Major Arterial,FALSE,-79.19979039,43.80194395,1,Automobile or Station Wagon,South,1,20,None,Lap and Shoulder Belt,Failed to yield right-of-way,Normal,,,Turning Left,,,,,driver,,Scarborough-Rouge Park (25),42 Division,Malvern East,TRUE,FALSE,FALSE,FALSE,FALSE,FALSE,TRUE,FALSE,FALSE,FALSE,"{""coordinates"": [[-79.1997903922158, 43.80194395380239]], ""type"": ""MultiPoint""}"
14563,2009:1101072,2009-04-24T10:35:00,QUEENS QUAY W,YORK ST,,3,Non-Fatal Injury,,Traffic Signal,Pedestrian Collision (internal code),Clear,Daylight,Dry,Minor Arterial,FALSE,-79.38019089,43.63994418,1,Automobile or Station Wagon,,1,,,Other Safety Equipment Used,,,,,,,,,,owner,,Spadina-Fort York (10),52 Division,St Lawrence-East Bayfront-The Islands,TRUE,TRUE,FALSE,FALSE,FALSE,FALSE,TRUE,FALSE,FALSE,FALSE,"{""coordinates"": [[-79.38019088669715, 43.639944179993]], ""type"": ""MultiPoint""}"
14564,2009:1100910,2009-04-23T17:30:00,77 BOSTON AVE,,,2,Non-Fatal Injury,,No Control,Pedestrian Collision (internal code),Clear,Daylight,Dry,Local,FALSE,-79.33969077,43.66354412,2,,West,2,59,Major,Other Safety Equipment Used,,,Crossing - no traffic control,Normal,,Driver hits pedestrian at midblock,,,,pedestrian,,Toronto-Danforth (14),55 Division,South Riverdale,FALSE,FALSE,FALSE,FALSE,FALSE,FALSE,TRUE,FALSE,FALSE,FALSE,"{""coordinates"": [[-79.33969077312186, 43.66354411615886]], ""type"": ""MultiPoint""}"
14565,2009:1100641,2009-04-22T05:41:00,FINCH AVE W,KIPLING AVE,,3,Non-Fatal Injury,,Traffic Signal,Pedestrian Collision (internal code),Clear,Dawn,Dry,Major Arterial,FALSE,-79.58209104,43.7432444,1,,,1,,,Other Safety Equipment Used,,,,,,,,,,owner,,Etobicoke North (1),23 Division,Thistletown-Beaumond Heights,FALSE,FALSE,FALSE,FALSE,FALSE,FALSE,TRUE,FALSE,FALSE,FALSE,"{""coordinates"": [[-79.58209103717185, 43.74324440085173]], ""type"": ""MultiPoint""}"
14568,2009:1098951,2009-04-13T23:02:00,SHEPPARD AVE E,MCCOWAN RD,,1,Non-Fatal Injury,At Intersection,Traffic Signal,Pedestrian Collision (internal code),Clear,Dark,Dry,Major Arterial,FALSE,-79.25879048,43.78964401,1,Automobile or Station Wagon,West,1,64,None,Other Safety Equipment Used,Driving properly,Normal,,,Going Ahead,,,,,driver,,Scarborough North (23),42 Division,Agincourt South-Malvern West,FALSE,TRUE,FALSE,FALSE,FALSE,FALSE,TRUE,FALSE,FALSE,FALSE,"{""coordinates"": [[-79.2587904823287, 43.78964401036102]], ""type"": ""MultiPoint""}"
14569,2009:1102178,2009-04-11T20:40:00,DONLANDS AVE,MORTIMER AVE,,2,Non-Fatal Injury,At Intersection,Traffic Signal,Pedestrian Collision (internal code),Clear,Dark,Dry,Minor Arterial,FALSE,-79.34029074,43.68764411,1,Automobile or Station Wagon,South,1,72,None,Lap and Shoulder Belt,Driving properly,Normal,,,Going Ahead,,,,,driver,,Toronto-Danforth (14),55 Division,Danforth East York,FALSE,TRUE,FALSE,FALSE,FALSE,TRUE,TRUE,FALSE,TRUE,FALSE,"{""coordinates"": [[-79.34029074026948, 43.68764411408693]], ""type"": ""MultiPoint""}"
14570,2009:1098792,2009-04-10T09:10:00,DOVERCOURT RD,BLOOR ST W,,2,Non-Fatal Injury,At Intersection,Traffic Signal,Pedestrian Collision (internal code),Clear,Daylight,Dry,Major Arterial,FALSE,-79.42939095,43.66114425,2,,North,2,76,Major,Other Safety Equipment Used,,,Crossing with right-of-way (intersection),Normal,,Driver turns left into pedestrian crossing with right-of-way (at intersection),,,,pedestrian,,Davenport (9),14 Division,Palmerston-Little Italy,TRUE,TRUE,FALSE,FALSE,FALSE,TRUE,TRUE,FALSE,FALSE,FALSE,"{""coordinates"": [[-79.42939094926491, 43.66114424710005]], ""type"": ""MultiPoint""}"
14571,2009:1098480,2009-04-08T14:18:00,552 PRINCE EDWARD DR N,,,3,Non-Fatal Injury,,No Control,Pedestrian Collision (internal code),Clear,Daylight,Dry,Collector,FALSE,-79.5100901,43.65974236,1,,,1,,,Other Safety Equipment Used,,,,,,,,,,owner,,Etobicoke-Lakeshore (3),22 Division,Kingsway South,FALSE,FALSE,FALSE,FALSE,FALSE,TRUE,TRUE,FALSE,FALSE,FALSE,"{""coordinates"": [[-79.51009010092271, 43.65974236286432]], ""type"": ""MultiPoint""}"
14575,2008:1046554,2008-07-06T05:52:00,633 SILVER STAR BLVD,,,1,Non-Fatal Injury,,No Control,Pedestrian Collision (internal code),Clear,Daylight,Dry,Collector,FALSE,-79.29879052,43.82124406,1,,,1,16,Major,Other Safety Equipment Used,,,Other,Had Been Drinking,,Driver hits pedestrian at midblock,,,,pedestrian,,Scarborough-Agincourt (22),42 Division,Milliken,FALSE,FALSE,FALSE,FALSE,FALSE,FALSE,TRUE,FALSE,TRUE,FALSE,"{""coordinates"": [[-79.29879051858583, 43.82124406020441]], ""type"": ""MultiPoint""}"
14576,2009:1103828,2009-03-28T14:44:00,DUNDAS ST W,SORAUREN AVE,,2,Non-Fatal Injury,,No Control,Cyclist Collision (internal code),Clear,Daylight,Dry,Minor Arterial,TRUE,-79.445291,43.65114427,1,Automobile or Station Wagon,West,1,,None,Other Safety Equipment Used,Failed to yield right-of-way,Unknown,,,Unknown,,,,,driver,,Parkdale-High Park (4),11 Division,Roncesvalles,TRUE,FALSE,TRUE,FALSE,FALSE,FALSE,FALSE,FALSE,FALSE,FALSE,"{""coordinates"": [[-79.44529099682563, 43.65114427392064]], ""type"": ""MultiPoint""}"