_id,collision_id,accdate,stname1,stname2,stname3,per_inv,acclass,accloc,traffictl,impactype,visible,light,rdsfcond,road_class,failtorem,longitude,latitude,veh_no,vehtype,initdir,per_no,invage,injury,safequip,drivact,drivcond,pedact,pedcond,manoeuvre,pedtype,cyclistype,cycact,cyccond,road_user,fatal_no,wardname,division,neighbourhood,aggressive,distracted,cyclist,motorcyclist,other_micromobility,older_adult,pedestrian,red_light,school_child,heavy_truck,geometry
14679,2008:1067454,2008-10-31T11:37:00,VALERMO DR,BROWNS LINE Driv,,4,Non-Fatal Injury,At Intersection,Traffic Signal,Pedestrian Collision (internal code),Clear,Daylight,Dry,Major Arterial,FALSE,-79.54709125,43.60604444,2,,West,4,42,Major,Other Safety Equipment Used,,,Crossing without right-of-way (intersection),Normal,,Driver going straight hits pedestrian crossing without right-of-way (at intersection),,,,pedestrian,,Etobicoke-Lakeshore (3),22 Division,Alderwood,FALSE,FALSE,FALSE,FALSE,FALSE,FALSE,TRUE,FALSE,TRUE,FALSE,"{""coordinates"": [[-79.54709124901517, 43.60604443717348]], ""type"": ""MultiPoint""}"
14680,2008:1067167,2008-10-29T21:44:00,MARTIN GROVE RD,LAVINGTON DR,,2,Non-Fatal Injury,,Traffic Signal,Pedestrian Collision (internal code),Clear,Dark,Dry,Major Arterial,FALSE,-79.56939112,43.68824442,1,Automobile or Station Wagon,North,1,51,None,Other Safety Equipment Used,Disobeyed traffic control,Normal,,,Going Ahead,,,,,driver,,Etobicoke North (1),23 Division,Willowridge-Martingrove-Richview,TRUE,FALSE,FALSE,FALSE,FALSE,TRUE,TRUE,TRUE,FALSE,FALSE,"{""coordinates"": [[-79.5693911243702, 43.6882444183384]], ""type"": ""MultiPoint""}"
14681,2008:1067165,2008-10-29T18:36:00,BAY ST,DUNDAS ST W,,4,Non-Fatal Injury,At Intersection,Traffic Signal,Pedestrian Collision (internal code),Clear,Dark,Dry,Major Arterial,FALSE,-79.38379087,43.65574418,3,,,6,20,Major,Other Safety Equipment Used,,,On sidewalk or shoulder,Normal,,Driver hits pedestrian on sidewalk or shoulder,,,,pedestrian,,University-Rosedale (11),52 Division,Yonge-Bay Corridor,FALSE,FALSE,FALSE,FALSE,FALSE,TRUE,TRUE,FALSE,FALSE,FALSE,"{""coordinates"": [[-79.38379086969196, 43.65574418188723]], ""type"": ""MultiPoint""}"
14682,2008:1067165,2008-10-29T18:36:00,BAY ST,DUNDAS ST W,,4,Non-Fatal Injury,At Intersection,Traffic Signal,Pedestrian Collision (internal code),Clear,Dark,Dry,Major Arterial,FALSE,-79.38379087,43.65574418,1,,,2,,,Other Safety Equipment Used,,,,,,,,,,owner,,University-Rosedale (11),52 Division,Yonge-Bay Corridor,FALSE,FALSE,FALSE,FALSE,FALSE,TRUE,TRUE,FALSE,FALSE,FALSE,"{""coordinates"": [[-79.38379086969196, 43.65574418188723]], ""type"": ""MultiPoint""}"
14683,2008:1067165,2008-10-29T18:36:00,BAY ST,DUNDAS ST W,,4,Non-Fatal Injury,At Intersection,Traffic Signal,Pedestrian Collision (internal code),Clear,Dark,Dry,Major Arterial,FALSE,-79.38379087,43.65574418,2,Automobile or Station Wagon,South,5,21,None,Other Safety Equipment Used,Lost control,Unknown,,,Changing Lanes,,,,,driver,,University-Rosedale (11),52 Division,Yonge-Bay Corridor,FALSE,FALSE,FALSE,FALSE,FALSE,TRUE,TRUE,FALSE,FALSE,FALSE,"{""coordinates"": [[-79.38379086969196, 43.65574418188723]], ""type"": ""MultiPoint""}"
14684,2008:1067165,2008-10-29T18:36:00,BAY ST,DUNDAS ST W,,4,Non-Fatal Injury,At Intersection,Traffic Signal,Pedestrian Collision (internal code),Clear,Dark,Dry,Major Arterial,FALSE,-79.38379087,43.65574418,1,Automobile or Station Wagon,North,3,65,None,Other Safety Equipment Used,Improper turn,Normal,,,Turning Left,,,,,driver,,University-Rosedale (11),52 Division,Yonge-Bay Corridor,FALSE,FALSE,FALSE,FALSE,FALSE,TRUE,TRUE,FALSE,FALSE,FALSE,"{""coordinates"": [[-79.38379086969196, 43.65574418188723]], ""type"": ""MultiPoint""}"
14685,2008:1064702,2008-10-16T11:50:00,LAWRENCE AVE E,MIDLAND AVE,,1,Non-Fatal Injury,At Intersection,Traffic Signal,Pedestrian Collision (internal code),Other,Daylight,Dry,Major Arterial,FALSE,-79.26509052,43.75154401,1,,,1,,,Other Safety Equipment Used,,,,,,,,,,owner,,Scarborough Centre (21),41 Division,Dorset Park,TRUE,FALSE,FALSE,FALSE,FALSE,FALSE,TRUE,FALSE,FALSE,TRUE,"{""coordinates"": [[-79.26509052416722, 43.75154401268197]], ""type"": ""MultiPoint""}"
14686,2008:1066713,2008-10-27T07:07:00,BRIMLEY RD,SHEDIAC RD,,1,Non-Fatal Injury,,Traffic Signal,Pedestrian Collision (internal code),Clear,Daylight,Dry,Major Arterial,FALSE,-79.25339051,43.748844,1,Automobile or Station Wagon,East,1,50,None,Other Safety Equipment Used,Failed to yield right-of-way,Normal,,,Turning Left,,,,,driver,,Scarborough Centre (21),43 Division,Bendale South,TRUE,FALSE,FALSE,FALSE,FALSE,FALSE,TRUE,FALSE,FALSE,FALSE,"{""coordinates"": [[-79.25339050707713, 43.748843997756346]], ""type"": ""MultiPoint""}"
14690,2008:1053809,2008-07-20T03:20:00,4982 YONGE ST,,,2,Non-Fatal Injury,,No Control,Pedestrian Collision (internal code),Rain,Dark,Wet,Major Arterial,FALSE,-79.41209076,43.76594419,1,Automobile or Station Wagon,South,1,31,None,Lap and Shoulder Belt,Driving properly,Normal,,,Going Ahead,,,,,driver,,Willowdale (18),32 Division,Lansing-Westgate,FALSE,FALSE,FALSE,FALSE,FALSE,FALSE,TRUE,FALSE,FALSE,FALSE,"{""coordinates"": [[-79.41209075576967, 43.765944194467274]], ""type"": ""MultiPoint""}"
14691,2008:1066104,2008-10-23T19:40:00,BRENTCLIFFE RD,WICKSTEED AVE,,1,Non-Fatal Injury,At Intersection,Traffic Signal,Pedestrian Collision (internal code),Clear,Dark,Dry,Minor Arterial,FALSE,-79.35849074,43.71144414,1,,North,1,65,Major,Other Safety Equipment Used,,,Pushing or working on vehicle,Inattentive,Going Ahead,Other,,,,pedestrian,,Don Valley West (15),53 Division,Thorncliffe Park,FALSE,TRUE,FALSE,FALSE,FALSE,TRUE,TRUE,FALSE,FALSE,FALSE,"{""coordinates"": [[-79.3584907392759, 43.7114441355621]], ""type"": ""MultiPoint""}"
14692,2008:1069502,2008-10-23T14:48:00,KEELE ST,STEELES AVE W,,3,Non-Fatal Injury,At Intersection,Traffic Signal,Pedestrian Collision (internal code),Clear,Daylight,Dry,Major Arterial,FALSE,-79.49449087,43.78154429,1,,,1,,,Other Safety Equipment Used,,,,,,,,,,owner,,,31 Division,York University Heights,TRUE,FALSE,FALSE,FALSE,FALSE,FALSE,TRUE,FALSE,FALSE,FALSE,"{""coordinates"": [[-79.49449087266969, 43.78154429141674]], ""type"": ""MultiPoint""}"
14693,2008:1069547,2008-10-22T19:27:00,COXWELL AVE,COSBURN AVE,,2,Non-Fatal Injury,At Intersection,Traffic Signal,Cyclist Collision (internal code),Clear,Dark,Dry,Minor Arterial,FALSE,-79.32799071,43.6941441,1,Automobile or Station Wagon,East,1,28,None,Lap and Shoulder Belt,Improper turn,Normal,,,Turning Left,,,,,driver,,Beaches-East York (19),55 Division,Old East York,FALSE,FALSE,TRUE,FALSE,FALSE,FALSE,FALSE,FALSE,FALSE,FALSE,"{""coordinates"": [[-79.32799070850187, 43.694144096321374]], ""type"": ""MultiPoint""}"
14694,2008:1069392,2008-10-21T15:20:00,GRENVIEW BLVD S,MEADOWVALE DR,,3,Non-Fatal Injury,,No Control,Pedestrian Collision (internal code),Clear,Daylight,Dry,Local,FALSE,-79.50729112,43.64644437,1,,,1,,,Other Safety Equipment Used,,,,,,,,,,owner,,Etobicoke-Lakeshore (3),22 Division,Stonegate-Queensway,TRUE,FALSE,FALSE,FALSE,FALSE,FALSE,TRUE,FALSE,FALSE,TRUE,"{""coordinates"": [[-79.50729112182401, 43.64644436614686]], ""type"": ""MultiPoint""}"
14695,2008:1065141,2008-10-19T08:50:00,MCCOWAN RD,401 C E MCCOWAN RD RAMP,,3,Non-Fatal Injury,At Intersection,Traffic Signal,Pedestrian Collision (internal code),Clear,Daylight,Dry,Major Arterial,FALSE,-79.25419048,43.779544,2,,South,2,62,,Other Safety Equipment Used,,,,,Parked,,,,,other,,Scarborough-Guildwood (24),43 Division,Woburn North,TRUE,TRUE,FALSE,FALSE,FALSE,FALSE,TRUE,FALSE,FALSE,TRUE,"{""coordinates"": [[-79.25419048310212, 43.7795440033695]], ""type"": ""MultiPoint""}"
14696,2008:1065141,2008-10-19T08:50:00,MCCOWAN RD,401 C E MCCOWAN RD RAMP,,3,Non-Fatal Injury,At Intersection,Traffic Signal,Pedestrian Collision (internal code),Clear,Daylight,Dry,Major Arterial,FALSE,-79.25419048,43.779544,3,,Unknown,3,62,Major,Other Safety Equipment Used,,,Pushing or working on vehicle,Unknown,,Other,,,,pedestrian,,Scarborough-Guildwood (24),43 Division,Woburn North,TRUE,TRUE,FALSE,FALSE,FALSE,FALSE,TRUE,FALSE,FALSE,TRUE,"{""coordinates"": [[-79.25419048310212, 43.7795440033695]], ""type"": ""MultiPoint""}"
14697,2008:1069132,2008-10-18T15:00:00,STEELES AVE E,FENTON RD,,3,Non-Fatal Injury,At Intersection,Traffic Signal,Cyclist Collision (internal code),Clear,Daylight,Dry,Major Arterial,FALSE,-79.2916905,43.82724405,1,,,1,,,Other Safety Equipment Used,,,,,,,,,,owner,,Scarborough North (23),42 Division,Milliken,TRUE,TRUE,TRUE,FALSE,FALSE,TRUE,FALSE,FALSE,FALSE,FALSE,"{""coordinates"": [[-79.29169050226666, 43.82724405271558]], ""type"": ""MultiPoint""}"
14698,2008:1065056,2008-10-18T09:15:00,STEELES AVE E,WILLOWDALE AVE,,3,Non-Fatal Injury,,Traffic Signal,Pedestrian Collision (internal code),Clear,Daylight,Other,Major Arterial,FALSE,-79.41449072,43.79924419,2,,North,3,75,Major,Other Safety Equipment Used,,,Crossing with right-of-way (intersection),Normal,,Driver turns left into pedestrian crossing with right-of-way (at intersection),,,,pedestrian,,Willowdale (18),32 Division,Newtonbrook East,TRUE,TRUE,FALSE,FALSE,FALSE,TRUE,TRUE,FALSE,FALSE,FALSE,"{""coordinates"": [[-79.41449072279507, 43.7992441936023]], ""type"": ""MultiPoint""}"
14699,2008:1047410,2008-07-10T13:48:00,DON VALLEY PARKWAY N,GERRARD ST E,,3,Non-Fatal Injury,,No Control,Pedestrian Collision (internal code),Clear,Daylight,Dry,,FALSE,-79.3570908,43.66914414,1,,,1,,,Other Safety Equipment Used,,,,,,,,,,owner,,Toronto-Danforth (14),55 Division,North Riverdale,FALSE,FALSE,FALSE,FALSE,FALSE,FALSE,TRUE,FALSE,FALSE,FALSE,"{""coordinates"": [[-79.35709079836671, 43.66914414050314]], ""type"": ""MultiPoint""}"
14700,2008:1065056,2008-10-18T09:15:00,STEELES AVE E,WILLOWDALE AVE,,3,Non-Fatal Injury,,Traffic Signal,Pedestrian Collision (internal code),Clear,Daylight,Other,Major Arterial,FALSE,-79.41449072,43.79924419,1,Automobile or Station Wagon,South,2,54,None,Other Safety Equipment Used,Failed to yield right-of-way,Inattentive,,,Turning Left,,,,,driver,,Willowdale (18),32 Division,Newtonbrook East,TRUE,TRUE,FALSE,FALSE,FALSE,TRUE,TRUE,FALSE,FALSE,FALSE,"{""coordinates"": [[-79.41449072279507, 43.7992441936023]], ""type"": ""MultiPoint""}"
14701,2008:1064978,2008-10-17T19:56:00,KEELE ST,VICTORY DR,,2,Non-Fatal Injury,,No Control,Pedestrian Collision (internal code),Clear,Dark,Dry,Major Arterial,FALSE,-79.48249093,43.72854429,1,,,1,44,Major,No Equipment Available,,,Crossing - no traffic control,Normal,,Driver going straight hits pedestrian crossing without right-of-way (at intersection),,,,pedestrian,,York Centre (6),31 Division,Downsview,FALSE,FALSE,FALSE,FALSE,FALSE,FALSE,TRUE,FALSE,FALSE,FALSE,"{""coordinates"": [[-79.48249093062232, 43.72854429393483]], ""type"": ""MultiPoint""}"
14703,2008:1068386,2008-10-16T19:05:00,BIRCHMOUNT RD,ALLANFORD RD,,2,Non-Fatal Injury,At Intersection,Traffic Signal,Pedestrian Collision (internal code),Clear,Dark,Dry,Major Arterial,FALSE,-79.29509055,43.77424405,2,,,2,45,Major,Other Safety Equipment Used,,,Crossing with right-of-way (intersection),Normal,,Driver turns left into pedestrian crossing with right-of-way (at intersection),,,,pedestrian,,Scarborough-Agincourt (22),42 Division,Tam O'Shanter-Sullivan,TRUE,TRUE,FALSE,FALSE,FALSE,FALSE,TRUE,FALSE,FALSE,FALSE,"{""coordinates"": [[-79.29509055453917, 43.77424405203082]], ""type"": ""MultiPoint""}"
14704,2008:1068411,2008-10-16T17:48:00,YONGE ST,CHURCHILL AVE,,2,Non-Fatal Injury,At Intersection,No Control,Cyclist Collision (internal code),Clear,Daylight,Dry,Major Arterial,FALSE,-79.41409075,43.7741442,1,Automobile or Station Wagon,South,1,47,None,Lap and Shoulder Belt,Improper lane change,Normal,,,Changing Lanes,,,,,driver,,Willowdale (18),32 Division,Yonge-Doris,FALSE,FALSE,TRUE,FALSE,FALSE,FALSE,FALSE,FALSE,FALSE,FALSE,"{""coordinates"": [[-79.41409074999059, 43.77414419598355]], ""type"": ""MultiPoint""}"
14705,2008:1065334,2008-10-14T22:07:00,KIPLING AVE,BURNHAMTHORPE RD,,2,Non-Fatal Injury,At Intersection,Traffic Signal,Pedestrian Collision (internal code),Clear,Dark,Dry,Major Arterial,TRUE,-79.53939116,43.6509444,1,Automobile or Station Wagon,East,1,,None,Other Safety Equipment Used,Failed to yield right-of-way,Unknown,,,Turning Right,,,,,driver,,Etobicoke Centre (2),22 Division,Islington,TRUE,FALSE,FALSE,FALSE,FALSE,TRUE,TRUE,FALSE,FALSE,FALSE,"{""coordinates"": [[-79.53939115528779, 43.65094440312149]], ""type"": ""MultiPoint""}"
14706,2008:1064595,2008-10-05T14:45:00,KIPLING AVE,BROOKMERE RD,,2,Non-Fatal Injury,At Intersection,Traffic Signal,Cyclist Collision (internal code),Clear,Daylight,Dry,Major Arterial,TRUE,-79.57471056,43.7281131,1,Automobile or Station Wagon,South,1,,None,Other Safety Equipment Used,,,,,Going Ahead,,,,,driver,,Etobicoke North (1),23 Division,West Humber-Clairville,FALSE,FALSE,TRUE,FALSE,FALSE,FALSE,FALSE,FALSE,FALSE,FALSE,"{""coordinates"": [[-79.5747105563213, 43.72811310142965]], ""type"": ""MultiPoint""}"
14707,2008:1062738,2008-10-05T03:38:00,SPADINA AVE,OXFORD ST,,4,Non-Fatal Injury,,No Control,Pedestrian Collision (internal code),Clear,Dark,Dry,Major Arterial,FALSE,-79.3995909,43.6567442,1,,,1,,,Other Safety Equipment Used,,,,,,,,,,owner,,University-Rosedale (11),14 Division,Kensington-Chinatown,FALSE,FALSE,FALSE,FALSE,FALSE,FALSE,TRUE,FALSE,FALSE,FALSE,"{""coordinates"": [[-79.39959089878161, 43.656744204838915]], ""type"": ""MultiPoint""}"
14708,2008:1062738,2008-10-05T03:38:00,SPADINA AVE,OXFORD ST,,4,Non-Fatal Injury,,No Control,Pedestrian Collision (internal code),Clear,Dark,Dry,Major Arterial,FALSE,-79.3995909,43.6567442,2,,West,4,24,Major,Other Safety Equipment Used,,,Crossing - no traffic control,Had Been Drinking,,Transit vehicle driver hits pedestrian anywhere along roadway,,,,pedestrian,,University-Rosedale (11),14 Division,Kensington-Chinatown,FALSE,FALSE,FALSE,FALSE,FALSE,FALSE,TRUE,FALSE,FALSE,FALSE,"{""coordinates"": [[-79.39959089878161, 43.656744204838915]], ""type"": ""MultiPoint""}"
14709,2008:1065860,2008-10-03T06:41:00,BLOOR ST W,WINDERMERE AVE,,2,Non-Fatal Injury,At Intersection,Traffic Signal,Pedestrian Collision (internal code),Clear,Dawn,Dry,Major Arterial,FALSE,-79.48049107,43.65024433,2,,,2,58,Major,No Equipment Available,,,Crossing without right-of-way (intersection),Normal,,Driver turns right into pedestrian crossing without right-of-way (at intersection),,,,pedestrian,,Parkdale-High Park (4),11 Division,Runnymede-Bloor West Village,FALSE,FALSE,FALSE,FALSE,FALSE,FALSE,TRUE,FALSE,FALSE,FALSE,"{""coordinates"": [[-79.480491067178, 43.650244326412185]], ""type"": ""MultiPoint""}"
14710,2008:1062444,2008-10-02T20:38:00,FINCH Ave W,DUFFERIN St,,4,Non-Fatal Injury,,No Control,Pedestrian Collision (internal code),Rain,Dark,Wet,Major Arterial,FALSE,-79.46989085,43.76814426,1,,North,1,69,Major,Other Safety Equipment Used,,,Crossing - no traffic control,Normal,,Driver hits pedestrian at midblock,,,,pedestrian,,York Centre (6),32 Division,York University Heights,FALSE,FALSE,FALSE,FALSE,FALSE,TRUE,TRUE,FALSE,TRUE,FALSE,"{""coordinates"": [[-79.46989084887454, 43.76814426472697]], ""type"": ""MultiPoint""}"
14711,2008:1062444,2008-10-02T20:38:00,FINCH Ave W,DUFFERIN St,,4,Non-Fatal Injury,,No Control,Pedestrian Collision (internal code),Rain,Dark,Wet,Major Arterial,FALSE,-79.46989085,43.76814426,1,Automobile or Station Wagon,West,4,18,None,Other Safety Equipment Used,Driving properly,Normal,,,Going Ahead,,,,,driver,,York Centre (6),32 Division,York University Heights,FALSE,FALSE,FALSE,FALSE,FALSE,TRUE,TRUE,FALSE,TRUE,FALSE,"{""coordinates"": [[-79.46989084887454, 43.76814426472697]], ""type"": ""MultiPoint""}"
14713,2008:1061921,2008-09-30T07:07:00,SHEPPARD AVE W,HAMMELL ST,,3,Non-Fatal Injury,,No Control,Pedestrian Collision (internal code),Rain,Daylight,Wet,Major Arterial,FALSE,-79.44049082,43.75514423,1,,North,2,44,Major,Other Safety Equipment Used,,,Running onto roadway,Inattentive,,Driver going straight hits pedestrian crossing without right-of-way (at intersection),,,,pedestrian,,York Centre (6),32 Division,Bathurst Manor,FALSE,TRUE,FALSE,FALSE,FALSE,FALSE,TRUE,FALSE,FALSE,FALSE,"{""coordinates"": [[-79.44049081533485, 43.755144230913366]], ""type"": ""MultiPoint""}"
14714,2008:1061921,2008-09-30T07:07:00,SHEPPARD AVE W,HAMMELL ST,,3,Non-Fatal Injury,,No Control,Pedestrian Collision (internal code),Rain,Daylight,Wet,Major Arterial,FALSE,-79.44049082,43.75514423,1,Automobile or Station Wagon,East,3,59,None,Lap and Shoulder Belt,Driving properly,Normal,,,Going Ahead,,,,,driver,,York Centre (6),32 Division,Bathurst Manor,FALSE,TRUE,FALSE,FALSE,FALSE,FALSE,TRUE,FALSE,FALSE,FALSE,"{""coordinates"": [[-79.44049081533485, 43.755144230913366]], ""type"": ""MultiPoint""}"
14715,2008:1063404,2008-09-28T01:28:00,YONGE ST,RANLEIGH AVE,,2,Non-Fatal Injury,At Intersection,Traffic Signal,Pedestrian Collision (internal code),"Airborne Matter (Fog, Mist, Smoke, Dust)",Dark,Wet,Major Arterial,TRUE,-79.40289079,43.72784419,1,,East,2,53,Major,Other Safety Equipment Used,,,Crossing with right-of-way (intersection),Unknown,,Driver going straight hits pedestrian crossing with right-of-way (at intersection),,,,pedestrian,,Don Valley West (15),32 Division,Lawrence Park North,FALSE,FALSE,FALSE,FALSE,FALSE,FALSE,TRUE,FALSE,FALSE,FALSE,"{""coordinates"": [[-79.40289079286963, 43.72784419065244]], ""type"": ""MultiPoint""}"
14716,2008:1064434,2008-09-27T20:25:00,BIRCHMOUNT RD,LAWRENCE AVE E,,4,Non-Fatal Injury,At Intersection,Traffic Signal,Pedestrian Collision (internal code),Rain,Dark,Wet,Major Arterial,TRUE,-79.28479056,43.74754404,1,,,2,,,Other Safety Equipment Used,,,,,,,,,,owner,,Scarborough Centre (21),41 Division,Dorset Park,TRUE,FALSE,FALSE,FALSE,FALSE,FALSE,TRUE,FALSE,FALSE,FALSE,"{""coordinates"": [[-79.28479056177606, 43.74754403708166]], ""type"": ""MultiPoint""}"
14717,2008:1064434,2008-09-27T20:25:00,BIRCHMOUNT RD,LAWRENCE AVE E,,4,Non-Fatal Injury,At Intersection,Traffic Signal,Pedestrian Collision (internal code),Rain,Dark,Wet,Major Arterial,TRUE,-79.28479056,43.74754404,1,Automobile or Station Wagon,South,3,20,None,Other Safety Equipment Used,Speed too fast for conditions,Unknown,,,Going Ahead,,,,,driver,,Scarborough Centre (21),41 Division,Dorset Park,TRUE,FALSE,FALSE,FALSE,FALSE,FALSE,TRUE,FALSE,FALSE,FALSE,"{""coordinates"": [[-79.28479056177606, 43.74754403708166]], ""type"": ""MultiPoint""}"
14718,2008:1064117,2008-09-25T06:00:00,CITY VIEW DR,DIXON RD,,2,Non-Fatal Injury,,No Control,Pedestrian Collision (internal code),Clear,Dawn,Dry,Local,FALSE,-79.57729113,43.69054443,2,,North,2,50,Major,Other Safety Equipment Used,,,On sidewalk or shoulder,Normal,,Driver hits pedestrian on sidewalk or shoulder,,,,pedestrian,,Etobicoke North (1),23 Division,West Humber-Clairville,TRUE,FALSE,FALSE,FALSE,FALSE,FALSE,TRUE,FALSE,FALSE,FALSE,"{""coordinates"": [[-79.57729113018117, 43.69054442630284]], ""type"": ""MultiPoint""}"
14719,2008:1065481,2008-09-22T13:05:00,ROWATSON RD,FAREHAM CRES,,2,Non-Fatal Injury,,No Control,Pedestrian Collision (internal code),Clear,Daylight,Dry,Local,FALSE,-79.20289044,43.74824394,2,,,2,69,Major,Other Safety Equipment Used,,,Other,Normal,,Driver hits pedestrian at midblock,,,,pedestrian,,Scarborough-Guildwood (24),43 Division,Guildwood,TRUE,TRUE,FALSE,FALSE,FALSE,TRUE,TRUE,FALSE,FALSE,FALSE,"{""coordinates"": [[-79.20289043536383, 43.748243944949856]], ""type"": ""MultiPoint""}"
14720,2008:1064337,2008-09-19T08:40:00,SILVERSTONE DR,MARTIN GROVE RD,,2,Non-Fatal Injury,At Intersection,Traffic Signal,Pedestrian Collision (internal code),Clear,Daylight,Dry,Minor Arterial,TRUE,-79.59859104,43.75084441,1,,East,2,12,Major,Other Safety Equipment Used,,,Crossing with right-of-way (intersection),Normal,,Driver turns left into pedestrian crossing with right-of-way (at intersection),,,,pedestrian,,Etobicoke North (1),23 Division,West Humber-Clairville,TRUE,FALSE,FALSE,FALSE,FALSE,FALSE,TRUE,FALSE,TRUE,FALSE,"{""coordinates"": [[-79.59859104398885, 43.750844414783195]], ""type"": ""MultiPoint""}"
14721,2008:1053153,2008-08-14T16:59:00,AMHERST AVE,GLENHOLME AVE,,5,Non-Fatal Injury,,No Control,Pedestrian Collision (internal code),Clear,Daylight,Dry,Local,TRUE,-79.44099092,43.69124425,3,,,2,,,Other Safety Equipment Used,,,,,,,,,,owner,,Toronto-St. Paul's (12),13 Division,Oakwood Village,FALSE,FALSE,FALSE,FALSE,FALSE,FALSE,TRUE,FALSE,TRUE,FALSE,"{""coordinates"": [[-79.44099092097278, 43.69124425327525]], ""type"": ""MultiPoint""}"
14722,2008:1062269,2008-09-18T16:20:00,BEVERLEY St,COLLEGE St,,2,Non-Fatal Injury,,No Control,Cyclist Collision (internal code),Clear,Daylight,Dry,Minor Arterial,FALSE,-79.39559089,43.6579442,2,Bicycle,South,2,30,Major,No Equipment Available,,,,,Going Ahead,,Driver makes U-turn in front of cyclist,Driving Properly,Normal,cyclist,,University-Rosedale (11),52 Division,Kensington-Chinatown,TRUE,TRUE,TRUE,FALSE,FALSE,FALSE,FALSE,FALSE,FALSE,FALSE,"{""coordinates"": [[-79.39559088915838, 43.65794419867109]], ""type"": ""MultiPoint""}"
14723,2008:1063278,2008-09-16T16:55:00,JANE St,HOMEVIEW Ave,,3,Non-Fatal Injury,,No Control,Pedestrian Collision (internal code),Clear,Daylight,Dry,Major Arterial,FALSE,-79.49239106,43.66864434,1,,,1,,,Other Safety Equipment Used,,,,,,,,,,owner,,York South-Weston (5),12 Division,Rockcliffe-Smythe,FALSE,TRUE,FALSE,FALSE,FALSE,FALSE,TRUE,FALSE,TRUE,TRUE,"{""coordinates"": [[-79.49239105694721, 43.668644335294644]], ""type"": ""MultiPoint""}"
14724,2008:1064077,2008-09-14T23:00:00,SIMPSON AVE,BROADVIEW AVE,,2,Non-Fatal Injury,,No Control,Pedestrian Collision (internal code),Rain,Dark,Wet,Local,TRUE,-79.34859079,43.66714413,1,,,2,26,Major,Other Safety Equipment Used,,,Crossing - no traffic control,Had Been Drinking,,Driver hits pedestrian at midblock,,,,pedestrian,,Toronto-Danforth (14),55 Division,North Riverdale,TRUE,FALSE,FALSE,FALSE,FALSE,FALSE,TRUE,FALSE,FALSE,FALSE,"{""coordinates"": [[-79.34859078504563, 43.6671441285634]], ""type"": ""MultiPoint""}"
14725,2008:1062512,2008-09-13T14:50:00,ADELAIDE St E,POWER St,,1,Non-Fatal Injury,,No Control,Cyclist Collision (internal code),Clear,Daylight,Dry,Major Arterial,FALSE,-79.36229083,43.65434415,1,Bicycle,East,1,24,Major,Helmet,,,,,Going Ahead,,Cyclist loses control and hits object (e.g. pole or TTC track),Lost control,Normal,cyclist,,Toronto Centre (13),51 Division,Moss Park,FALSE,FALSE,TRUE,FALSE,FALSE,FALSE,FALSE,FALSE,FALSE,FALSE,"{""coordinates"": [[-79.36229083002894, 43.654344150544304]], ""type"": ""MultiPoint""}"
14726,2008:1067813,2008-09-11T15:29:00,CARLTON ST,MUTUAL ST,,2,Non-Fatal Injury,,No Control,Pedestrian Collision (internal code),Clear,Daylight,Dry,Major Arterial,FALSE,-79.37789085,43.66214417,1,Automobile or Station Wagon,West,1,33,None,Lap and Shoulder Belt,Driving properly,Normal,,,Going Ahead,,,,,driver,,Toronto Centre (13),51 Division,Downtown Yonge East,FALSE,FALSE,FALSE,FALSE,FALSE,FALSE,TRUE,FALSE,FALSE,FALSE,"{""coordinates"": [[-79.3778908485646, 43.66214417187883]], ""type"": ""MultiPoint""}"
14727,2008:1060768,2008-09-10T20:47:00,ST CLAIR Aven E,MIDLAND Aven,,2,Non-Fatal Injury,At Intersection,Traffic Signal,Cyclist Collision (internal code),Clear,Daylight,Dry,Minor Arterial,FALSE,-79.25129054,43.71874399,2,Bicycle,North,2,56,Major,Equipment Not Used But Available,,,,,Going Ahead,,Driver turns left into path of cyclist,Other,Had Been Drinking,cyclist,,Scarborough Southwest (20),41 Division,Cliffcrest,TRUE,FALSE,TRUE,FALSE,FALSE,TRUE,FALSE,FALSE,FALSE,FALSE,"{""coordinates"": [[-79.25129053878327, 43.71874399257384]], ""type"": ""MultiPoint""}"
14730,2008:1060729,2008-09-08T16:13:00,FINCH AVE W,KEELE ST,,3,Non-Fatal Injury,At Intersection,Traffic Signal,Pedestrian Collision (internal code),Clear,Daylight,Dry,Major Arterial,FALSE,-79.49089089,43.76354429,1,,,1,,,Other Safety Equipment Used,,,,,,,,,,owner,,York Centre (6),31 Division,York University Heights,FALSE,FALSE,FALSE,FALSE,FALSE,FALSE,TRUE,FALSE,FALSE,FALSE,"{""coordinates"": [[-79.4908908893438, 43.76354429145272]], ""type"": ""MultiPoint""}"
14731,2008:1057099,2008-09-08T08:59:00,VALHALLA INN RD,427 C N VALHALLA INN RAMP,,3,Non-Fatal Injury,,No Control,Pedestrian Collision (internal code),Clear,Daylight,Dry,Collector,FALSE,-79.5596912,43.64104443,1,,,1,,,Other Safety Equipment Used,,,,,,,,,,owner,,Etobicoke Centre (2),22 Division,Islington,FALSE,TRUE,FALSE,FALSE,FALSE,FALSE,TRUE,FALSE,FALSE,FALSE,"{""coordinates"": [[-79.55969120021847, 43.64104443351255]], ""type"": ""MultiPoint""}"