_id,collision_id,accdate,stname1,stname2,stname3,per_inv,acclass,accloc,traffictl,impactype,visible,light,rdsfcond,road_class,failtorem,longitude,latitude,veh_no,vehtype,initdir,per_no,invage,injury,safequip,drivact,drivcond,pedact,pedcond,manoeuvre,pedtype,cyclistype,cycact,cyccond,road_user,fatal_no,wardname,division,neighbourhood,aggressive,distracted,cyclist,motorcyclist,other_micromobility,older_adult,pedestrian,red_light,school_child,heavy_truck,geometry
14837,2008:1042268,2008-05-24T12:38:00,CHRISTIE ST,LAMBERTLODGE AVE,,2,Non-Fatal Injury,At Intersection,Stop Sign,Cyclist Collision (internal code),Clear,Daylight,Dry,Minor Arterial,TRUE,-79.42239092,43.67384423,1,Automobile or Station Wagon,South,1,29,None,Other Safety Equipment Used,Failed to yield right-of-way,Inattentive,,,Turning Right,,,,,driver,,Toronto-St. Paul's (12),13 Division,Wychwood,TRUE,TRUE,TRUE,FALSE,FALSE,FALSE,FALSE,FALSE,FALSE,FALSE,"{""coordinates"": [[-79.42239091505562, 43.67384423293003]], ""type"": ""MultiPoint""}"
14838,2008:1041835,2008-05-23T12:44:00,KIPLING AVE,SNARESBROOK DR,,3,Non-Fatal Injury,At Intersection,Traffic Signal,Pedestrian Collision (internal code),Clear,Daylight,Dry,Major Arterial,FALSE,-79.57149106,43.7216444,1,,,1,,,Other Safety Equipment Used,,,,,,,,,,owner,,Etobicoke North (1),23 Division,West Humber-Clairville,FALSE,TRUE,FALSE,FALSE,FALSE,FALSE,TRUE,FALSE,TRUE,FALSE,"{""coordinates"": [[-79.57149106439277, 43.72164440152321]], ""type"": ""MultiPoint""}"
14841,2008:1042286,2008-05-15T19:20:00,WOBURN AVE,GREY RD,,2,Non-Fatal Injury,At Intersection,Stop Sign,Cyclist Collision (internal code),Clear,Daylight,Dry,Collector,FALSE,-79.41979083,43.72484421,1,Automobile or Station Wagon,West,1,64,None,Lap and Shoulder Belt,Driving properly,Normal,,,Going Ahead,,,,,driver,,Eglinton-Lawrence (8),32 Division,Bedford Park-Nortown,FALSE,FALSE,TRUE,FALSE,FALSE,FALSE,FALSE,FALSE,FALSE,FALSE,"{""coordinates"": [[-79.41979082725797, 43.72484421356842]], ""type"": ""MultiPoint""}"
14842,2008:1038517,2008-05-15T14:03:00,AVENUE RD,YORKVILLE AVE,,2,Non-Fatal Injury,At Intersection,Traffic Signal,Pedestrian Collision (internal code),Clear,Daylight,Dry,Major Arterial,FALSE,-79.39479087,43.67034419,1,,,1,70,Major,Other Safety Equipment Used,,,Crossing with right-of-way (intersection),Normal,,Driver turns left into pedestrian crossing with right-of-way (at intersection),,,,pedestrian,,University-Rosedale (11),53 Division,Annex,TRUE,TRUE,FALSE,FALSE,FALSE,TRUE,TRUE,FALSE,FALSE,FALSE,"{""coordinates"": [[-79.39479086829466, 43.67034419441506]], ""type"": ""MultiPoint""}"
14843,2008:1038269,2008-05-14T08:00:00,PECKHAM AVE,GREENWIN VILLAGE RD,,2,Non-Fatal Injury,,Stop Sign,Pedestrian Collision (internal code),Clear,Daylight,Dry,Collector,FALSE,-79.43679077,43.79274422,1,Automobile or Station Wagon,South,1,65,None,Other Safety Equipment Used,Failed to yield right-of-way,Inattentive,,,Turning Left,,,,,driver,,Willowdale (18),32 Division,Newtonbrook West,TRUE,TRUE,FALSE,FALSE,FALSE,TRUE,TRUE,FALSE,FALSE,FALSE,"{""coordinates"": [[-79.43679076584536, 43.79274422063058]], ""type"": ""MultiPoint""}"
14844,2008:1037389,2008-05-10T12:16:00,DUFFERIN ST,ROGERS RD,,2,Non-Fatal Injury,At Intersection,Traffic Signal,Pedestrian Collision (internal code),Clear,Daylight,Dry,Major Arterial,FALSE,-79.44609094,43.68554426,1,Automobile or Station Wagon,North,1,64,None,Other Safety Equipment Used,Driving properly,Normal,,,Going Ahead,,,,,driver,,Davenport (9),13 Division,Oakwood Village,FALSE,FALSE,FALSE,FALSE,FALSE,FALSE,TRUE,FALSE,FALSE,FALSE,"{""coordinates"": [[-79.44609094004855, 43.685544262444495]], ""type"": ""MultiPoint""}"
14845,2008:1069312,2008-05-09T22:40:00,31 MOORE PARK AVE,,,3,Non-Fatal Injury,,No Control,Pedestrian Collision (internal code),Clear,Dark,Dry,Local,FALSE,-79.42169074,43.7932442,1,,South,2,,None,Other Safety Equipment Used,Other,Normal,,,Reversing,,,,,driver,,Willowdale (18),32 Division,Newtonbrook West,FALSE,FALSE,FALSE,FALSE,FALSE,FALSE,TRUE,FALSE,FALSE,FALSE,"{""coordinates"": [[-79.42169074101713, 43.79324420276825]], ""type"": ""MultiPoint""}"
14846,2008:1069312,2008-05-09T22:40:00,31 MOORE PARK AVE,,,3,Non-Fatal Injury,,No Control,Pedestrian Collision (internal code),Clear,Dark,Dry,Local,FALSE,-79.42169074,43.7932442,2,,,3,52,Major,Other Safety Equipment Used,,,Person getting on/off vehicle,Normal,,Driver reversing hits pedestrian,,,,pedestrian,,Willowdale (18),32 Division,Newtonbrook West,FALSE,FALSE,FALSE,FALSE,FALSE,FALSE,TRUE,FALSE,FALSE,FALSE,"{""coordinates"": [[-79.42169074101713, 43.79324420276825]], ""type"": ""MultiPoint""}"
14847,2008:1041784,2008-05-09T19:56:00,ST CLAIR AVE W,BATHURST ST,,3,Non-Fatal Injury,At Intersection,Traffic Signal,Pedestrian Collision (internal code),Clear,Daylight,Dry,Major Arterial,FALSE,-79.41826289,43.68309222,1,,,1,,,Other Safety Equipment Used,,,,,,,,,,other,,Toronto-St. Paul's (12),13 Division,Casa Loma,TRUE,TRUE,FALSE,FALSE,FALSE,FALSE,TRUE,FALSE,FALSE,TRUE,"{""coordinates"": [[-79.41826289225568, 43.68309222423403]], ""type"": ""MultiPoint""}"
14848,2008:1039230,2008-05-07T17:34:00,COLLEGE ST,RUSHOLME RD,,2,Non-Fatal Injury,At Intersection,No Control,Cyclist Collision (internal code),Rain,Daylight,Wet,Major Arterial,TRUE,-79.42819096,43.65324425,1,Automobile or Station Wagon,West,1,,None,Other Safety Equipment Used,Other,Inattentive,,,Going Ahead,,,,,driver,,Davenport (9),14 Division,Dufferin Grove,FALSE,TRUE,TRUE,FALSE,FALSE,FALSE,FALSE,FALSE,FALSE,FALSE,"{""coordinates"": [[-79.4281909599706, 43.653244247930886]], ""type"": ""MultiPoint""}"
14849,2008:1036520,2008-05-05T11:05:00,GRANDRAVINE DR,SENTINEL RD,,5,Non-Fatal Injury,At Intersection,Stop Sign,Pedestrian Collision (internal code),Clear,Daylight,Dry,Collector,FALSE,-79.49559091,43.7516443,3,Automobile or Station Wagon,West,3,72,None,Lap and Shoulder Belt,Disobeyed traffic control,Normal,,,Going Ahead,,,,,driver,,York Centre (6),31 Division,York University Heights,TRUE,FALSE,FALSE,FALSE,FALSE,TRUE,TRUE,FALSE,FALSE,FALSE,"{""coordinates"": [[-79.49559091215463, 43.75164430018849]], ""type"": ""MultiPoint""}"
14850,2008:1036520,2008-05-05T11:05:00,GRANDRAVINE DR,SENTINEL RD,,5,Non-Fatal Injury,At Intersection,Stop Sign,Pedestrian Collision (internal code),Clear,Daylight,Dry,Collector,FALSE,-79.49559091,43.7516443,5,,,5,77,Major,Other Safety Equipment Used,,,On sidewalk or shoulder,Normal,,Driver hits pedestrian on sidewalk or shoulder,,,,pedestrian,,York Centre (6),31 Division,York University Heights,TRUE,FALSE,FALSE,FALSE,FALSE,TRUE,TRUE,FALSE,FALSE,FALSE,"{""coordinates"": [[-79.49559091215463, 43.75164430018849]], ""type"": ""MultiPoint""}"
14851,2008:1036520,2008-05-05T11:05:00,GRANDRAVINE DR,SENTINEL RD,,5,Non-Fatal Injury,At Intersection,Stop Sign,Pedestrian Collision (internal code),Clear,Daylight,Dry,Collector,FALSE,-79.49559091,43.7516443,2,Automobile or Station Wagon,North,2,58,None,Lap and Shoulder Belt,Driving properly,Normal,,,Stopped,,,,,driver,,York Centre (6),31 Division,York University Heights,TRUE,FALSE,FALSE,FALSE,FALSE,TRUE,TRUE,FALSE,FALSE,FALSE,"{""coordinates"": [[-79.49559091215463, 43.75164430018849]], ""type"": ""MultiPoint""}"
14852,2008:1038469,2008-05-02T15:50:00,MCCOWAN RD,CORPORATE DR,,2,Non-Fatal Injury,,No Control,Pedestrian Collision (internal code),Rain,Daylight,Wet,Major Arterial,FALSE,-79.25619048,43.78464401,1,Automobile or Station Wagon,South,1,60,None,Lap and Shoulder Belt,Driving properly,Normal,,,Going Ahead,,,,,driver,,Scarborough North (23),42 Division,Agincourt South-Malvern West,FALSE,FALSE,FALSE,FALSE,FALSE,FALSE,TRUE,FALSE,FALSE,FALSE,"{""coordinates"": [[-79.25619048220962, 43.7846440065344]], ""type"": ""MultiPoint""}"
14855,2008:1035404,2008-04-28T20:00:00,EGLINTON Aven E,CREDIT UNION Driv,,3,Non-Fatal Injury,At Intersection,No Control,Pedestrian Collision (internal code),Clear,Daylight,Dry,Major Arterial,FALSE,-79.31829065,43.72614408,2,,,3,79,Major,Other Safety Equipment Used,,,On sidewalk or shoulder,Normal,,Driver hits pedestrian on sidewalk or shoulder,,,,pedestrian,,Don Valley East (16),55 Division,Victoria Village,FALSE,FALSE,FALSE,FALSE,FALSE,TRUE,TRUE,FALSE,FALSE,FALSE,"{""coordinates"": [[-79.3182906474274, 43.72614408066633]], ""type"": ""MultiPoint""}"
14856,2008:1035404,2008-04-28T20:00:00,EGLINTON Aven E,CREDIT UNION Driv,,3,Non-Fatal Injury,At Intersection,No Control,Pedestrian Collision (internal code),Clear,Daylight,Dry,Major Arterial,FALSE,-79.31829065,43.72614408,1,Automobile or Station Wagon,East,2,36,None,Other Safety Equipment Used,Driving properly,Normal,,,Going Ahead,,,,,driver,,Don Valley East (16),55 Division,Victoria Village,FALSE,FALSE,FALSE,FALSE,FALSE,TRUE,TRUE,FALSE,FALSE,FALSE,"{""coordinates"": [[-79.3182906474274, 43.72614408066633]], ""type"": ""MultiPoint""}"
14859,2008:1037840,2008-04-28T17:00:00,HAVELOCK Stre,DEWSON Stre,,3,Non-Fatal Injury,At Intersection,Stop Sign,Cyclist Collision (internal code),Clear,Daylight,Dry,Collector,FALSE,-79.43049096,43.65554425,1,,,1,,,Other Safety Equipment Used,,,,,,,,,,owner,,Davenport (9),14 Division,Dufferin Grove,FALSE,TRUE,TRUE,FALSE,FALSE,FALSE,FALSE,FALSE,FALSE,FALSE,"{""coordinates"": [[-79.43049096064534, 43.65554425056011]], ""type"": ""MultiPoint""}"
14860,2008:1036978,2008-04-21T08:05:00,BLOOR ST W,OLD MILL TER,,2,Non-Fatal Injury,,Traffic Signal,Cyclist Collision (internal code),Clear,Daylight,Dry,Major Arterial,FALSE,-79.4953911,43.64964435,1,Automobile or Station Wagon,South,1,39,None,Lap and Shoulder Belt,Driving properly,Normal,,,Turning Right,,,,,driver,,Etobicoke-Lakeshore (3),22 Division,Kingsway South,FALSE,FALSE,TRUE,FALSE,FALSE,FALSE,FALSE,FALSE,FALSE,FALSE,"{""coordinates"": [[-79.49539109740977, 43.64964434878169]], ""type"": ""MultiPoint""}"
14861,2008:1036484,2008-04-19T12:40:00,CARLAW AVE,VICTOR AVE,,2,Non-Fatal Injury,At Intersection,No Control,Pedestrian Collision (internal code),Clear,Daylight,Dry,Minor Arterial,FALSE,-79.34339077,43.66914412,2,,East,2,17,Major,Other Safety Equipment Used,,,Crossing - no traffic control,Inattentive,,Transit vehicle driver hits pedestrian anywhere along roadway,,,,pedestrian,,Toronto-Danforth (14),55 Division,North Riverdale,FALSE,TRUE,FALSE,FALSE,FALSE,FALSE,TRUE,FALSE,TRUE,FALSE,"{""coordinates"": [[-79.34339077227595, 43.66914412080333]], ""type"": ""MultiPoint""}"
14862,2008:1036361,2008-04-18T14:05:00,YONGE ST,CARLTON ST,,3,Non-Fatal Injury,At Intersection,Traffic Signal,Pedestrian Collision (internal code),Clear,Daylight,Dry,Major Arterial,FALSE,-79.38309086,43.66134418,2,,West,3,20,Major,Other Safety Equipment Used,,,Crossing with right-of-way (intersection),Normal,,Driver going straight hits pedestrian crossing with right-of-way (at intersection),,,,pedestrian,,Toronto Centre (13),51 Division,Downtown Yonge East,TRUE,FALSE,FALSE,FALSE,FALSE,FALSE,TRUE,FALSE,FALSE,FALSE,"{""coordinates"": [[-79.38309085978669, 43.661344179618]], ""type"": ""MultiPoint""}"
14863,2008:1036361,2008-04-18T14:05:00,YONGE ST,CARLTON ST,,3,Non-Fatal Injury,At Intersection,Traffic Signal,Pedestrian Collision (internal code),Clear,Daylight,Dry,Major Arterial,FALSE,-79.38309086,43.66134418,1,Automobile or Station Wagon,North,2,47,None,Lap and Shoulder Belt,Failed to yield right-of-way,Normal,,,Slowing or Stopping,,,,,driver,,Toronto Centre (13),51 Division,Downtown Yonge East,TRUE,FALSE,FALSE,FALSE,FALSE,FALSE,TRUE,FALSE,FALSE,FALSE,"{""coordinates"": [[-79.38309085978669, 43.661344179618]], ""type"": ""MultiPoint""}"
14864,2008:1037550,2008-04-15T21:00:00,SHEPPARD Aven E,WASHBURN Way,,2,Non-Fatal Injury,,No Control,Pedestrian Collision (internal code),Clear,Dark,Dry,Major Arterial,FALSE,-79.22509043,43.79664398,2,,South,2,19,Major,Other Safety Equipment Used,,,Crossing - no traffic control,Unknown,,Driver hits pedestrian at midblock,,,,pedestrian,,Scarborough North (23),42 Division,Malvern West,FALSE,FALSE,FALSE,FALSE,FALSE,FALSE,TRUE,FALSE,TRUE,FALSE,"{""coordinates"": [[-79.22509042951755, 43.79664397703049]], ""type"": ""MultiPoint""}"
14865,2008:1033337,2008-04-14T16:30:00,PARLIAMENT ST,WELLESLEY ST E,,3,Non-Fatal Injury,At Intersection,Traffic Signal,Pedestrian Collision (internal code),Clear,Daylight,Dry,Minor Arterial,FALSE,-79.36959082,43.66814416,2,,West,3,34,Major,Other Safety Equipment Used,,,Crossing without right-of-way (intersection),Had Been Drinking,,Driver turns left into pedestrian crossing without right-of-way (at intersection),,,,pedestrian,,Toronto Centre (13),51 Division,Cabbagetown-South St.James Town,FALSE,FALSE,FALSE,FALSE,FALSE,FALSE,TRUE,FALSE,FALSE,TRUE,"{""coordinates"": [[-79.36959082366205, 43.66814415866764]], ""type"": ""MultiPoint""}"
14866,2008:1033337,2008-04-14T16:30:00,PARLIAMENT ST,WELLESLEY ST E,,3,Non-Fatal Injury,At Intersection,Traffic Signal,Pedestrian Collision (internal code),Clear,Daylight,Dry,Minor Arterial,FALSE,-79.36959082,43.66814416,1,Truck - Open (Flatbed),North,2,42,None,Other Safety Equipment Used,Driving properly,Normal,,,Turning Left,,,,,driver,,Toronto Centre (13),51 Division,Cabbagetown-South St.James Town,FALSE,FALSE,FALSE,FALSE,FALSE,FALSE,TRUE,FALSE,FALSE,TRUE,"{""coordinates"": [[-79.36959082366205, 43.66814415866764]], ""type"": ""MultiPoint""}"
14867,2008:1033146,2008-04-13T15:09:00,PAPE AVE,BAIN AVE,,2,Non-Fatal Injury,At Intersection,Stop Sign,Pedestrian Collision (internal code),Clear,Daylight,Dry,Minor Arterial,TRUE,-79.34239076,43.67294412,1,Automobile or Station Wagon,South,1,,None,Other Safety Equipment Used,Failed to yield right-of-way,Unknown,,,Unknown,,,,,driver,,Toronto-Danforth (14),55 Division,North Riverdale,TRUE,FALSE,FALSE,FALSE,FALSE,FALSE,TRUE,FALSE,FALSE,FALSE,"{""coordinates"": [[-79.34239076498838, 43.67294411888287]], ""type"": ""MultiPoint""}"
14870,2008:1032843,2008-04-10T22:10:00,3111 DANFORTH Ave,,,2,Non-Fatal Injury,,No Control,Pedestrian Collision (internal code),Clear,Dark,Dry,Major Arterial,FALSE,-79.28589063,43.69174404,1,Automobile or Station Wagon,East,1,34,None,Lap and Shoulder Belt,Driving properly,Normal,,,Going Ahead,,,,,driver,,Scarborough Southwest (20),41 Division,Oakridge,FALSE,FALSE,FALSE,FALSE,FALSE,FALSE,TRUE,FALSE,FALSE,FALSE,"{""coordinates"": [[-79.28589063419452, 43.69174403822]], ""type"": ""MultiPoint""}"
14871,2008:1036453,2008-04-10T16:46:00,437 DANFORTH Ave,,,2,Non-Fatal Injury,,No Control,Pedestrian Collision (internal code),Clear,Daylight,Dry,Major Arterial,FALSE,-79.35039077,43.67774413,2,,South,2,49,Major,No Equipment Available,,,Running onto roadway,Had Been Drinking,,Driver hits pedestrian at midblock,,,,pedestrian,,Toronto-Danforth (14),55 Division,North Riverdale,FALSE,FALSE,FALSE,FALSE,FALSE,FALSE,TRUE,FALSE,FALSE,FALSE,"{""coordinates"": [[-79.35039077323881, 43.677744129617]], ""type"": ""MultiPoint""}"
14872,2008:1032559,2008-04-08T06:24:00,HOPE St,DUFFERIN St,,2,Non-Fatal Injury,At Intersection,Traffic Signal,Pedestrian Collision (internal code),Clear,Dark,Dry,Major Arterial,FALSE,-79.44479094,43.68234426,2,,West,2,65,Major,Other Safety Equipment Used,,,Crossing with right-of-way (intersection),Normal,,Driver turns left into pedestrian crossing with right-of-way (at intersection),,,,pedestrian,,Davenport (9),13 Division,Corso Italia-Davenport,TRUE,TRUE,FALSE,FALSE,FALSE,TRUE,TRUE,FALSE,FALSE,FALSE,"{""coordinates"": [[-79.44479094304592, 43.68234426179273]], ""type"": ""MultiPoint""}"
14873,2008:1032373,2008-04-07T12:00:00,CARLTON St,JARVIS St,,5,Non-Fatal Injury,At Intersection,Traffic Signal,Pedestrian Collision (internal code),Clear,Daylight,Dry,Major Arterial,FALSE,-79.37669085,43.66244417,1,,South,2,34,None,Other Safety Equipment Used,Driving properly,Normal,,,Stopped,,,,,driver,,Toronto Centre (13),51 Division,Cabbagetown-South St.James Town,FALSE,FALSE,FALSE,FALSE,FALSE,FALSE,TRUE,FALSE,FALSE,FALSE,"{""coordinates"": [[-79.37669084580395, 43.66244417007175]], ""type"": ""MultiPoint""}"
14874,2008:1032373,2008-04-07T12:00:00,CARLTON St,JARVIS St,,5,Non-Fatal Injury,At Intersection,Traffic Signal,Pedestrian Collision (internal code),Clear,Daylight,Dry,Major Arterial,FALSE,-79.37669085,43.66244417,4,,North,5,53,Major,Other Safety Equipment Used,,,On sidewalk or shoulder,Normal,,Driver hits pedestrian on sidewalk or shoulder,,,,pedestrian,,Toronto Centre (13),51 Division,Cabbagetown-South St.James Town,FALSE,FALSE,FALSE,FALSE,FALSE,FALSE,TRUE,FALSE,FALSE,FALSE,"{""coordinates"": [[-79.37669084580395, 43.66244417007175]], ""type"": ""MultiPoint""}"
14875,2008:1032373,2008-04-07T12:00:00,CARLTON St,JARVIS St,,5,Non-Fatal Injury,At Intersection,Traffic Signal,Pedestrian Collision (internal code),Clear,Daylight,Dry,Major Arterial,FALSE,-79.37669085,43.66244417,2,,,3,,,Other Safety Equipment Used,,,,,,,,,,owner,,Toronto Centre (13),51 Division,Cabbagetown-South St.James Town,FALSE,FALSE,FALSE,FALSE,FALSE,FALSE,TRUE,FALSE,FALSE,FALSE,"{""coordinates"": [[-79.37669084580395, 43.66244417007175]], ""type"": ""MultiPoint""}"
14876,2008:1032200,2008-04-06T16:45:00,MARKHAM Rd,SHEPPARD Ave E,,1,Non-Fatal Injury,At Intersection,Traffic Signal,Pedestrian Collision (internal code),Clear,Daylight,Dry,Major Arterial,FALSE,-79.23879045,43.79384399,2,,East,2,70,Major,Other Safety Equipment Used,,,Crossing without right-of-way (intersection),Unknown,,Driver turns left into pedestrian crossing without right-of-way (at intersection),,,,pedestrian,,Scarborough North (23),42 Division,Agincourt South-Malvern West,FALSE,FALSE,FALSE,FALSE,FALSE,TRUE,TRUE,FALSE,FALSE,FALSE,"{""coordinates"": [[-79.23879044986519, 43.79384398976552]], ""type"": ""MultiPoint""}"
14877,2008:1031488,2008-04-01T19:15:00,LAKE SHORE BLVD W,BAY ST,,4,Non-Fatal Injury,,Traffic Signal,Pedestrian Collision (internal code),Clear,Dark,Dry,Major Arterial,FALSE,-79.37779088,43.64304418,1,Automobile or Station Wagon,West,4,54,Major,Other Safety Equipment Used,Disobeyed traffic control,Normal,,,Going Ahead,,,,,driver,,Spadina-Fort York (10),52 Division,St Lawrence-East Bayfront-The Islands,TRUE,FALSE,FALSE,FALSE,FALSE,FALSE,TRUE,TRUE,FALSE,FALSE,"{""coordinates"": [[-79.37779087725067, 43.643044175730324]], ""type"": ""MultiPoint""}"
14878,2008:1031488,2008-04-01T19:15:00,LAKE SHORE BLVD W,BAY ST,,4,Non-Fatal Injury,,Traffic Signal,Pedestrian Collision (internal code),Clear,Dark,Dry,Major Arterial,FALSE,-79.37779088,43.64304418,1,,,1,37,Minimal,Other Safety Equipment Used,,,On sidewalk or shoulder,Normal,,Driver hits pedestrian on sidewalk or shoulder,,,,pedestrian,,Spadina-Fort York (10),52 Division,St Lawrence-East Bayfront-The Islands,TRUE,FALSE,FALSE,FALSE,FALSE,FALSE,TRUE,TRUE,FALSE,FALSE,"{""coordinates"": [[-79.37779087725067, 43.643044175730324]], ""type"": ""MultiPoint""}"
14879,2008:1033955,2008-03-29T14:22:00,EGLINTON AVE W,PEVERIL HILL N,,2,Non-Fatal Injury,,No Control,Pedestrian Collision (internal code),Clear,Daylight,Dry,Major Arterial,FALSE,-79.42639088,43.70084423,2,,South,2,41,Major,No Equipment Available,,,Running onto roadway,Unknown,,Driver hits pedestrian at midblock,,,,pedestrian,,Eglinton-Lawrence (8),13 Division,Forest Hill North,FALSE,FALSE,FALSE,FALSE,FALSE,TRUE,TRUE,FALSE,FALSE,FALSE,"{""coordinates"": [[-79.42639087826564, 43.70084422993787]], ""type"": ""MultiPoint""}"
14880,2008:1032314,2008-03-28T18:00:00,160 MARKHAM RD,,,2,Non-Fatal Injury,,No Control,Pedestrian Collision (internal code),Clear,Daylight,Dry,Major Arterial,FALSE,-79.21819046,43.74144396,1,Automobile or Station Wagon,South,1,64,None,Lap and Shoulder Belt,Driving properly,Normal,,,Going Ahead,,,,,driver,,Scarborough Southwest (20),43 Division,Scarborough Village,FALSE,FALSE,FALSE,FALSE,FALSE,FALSE,TRUE,FALSE,TRUE,FALSE,"{""coordinates"": [[-79.21819046428072, 43.741443959601064]], ""type"": ""MultiPoint""}"
14881,2008:1030828,2008-03-28T13:50:00,LAWRENCE AVE E,HOWDEN RD,,3,Non-Fatal Injury,At Intersection,Traffic Signal,Pedestrian Collision (internal code),Clear,Daylight,Dry,Major Arterial,FALSE,-79.28799057,43.74684404,1,,,1,,,Other Safety Equipment Used,,,,,,,,,,owner,,Scarborough Centre (21),41 Division,Wexford/Maryvale,TRUE,TRUE,FALSE,FALSE,FALSE,TRUE,TRUE,FALSE,FALSE,FALSE,"{""coordinates"": [[-79.28799056808361, 43.74684404110029]], ""type"": ""MultiPoint""}"
14882,2008:1035278,2008-03-26T21:52:00,YORK MILLS RD,DON MILLS RD,,3,Non-Fatal Injury,At Intersection,Traffic Signal,Pedestrian Collision (internal code),Clear,Dark,Dry,Major Arterial,FALSE,-79.34699066,43.75584411,1,Automobile or Station Wagon,West,2,21,None,Lap and Shoulder Belt,Driving properly,Normal,,,Going Ahead,,,,,driver,,Don Valley East (16),33 Division,St.Andrew-Windfields,FALSE,TRUE,FALSE,FALSE,FALSE,FALSE,TRUE,FALSE,FALSE,FALSE,"{""coordinates"": [[-79.3469906578386, 43.75584411483898]], ""type"": ""MultiPoint""}"
14883,2008:1021860,2008-02-17T02:15:00,1601 LAKE SHORE BLVD W,,,7,Non-Fatal Injury,,No Control,Pedestrian Collision (internal code),Clear,Dark,Dry,Major Arterial,TRUE,-79.44689102,43.63694428,2,Automobile or Station Wagon,North,3,30,None,Other Safety Equipment Used,,,,,Parked,,,,,other,,Parkdale-High Park (4),11 Division,South Parkdale,FALSE,TRUE,FALSE,FALSE,FALSE,FALSE,TRUE,FALSE,FALSE,FALSE,"{""coordinates"": [[-79.44689102406288, 43.636944281540615]], ""type"": ""MultiPoint""}"
14884,2008:1018105,2008-01-15T07:20:00,FINCH AVE W,RUMIKE RD,,2,Non-Fatal Injury,,No Control,Pedestrian Collision (internal code),Snow,Daylight,Loose Snow,Major Arterial,FALSE,-79.54969098,43.75054436,1,Automobile or Station Wagon,South,1,,None,Other Safety Equipment Used,Failed to yield right-of-way,Inattentive,,,Turning Left,,,,,driver,,Humber River-Black Creek (7),31 Division,Humber Summit,TRUE,TRUE,FALSE,FALSE,FALSE,FALSE,TRUE,FALSE,FALSE,FALSE,"{""coordinates"": [[-79.54969098317781, 43.75054436087126]], ""type"": ""MultiPoint""}"
14885,2008:1035278,2008-03-26T21:52:00,YORK MILLS RD,DON MILLS RD,,3,Non-Fatal Injury,At Intersection,Traffic Signal,Pedestrian Collision (internal code),Clear,Dark,Dry,Major Arterial,FALSE,-79.34699066,43.75584411,2,,North,3,42,Major,Other Safety Equipment Used,,,Crossing without right-of-way (intersection),Inattentive,,Driver going straight hits pedestrian crossing without right-of-way (at intersection),,,,pedestrian,,Don Valley East (16),33 Division,St.Andrew-Windfields,FALSE,TRUE,FALSE,FALSE,FALSE,FALSE,TRUE,FALSE,FALSE,FALSE,"{""coordinates"": [[-79.3469906578386, 43.75584411483898]], ""type"": ""MultiPoint""}"
14886,2008:1029220,2008-03-19T13:32:00,QUEEN ST W,NIAGARA ST,,1,Non-Fatal Injury,At Intersection,Traffic Signal,Cyclist Collision (internal code),Clear,Daylight,Dry,Major Arterial,FALSE,-79.40989094,43.64594422,2,Bicycle,East,2,37,Major,Other Safety Equipment Used,,,,,Turning Right,,Driver turns right on green or amber at signalized intersection and hits cyclist,Driving Properly,Normal,cyclist,,Spadina-Fort York (10),14 Division,West Queen West,FALSE,FALSE,TRUE,FALSE,FALSE,FALSE,FALSE,FALSE,FALSE,FALSE,"{""coordinates"": [[-79.40989093600417, 43.645944223012485]], ""type"": ""MultiPoint""}"
14887,2008:1030716,2008-03-17T22:30:00,DAVENPORT RD,SOMERSET AVE,,2,Non-Fatal Injury,,No Control,Pedestrian Collision (internal code),Clear,Dark,Dry,Minor Arterial,TRUE,-79.43179093,43.67464425,1,,,2,67,Major,No Equipment Available,,,Person getting on/off vehicle,Normal,,Driver hits pedestrian at midblock,,,,pedestrian,,Davenport (9),13 Division,Wychwood,TRUE,FALSE,FALSE,FALSE,FALSE,TRUE,TRUE,FALSE,FALSE,FALSE,"{""coordinates"": [[-79.43179093151241, 43.67464424607618]], ""type"": ""MultiPoint""}"
14889,2008:1031031,2008-03-06T15:30:00,DUNDAS ST W,JANE ST,,2,Non-Fatal Injury,At Intersection,Traffic Signal,Pedestrian Collision (internal code),Clear,Daylight,Dry,Major Arterial,FALSE,-79.49119106,43.66574433,2,,North,2,16,Major,Other Safety Equipment Used,,,Crossing without right-of-way (intersection),Inattentive,,Driver turns right into pedestrian crossing without right-of-way (at intersection),,,,pedestrian,,Parkdale-High Park (4),11 Division,Runnymede-Bloor West Village,FALSE,TRUE,FALSE,FALSE,FALSE,FALSE,TRUE,FALSE,TRUE,FALSE,"{""coordinates"": [[-79.49119105993069, 43.66574433493899]], ""type"": ""MultiPoint""}"
14890,2008:1028580,2008-03-04T12:30:00,2701 LAWRENCE AVE E,,,4,Non-Fatal Injury,,No Control,Pedestrian Collision (internal code),Clear,Daylight,Dry,Major Arterial,FALSE,-79.26119052,43.75234401,1,Automobile or Station Wagon,West,2,37,Minor,Lap and Shoulder Belt,Driving properly,Normal,,,Turning Left,,,,,driver,,Scarborough Centre (21),41 Division,Bendale-Glen Andrew,TRUE,FALSE,FALSE,FALSE,FALSE,FALSE,TRUE,FALSE,FALSE,FALSE,"{""coordinates"": [[-79.26119051694111, 43.75234400793009]], ""type"": ""MultiPoint""}"