_id,collision_id,accdate,stname1,stname2,stname3,per_inv,acclass,accloc,traffictl,impactype,visible,light,rdsfcond,road_class,failtorem,longitude,latitude,veh_no,vehtype,initdir,per_no,invage,injury,safequip,drivact,drivcond,pedact,pedcond,manoeuvre,pedtype,cyclistype,cycact,cyccond,road_user,fatal_no,wardname,division,neighbourhood,aggressive,distracted,cyclist,motorcyclist,other_micromobility,older_adult,pedestrian,red_light,school_child,heavy_truck,geometry
14942,2007:1010140,2007-12-04T12:50:00,YONGE ST,CHURCH ST,,3,Non-Fatal Injury,At Intersection,Traffic Signal,Pedestrian Collision (internal code),Clear,Daylight,Dry,Major Arterial,FALSE,-79.38789085,43.67284418,1,,,1,,,Other Safety Equipment Used,,,,,,,,,,owner,,University-Rosedale (11),53 Division,Annex,FALSE,FALSE,FALSE,FALSE,FALSE,FALSE,TRUE,FALSE,TRUE,TRUE,"{""coordinates"": [[-79.38789085132845, 43.67284418393065]], ""type"": ""MultiPoint""}"
14943,2007:1006590,2007-12-04T07:30:00,ISLINGTON Ave,STANMILLS Rd,,3,Non-Fatal Injury,At Intersection,Stop Sign,Pedestrian Collision (internal code),Strong Wind,Daylight,Wet,Major Arterial,FALSE,-79.51519117,43.62464439,1,,,1,,,Other Safety Equipment Used,,,,,,,,,,owner,,Etobicoke-Lakeshore (3),22 Division,Stonegate-Queensway,FALSE,TRUE,FALSE,FALSE,FALSE,FALSE,TRUE,FALSE,FALSE,FALSE,"{""coordinates"": [[-79.51519117241975, 43.62464438698895]], ""type"": ""MultiPoint""}"
14944,2007:1009854,2007-12-02T02:58:00,267 DAVENPORT Rd,,,3,Non-Fatal Injury,,No Control,Pedestrian Collision (internal code),Snow,Dark,Packed Snow,Major Arterial,FALSE,-79.39819087,43.6743442,2,,,2,,,Other Safety Equipment Used,,,,,,,,,,owner,,University-Rosedale (11),53 Division,Annex,TRUE,FALSE,FALSE,FALSE,FALSE,FALSE,TRUE,FALSE,FALSE,FALSE,"{""coordinates"": [[-79.39819086849114, 43.67434419826786]], ""type"": ""MultiPoint""}"
14945,2007:1009854,2007-12-02T02:58:00,267 DAVENPORT Rd,,,3,Non-Fatal Injury,,No Control,Pedestrian Collision (internal code),Snow,Dark,Packed Snow,Major Arterial,FALSE,-79.39819087,43.6743442,2,,East,3,41,Major,Other Safety Equipment Used,,,Walking on roadway against traffic,Normal,,Driver hits pedestrian at midblock,,,,pedestrian,,University-Rosedale (11),53 Division,Annex,TRUE,FALSE,FALSE,FALSE,FALSE,FALSE,TRUE,FALSE,FALSE,FALSE,"{""coordinates"": [[-79.39819086849114, 43.67434419826786]], ""type"": ""MultiPoint""}"
14946,2007:1005791,2007-11-29T23:57:00,GERRARD ST E,PARLIAMENT ST,,2,Non-Fatal Injury,At Intersection,Traffic Signal,Pedestrian Collision (internal code),Clear,Dark,Dry,Minor Arterial,TRUE,-79.36699083,43.66194416,1,Automobile or Station Wagon,East,1,,None,Other Safety Equipment Used,Driving properly,Unknown,,,Going Ahead,,,,,driver,,Toronto Centre (13),51 Division,Regent Park,FALSE,FALSE,FALSE,FALSE,FALSE,FALSE,TRUE,FALSE,FALSE,FALSE,"{""coordinates"": [[-79.36699082789733, 43.66194415606473]], ""type"": ""MultiPoint""}"
14947,2007:1007992,2007-11-29T17:42:00,BRIMLEY Road,ST CLAIR Aven E,,2,Non-Fatal Injury,At Intersection,Traffic Signal,Pedestrian Collision (internal code),Clear,Dark,Dry,Minor Arterial,FALSE,-79.24149052,43.72084398,2,,South,2,57,Major,Other Safety Equipment Used,,,Crossing with right-of-way (intersection),Normal,,Driver turns left into pedestrian crossing with right-of-way (at intersection),,,,pedestrian,,Scarborough Southwest (20),41 Division,Cliffcrest,TRUE,TRUE,FALSE,FALSE,FALSE,FALSE,TRUE,FALSE,FALSE,FALSE,"{""coordinates"": [[-79.24149052126563, 43.72084398174446]], ""type"": ""MultiPoint""}"
14948,2007:1005315,2007-11-28T15:10:00,YONGE St,WELLINGTON St E,,2,Non-Fatal Injury,At Intersection,Traffic Signal,Pedestrian Collision (internal code),Clear,Daylight,Dry,Major Arterial,FALSE,-79.37739087,43.64784417,1,Automobile or Station Wagon,West,1,36,None,Lap and Shoulder Belt,Failed to yield right-of-way,Normal,,,Turning Left,,,,,driver,,Toronto Centre (13),52 Division,Yonge-Bay Corridor,TRUE,FALSE,FALSE,FALSE,FALSE,TRUE,TRUE,FALSE,FALSE,FALSE,"{""coordinates"": [[-79.37739086920855, 43.64784417413088]], ""type"": ""MultiPoint""}"
14949,2007:1009774,2007-11-28T08:45:00,ST CLAIR Aven W,FRENCH Aven,,2,Non-Fatal Injury,,No Control,Pedestrian Collision (internal code),Clear,Daylight,Dry,Major Arterial,FALSE,-79.49059106,43.66744433,2,,South,2,9,Major,Other Safety Equipment Used,,,Crossing - no traffic control,Inattentive,,Driver hits pedestrian at midblock,,,,pedestrian,,York South-Weston (5),12 Division,Rockcliffe-Smythe,FALSE,TRUE,FALSE,FALSE,FALSE,FALSE,TRUE,FALSE,TRUE,FALSE,"{""coordinates"": [[-79.49059105569573, 43.667444333270005]], ""type"": ""MultiPoint""}"
14950,2007:1008034,2007-11-28T08:05:00,OAKWOOD AVE,HANSON RD,,2,Non-Fatal Injury,,No Control,Pedestrian Collision (internal code),Clear,Daylight,Ice,Minor Arterial,FALSE,-79.43939092,43.68894425,1,Automobile or Station Wagon,South,2,79,None,Lap and Shoulder Belt,Lost control,Normal,,,Going Ahead,,,,,driver,,Toronto-St. Paul's (12),13 Division,Oakwood Village,FALSE,FALSE,FALSE,FALSE,FALSE,TRUE,TRUE,FALSE,FALSE,FALSE,"{""coordinates"": [[-79.43939092188, 43.68894425186736]], ""type"": ""MultiPoint""}"
14951,2007:1011587,2007-11-25T20:45:00,FRONT ST W,SPADINA AVE,,2,Non-Fatal Injury,,No Control,Pedestrian Collision (internal code),Clear,Dark,Dry,Minor Arterial,FALSE,-79.3919909,43.6432442,1,Automobile or Station Wagon,West,1,58,None,Lap and Shoulder Belt,Driving properly,Normal,,,Going Ahead,,,,,driver,,Spadina-Fort York (10),52 Division,Harbourfront-CityPlace,FALSE,FALSE,FALSE,FALSE,FALSE,FALSE,TRUE,FALSE,FALSE,FALSE,"{""coordinates"": [[-79.39199090498182, 43.643244196962144]], ""type"": ""MultiPoint""}"
14952,2007:1006820,2007-11-24T23:52:00,ST CLAIR AVE W,OSLER ST,,2,Non-Fatal Injury,,No Control,Pedestrian Collision (internal code),Clear,Dark,Wet,Major Arterial,FALSE,-79.46039099,43.67414429,1,Automobile or Station Wagon,East,1,72,None,Lap and Shoulder Belt,Driving properly,Normal,,,Going Ahead,,,,,driver,,Davenport (9),12 Division,Weston-Pelham Park,FALSE,FALSE,FALSE,FALSE,FALSE,TRUE,TRUE,FALSE,FALSE,FALSE,"{""coordinates"": [[-79.46039098642282, 43.67414428703634]], ""type"": ""MultiPoint""}"
14953,2007:1006355,2007-11-23T17:00:00,LAWRENCE AVE E,GOODERHAM DR,,2,Non-Fatal Injury,,No Control,Pedestrian Collision (internal code),Clear,Dusk,Dry,Major Arterial,TRUE,-79.3017906,43.74384406,2,,North,2,22,Major,Other Safety Equipment Used,,,Crossing - no traffic control,Normal,,Driver hits pedestrian at midblock,,,,pedestrian,,Scarborough Centre (21),41 Division,Wexford/Maryvale,TRUE,FALSE,FALSE,FALSE,FALSE,FALSE,TRUE,FALSE,FALSE,FALSE,"{""coordinates"": [[-79.30179059539867, 43.74384405854931]], ""type"": ""MultiPoint""}"
14955,2007:1008576,2007-11-21T19:25:00,283 COXWELL AVE,,,2,Non-Fatal Injury,,No Control,Pedestrian Collision (internal code),Rain,Dark,Wet,Minor Arterial,FALSE,-79.31969072,43.67374409,1,Automobile or Station Wagon,North,1,50,None,Lap and Shoulder Belt,Driving properly,Normal,,,Going Ahead,,,,,driver,,Toronto-Danforth (14),55 Division,Greenwood-Coxwell,FALSE,FALSE,FALSE,FALSE,FALSE,FALSE,TRUE,FALSE,FALSE,FALSE,"{""coordinates"": [[-79.31969072090564, 43.6737440863827]], ""type"": ""MultiPoint""}"
14956,2007:1007074,2007-11-21T11:00:00,KING ST W,TECUMSETH ST,,3,Non-Fatal Injury,,No Control,Cyclist Collision (internal code),Rain,Daylight,Wet,Major Arterial,FALSE,-79.40329093,43.64384421,2,Bicycle,East,3,32,Major,No Equipment Available,,,,,Going Ahead,,Sideswipe with cyclist and driver travelling in same direction,Other,Unknown,cyclist,,Spadina-Fort York (10),14 Division,West Queen West,FALSE,FALSE,TRUE,FALSE,FALSE,FALSE,FALSE,FALSE,FALSE,FALSE,"{""coordinates"": [[-79.40329092634184, 43.64384421373007]], ""type"": ""MultiPoint""}"
14957,2007:1007074,2007-11-21T11:00:00,KING ST W,TECUMSETH ST,,3,Non-Fatal Injury,,No Control,Cyclist Collision (internal code),Rain,Daylight,Wet,Major Arterial,FALSE,-79.40329093,43.64384421,1,Automobile or Station Wagon,East,2,48,None,Use Unknown,Improper lane change,Unknown,,,Changing Lanes,,,,,driver,,Spadina-Fort York (10),14 Division,West Queen West,FALSE,FALSE,TRUE,FALSE,FALSE,FALSE,FALSE,FALSE,FALSE,FALSE,"{""coordinates"": [[-79.40329092634184, 43.64384421373007]], ""type"": ""MultiPoint""}"
14958,2007:1007071,2007-11-19T19:37:00,DAVENPORT RD,BELMONT ST,,2,Non-Fatal Injury,At Intersection,Traffic Signal,Pedestrian Collision (internal code),Rain,Dark,Wet,Major Arterial,FALSE,-79.39289086,43.67474419,1,Automobile or Station Wagon,South,1,25,None,Lap and Shoulder Belt,Failed to yield right-of-way,Normal,,,Turning Left,,,,,driver,,University-Rosedale (11),53 Division,Annex,TRUE,FALSE,FALSE,FALSE,FALSE,FALSE,TRUE,FALSE,FALSE,FALSE,"{""coordinates"": [[-79.39289085785083, 43.674744190613076]], ""type"": ""MultiPoint""}"
14959,2007:1005733,2007-11-17T16:50:00,MARKET ST,THE ESPLANADE,,2,Non-Fatal Injury,At Intersection,No Control,Pedestrian Collision (internal code),Clear,Dusk,Dry,Local,TRUE,-79.37199086,43.64874417,1,,East,2,75,Minimal,Other Safety Equipment Used,,,Crossing - no traffic control,Normal,,Driver hits pedestrian at midblock,,,,pedestrian,,Toronto Centre (13),51 Division,St Lawrence-East Bayfront-The Islands,FALSE,FALSE,TRUE,FALSE,FALSE,TRUE,TRUE,FALSE,FALSE,FALSE,"{""coordinates"": [[-79.37199085726813, 43.64874416592243]], ""type"": ""MultiPoint""}"
14960,2007:1003358,2007-11-17T12:55:00,DUFFERIN ST,HOLMESDALE RD,,2,Non-Fatal Injury,At Intersection,Traffic Signal,Pedestrian Collision (internal code),Clear,Daylight,Dry,Major Arterial,FALSE,-79.44739094,43.68864426,1,Automobile or Station Wagon,South,1,75,None,Other Safety Equipment Used,Disobeyed traffic control,Inattentive,,,Going Ahead,,,,,driver,,Davenport (9),13 Division,Caledonia-Fairbank,TRUE,TRUE,FALSE,FALSE,FALSE,TRUE,TRUE,TRUE,FALSE,FALSE,"{""coordinates"": [[-79.4473909371987, 43.68864426311403]], ""type"": ""MultiPoint""}"
14961,2007:1008573,2007-11-17T02:05:00,ROMAC DR,CAMOR CRT,,3,Non-Fatal Injury,,No Control,Pedestrian Collision (internal code),Clear,Dark,Dry,Local,TRUE,-79.17039036,43.78764392,2,,,2,26,Major,Other Safety Equipment Used,,,Other,Had Been Drinking,,Driver hits pedestrian at midblock,,,,pedestrian,,Scarborough-Rouge Park (25),43 Division,Highland Creek,FALSE,FALSE,FALSE,FALSE,FALSE,FALSE,TRUE,FALSE,FALSE,FALSE,"{""coordinates"": [[-79.17039036295616, 43.78764392186585]], ""type"": ""MultiPoint""}"
14962,2007:1008573,2007-11-17T02:05:00,ROMAC DR,CAMOR CRT,,3,Non-Fatal Injury,,No Control,Pedestrian Collision (internal code),Clear,Dark,Dry,Local,TRUE,-79.17039036,43.78764392,2,Automobile or Station Wagon,North,3,,None,Use Unknown,Other,Unknown,,,Other,,,,,driver,,Scarborough-Rouge Park (25),43 Division,Highland Creek,FALSE,FALSE,FALSE,FALSE,FALSE,FALSE,TRUE,FALSE,FALSE,FALSE,"{""coordinates"": [[-79.17039036295616, 43.78764392186585]], ""type"": ""MultiPoint""}"
14963,2007:1008571,2007-11-15T07:24:00,LAKE SHORE BLVD W,LONG BRANCH AVE,,3,Non-Fatal Injury,At Intersection,Traffic Signal,Pedestrian Collision (internal code),Clear,Daylight,Dry,Major Arterial,FALSE,-79.53399125,43.59434443,1,Automobile or Station Wagon,East,2,41,None,Lap and Shoulder Belt,Driving properly,Normal,,,Going Ahead,,,,,driver,,Etobicoke-Lakeshore (3),22 Division,Long Branch,FALSE,TRUE,FALSE,FALSE,FALSE,FALSE,TRUE,FALSE,FALSE,FALSE,"{""coordinates"": [[-79.5339912534179, 43.59434442671001]], ""type"": ""MultiPoint""}"
14964,2007:1008571,2007-11-15T07:24:00,LAKE SHORE BLVD W,LONG BRANCH AVE,,3,Non-Fatal Injury,At Intersection,Traffic Signal,Pedestrian Collision (internal code),Clear,Daylight,Dry,Major Arterial,FALSE,-79.53399125,43.59434443,2,,North,3,21,Major,Other Safety Equipment Used,,,Crossing - marked crosswalk without right-of-way,Inattentive,,Driver going straight hits pedestrian crossing without right-of-way (at intersection),,,,pedestrian,,Etobicoke-Lakeshore (3),22 Division,Long Branch,FALSE,TRUE,FALSE,FALSE,FALSE,FALSE,TRUE,FALSE,FALSE,FALSE,"{""coordinates"": [[-79.5339912534179, 43.59434442671001]], ""type"": ""MultiPoint""}"
14965,2007:1006449,2007-11-14T18:25:00,KING ST W,SUDBURY ST,,2,Non-Fatal Injury,At Intersection,Traffic Signal,Cyclist Collision (internal code),Clear,Dark,Dry,Major Arterial,FALSE,-79.41719096,43.64094424,2,Bicycle,West,2,30,Major,Equipment Not Used But Available,,,,,Going Ahead,,Driver turns left into path of cyclist,Driving Properly,Normal,cyclist,,Spadina-Fort York (10),14 Division,West Queen West,FALSE,TRUE,TRUE,FALSE,FALSE,TRUE,FALSE,FALSE,FALSE,FALSE,"{""coordinates"": [[-79.41719095845308, 43.640944235407375]], ""type"": ""MultiPoint""}"
14966,2007:1003569,2007-11-11T15:51:00,ST CLARENS AVE,WYNDHAM ST,,2,Non-Fatal Injury,,No Control,Pedestrian Collision (internal code),Clear,Daylight,Dry,Local,FALSE,-79.43729099,43.64734426,2,,,2,74,Major,No Equipment Available,,,Crossing without right-of-way (intersection),Inattentive,,Driver turns right into pedestrian crossing without right-of-way (at intersection),,,,pedestrian,,Davenport (9),11 Division,Little Portugal,FALSE,TRUE,FALSE,FALSE,FALSE,TRUE,TRUE,FALSE,FALSE,FALSE,"{""coordinates"": [[-79.43729098755671, 43.647344263403134]], ""type"": ""MultiPoint""}"
14967,2007:1001877,2007-11-10T10:50:00,BLOOR ST W,DURIE ST,,2,Non-Fatal Injury,At Intersection,No Control,Pedestrian Collision (internal code),Clear,Daylight,Dry,Major Arterial,FALSE,-79.47819106,43.65074432,1,Automobile or Station Wagon,East,1,41,None,Lap and Shoulder Belt,Driving properly,Normal,,,Going Ahead,,,,,driver,,Parkdale-High Park (4),11 Division,Runnymede-Bloor West Village,FALSE,FALSE,FALSE,FALSE,FALSE,TRUE,TRUE,FALSE,FALSE,FALSE,"{""coordinates"": [[-79.47819106178952, 43.65074432278255]], ""type"": ""MultiPoint""}"
14968,2007:1001762,2007-11-09T18:53:00,SANDHURST CRCL,FINCH AVE E,,5,Non-Fatal Injury,,Pedestrian Crossover,Pedestrian Collision (internal code),Rain,Dark,Wet,Collector,FALSE,-79.27119049,43.80924403,2,,,2,30,None,Other Safety Equipment Used,,,,,,,,,,passenger,,Scarborough North (23),42 Division,Agincourt North,TRUE,FALSE,FALSE,FALSE,FALSE,FALSE,TRUE,FALSE,TRUE,FALSE,"{""coordinates"": [[-79.27119048580914, 43.80924402748548]], ""type"": ""MultiPoint""}"
14969,2007:1001762,2007-11-09T18:53:00,SANDHURST CRCL,FINCH AVE E,,5,Non-Fatal Injury,,Pedestrian Crossover,Pedestrian Collision (internal code),Rain,Dark,Wet,Collector,FALSE,-79.27119049,43.80924403,2,,,3,,,Other Safety Equipment Used,,,,,,,,,,owner,,Scarborough North (23),42 Division,Agincourt North,TRUE,FALSE,FALSE,FALSE,FALSE,FALSE,TRUE,FALSE,TRUE,FALSE,"{""coordinates"": [[-79.27119048580914, 43.80924402748548]], ""type"": ""MultiPoint""}"
14970,2007:1001762,2007-11-09T18:53:00,SANDHURST CRCL,FINCH AVE E,,5,Non-Fatal Injury,,Pedestrian Crossover,Pedestrian Collision (internal code),Rain,Dark,Wet,Collector,FALSE,-79.27119049,43.80924403,3,,West,5,44,Major,Other Safety Equipment Used,,,Crossing - pedestrian crossover,Normal,,Driver hits pedestrian at PXO/pedestrian midblock signal,,,,pedestrian,,Scarborough North (23),42 Division,Agincourt North,TRUE,FALSE,FALSE,FALSE,FALSE,FALSE,TRUE,FALSE,TRUE,FALSE,"{""coordinates"": [[-79.27119048580914, 43.80924402748548]], ""type"": ""MultiPoint""}"
14971,2007:1004974,2007-10-31T18:03:00,5810 SHEPPARD AVE E,,,6,Non-Fatal Injury,At Intersection,No Control,Pedestrian Collision (internal code),Clear,Dark,Dry,Major Arterial,FALSE,-79.22979044,43.79564398,2,Automobile or Station Wagon,South,3,60,None,Other Safety Equipment Used,,,,,Parked,,,,,other,,Scarborough North (23),42 Division,Malvern East,TRUE,FALSE,FALSE,FALSE,FALSE,FALSE,TRUE,FALSE,TRUE,FALSE,"{""coordinates"": [[-79.22979043651263, 43.79564398138093]], ""type"": ""MultiPoint""}"
14972,2007:1002149,2007-11-09T18:25:00,WESTON RD,ST PHILLIPS RD,,2,Non-Fatal Injury,At Intersection,Traffic Signal,Pedestrian Collision (internal code),Rain,Dark,Wet,Major Arterial,TRUE,-79.53239104,43.70624437,1,Automobile or Station Wagon,East,1,68,Major,Other Safety Equipment Used,,,Crossing with right-of-way (intersection),Normal,,Driver going straight hits pedestrian crossing with right-of-way (at intersection),,,,pedestrian,,York South-Weston (5),12 Division,Weston,FALSE,FALSE,FALSE,FALSE,FALSE,TRUE,TRUE,FALSE,FALSE,FALSE,"{""coordinates"": [[-79.53239104348312, 43.70624436517503]], ""type"": ""MultiPoint""}"
14974,2007:1003525,2007-11-09T08:40:00,PATRICIA AVE,LACONIA DR,,2,Non-Fatal Injury,,No Control,Pedestrian Collision (internal code),Clear,Daylight with Artificial Lighting,Dry,Collector,FALSE,-79.44169078,43.78504423,1,Automobile or Station Wagon,West,1,48,None,Lap and Shoulder Belt,Driving properly,Normal,,,Going Ahead,,,,,driver,,Willowdale (18),32 Division,Newtonbrook West,FALSE,FALSE,FALSE,FALSE,FALSE,FALSE,TRUE,FALSE,TRUE,FALSE,"{""coordinates"": [[-79.44169078265432, 43.785044227634515]], ""type"": ""MultiPoint""}"
14975,2007:1002002,2007-11-08T21:54:00,GERRARD Stre E,PARLIAMENT Stre,,4,Non-Fatal Injury,At Intersection,Traffic Signal,Pedestrian Collision (internal code),Rain,Dark,Wet,Minor Arterial,TRUE,-79.36699083,43.66194416,1,,South,4,40,Minimal,Other Safety Equipment Used,,,Crossing with right-of-way (intersection),Normal,,Driver going straight hits pedestrian crossing with right-of-way (at intersection),,,,pedestrian,,Toronto Centre (13),51 Division,Regent Park,TRUE,FALSE,FALSE,FALSE,FALSE,FALSE,TRUE,TRUE,TRUE,FALSE,"{""coordinates"": [[-79.36699082789733, 43.66194415606473]], ""type"": ""MultiPoint""}"
14976,2007:1002002,2007-11-08T21:54:00,GERRARD Stre E,PARLIAMENT Stre,,4,Non-Fatal Injury,At Intersection,Traffic Signal,Pedestrian Collision (internal code),Rain,Dark,Wet,Minor Arterial,TRUE,-79.36699083,43.66194416,1,,South,1,14,Major,Other Safety Equipment Used,,,Crossing with right-of-way (intersection),Normal,,Driver going straight hits pedestrian crossing with right-of-way (at intersection),,,,pedestrian,,Toronto Centre (13),51 Division,Regent Park,TRUE,FALSE,FALSE,FALSE,FALSE,FALSE,TRUE,TRUE,TRUE,FALSE,"{""coordinates"": [[-79.36699082789733, 43.66194415606473]], ""type"": ""MultiPoint""}"
14977,2007:1003447,2007-11-08T20:14:00,ST CLAIR AVE W,CHRISTIE ST,,3,Non-Fatal Injury,,Traffic Signal,Cyclist Collision (internal code),Rain,Dark,Wet,Major Arterial,FALSE,-79.42569091,43.68174424,1,Automobile or Station Wagon,West,1,60,None,Lap and Shoulder Belt,Driving properly,Normal,,,Going Ahead,,,,,driver,,Toronto-St. Paul's (12),13 Division,Wychwood,FALSE,FALSE,TRUE,FALSE,FALSE,FALSE,FALSE,FALSE,FALSE,FALSE,"{""coordinates"": [[-79.42569090833481, 43.681744235106414]], ""type"": ""MultiPoint""}"
14978,2007:1003332,2007-11-08T19:45:00,MIDLAND AVE,NORBURY CRES,,2,Non-Fatal Injury,,No Control,Pedestrian Collision (internal code),Rain,Dark,Wet,Major Arterial,FALSE,-79.26669052,43.75604402,1,Automobile or Station Wagon,North,1,50,None,Lap and Shoulder Belt,Driving properly,Normal,,,Going Ahead,,,,,driver,,Scarborough Centre (21),41 Division,Bendale-Glen Andrew,FALSE,FALSE,FALSE,FALSE,FALSE,FALSE,TRUE,FALSE,FALSE,FALSE,"{""coordinates"": [[-79.26669052310643, 43.75604401527267]], ""type"": ""MultiPoint""}"
14979,2007:1001270,2007-11-08T06:43:00,ALBION RD,MARTIN GROVE N ALBION E RAMP,,2,Non-Fatal Injury,At Intersection,No Control,Pedestrian Collision (internal code),Clear,Daylight,Dry,Major Arterial,FALSE,-79.58939105,43.74114441,1,Automobile or Station Wagon,West,2,27,None,Lap and Shoulder Belt,Driving properly,Unknown,,,Going Ahead,,,,,driver,,Etobicoke North (1),23 Division,Mount Olive-Silverstone-Jamestown,FALSE,FALSE,FALSE,FALSE,FALSE,FALSE,TRUE,FALSE,FALSE,FALSE,"{""coordinates"": [[-79.58939105029636, 43.74114441023745]], ""type"": ""MultiPoint""}"
14980,2007:1005011,2007-11-07T22:06:00,WARDEN AVE,HUNTINGWOOD DR,,5,Non-Fatal Injury,,No Control,Pedestrian Collision (internal code),Clear,Dark,Dry,Major Arterial,FALSE,-79.31063457,43.78472707,1,,,1,,,Other Safety Equipment Used,,,,,,,,,,owner,,Scarborough-Agincourt (22),42 Division,Tam O'Shanter-Sullivan,FALSE,FALSE,FALSE,FALSE,FALSE,FALSE,TRUE,FALSE,FALSE,FALSE,"{""coordinates"": [[-79.3106345704499, 43.78472707145061]], ""type"": ""MultiPoint""}"
14981,2007:1005011,2007-11-07T22:06:00,WARDEN AVE,HUNTINGWOOD DR,,5,Non-Fatal Injury,,No Control,Pedestrian Collision (internal code),Clear,Dark,Dry,Major Arterial,FALSE,-79.31063457,43.78472707,4,,Unknown,4,32,Major,Other Safety Equipment Used,,,Other,Normal,,Driver hits pedestrian at midblock,,,,pedestrian,,Scarborough-Agincourt (22),42 Division,Tam O'Shanter-Sullivan,FALSE,FALSE,FALSE,FALSE,FALSE,FALSE,TRUE,FALSE,FALSE,FALSE,"{""coordinates"": [[-79.3106345704499, 43.78472707145061]], ""type"": ""MultiPoint""}"
14982,2007:1008556,2007-11-07T11:30:00,EGLINTON AVE W,CAMBERWELL RD,,3,Non-Fatal Injury,,No Control,Pedestrian Collision (internal code),Clear,Daylight,Dry,Major Arterial,FALSE,-79.42989089,43.70004423,1,,,1,,,Other Safety Equipment Used,,,,,,,,,,owner,,Toronto-St. Paul's (12),13 Division,Humewood-Cedarvale,FALSE,TRUE,FALSE,FALSE,FALSE,TRUE,TRUE,FALSE,FALSE,FALSE,"{""coordinates"": [[-79.42989088595418, 43.70004423497707]], ""type"": ""MultiPoint""}"
14983,2007:1000894,2007-11-06T21:15:00,FLAVIAN CRES,RAMEAU DR,,3,Non-Fatal Injury,At Intersection,No Control,Pedestrian Collision (internal code),Rain,Dark,Wet,Local,FALSE,-79.35789064,43.79394413,1,Automobile or Station Wagon,East,1,59,None,Other Safety Equipment Used,Failed to yield right-of-way,Unknown,,,Turning Left,,,,,driver,,Don Valley North (17),33 Division,Hillcrest Village,TRUE,FALSE,FALSE,FALSE,FALSE,FALSE,TRUE,FALSE,FALSE,FALSE,"{""coordinates"": [[-79.35789063784276, 43.79394412760277]], ""type"": ""MultiPoint""}"
14984,2007:1003217,2007-11-06T18:36:00,BUSHBY DR,MCCOWAN RD,,3,Non-Fatal Injury,,Traffic Signal,Pedestrian Collision (internal code),Rain,Dusk,Wet,Major Arterial,FALSE,-79.25219048,43.774544,1,,,1,,,Other Safety Equipment Used,,,,,,,,,,owner,,Scarborough-Guildwood (24),43 Division,Woburn North,TRUE,FALSE,FALSE,FALSE,FALSE,FALSE,TRUE,FALSE,FALSE,FALSE,"{""coordinates"": [[-79.25219048387588, 43.774544000186246]], ""type"": ""MultiPoint""}"
14986,2007:1002316,2007-11-05T18:52:00,COXWELL AVE,EASTWOOD RD,,2,Non-Fatal Injury,At Intersection,Traffic Signal,Pedestrian Collision (internal code),Rain,Dark,Wet,Minor Arterial,FALSE,-79.31929072,43.67294409,2,,East,2,71,Major,Other Safety Equipment Used,,,Crossing with right-of-way (intersection),Normal,,Driver turns left into pedestrian crossing with right-of-way (at intersection),,,,pedestrian,,Beaches-East York (19),55 Division,Woodbine Corridor,TRUE,FALSE,FALSE,FALSE,FALSE,TRUE,TRUE,FALSE,FALSE,FALSE,"{""coordinates"": [[-79.31929072123233, 43.67294408587042]], ""type"": ""MultiPoint""}"
14987,2007:1000380,2007-11-04T10:05:00,JAMESON AVE,KING ST W,,3,Non-Fatal Injury,At Intersection,Traffic Signal,Pedestrian Collision (internal code),Clear,Daylight,Dry,Major Arterial,FALSE,-79.435991,43.63714426,1,,,1,,,Other Safety Equipment Used,,,,,,,,,,owner,,Parkdale-High Park (4),14 Division,South Parkdale,FALSE,FALSE,FALSE,FALSE,FALSE,TRUE,TRUE,FALSE,FALSE,FALSE,"{""coordinates"": [[-79.43599100202547, 43.6371442649823]], ""type"": ""MultiPoint""}"
14988,2007:1000339,2007-11-03T06:10:00,STEELES AVE W,NORTHWEST GT,,2,Non-Fatal Injury,At Intersection,No Control,Pedestrian Collision (internal code),Clear,Dark,Dry,Major Arterial,FALSE,-79.5110909,43.77774431,2,,South,2,27,Major,Other Safety Equipment Used,,,Crossing - no traffic control,Had Been Drinking,,Driver hits pedestrian at midblock,,,,pedestrian,,,,,FALSE,FALSE,FALSE,FALSE,FALSE,FALSE,TRUE,FALSE,FALSE,FALSE,"{""coordinates"": [[-79.51109090011873, 43.777744310852555]], ""type"": ""MultiPoint""}"
14989,2007:1002191,2007-11-02T16:42:00,PROGRESS AVE,BOROUGH DR,,2,Non-Fatal Injury,,No Control,Cyclist Collision (internal code),Clear,Daylight,Dry,Minor Arterial,FALSE,-79.25449049,43.776944,2,Bicycle,North,2,45,Major,No Equipment Available,,,,,Going Ahead,,Driver turns left into path of cyclist,,,cyclist,,Scarborough Centre (21),43 Division,Bendale-Glen Andrew,FALSE,FALSE,TRUE,FALSE,FALSE,FALSE,FALSE,FALSE,FALSE,FALSE,"{""coordinates"": [[-79.25449048570201, 43.776944003333185]], ""type"": ""MultiPoint""}"