_id,collision_id,accdate,stname1,stname2,stname3,per_inv,acclass,accloc,traffictl,impactype,visible,light,rdsfcond,road_class,failtorem,longitude,latitude,veh_no,vehtype,initdir,per_no,invage,injury,safequip,drivact,drivcond,pedact,pedcond,manoeuvre,pedtype,cyclistype,cycact,cyccond,road_user,fatal_no,wardname,division,neighbourhood,aggressive,distracted,cyclist,motorcyclist,other_micromobility,older_adult,pedestrian,red_light,school_child,heavy_truck,geometry
14990,2007:1004974,2007-10-31T18:03:00,5810 SHEPPARD AVE E,,,6,Non-Fatal Injury,At Intersection,No Control,Pedestrian Collision (internal code),Clear,Dark,Dry,Major Arterial,FALSE,-79.22979044,43.79564398,4,,,6,36,Major,Other Safety Equipment Used,,,On sidewalk or shoulder,Normal,,Driver hits pedestrian on sidewalk or shoulder,,,,pedestrian,,Scarborough North (23),42 Division,Malvern East,TRUE,FALSE,FALSE,FALSE,FALSE,FALSE,TRUE,FALSE,TRUE,FALSE,"{""coordinates"": [[-79.22979043651263, 43.79564398138093]], ""type"": ""MultiPoint""}"
14991,2007:1004974,2007-10-31T18:03:00,5810 SHEPPARD AVE E,,,6,Non-Fatal Injury,At Intersection,No Control,Pedestrian Collision (internal code),Clear,Dark,Dry,Major Arterial,FALSE,-79.22979044,43.79564398,4,,,5,,,Other Safety Equipment Used,,,,,,,,,,owner,,Scarborough North (23),42 Division,Malvern East,TRUE,FALSE,FALSE,FALSE,FALSE,FALSE,TRUE,FALSE,TRUE,FALSE,"{""coordinates"": [[-79.22979043651263, 43.79564398138093]], ""type"": ""MultiPoint""}"
14992,2007:1004974,2007-10-31T18:03:00,5810 SHEPPARD AVE E,,,6,Non-Fatal Injury,At Intersection,No Control,Pedestrian Collision (internal code),Clear,Dark,Dry,Major Arterial,FALSE,-79.22979044,43.79564398,1,Automobile or Station Wagon,West,2,46,None,Lap and Shoulder Belt,Driving properly,Normal,,,Slowing or Stopping,,,,,driver,,Scarborough North (23),42 Division,Malvern East,TRUE,FALSE,FALSE,FALSE,FALSE,FALSE,TRUE,FALSE,TRUE,FALSE,"{""coordinates"": [[-79.22979043651263, 43.79564398138093]], ""type"": ""MultiPoint""}"
14993,2007:1002027,2007-10-26T21:35:00,PHARMACY AVE,BOLSTER AVE,,2,Non-Fatal Injury,At Intersection,Pedestrian Crossover,Pedestrian Collision (internal code),Rain,Dark,Wet,Minor Arterial,FALSE,-79.28949062,43.70654404,2,,West,2,48,Major,Other Safety Equipment Used,,,Crossing - pedestrian crossover,Normal,,Driver hits pedestrian at PXO/pedestrian midblock signal,,,,pedestrian,,Scarborough Southwest (20),41 Division,Clairlea-Birchmount,TRUE,TRUE,FALSE,FALSE,FALSE,FALSE,TRUE,FALSE,FALSE,FALSE,"{""coordinates"": [[-79.28949062197411, 43.70654404314807]], ""type"": ""MultiPoint""}"
14994,2007:1000055,2007-10-24T09:24:00,DUNDAS ST E,SHERBOURNE ST,,3,Non-Fatal Injury,,No Control,Pedestrian Collision (internal code),Clear,Daylight,Dry,Major Arterial,FALSE,-79.37029084,43.65844416,2,,,3,31,Major,Other Safety Equipment Used,,,On sidewalk or shoulder,Normal,,Driver hits pedestrian on sidewalk or shoulder,,,,pedestrian,,Toronto Centre (13),51 Division,Moss Park,FALSE,FALSE,FALSE,FALSE,FALSE,FALSE,TRUE,FALSE,FALSE,TRUE,"{""coordinates"": [[-79.3702908394671, 43.658444161536565]], ""type"": ""MultiPoint""}"
14995,2007:1000055,2007-10-24T09:24:00,DUNDAS ST E,SHERBOURNE ST,,3,Non-Fatal Injury,,No Control,Pedestrian Collision (internal code),Clear,Daylight,Dry,Major Arterial,FALSE,-79.37029084,43.65844416,1,Truck - Open (Flatbed),East,2,61,None,Other Safety Equipment Used,Driving properly,Normal,,,Going Ahead,,,,,driver,,Toronto Centre (13),51 Division,Moss Park,FALSE,FALSE,FALSE,FALSE,FALSE,FALSE,TRUE,FALSE,FALSE,TRUE,"{""coordinates"": [[-79.3702908394671, 43.658444161536565]], ""type"": ""MultiPoint""}"
14996,2007:999852,2007-10-23T06:50:00,YONGE ST,AVONDALE AVE,,3,Non-Fatal Injury,At Intersection,Traffic Signal,Pedestrian Collision (internal code),Rain,Dark,Wet,Major Arterial,FALSE,-79.41009076,43.75824419,1,Automobile or Station Wagon,North,1,24,None,Lap and Shoulder Belt,Failed to yield right-of-way,Normal,,,Turning Right,,,,,driver,,Willowdale (18),32 Division,Avondale,TRUE,FALSE,FALSE,FALSE,FALSE,FALSE,TRUE,FALSE,FALSE,FALSE,"{""coordinates"": [[-79.41009076093694, 43.75824419284291]], ""type"": ""MultiPoint""}"
14997,2007:999776,2007-10-22T09:45:00,TECUMSETH ST,RICHMOND ST W,,3,Non-Fatal Injury,At Intersection,Stop Sign,Pedestrian Collision (internal code),Clear,Daylight,Dry,Local,FALSE,-79.40629093,43.64594422,2,,North,2,27,Major,Other Safety Equipment Used,,,Crossing with right-of-way (intersection),Normal,,Driver turns left into pedestrian crossing with right-of-way (at intersection),,,,pedestrian,,Spadina-Fort York (10),14 Division,West Queen West,TRUE,TRUE,FALSE,FALSE,FALSE,FALSE,TRUE,FALSE,FALSE,FALSE,"{""coordinates"": [[-79.40629092892324, 43.64594421764175]], ""type"": ""MultiPoint""}"
14998,2007:999776,2007-10-22T09:45:00,TECUMSETH ST,RICHMOND ST W,,3,Non-Fatal Injury,At Intersection,Stop Sign,Pedestrian Collision (internal code),Clear,Daylight,Dry,Local,FALSE,-79.40629093,43.64594422,1,Automobile or Station Wagon,South,3,43,None,Lap and Shoulder Belt,Failed to yield right-of-way,Inattentive,,,Turning Left,,,,,driver,,Spadina-Fort York (10),14 Division,West Queen West,TRUE,TRUE,FALSE,FALSE,FALSE,FALSE,TRUE,FALSE,FALSE,FALSE,"{""coordinates"": [[-79.40629092892324, 43.64594421764175]], ""type"": ""MultiPoint""}"
14999,2007:997688,2007-10-21T01:20:00,YONGE ST,GREENFIELD AVE,,3,Non-Fatal Injury,At Intersection,Traffic Signal,Pedestrian Collision (internal code),Clear,Dark,Dry,Major Arterial,FALSE,-79.41139076,43.76324419,1,Automobile or Station Wagon,North,2,49,None,Lap and Shoulder Belt,Driving properly,Normal,,,Going Ahead,,,,,driver,,Willowdale (18),32 Division,Lansing-Westgate,FALSE,FALSE,FALSE,FALSE,FALSE,FALSE,TRUE,FALSE,FALSE,FALSE,"{""coordinates"": [[-79.41139075759025, 43.76324419390513]], ""type"": ""MultiPoint""}"
15000,2007:997688,2007-10-21T01:20:00,YONGE ST,GREENFIELD AVE,,3,Non-Fatal Injury,At Intersection,Traffic Signal,Pedestrian Collision (internal code),Clear,Dark,Dry,Major Arterial,FALSE,-79.41139076,43.76324419,2,,West,3,25,Major,Other Safety Equipment Used,,,Running onto roadway,Normal,,Driver going straight hits pedestrian crossing without right-of-way (at intersection),,,,pedestrian,,Willowdale (18),32 Division,Lansing-Westgate,FALSE,FALSE,FALSE,FALSE,FALSE,FALSE,TRUE,FALSE,FALSE,FALSE,"{""coordinates"": [[-79.41139075759025, 43.76324419390513]], ""type"": ""MultiPoint""}"
15001,2007:999780,2007-10-13T19:30:00,3950 LAWRENCE AVE E,,,3,Non-Fatal Injury,,No Control,Pedestrian Collision (internal code),Rain,Dark,Wet,Major Arterial,FALSE,-79.20449043,43.76424395,1,,,1,,None,Other Safety Equipment Used,,,,,,,,,,owner,,Scarborough-Guildwood (24),43 Division,Golfdale-Cedarbrae-Woburn,FALSE,TRUE,FALSE,FALSE,FALSE,FALSE,TRUE,FALSE,FALSE,FALSE,"{""coordinates"": [[-79.20449042556587, 43.76424395005574]], ""type"": ""MultiPoint""}"
15002,2007:996081,2007-10-11T19:10:00,100 STEELES Aven W,,,2,Non-Fatal Injury,,Traffic Signal,Pedestrian Collision (internal code),Clear,Daylight,Dry,Major Arterial,FALSE,-79.42479074,43.79694421,2,,North,2,57,Major,Other Safety Equipment Used,,,Crossing with right-of-way (intersection),Normal,Going Ahead,Driver hits pedestrian at midblock,,,,pedestrian,,Willowdale (18),32 Division,Newtonbrook West,TRUE,FALSE,FALSE,FALSE,FALSE,TRUE,TRUE,FALSE,FALSE,FALSE,"{""coordinates"": [[-79.42479074181948, 43.796944205933954]], ""type"": ""MultiPoint""}"
15004,2007:996892,2007-10-10T14:48:00,ROYAL YORK RD,NEWCASTLE ST,,2,Non-Fatal Injury,At Intersection,Traffic Signal,Pedestrian Collision (internal code),Clear,Daylight,Dry,Minor Arterial,FALSE,-79.49889116,43.61744437,1,Automobile or Station Wagon,West,1,82,None,Lap and Shoulder Belt,Failed to yield right-of-way,Normal,,,Turning Left,,,,,driver,,Etobicoke-Lakeshore (3),22 Division,Mimico-Queensway,TRUE,FALSE,FALSE,FALSE,FALSE,TRUE,TRUE,FALSE,FALSE,FALSE,"{""coordinates"": [[-79.49889116344663, 43.61744436977539]], ""type"": ""MultiPoint""}"
15005,2007:995772,2007-10-10T11:30:00,LOGAN AVE,EASTERN AVE,,2,Non-Fatal Injury,At Intersection,Traffic Signal,Pedestrian Collision (internal code),Clear,Daylight,Dry,Major Arterial,FALSE,-79.34139078,43.65784412,1,Automobile or Station Wagon,South,1,39,None,Lap and Shoulder Belt,Failed to yield right-of-way,Normal,,,Turning Left,Driver turns left into pedestrian crossing with right-of-way (at intersection),,,,driver,,Toronto-Danforth (14),55 Division,South Riverdale,TRUE,FALSE,FALSE,FALSE,FALSE,TRUE,TRUE,FALSE,FALSE,FALSE,"{""coordinates"": [[-79.34139078444439, 43.65784411933602]], ""type"": ""MultiPoint""}"
15006,2007:996876,2007-10-09T18:01:00,THE WEST MALL,CIVIC CENTRE CRT,,2,Non-Fatal Injury,At Intersection,Traffic Signal,Pedestrian Collision (internal code),Clear,Daylight,Dry,Minor Arterial,FALSE,-79.56599121,43.64224444,1,Automobile or Station Wagon,West,1,30,None,Lap and Shoulder Belt,Failed to yield right-of-way,Normal,,,Turning Left,,,,,driver,,Etobicoke Centre (2),22 Division,Etobicoke West Mall,TRUE,FALSE,FALSE,FALSE,FALSE,FALSE,TRUE,FALSE,FALSE,FALSE,"{""coordinates"": [[-79.56599120619768, 43.642244440600734]], ""type"": ""MultiPoint""}"
15007,2007:997965,2007-10-08T03:00:00,MEADOWVALE RD,WANITA RD,,2,Non-Fatal Injury,At Intersection,Stop Sign,Cyclist Collision (internal code),Clear,Dark,Dry,Collector,FALSE,-79.15779035,43.77844391,2,Bicycle,East,2,17,Major,Equipment Not Used But Available,,,,,Going Ahead,,"Cyclist without right-of-way rides into path of driver (at intersection, laneway, or driveway)",Disobeyed Traffic Control,Ability Impaired - Drugs,cyclist,,Scarborough-Rouge Park (25),43 Division,Centennial Scarborough,TRUE,FALSE,TRUE,FALSE,FALSE,FALSE,FALSE,FALSE,TRUE,FALSE,"{""coordinates"": [[-79.15779035190096, 43.77844390698813]], ""type"": ""MultiPoint""}"
15010,2007:980093,2007-06-14T09:08:00,ST CLAIR AVE W,LAUGHTON AVE,,3,Non-Fatal Injury,,No Control,Cyclist Collision (internal code),Clear,Daylight,Dry,Major Arterial,FALSE,-79.45739098,43.67474428,1,,,1,,,Other Safety Equipment Used,,,,,,,,,,owner,,Davenport (9),11 Division,Weston-Pelham Park,FALSE,TRUE,TRUE,FALSE,FALSE,FALSE,FALSE,FALSE,FALSE,FALSE,"{""coordinates"": [[-79.4573909797141, 43.674744282520805]], ""type"": ""MultiPoint""}"
15011,2007:996853,2007-09-28T20:33:00,FINCH AVE E,MCCOWAN RD,,2,Non-Fatal Injury,,No Control,Pedestrian Collision (internal code),Clear,Dark,Dry,Major Arterial,FALSE,-79.26319047,43.80874402,1,Automobile or Station Wagon,West,1,26,None,Lap and Shoulder Belt,Driving properly,Normal,,,Going Ahead,,,,,driver,,Scarborough North (23),42 Division,Agincourt North,FALSE,FALSE,FALSE,FALSE,FALSE,FALSE,TRUE,FALSE,FALSE,FALSE,"{""coordinates"": [[-79.26319047361238, 43.80874401820641]], ""type"": ""MultiPoint""}"
15014,2007:1002607,2007-09-26T14:15:00,DANFORTH RD,BIRCHMOUNT RD,,4,Non-Fatal Injury,At Intersection,Traffic Signal,Pedestrian Collision (internal code),Clear,Daylight,Wet,Minor Arterial,FALSE,-79.26809058,43.70694401,3,,,4,33,Major,Other Safety Equipment Used,,,Crossing without right-of-way (intersection),Normal,,Driver going straight hits pedestrian crossing without right-of-way (at intersection),,,,pedestrian,,Scarborough Southwest (20),41 Division,Clairlea-Birchmount,TRUE,FALSE,FALSE,FALSE,FALSE,TRUE,TRUE,TRUE,FALSE,FALSE,"{""coordinates"": [[-79.2680905828882, 43.706944014254766]], ""type"": ""MultiPoint""}"
15015,2007:1002607,2007-09-26T14:15:00,DANFORTH RD,BIRCHMOUNT RD,,4,Non-Fatal Injury,At Intersection,Traffic Signal,Pedestrian Collision (internal code),Clear,Daylight,Wet,Minor Arterial,FALSE,-79.26809058,43.70694401,1,Automobile or Station Wagon,West,1,77,None,Other Safety Equipment Used,Driving properly,Normal,,,Going Ahead,,,,,driver,,Scarborough Southwest (20),41 Division,Clairlea-Birchmount,TRUE,FALSE,FALSE,FALSE,FALSE,TRUE,TRUE,TRUE,FALSE,FALSE,"{""coordinates"": [[-79.2680905828882, 43.706944014254766]], ""type"": ""MultiPoint""}"
15016,2007:992576,2007-09-26T09:50:00,STEELES AVE E,VICTORIA PARK AVE,,3,Non-Fatal Injury,At Intersection,No Control,Pedestrian Collision (internal code),Clear,Daylight,Dry,Major Arterial,FALSE,-79.33699058,43.8167441,1,Truck - Open (Flatbed),East,2,63,None,Other Safety Equipment Used,Driving properly,Normal,,,Going Ahead,,,,,driver,,,42 Division,,FALSE,TRUE,FALSE,FALSE,FALSE,FALSE,TRUE,FALSE,FALSE,TRUE,"{""coordinates"": [[-79.3369905822923, 43.81674410335089]], ""type"": ""MultiPoint""}"
15017,2007:992576,2007-09-26T09:50:00,STEELES AVE E,VICTORIA PARK AVE,,3,Non-Fatal Injury,At Intersection,No Control,Pedestrian Collision (internal code),Clear,Daylight,Dry,Major Arterial,FALSE,-79.33699058,43.8167441,2,,North,3,40,Major,Other Safety Equipment Used,,,Crossing - no traffic control,Inattentive,,Driver hits pedestrian at midblock,,,,pedestrian,,,42 Division,,FALSE,TRUE,FALSE,FALSE,FALSE,FALSE,TRUE,FALSE,FALSE,TRUE,"{""coordinates"": [[-79.3369905822923, 43.81674410335089]], ""type"": ""MultiPoint""}"
15018,2007:1000446,2007-09-22T07:26:00,QUEEN ST E,EASTERN AVE,,2,Non-Fatal Injury,,Stop Sign,Cyclist Collision (internal code),Clear,Dark,Dry,Major Arterial,FALSE,-79.31259072,43.66724408,2,Bicycle,East,2,27,Major,Helmet,,,,,Going Ahead,,Driver turns left into path of cyclist,Driving Properly,Normal,cyclist,,Beaches-East York (19),55 Division,The Beaches,FALSE,FALSE,TRUE,FALSE,FALSE,TRUE,FALSE,FALSE,FALSE,FALSE,"{""coordinates"": [[-79.3125907161584, 43.667244076624335]], ""type"": ""MultiPoint""}"
15019,2007:994868,2007-09-21T10:53:00,DANFORTH RD,BIRCHMOUNT RD,,1,Non-Fatal Injury,,Traffic Signal,Cyclist Collision (internal code),Clear,Daylight,Dry,Minor Arterial,FALSE,-79.26809058,43.70694401,1,Automobile or Station Wagon,East,1,49,None,Other Safety Equipment Used,Driving properly,Normal,,,Turning Right,,,,,driver,,Scarborough Southwest (20),41 Division,Clairlea-Birchmount,FALSE,FALSE,TRUE,FALSE,FALSE,FALSE,FALSE,FALSE,FALSE,FALSE,"{""coordinates"": [[-79.2680905828882, 43.706944014254766]], ""type"": ""MultiPoint""}"
15020,2007:994814,2007-09-20T18:25:00,QUEEN ST E,HASTINGS AVE,,4,Non-Fatal Injury,,No Control,Cyclist Collision (internal code),Clear,Daylight,Dry,Minor Arterial,FALSE,-79.32859075,43.6636441,2,Automobile or Station Wagon,East,3,61,None,Use Unknown,Other,Normal,,,Parked,,,,,driver,,Toronto-Danforth (14),55 Division,South Riverdale,FALSE,FALSE,TRUE,FALSE,FALSE,FALSE,FALSE,FALSE,FALSE,TRUE,"{""coordinates"": [[-79.32859075167727, 43.663644100043726]], ""type"": ""MultiPoint""}"
15021,2007:994814,2007-09-20T18:25:00,QUEEN ST E,HASTINGS AVE,,4,Non-Fatal Injury,,No Control,Cyclist Collision (internal code),Clear,Daylight,Dry,Minor Arterial,FALSE,-79.32859075,43.6636441,1,Municipal Transit Bus (TTC),East,2,34,None,Lap Belt Only,Driving properly,Normal,,,Going Ahead,,,,,driver,,Toronto-Danforth (14),55 Division,South Riverdale,FALSE,FALSE,TRUE,FALSE,FALSE,FALSE,FALSE,FALSE,FALSE,TRUE,"{""coordinates"": [[-79.32859075167727, 43.663644100043726]], ""type"": ""MultiPoint""}"
15022,2007:991154,2007-09-19T13:08:00,AVOCA AVE,ST CLAIR AVE E,,2,Non-Fatal Injury,At Intersection,School Guard,Pedestrian Collision (internal code),Clear,Daylight,Dry,Major Arterial,FALSE,-79.38989083,43.68894418,1,Automobile or Station Wagon,West,1,72,Minimal,Lap and Shoulder Belt,Failed to yield right-of-way,Inattentive,,,Turning Left,,,,,driver,,Toronto-St. Paul's (12),53 Division,Rosedale-Moore Park,TRUE,TRUE,FALSE,FALSE,FALSE,TRUE,TRUE,FALSE,FALSE,FALSE,"{""coordinates"": [[-79.38989083025017, 43.688944182967376]], ""type"": ""MultiPoint""}"
15023,2007:995498,2007-09-18T19:20:00,MOUNT PLEASANT RD,HEATH ST E,,2,Non-Fatal Injury,At Intersection,No Control,Cyclist Collision (internal code),Clear,Daylight,Dry,Major Arterial,FALSE,-79.38409081,43.69224417,2,Bicycle,North,1,44,Major,Helmet,,,,,Going Ahead,,Driver turns left into path of cyclist,Driving Properly,Normal,cyclist,,University-Rosedale (11),53 Division,Rosedale-Moore Park,FALSE,FALSE,TRUE,FALSE,FALSE,FALSE,FALSE,FALSE,FALSE,FALSE,"{""coordinates"": [[-79.3840908144683, 43.692244174155356]], ""type"": ""MultiPoint""}"
15024,2007:990888,2007-09-18T13:14:00,1541 THE QUEENSWAY,,,3,Non-Fatal Injury,,No Control,Pedestrian Collision (internal code),Clear,Daylight,Dry,Major Arterial,FALSE,-79.53759121,43.61854442,2,,South,3,38,Major,Other Safety Equipment Used,,,Crossing - no traffic control,Normal,Going Ahead,Driver hits pedestrian at midblock,,,,pedestrian,,Etobicoke-Lakeshore (3),22 Division,Etobicoke City Centre,FALSE,FALSE,FALSE,FALSE,FALSE,FALSE,TRUE,FALSE,FALSE,FALSE,"{""coordinates"": [[-79.5375912131987, 43.61854441833992]], ""type"": ""MultiPoint""}"
15025,2007:990888,2007-09-18T13:14:00,1541 THE QUEENSWAY,,,3,Non-Fatal Injury,,No Control,Pedestrian Collision (internal code),Clear,Daylight,Dry,Major Arterial,FALSE,-79.53759121,43.61854442,1,Automobile or Station Wagon,West,2,33,None,Other Safety Equipment Used,Driving properly,Normal,,,Going Ahead,,,,,driver,,Etobicoke-Lakeshore (3),22 Division,Etobicoke City Centre,FALSE,FALSE,FALSE,FALSE,FALSE,FALSE,TRUE,FALSE,FALSE,FALSE,"{""coordinates"": [[-79.5375912131987, 43.61854441833992]], ""type"": ""MultiPoint""}"
15026,2007:994188,2007-09-15T21:16:00,DANFORTH RD,ST CLAIR AVE E,,3,Non-Fatal Injury,At Intersection,Traffic Signal,Cyclist Collision (internal code),Clear,Dark,Dry,Major Arterial,FALSE,-79.25989056,43.716844,1,,,1,,None,Other Safety Equipment Used,,,,,,,,,,owner,,Scarborough Southwest (20),41 Division,Clairlea-Birchmount,TRUE,FALSE,TRUE,FALSE,FALSE,FALSE,FALSE,FALSE,TRUE,FALSE,"{""coordinates"": [[-79.25989055628196, 43.716844003825535]], ""type"": ""MultiPoint""}"
15027,2007:993875,2007-09-14T18:14:00,WILSON AVE,INGLESIDE DR,,3,Non-Fatal Injury,,No Control,Cyclist Collision (internal code),Rain,Daylight,Wet,Major Arterial,TRUE,-79.47849092,43.72794429,1,Automobile or Station Wagon,South,2,46,None,Other Safety Equipment Used,Failed to yield right-of-way,Normal,,,Going Ahead,,,,,driver,,York Centre (6),31 Division,Downsview,TRUE,FALSE,TRUE,FALSE,FALSE,FALSE,FALSE,FALSE,FALSE,FALSE,"{""coordinates"": [[-79.47849092471444, 43.72794428900135]], ""type"": ""MultiPoint""}"
15028,2007:993875,2007-09-14T18:14:00,WILSON AVE,INGLESIDE DR,,3,Non-Fatal Injury,,No Control,Cyclist Collision (internal code),Rain,Daylight,Wet,Major Arterial,TRUE,-79.47849092,43.72794429,2,Bicycle,West,3,31,Major,Equipment Not Used But Available,,,,,Going Ahead,,"Driver without right-of-way drives into path of cyclist (at intersection, laneway, or driveway)",Driving Properly,Normal,cyclist,,York Centre (6),31 Division,Downsview,TRUE,FALSE,TRUE,FALSE,FALSE,FALSE,FALSE,FALSE,FALSE,FALSE,"{""coordinates"": [[-79.47849092471444, 43.72794428900135]], ""type"": ""MultiPoint""}"
15029,2007:994300,2007-09-14T08:20:00,AUKLAND RD,SUBWAY CRES W,,2,Non-Fatal Injury,,No Control,Pedestrian Collision (internal code),Clear,Daylight,Dry,Major Arterial,FALSE,-79.53769118,43.63834441,2,,West,2,37,Major,Other Safety Equipment Used,,,Crossing - no traffic control,Inattentive,,Driver hits pedestrian at midblock,,,,pedestrian,,Etobicoke-Lakeshore (3),22 Division,Etobicoke City Centre,FALSE,TRUE,FALSE,FALSE,FALSE,FALSE,TRUE,FALSE,FALSE,FALSE,"{""coordinates"": [[-79.53769117650823, 43.63834440781904]], ""type"": ""MultiPoint""}"
15030,2007:994169,2007-09-13T18:51:00,PEARSON AVE,RONCESVALLES AVE,,2,Non-Fatal Injury,At Intersection,No Control,Pedestrian Collision (internal code),Clear,Daylight,Dry,Minor Arterial,FALSE,-79.44729102,43.64194428,2,,South,2,66,Major,Use Unknown,,,Crossing with right-of-way (intersection),Normal,,Driver turns left into pedestrian crossing with right-of-way (at intersection),,,,pedestrian,,Parkdale-High Park (4),11 Division,Roncesvalles,TRUE,TRUE,FALSE,FALSE,FALSE,TRUE,TRUE,FALSE,FALSE,FALSE,"{""coordinates"": [[-79.44729101636362, 43.641944280291675]], ""type"": ""MultiPoint""}"
15032,2007:994409,2007-09-11T06:10:00,KENNEDY RD,ELLESMERE RD,,2,Non-Fatal Injury,At Intersection,Traffic Signal,Pedestrian Collision (internal code),Rain,Dark,Wet,Major Arterial,FALSE,-79.28109054,43.76574403,2,,East,2,49,Major,Other Safety Equipment Used,,,Crossing with right-of-way (intersection),Normal,,Driver turns left into pedestrian crossing with right-of-way (at intersection),,,,pedestrian,,Scarborough Centre (21),41 Division,Dorset Park,TRUE,FALSE,FALSE,FALSE,FALSE,FALSE,TRUE,FALSE,FALSE,FALSE,"{""coordinates"": [[-79.28109053887839, 43.76574403417697]], ""type"": ""MultiPoint""}"
15033,2007:985490,2007-08-19T11:34:00,ISLINGTON AVE,ROWNTREE MILL RD,,3,Non-Fatal Injury,,No Control,Pedestrian Collision (internal code),Clear,Daylight,Dry,Major Arterial,FALSE,-79.568591,43.75334438,3,,,1,72,Major,Other Safety Equipment Used,,,Other,Normal,,Driver reversing hits pedestrian,,,,pedestrian,,Humber River-Black Creek (7),31 Division,Humber Summit,FALSE,TRUE,FALSE,FALSE,FALSE,TRUE,TRUE,FALSE,FALSE,FALSE,"{""coordinates"": [[-79.56859100314082, 43.753344380785876]], ""type"": ""MultiPoint""}"
15034,2007:989495,2007-09-10T16:35:00,EGLINTON AVE E,PHARMACY AVE,,3,Non-Fatal Injury,,No Control,Pedestrian Collision (internal code),Clear,Daylight,Dry,Major Arterial,FALSE,-79.2931906,43.72654405,2,,South,3,58,Major,Other Safety Equipment Used,,,Crossing - no traffic control,Normal,,Driver hits pedestrian at midblock,,,,pedestrian,,Scarborough Southwest (20),41 Division,Clairlea-Birchmount,TRUE,FALSE,FALSE,FALSE,FALSE,FALSE,TRUE,FALSE,FALSE,FALSE,"{""coordinates"": [[-79.29319060296577, 43.72654404789451]], ""type"": ""MultiPoint""}"
15035,2007:989495,2007-09-10T16:35:00,EGLINTON AVE E,PHARMACY AVE,,3,Non-Fatal Injury,,No Control,Pedestrian Collision (internal code),Clear,Daylight,Dry,Major Arterial,FALSE,-79.2931906,43.72654405,1,Automobile or Station Wagon,West,2,42,None,Other Safety Equipment Used,Failed to yield right-of-way,Normal,,,Going Ahead,,,,,driver,,Scarborough Southwest (20),41 Division,Clairlea-Birchmount,TRUE,FALSE,FALSE,FALSE,FALSE,FALSE,TRUE,FALSE,FALSE,FALSE,"{""coordinates"": [[-79.29319060296577, 43.72654404789451]], ""type"": ""MultiPoint""}"
15036,2007:993646,2007-09-09T03:00:00,ADELAIDE ST W,PETER ST,,3,Non-Fatal Injury,At Intersection,Traffic Signal,Pedestrian Collision (internal code),Clear,Dark,Dry,Major Arterial,FALSE,-79.3928909,43.6473442,2,,North,3,19,Major,Other Safety Equipment Used,,,Crossing without right-of-way (intersection),Had Been Drinking,,Driver going straight hits pedestrian crossing without right-of-way (at intersection),,,,pedestrian,,Spadina-Fort York (10),52 Division,Wellington Place,FALSE,FALSE,FALSE,FALSE,FALSE,FALSE,TRUE,FALSE,TRUE,FALSE,"{""coordinates"": [[-79.39289090039284, 43.647344197308584]], ""type"": ""MultiPoint""}"
15037,2007:993646,2007-09-09T03:00:00,ADELAIDE ST W,PETER ST,,3,Non-Fatal Injury,At Intersection,Traffic Signal,Pedestrian Collision (internal code),Clear,Dark,Dry,Major Arterial,FALSE,-79.3928909,43.6473442,1,Automobile or Station Wagon,East,2,47,None,Lap and Shoulder Belt,Driving properly,Normal,,,Going Ahead,,,,,driver,,Spadina-Fort York (10),52 Division,Wellington Place,FALSE,FALSE,FALSE,FALSE,FALSE,FALSE,TRUE,FALSE,TRUE,FALSE,"{""coordinates"": [[-79.39289090039284, 43.647344197308584]], ""type"": ""MultiPoint""}"
15038,2007:993583,2007-09-08T10:41:00,10155 SHEPPARD AVE E,,,3,Non-Fatal Injury,,No Control,Cyclist Collision (internal code),Clear,Daylight,Dry,Minor Arterial,FALSE,-79.15969034,43.80544392,1,,,1,,,Other Safety Equipment Used,,,,,,,,,,owner,,Scarborough-Rouge Park (25),42 Division,West Rouge,TRUE,FALSE,TRUE,FALSE,FALSE,FALSE,FALSE,FALSE,FALSE,FALSE,"{""coordinates"": [[-79.15969033722412, 43.805443916340415]], ""type"": ""MultiPoint""}"
15039,2007:992822,2007-09-07T13:30:00,5001 FINCH AVE E,,,5,Non-Fatal Injury,,No Control,Pedestrian Collision (internal code),Clear,Daylight,Dry,Major Arterial,FALSE,-79.26789048,43.80774402,2,,,4,,,Other Safety Equipment Used,,,,,,,,,,owner,,Scarborough North (23),42 Division,Agincourt North,FALSE,TRUE,FALSE,FALSE,FALSE,FALSE,TRUE,FALSE,FALSE,FALSE,"{""coordinates"": [[-79.2678904818622, 43.807744023491054]], ""type"": ""MultiPoint""}"
15040,2007:992822,2007-09-07T13:30:00,5001 FINCH AVE E,,,5,Non-Fatal Injury,,No Control,Pedestrian Collision (internal code),Clear,Daylight,Dry,Major Arterial,FALSE,-79.26789048,43.80774402,1,,,1,,,Other Safety Equipment Used,,,,,,,,,,owner,,Scarborough North (23),42 Division,Agincourt North,FALSE,TRUE,FALSE,FALSE,FALSE,FALSE,TRUE,FALSE,FALSE,FALSE,"{""coordinates"": [[-79.2678904818622, 43.807744023491054]], ""type"": ""MultiPoint""}"