_id,collision_id,accdate,stname1,stname2,stname3,per_inv,acclass,accloc,traffictl,impactype,visible,light,rdsfcond,road_class,failtorem,longitude,latitude,veh_no,vehtype,initdir,per_no,invage,injury,safequip,drivact,drivcond,pedact,pedcond,manoeuvre,pedtype,cyclistype,cycact,cyccond,road_user,fatal_no,wardname,division,neighbourhood,aggressive,distracted,cyclist,motorcyclist,other_micromobility,older_adult,pedestrian,red_light,school_child,heavy_truck,geometry
15101,2007:976691,2007-06-22T20:09:00,WARDEN AVE,SHEPPARD AVE E,,6,Non-Fatal Injury,At Intersection,Traffic Signal,Pedestrian Collision (internal code),Clear,Daylight,Dry,Major Arterial,FALSE,-79.30789057,43.77874407,1,,South,1,72,Major,Other Safety Equipment Used,,,Crossing with right-of-way (intersection),Normal,,Driver turns left into pedestrian crossing with right-of-way (at intersection),,,,pedestrian,,Scarborough-Agincourt (22),42 Division,Tam O'Shanter-Sullivan,FALSE,TRUE,FALSE,FALSE,FALSE,TRUE,TRUE,FALSE,TRUE,FALSE,"{""coordinates"": [[-79.30789057145049, 43.7787440677994]], ""type"": ""MultiPoint""}"
15102,2007:976207,2007-06-22T10:29:00,BRIMLEY RD,BLUFFERS PARK,,3,Non-Fatal Injury,,No Control,Pedestrian Collision (internal code),Clear,Daylight,Dry,Other,FALSE,-79.23599053,43.70614397,1,,,1,,Major,Other Safety Equipment Used,,,,,Other,,,,,pedestrian,,Scarborough Southwest (20),41 Division,Cliffcrest,FALSE,FALSE,FALSE,FALSE,FALSE,FALSE,TRUE,FALSE,FALSE,FALSE,"{""coordinates"": [[-79.23599052952272, 43.70614397395724]], ""type"": ""MultiPoint""}"
15103,2007:980737,2007-06-21T22:50:00,YONGE ST,SHEPPARD AVE W,,2,Non-Fatal Injury,,No Control,Pedestrian Collision (internal code),Clear,Daylight,Dry,Major Arterial,FALSE,-79.41099076,43.76184419,2,,East,1,30,Major,Other Safety Equipment Used,,,Crossing - no traffic control,Normal,,Driver hits pedestrian at midblock,,,,pedestrian,,Willowdale (18),32 Division,Yonge-Doris,TRUE,FALSE,FALSE,FALSE,FALSE,FALSE,TRUE,FALSE,FALSE,FALSE,"{""coordinates"": [[-79.41099075846985, 43.7618441935656]], ""type"": ""MultiPoint""}"
15104,2007:980579,2007-06-21T09:54:00,YONGE ST,MERTON ST,,2,Non-Fatal Injury,At Intersection,Traffic Signal,Pedestrian Collision (internal code),Clear,Daylight,Dry,Major Arterial,FALSE,-79.39619083,43.69614419,1,Bicycle,South,2,18,Minor,Helmet,,,,,Going Ahead,,Cyclist hits pedestrian,Disobeyed Traffic Control,Normal,cyclist,,Toronto-St. Paul's (12),53 Division,South Eglinton-Davisville,FALSE,FALSE,TRUE,FALSE,FALSE,FALSE,TRUE,FALSE,TRUE,FALSE,"{""coordinates"": [[-79.39619083066924, 43.69614418992183]], ""type"": ""MultiPoint""}"
15105,2007:975488,2007-06-18T15:49:00,LONDON GREEN CRT,DRIFTWOOD AVE,,1,Non-Fatal Injury,,No Control,Pedestrian Collision (internal code),Clear,Daylight,Dry,Local,TRUE,-79.51259093,43.75224432,2,,West,3,10,Major,Other Safety Equipment Used,,,On sidewalk or shoulder,Unknown,,Driver hits pedestrian on sidewalk or shoulder,,,,pedestrian,,Humber River-Black Creek (7),31 Division,Glenfield-Jane Heights,FALSE,FALSE,FALSE,FALSE,FALSE,FALSE,TRUE,FALSE,TRUE,FALSE,"{""coordinates"": [[-79.51259093456235, 43.75224431941728]], ""type"": ""MultiPoint""}"
15106,2007:975488,2007-06-18T15:49:00,LONDON GREEN CRT,DRIFTWOOD AVE,,1,Non-Fatal Injury,,No Control,Pedestrian Collision (internal code),Clear,Daylight,Dry,Local,TRUE,-79.51259093,43.75224432,1,Automobile or Station Wagon,South,2,,None,Other Safety Equipment Used,Lost control,Unknown,,,Going Ahead,,,,,driver,,Humber River-Black Creek (7),31 Division,Glenfield-Jane Heights,FALSE,FALSE,FALSE,FALSE,FALSE,FALSE,TRUE,FALSE,TRUE,FALSE,"{""coordinates"": [[-79.51259093456235, 43.75224431941728]], ""type"": ""MultiPoint""}"
15107,2007:975246,2007-06-17T04:25:00,MCROBERTS Aven,KITCHENER Aven,,6,Non-Fatal Injury,At Intersection,Stop Sign,Pedestrian Collision (internal code),Clear,Dark,Dry,Local,FALSE,-79.45919096,43.68934428,1,Automobile or Station Wagon,South,5,23,None,Lap and Shoulder Belt,,,,,Unknown,,,,,driver,,Davenport (9),13 Division,Caledonia-Fairbank,FALSE,FALSE,FALSE,FALSE,FALSE,FALSE,TRUE,FALSE,FALSE,FALSE,"{""coordinates"": [[-79.45919095783948, 43.68934427926797]], ""type"": ""MultiPoint""}"
15108,2007:975246,2007-06-17T04:25:00,MCROBERTS Aven,KITCHENER Aven,,6,Non-Fatal Injury,At Intersection,Stop Sign,Pedestrian Collision (internal code),Clear,Dark,Dry,Local,FALSE,-79.45919096,43.68934428,2,,,6,,Major,No Equipment Available,,,,,Other,,,,,pedestrian,,Davenport (9),13 Division,Caledonia-Fairbank,FALSE,FALSE,FALSE,FALSE,FALSE,FALSE,TRUE,FALSE,FALSE,FALSE,"{""coordinates"": [[-79.45919095783948, 43.68934427926797]], ""type"": ""MultiPoint""}"
15109,2007:975246,2007-06-17T04:25:00,MCROBERTS Aven,KITCHENER Aven,,6,Non-Fatal Injury,At Intersection,Stop Sign,Pedestrian Collision (internal code),Clear,Dark,Dry,Local,FALSE,-79.45919096,43.68934428,1,,South,3,,None,Lap and Shoulder Belt,,,,,Other,,,,,passenger,,Davenport (9),13 Division,Caledonia-Fairbank,FALSE,FALSE,FALSE,FALSE,FALSE,FALSE,TRUE,FALSE,FALSE,FALSE,"{""coordinates"": [[-79.45919095783948, 43.68934427926797]], ""type"": ""MultiPoint""}"
15112,2007:977112,2007-06-13T14:20:00,CHARLES ST E,YONGE ST,,2,Non-Fatal Injury,At Intersection,Traffic Signal,Pedestrian Collision (internal code),Clear,Daylight,Dry,Major Arterial,FALSE,-79.38609085,43.66864418,1,,North,1,74,Minor,Other Safety Equipment Used,,,On sidewalk or shoulder,Normal,,Driver hits pedestrian on sidewalk or shoulder,,,,pedestrian,,University-Rosedale (11),51 Division,Church-Wellesley,FALSE,FALSE,FALSE,FALSE,FALSE,TRUE,TRUE,FALSE,FALSE,FALSE,"{""coordinates"": [[-79.38609085436252, 43.66864418231776]], ""type"": ""MultiPoint""}"
15113,2007:977112,2007-06-13T14:20:00,CHARLES ST E,YONGE ST,,2,Non-Fatal Injury,At Intersection,Traffic Signal,Pedestrian Collision (internal code),Clear,Daylight,Dry,Major Arterial,FALSE,-79.38609085,43.66864418,2,,,4,,None,Other Safety Equipment Used,,,,,Making U-Turn,,,,,owner,,University-Rosedale (11),51 Division,Church-Wellesley,FALSE,FALSE,FALSE,FALSE,FALSE,TRUE,TRUE,FALSE,FALSE,FALSE,"{""coordinates"": [[-79.38609085436252, 43.66864418231776]], ""type"": ""MultiPoint""}"
15114,2007:974270,2007-06-10T10:38:00,STEELES AVE W,CACTUS AVE,,7,Non-Fatal Injury,At Intersection,Traffic Signal,Pedestrian Collision (internal code),Clear,Daylight,Dry,Major Arterial,FALSE,-79.43659076,43.79444422,1,,,1,3,None,Other Safety Equipment Used,,,,,,,,,,passenger,,,,,FALSE,FALSE,FALSE,FALSE,FALSE,FALSE,TRUE,FALSE,TRUE,FALSE,"{""coordinates"": [[-79.43659076356758, 43.79444422013815]], ""type"": ""MultiPoint""}"
15115,2007:974270,2007-06-10T10:38:00,STEELES AVE W,CACTUS AVE,,7,Non-Fatal Injury,At Intersection,Traffic Signal,Pedestrian Collision (internal code),Clear,Daylight,Dry,Major Arterial,FALSE,-79.43659076,43.79444422,2,,North,4,10,Major,Other Safety Equipment Used,,,Crossing without right-of-way (intersection),Unknown,,Driver going straight hits pedestrian crossing without right-of-way (at intersection),,,,pedestrian,,,,,FALSE,FALSE,FALSE,FALSE,FALSE,FALSE,TRUE,FALSE,TRUE,FALSE,"{""coordinates"": [[-79.43659076356758, 43.79444422013815]], ""type"": ""MultiPoint""}"
15116,2007:974168,2007-06-09T09:45:00,KING ST W,GWYNNE AVE,,2,Non-Fatal Injury,At Intersection,No Control,Pedestrian Collision (internal code),Clear,Daylight,Dry,Major Arterial,FALSE,-79.42889099,43.63864425,2,,East,2,72,Major,Other Safety Equipment Used,,,Crossing with right-of-way (intersection),Normal,Unknown,Driver turns left into pedestrian crossing without right-of-way (at intersection),,,,pedestrian,,Parkdale-High Park (4),14 Division,South Parkdale,FALSE,FALSE,FALSE,FALSE,FALSE,TRUE,TRUE,FALSE,FALSE,FALSE,"{""coordinates"": [[-79.42889098541768, 43.63864425375273]], ""type"": ""MultiPoint""}"
15117,2007:974078,2007-06-08T08:40:00,ST CLAIR AVE E,PLAXTON DR,,2,Non-Fatal Injury,At Intersection,Traffic Signal,Pedestrian Collision (internal code),Clear,Daylight,Dry,Major Arterial,FALSE,-79.30259064,43.70764406,2,,North,2,11,Major,Other Safety Equipment Used,,,Crossing with right-of-way (intersection),Normal,,Driver going straight hits pedestrian crossing with right-of-way (at intersection),,,,pedestrian,,Beaches-East York (19),55 Division,O'Connor-Parkview,TRUE,TRUE,FALSE,FALSE,FALSE,FALSE,TRUE,TRUE,TRUE,FALSE,"{""coordinates"": [[-79.3025906441623, 43.70764406080836]], ""type"": ""MultiPoint""}"
15120,2007:973640,2007-06-06T16:45:00,CHESTNUT ST,EDWARD ST,,3,Non-Fatal Injury,At Intersection,No Control,Pedestrian Collision (internal code),Clear,Daylight,Dry,Collector,FALSE,-79.38639087,43.65594419,1,,,1,,,Other Safety Equipment Used,,,,,,,,,,owner,,University-Rosedale (11),52 Division,Yonge-Bay Corridor,TRUE,FALSE,FALSE,FALSE,FALSE,FALSE,TRUE,FALSE,FALSE,TRUE,"{""coordinates"": [[-79.38639087443032, 43.65594418566101]], ""type"": ""MultiPoint""}"
15121,2007:977762,2007-06-03T19:21:00,DANFORTH AVE,MONARCH PARK AVE,,3,Non-Fatal Injury,,Traffic Signal,Pedestrian Collision (internal code),Rain,Dark,Wet,Major Arterial,FALSE,-79.32719072,43.6825441,1,,,1,,,Other Safety Equipment Used,,,,,,,,,,owner,,Toronto-Danforth (14),55 Division,Greenwood-Coxwell,FALSE,FALSE,FALSE,FALSE,FALSE,FALSE,TRUE,FALSE,FALSE,FALSE,"{""coordinates"": [[-79.32719072299003, 43.682544096280594]], ""type"": ""MultiPoint""}"
15122,2007:977666,2007-06-03T17:58:00,MCNICOLL AVE,MIDLAND AVE,,2,Non-Fatal Injury,,Traffic Signal,Cyclist Collision (internal code),Clear,Daylight,Dry,Major Arterial,FALSE,-79.29219051,43.81454405,1,Automobile or Station Wagon,West,1,44,None,Lap and Shoulder Belt,Disobeyed traffic control,Normal,,,Turning Right,,,,,driver,,Scarborough North (23),42 Division,Milliken,TRUE,FALSE,TRUE,FALSE,FALSE,FALSE,FALSE,TRUE,FALSE,FALSE,"{""coordinates"": [[-79.29219051423821, 43.81454405213723]], ""type"": ""MultiPoint""}"
15123,2007:972006,2007-05-28T18:00:00,STEELES AVE W,GIHON SPRING DR,,2,Non-Fatal Injury,,No Control,Pedestrian Collision (internal code),Clear,Daylight,Dry,Major Arterial,FALSE,-79.59569103,43.75954441,2,,South,1,85,Major,Other Safety Equipment Used,,,Walking on roadway with traffic,Medical or Physical Disability,,Driver hits pedestrian at midblock,,,,pedestrian,,Etobicoke North (1),23 Division,Mount Olive-Silverstone-Jamestown,FALSE,FALSE,FALSE,FALSE,FALSE,TRUE,TRUE,FALSE,FALSE,FALSE,"{""coordinates"": [[-79.5956910286983, 43.75954440827055]], ""type"": ""MultiPoint""}"
15124,2007:972321,2007-05-28T12:45:00,TEDDINGTON PARK Ave,YONGE St,,2,Non-Fatal Injury,,No Control,Pedestrian Collision (internal code),Clear,Daylight,Dry,Major Arterial,FALSE,-79.40419079,43.73294419,1,Automobile or Station Wagon,West,1,60,None,Other Safety Equipment Used,Failed to yield right-of-way,Inattentive,,,Reversing,,,,,driver,,Don Valley West (15),32 Division,Lawrence Park North,TRUE,TRUE,FALSE,FALSE,FALSE,TRUE,TRUE,FALSE,FALSE,FALSE,"{""coordinates"": [[-79.40419078706624, 43.732944190964176]], ""type"": ""MultiPoint""}"
15125,2007:973958,2007-05-28T05:05:00,ELLESMERE RD,MORRISH RD,,3,Non-Fatal Injury,At Intersection,Traffic Signal,Pedestrian Collision (internal code),Clear,Dark,Dry,Minor Arterial,FALSE,-79.17339037,43.79014393,1,Automobile or Station Wagon,South,1,54,None,Lap and Shoulder Belt,Failed to yield right-of-way,Normal,,,Turning Left,,,,,driver,,Scarborough-Rouge Park (25),43 Division,Highland Creek,TRUE,FALSE,FALSE,FALSE,FALSE,FALSE,TRUE,FALSE,FALSE,FALSE,"{""coordinates"": [[-79.17339036532067, 43.79014392544416]], ""type"": ""MultiPoint""}"
15126,2007:970906,2007-05-22T21:57:00,DON VALLEY PARKWAY S,DUNDAS ST E,,3,Non-Fatal Injury,,No Control,Pedestrian Collision (internal code),Clear,Dark,Dry,,FALSE,-79.3558908,43.66424414,2,,,3,25,Major,Other Safety Equipment Used,,,Other,Other Condition,,Other,,,,pedestrian,,Toronto-Danforth (14),55 Division,South Riverdale,FALSE,FALSE,FALSE,FALSE,FALSE,FALSE,TRUE,FALSE,FALSE,FALSE,"{""coordinates"": [[-79.35589080320099, 43.66424413955357]], ""type"": ""MultiPoint""}"
15127,2007:970906,2007-05-22T21:57:00,DON VALLEY PARKWAY S,DUNDAS ST E,,3,Non-Fatal Injury,,No Control,Pedestrian Collision (internal code),Clear,Dark,Dry,,FALSE,-79.3558908,43.66424414,1,Automobile or Station Wagon,South,2,57,None,Lap and Shoulder Belt,Driving properly,Normal,,,Going Ahead,,,,,driver,,Toronto-Danforth (14),55 Division,South Riverdale,FALSE,FALSE,FALSE,FALSE,FALSE,FALSE,TRUE,FALSE,FALSE,FALSE,"{""coordinates"": [[-79.35589080320099, 43.66424413955357]], ""type"": ""MultiPoint""}"
15130,2007:984687,2007-05-18T14:25:00,KEELE ST,LAWRENCE AVE W,,4,Non-Fatal Injury,,Traffic Signal,Pedestrian Collision (internal code),Clear,Daylight,Dry,Major Arterial,FALSE,-79.47809096,43.7086443,2,,,2,30,Major,Other Safety Equipment Used,,,On sidewalk or shoulder,Normal,,Driver hits pedestrian on sidewalk or shoulder,,,,pedestrian,,York South-Weston (5),12 Division,Brookhaven-Amesbury,FALSE,FALSE,FALSE,FALSE,FALSE,FALSE,TRUE,FALSE,FALSE,TRUE,"{""coordinates"": [[-79.47809095841053, 43.708644297019255]], ""type"": ""MultiPoint""}"
15131,2007:977784,2007-05-16T11:45:00,LANSDOWNE AVE,WADE AVE,,3,Non-Fatal Injury,At Intersection,Stop Sign,Pedestrian Collision (internal code),Rain,Daylight,Wet,Minor Arterial,FALSE,-79.44299098,43.65924427,1,,,1,,None,Other Safety Equipment Used,,,,,Unknown,,,,,owner,,Davenport (9),11 Division,Junction-Wallace Emerson,TRUE,FALSE,FALSE,FALSE,FALSE,TRUE,TRUE,FALSE,FALSE,FALSE,"{""coordinates"": [[-79.44299097866467, 43.659244267594524]], ""type"": ""MultiPoint""}"
15132,2007:969441,2007-05-14T21:03:00,295 JARVIS ST,,,2,Non-Fatal Injury,,No Control,Pedestrian Collision (internal code),Clear,Dark,Dry,Major Arterial,TRUE,-79.37519085,43.65874417,1,,East,2,83,Major,Other Safety Equipment Used,,,Crossing - no traffic control,Unknown,,Driver hits pedestrian at midblock,,,,pedestrian,,Toronto Centre (13),51 Division,Moss Park,FALSE,FALSE,FALSE,FALSE,FALSE,TRUE,TRUE,FALSE,FALSE,FALSE,"{""coordinates"": [[-79.37519084848856, 43.6587441686434]], ""type"": ""MultiPoint""}"
15133,2007:971396,2007-05-08T10:50:00,DON MILLS Road,FINCH Aven E,,2,Non-Fatal Injury,At Intersection,Traffic Signal,Pedestrian Collision (internal code),Clear,Daylight,Dry,Major Arterial,FALSE,-79.35469063,43.79264412,2,,West,2,22,Major,Other Safety Equipment Used,,,Crossing without right-of-way (intersection),Inattentive,,Driver going straight hits pedestrian crossing without right-of-way (at intersection),,,,pedestrian,,Don Valley North (17),33 Division,Don Valley Village,FALSE,TRUE,FALSE,FALSE,FALSE,TRUE,TRUE,FALSE,FALSE,FALSE,"{""coordinates"": [[-79.35469063400508, 43.79264412385597]], ""type"": ""MultiPoint""}"
15134,2007:968157,2007-05-07T11:03:00,1369 BLOOR ST W,,,2,Non-Fatal Injury,,No Control,Pedestrian Collision (internal code),Clear,Daylight,Dry,Major Arterial,FALSE,-79.44579099,43.65774427,2,,South,2,76,Major,Other Safety Equipment Used,,,Running onto roadway,Unknown,,Driver hits pedestrian at midblock,,,,pedestrian,,Davenport (9),11 Division,Junction-Wallace Emerson,FALSE,FALSE,FALSE,FALSE,FALSE,TRUE,TRUE,FALSE,FALSE,FALSE,"{""coordinates"": [[-79.4457909866144, 43.65774427223618]], ""type"": ""MultiPoint""}"
15135,2007:970082,2007-05-03T19:24:00,FINCH AVE W,EDITHVALE DR,,2,Non-Fatal Injury,At Intersection,Pedestrian Crossover,Pedestrian Collision (internal code),Clear,Daylight,Dry,Major Arterial,FALSE,-79.42649077,43.77734421,1,Automobile or Station Wagon,West,1,44,None,Lap and Shoulder Belt,Failed to yield right-of-way,Normal,,,Going Ahead,,,,,driver,,Willowdale (18),32 Division,Newtonbrook West,TRUE,FALSE,FALSE,FALSE,FALSE,FALSE,TRUE,FALSE,FALSE,FALSE,"{""coordinates"": [[-79.42649076672532, 43.77734421055528]], ""type"": ""MultiPoint""}"
15136,2007:966951,2007-04-30T09:10:00,CENTRAL PARK RDWY Road,CORDOVA AVE,,2,Non-Fatal Injury,At Intersection,Stop Sign,Pedestrian Collision (internal code),Clear,Daylight,Dry,Collector,TRUE,-79.52689114,43.64784439,2,,North,2,76,Major,No Equipment Available,,,Crossing with right-of-way (intersection),Normal,,Driver turns left into pedestrian crossing with right-of-way (at intersection),,,,pedestrian,,Etobicoke-Lakeshore (3),22 Division,Etobicoke City Centre,TRUE,FALSE,FALSE,FALSE,FALSE,TRUE,TRUE,FALSE,FALSE,FALSE,"{""coordinates"": [[-79.52689114477276, 43.647844389471246]], ""type"": ""MultiPoint""}"
15137,2007:966632,2007-04-28T17:34:00,746 OSSINGTON AVE,,,3,Non-Fatal Injury,,No Control,Pedestrian Collision (internal code),Clear,Daylight,Dry,Minor Arterial,FALSE,-79.42579094,43.66234424,1,Municipal Transit Bus (TTC),North,1,47,None,Lap Belt Only,Failed to yield right-of-way,Normal,,,Turning Left,,,,,driver,,University-Rosedale (11),14 Division,Dovercourt Village,TRUE,FALSE,FALSE,FALSE,FALSE,TRUE,TRUE,FALSE,FALSE,TRUE,"{""coordinates"": [[-79.42579094036189, 43.66234424147151]], ""type"": ""MultiPoint""}"
15138,2007:966627,2007-04-28T14:15:00,STEELES AVE E,ASHCOTT ST,,2,Non-Fatal Injury,At Intersection,Traffic Signal,Pedestrian Collision (internal code),Clear,Daylight,Dry,Major Arterial,FALSE,-79.2916905,43.82724405,1,Automobile or Station Wagon,East,2,38,None,Lap and Shoulder Belt,Driving properly,Normal,,,Going Ahead,,,,,driver,,Scarborough North (23),42 Division,Milliken,FALSE,FALSE,FALSE,FALSE,FALSE,FALSE,TRUE,FALSE,TRUE,FALSE,"{""coordinates"": [[-79.29169050226666, 43.82724405271558]], ""type"": ""MultiPoint""}"
15139,2007:969630,2007-04-28T00:15:00,GERRARD ST E,GLENMORE RD,,3,Non-Fatal Injury,At Intersection,No Control,Pedestrian Collision (internal code),Rain,Dark,Wet,Minor Arterial,FALSE,-79.3110907,43.68064407,1,Automobile or Station Wagon,East,1,52,None,Lap and Shoulder Belt,Driving properly,Normal,,,Going Ahead,,,,,driver,,Beaches-East York (19),55 Division,Woodbine Corridor,FALSE,FALSE,FALSE,FALSE,FALSE,FALSE,TRUE,FALSE,FALSE,FALSE,"{""coordinates"": [[-79.31109069544108, 43.68064407373421]], ""type"": ""MultiPoint""}"
15140,2007:968451,2007-04-21T13:09:00,BOOTH AVE,LAKE SHORE BLVD E,,2,Non-Fatal Injury,At Intersection,Stop Sign,Pedestrian Collision (internal code),Clear,Daylight,Dry,Major Arterial,FALSE,-79.34079379,43.65354312,2,,East,1,28,Major,Other Safety Equipment Used,,,,,Going Ahead,,,,,pedestrian,,Toronto-Danforth (14),55 Division,South Riverdale,TRUE,FALSE,FALSE,FALSE,FALSE,FALSE,TRUE,FALSE,FALSE,FALSE,"{""coordinates"": [[-79.34079378936364, 43.65354311899204]], ""type"": ""MultiPoint""}"
15141,2007:968354,2007-04-20T22:40:00,343 CHEROKEE BLVD,,,4,Non-Fatal Injury,,No Control,Pedestrian Collision (internal code),Clear,Dark,Dry,Collector,FALSE,-79.3375906,43.7993441,2,,,4,,,Other Safety Equipment Used,,,,,,,,,,owner,,Don Valley North (17),33 Division,Pleasant View,FALSE,FALSE,FALSE,FALSE,FALSE,FALSE,TRUE,FALSE,FALSE,FALSE,"{""coordinates"": [[-79.33759060004587, 43.79934410379027]], ""type"": ""MultiPoint""}"
15142,2007:968354,2007-04-20T22:40:00,343 CHEROKEE BLVD,,,4,Non-Fatal Injury,,No Control,Pedestrian Collision (internal code),Clear,Dark,Dry,Collector,FALSE,-79.3375906,43.7993441,1,,,1,,,Other Safety Equipment Used,,,,,,,,,,owner,,Don Valley North (17),33 Division,Pleasant View,FALSE,FALSE,FALSE,FALSE,FALSE,FALSE,TRUE,FALSE,FALSE,FALSE,"{""coordinates"": [[-79.33759060004587, 43.79934410379027]], ""type"": ""MultiPoint""}"
15143,2007:964318,2007-04-14T13:05:00,FINCH AVE E,DON MILLS RD,,2,Non-Fatal Injury,,No Control,Pedestrian Collision (internal code),Clear,Daylight,Dry,Major Arterial,FALSE,-79.35429063,43.79274412,2,,North,2,66,Major,Other Safety Equipment Used,,,Crossing - no traffic control,Unknown,,Driver hits pedestrian at midblock,,,,pedestrian,,Don Valley North (17),33 Division,Don Valley Village,FALSE,FALSE,FALSE,FALSE,FALSE,TRUE,TRUE,FALSE,FALSE,FALSE,"{""coordinates"": [[-79.35429063326242, 43.792744123383024]], ""type"": ""MultiPoint""}"
15144,2007:967321,2007-04-10T16:45:00,ABITIBI AVE,YONGE ST,,2,Non-Fatal Injury,,No Control,Pedestrian Collision (internal code),Clear,Daylight,Dry,Local,FALSE,-79.41909073,43.7964442,1,Automobile or Station Wagon,West,1,57,None,Lap and Shoulder Belt,Driving properly,Normal,,,Going Ahead,,,,,driver,,Willowdale (18),32 Division,Newtonbrook East,FALSE,FALSE,FALSE,FALSE,FALSE,FALSE,TRUE,FALSE,TRUE,FALSE,"{""coordinates"": [[-79.4190907332629, 43.796444199315836]], ""type"": ""MultiPoint""}"
15145,2007:966448,2007-04-05T13:05:00,UNIVERSITY AVE,WELLINGTON ST W,,2,Non-Fatal Injury,At Intersection,Traffic Signal,Cyclist Collision (internal code),Clear,Daylight,Wet,Major Arterial,FALSE,-79.38409088,43.64634418,1,Automobile or Station Wagon,North,1,57,None,Lap and Shoulder Belt,Driving properly,Normal,,,Turning Left,,,,,driver,,Spadina-Fort York (10),52 Division,Yonge-Bay Corridor,FALSE,FALSE,TRUE,FALSE,FALSE,FALSE,FALSE,FALSE,FALSE,FALSE,"{""coordinates"": [[-79.38409088464603, 43.64634418443267]], ""type"": ""MultiPoint""}"
15146,2007:966139,2007-04-03T12:20:00,KINGSTON RD,EASTVILLE AVE,,2,Non-Fatal Injury,,No Control,Pedestrian Collision (internal code),Clear,Daylight,Dry,Major Arterial,FALSE,-79.23669051,43.72144398,1,Automobile or Station Wagon,East,1,31,None,Lap and Shoulder Belt,Driving properly,Normal,,,Going Ahead,,,,,driver,,Scarborough Southwest (20),43 Division,Cliffcrest,FALSE,TRUE,FALSE,FALSE,FALSE,FALSE,TRUE,FALSE,TRUE,FALSE,"{""coordinates"": [[-79.23669051338116, 43.72144397656597]], ""type"": ""MultiPoint""}"
15149,2007:961366,2007-03-28T08:15:00,BURBANK DR,WHITTAKER CRES,,6,Non-Fatal Injury,,Stop Sign,Pedestrian Collision (internal code),Clear,Daylight,Dry,Local,FALSE,-79.37729069,43.77244415,1,,,2,1,None,Other Safety Equipment Used,,,,,,,,,,passenger,,Don Valley North (17),33 Division,Bayview Village,TRUE,TRUE,FALSE,FALSE,FALSE,TRUE,TRUE,FALSE,TRUE,FALSE,"{""coordinates"": [[-79.37729069134456, 43.77244415155311]], ""type"": ""MultiPoint""}"
15150,2007:961366,2007-03-28T08:15:00,BURBANK DR,WHITTAKER CRES,,6,Non-Fatal Injury,,Stop Sign,Pedestrian Collision (internal code),Clear,Daylight,Dry,Local,FALSE,-79.37729069,43.77244415,1,Automobile or Station Wagon,East,6,36,None,Other Safety Equipment Used,Failed to yield right-of-way,Inattentive,,,Turning Left,,,,,driver,,Don Valley North (17),33 Division,Bayview Village,TRUE,TRUE,FALSE,FALSE,FALSE,TRUE,TRUE,FALSE,TRUE,FALSE,"{""coordinates"": [[-79.37729069134456, 43.77244415155311]], ""type"": ""MultiPoint""}"
15151,2007:961366,2007-03-28T08:15:00,BURBANK DR,WHITTAKER CRES,,6,Non-Fatal Injury,,Stop Sign,Pedestrian Collision (internal code),Clear,Daylight,Dry,Local,FALSE,-79.37729069,43.77244415,1,,,3,7,None,Other Safety Equipment Used,,,,,,,,,,passenger,,Don Valley North (17),33 Division,Bayview Village,TRUE,TRUE,FALSE,FALSE,FALSE,TRUE,TRUE,FALSE,TRUE,FALSE,"{""coordinates"": [[-79.37729069134456, 43.77244415155311]], ""type"": ""MultiPoint""}"
15152,2007:961366,2007-03-28T08:15:00,BURBANK DR,WHITTAKER CRES,,6,Non-Fatal Injury,,Stop Sign,Pedestrian Collision (internal code),Clear,Daylight,Dry,Local,FALSE,-79.37729069,43.77244415,1,,,5,26,None,Other Safety Equipment Used,,,,,,,,,,passenger,,Don Valley North (17),33 Division,Bayview Village,TRUE,TRUE,FALSE,FALSE,FALSE,TRUE,TRUE,FALSE,TRUE,FALSE,"{""coordinates"": [[-79.37729069134456, 43.77244415155311]], ""type"": ""MultiPoint""}"
15153,2007:964870,2007-03-27T20:45:00,40 WILLCOCKS St,,,2,Non-Fatal Injury,,No Control,Cyclist Collision (internal code),Clear,Dark,Dry,Local,FALSE,-79.40069089,43.66144421,1,Automobile or Station Wagon,West,1,43,None,Lap and Shoulder Belt,Improper turn,Inattentive,,,Turning Left,,,,,driver,,University-Rosedale (11),52 Division,University,FALSE,TRUE,TRUE,FALSE,FALSE,TRUE,FALSE,FALSE,FALSE,FALSE,"{""coordinates"": [[-79.40069089351714, 43.66144420521865]], ""type"": ""MultiPoint""}"
15154,2007:964482,2007-03-24T09:58:00,ALBION RD,RIVERDALE DR,,3,Non-Fatal Injury,At Intersection,Traffic Signal,Pedestrian Collision (internal code),Rain,Daylight,Wet,Major Arterial,FALSE,-79.56139103,43.73534438,2,,South,2,50,Minimal,Other Safety Equipment Used,,,Crossing without right-of-way (intersection),Normal,,Driver going straight hits pedestrian crossing without right-of-way (at intersection),,,,pedestrian,,Etobicoke North (1),23 Division,Thistletown-Beaumond Heights,FALSE,FALSE,FALSE,FALSE,FALSE,TRUE,TRUE,FALSE,FALSE,FALSE,"{""coordinates"": [[-79.56139102596589, 43.735344382270576]], ""type"": ""MultiPoint""}"