_id,collision_id,accdate,stname1,stname2,stname3,per_inv,acclass,accloc,traffictl,impactype,visible,light,rdsfcond,road_class,failtorem,longitude,latitude,veh_no,vehtype,initdir,per_no,invage,injury,safequip,drivact,drivcond,pedact,pedcond,manoeuvre,pedtype,cyclistype,cycact,cyccond,road_user,fatal_no,wardname,division,neighbourhood,aggressive,distracted,cyclist,motorcyclist,other_micromobility,older_adult,pedestrian,red_light,school_child,heavy_truck,geometry
15303,2006:931773,2006-10-05T19:40:00,QUEEN ST E,LOGAN AVE,,5,Non-Fatal Injury,At Intersection,Traffic Signal,Cyclist Collision (internal code),Clear,Dark,Dry,Minor Arterial,FALSE,-79.34249078,43.66054412,2,Automobile or Station Wagon,East,4,29,Minimal,Lap and Shoulder Belt,Disobeyed traffic control,Inattentive,,,Going Ahead,,,,,driver,,Toronto-Danforth (14),55 Division,South Riverdale,TRUE,TRUE,TRUE,FALSE,FALSE,FALSE,FALSE,TRUE,FALSE,FALSE,"{""coordinates"": [[-79.34249078274716, 43.660544120603184]], ""type"": ""MultiPoint""}"
15305,2006:931768,2006-10-05T15:00:00,ADELAIDE ST W,UNIVERSITY AVE,,2,Non-Fatal Injury,At Intersection,Traffic Signal,Pedestrian Collision (internal code),Clear,Daylight,Dry,Major Arterial,FALSE,-79.38559088,43.64884419,2,,East,2,47,Major,Other Safety Equipment Used,,,Crossing without right-of-way (intersection),Inattentive,,Driver turns left into pedestrian crossing without right-of-way (at intersection),,,,pedestrian,,Spadina-Fort York (10),52 Division,Yonge-Bay Corridor,FALSE,TRUE,FALSE,FALSE,FALSE,FALSE,TRUE,FALSE,FALSE,FALSE,"{""coordinates"": [[-79.38559088376238, 43.648844186100604]], ""type"": ""MultiPoint""}"
15306,2006:935003,2006-10-04T15:00:00,ROGERS RD,KEELE ST,,2,Non-Fatal Injury,At Intersection,Traffic Signal,Pedestrian Collision (internal code),Clear,Daylight,Dry,Major Arterial,FALSE,-79.47159099,43.6821443,2,,North,2,14,Major,Other Safety Equipment Used,,,Crossing with right-of-way (intersection),Unknown,,Driver going straight hits pedestrian crossing with right-of-way (at intersection),,,,pedestrian,,York South-Weston (5),12 Division,Keelesdale-Eglinton West,TRUE,FALSE,FALSE,FALSE,FALSE,FALSE,TRUE,TRUE,TRUE,FALSE,"{""coordinates"": [[-79.47159099348494, 43.682144299592764]], ""type"": ""MultiPoint""}"
15307,2006:937408,2006-10-04T12:50:00,WARDEN AVE,BRIDLETOWNE CRCL,,6,Non-Fatal Injury,At Intersection,Traffic Signal,Pedestrian Collision (internal code),Rain,Daylight,Wet,Major Arterial,FALSE,-79.31389057,43.79214408,2,,,3,,,Other Safety Equipment Used,,,,,,,,,,owner,,Scarborough-Agincourt (22),42 Division,L'Amoreaux West,FALSE,FALSE,FALSE,FALSE,FALSE,TRUE,TRUE,FALSE,TRUE,FALSE,"{""coordinates"": [[-79.31389056889033, 43.79214407572908]], ""type"": ""MultiPoint""}"
15308,2006:937408,2006-10-04T12:50:00,WARDEN AVE,BRIDLETOWNE CRCL,,6,Non-Fatal Injury,At Intersection,Traffic Signal,Pedestrian Collision (internal code),Rain,Daylight,Wet,Major Arterial,FALSE,-79.31389057,43.79214408,2,,,5,19,Major,Other Safety Equipment Used,,,On sidewalk or shoulder,Unknown,,Driver hits pedestrian on sidewalk or shoulder,,,,pedestrian,,Scarborough-Agincourt (22),42 Division,L'Amoreaux West,FALSE,FALSE,FALSE,FALSE,FALSE,TRUE,TRUE,FALSE,TRUE,FALSE,"{""coordinates"": [[-79.31389056889033, 43.79214407572908]], ""type"": ""MultiPoint""}"
15309,2006:937408,2006-10-04T12:50:00,WARDEN AVE,BRIDLETOWNE CRCL,,6,Non-Fatal Injury,At Intersection,Traffic Signal,Pedestrian Collision (internal code),Rain,Daylight,Wet,Major Arterial,FALSE,-79.31389057,43.79214408,3,,,6,61,Major,No Equipment Available,,,On sidewalk or shoulder,Unknown,,Driver hits pedestrian on sidewalk or shoulder,,,,pedestrian,,Scarborough-Agincourt (22),42 Division,L'Amoreaux West,FALSE,FALSE,FALSE,FALSE,FALSE,TRUE,TRUE,FALSE,TRUE,FALSE,"{""coordinates"": [[-79.31389056889033, 43.79214407572908]], ""type"": ""MultiPoint""}"
15310,2006:937408,2006-10-04T12:50:00,WARDEN AVE,BRIDLETOWNE CRCL,,6,Non-Fatal Injury,At Intersection,Traffic Signal,Pedestrian Collision (internal code),Rain,Daylight,Wet,Major Arterial,FALSE,-79.31389057,43.79214408,2,,,2,,,Other Safety Equipment Used,,,,,,,,,,owner,,Scarborough-Agincourt (22),42 Division,L'Amoreaux West,FALSE,FALSE,FALSE,FALSE,FALSE,TRUE,TRUE,FALSE,TRUE,FALSE,"{""coordinates"": [[-79.31389056889033, 43.79214407572908]], ""type"": ""MultiPoint""}"
15311,2006:939968,2006-10-04T12:30:00,BLOOR ST W,OSSINGTON AVE,,3,Non-Fatal Injury,,No Control,Pedestrian Collision (internal code),Rain,Daylight,Wet,Major Arterial,FALSE,-79.42569094,43.66194424,2,,,2,,,Other Safety Equipment Used,,,,,,,,,,owner,,Davenport (9),14 Division,Palmerston-Little Italy,FALSE,FALSE,FALSE,FALSE,FALSE,FALSE,TRUE,FALSE,FALSE,TRUE,"{""coordinates"": [[-79.42569094082602, 43.66194424145438]], ""type"": ""MultiPoint""}"
15312,2006:939968,2006-10-04T12:30:00,BLOOR ST W,OSSINGTON AVE,,3,Non-Fatal Injury,,No Control,Pedestrian Collision (internal code),Rain,Daylight,Wet,Major Arterial,FALSE,-79.42569094,43.66194424,2,Truck - Open (Flatbed),East,3,45,None,Lap and Shoulder Belt,Driving properly,Normal,,,Going Ahead,,,,,driver,,Davenport (9),14 Division,Palmerston-Little Italy,FALSE,FALSE,FALSE,FALSE,FALSE,FALSE,TRUE,FALSE,FALSE,TRUE,"{""coordinates"": [[-79.42569094082602, 43.66194424145438]], ""type"": ""MultiPoint""}"
15313,2006:931108,2006-10-03T17:28:00,STEELES AVE W,KEELE ST,,2,Non-Fatal Injury,,No Control,Pedestrian Collision (internal code),Clear,Daylight,Dry,Major Arterial,FALSE,-79.49399087,43.78164429,1,Automobile or Station Wagon,West,1,63,None,Lap and Shoulder Belt,Driving properly,Normal,,,Going Ahead,,,,,driver,,York Centre (6),31 Division,York University Heights,FALSE,TRUE,FALSE,FALSE,FALSE,FALSE,TRUE,FALSE,FALSE,FALSE,"{""coordinates"": [[-79.49399087172996, 43.78164429079336]], ""type"": ""MultiPoint""}"
15314,2006:931113,2006-10-03T10:55:00,KIPLING AVE,PENLEA AVE,,2,Non-Fatal Injury,,Pedestrian Crossover,Pedestrian Collision (internal code),Clear,Daylight,Wet,Major Arterial,FALSE,-79.58109104,43.7412444,1,Automobile or Station Wagon,South,1,55,None,Lap and Shoulder Belt,Disobeyed traffic control,Inattentive,,,Going Ahead,,,,,driver,,Etobicoke North (1),23 Division,Thistletown-Beaumond Heights,TRUE,TRUE,FALSE,FALSE,FALSE,TRUE,TRUE,FALSE,FALSE,FALSE,"{""coordinates"": [[-79.58109103967853, 43.741244400915896]], ""type"": ""MultiPoint""}"
15315,2006:935412,2006-10-02T23:08:00,GILROY DR,BRIGSTOCK RD,,3,Non-Fatal Injury,,No Control,Pedestrian Collision (internal code),Clear,Dark,Dry,Local,FALSE,-79.28099054,43.76094403,1,,,1,,,Other Safety Equipment Used,,,,,,,,,,owner,,Scarborough Centre (21),41 Division,Dorset Park,FALSE,FALSE,FALSE,FALSE,FALSE,FALSE,TRUE,FALSE,FALSE,FALSE,"{""coordinates"": [[-79.28099054284566, 43.760944033534514]], ""type"": ""MultiPoint""}"
15316,2006:927542,2006-10-02T13:40:00,3295 BIRCHMOUNT RD,,,4,Non-Fatal Injury,,No Control,Pedestrian Collision (internal code),Clear,Daylight,Dry,Major Arterial,FALSE,-79.31319055,43.81304408,2,,,4,26,Major,Other Safety Equipment Used,,,On sidewalk or shoulder,Normal,,Driver hits pedestrian on sidewalk or shoulder,,,,pedestrian,,Scarborough-Agincourt (22),42 Division,Steeles,FALSE,FALSE,FALSE,FALSE,FALSE,FALSE,TRUE,FALSE,FALSE,FALSE,"{""coordinates"": [[-79.31319054851556, 43.81304407604613]], ""type"": ""MultiPoint""}"
15317,2006:927542,2006-10-02T13:40:00,3295 BIRCHMOUNT RD,,,4,Non-Fatal Injury,,No Control,Pedestrian Collision (internal code),Clear,Daylight,Dry,Major Arterial,FALSE,-79.31319055,43.81304408,1,,,1,,None,Other Safety Equipment Used,,,,,,,,,,owner,,Scarborough-Agincourt (22),42 Division,Steeles,FALSE,FALSE,FALSE,FALSE,FALSE,FALSE,TRUE,FALSE,FALSE,FALSE,"{""coordinates"": [[-79.31319054851556, 43.81304407604613]], ""type"": ""MultiPoint""}"
15318,2006:927841,2006-10-02T09:29:00,SKYMARK DR,DON MILLS RD,,2,Non-Fatal Injury,,Pedestrian Crossover,Pedestrian Collision (internal code),Clear,Daylight,Dry,Collector,FALSE,-79.35249063,43.79394412,1,Automobile or Station Wagon,East,1,22,None,Lap and Shoulder Belt,Failed to yield right-of-way,Inattentive,,,Turning Left,,,,,driver,,Don Valley North (17),33 Division,Hillcrest Village,TRUE,TRUE,FALSE,FALSE,FALSE,TRUE,TRUE,FALSE,FALSE,FALSE,"{""coordinates"": [[-79.35249062917667, 43.79394412124827]], ""type"": ""MultiPoint""}"
15319,2006:930768,2006-09-30T19:10:00,MARTIN GROVE RD,ALBION RD,,2,Non-Fatal Injury,At Intersection,Traffic Signal,Pedestrian Collision (internal code),Rain,Daylight,Wet,Major Arterial,FALSE,-79.59419105,43.74194442,1,Automobile or Station Wagon,South,1,69,None,Lap and Shoulder Belt,Improper turn,Normal,,,Turning Left,,,,,driver,,Etobicoke North (1),23 Division,Mount Olive-Silverstone-Jamestown,FALSE,FALSE,FALSE,FALSE,FALSE,TRUE,TRUE,FALSE,FALSE,FALSE,"{""coordinates"": [[-79.59419105481793, 43.741944415110765]], ""type"": ""MultiPoint""}"
15320,2006:929097,2006-09-30T19:04:00,GATEWAY BLVD,SUNNY GLENWAY,,3,Non-Fatal Injury,,Pedestrian Crossover,Pedestrian Collision (internal code),Rain,Dark,Wet,Minor Arterial,FALSE,-79.33119069,43.7107441,1,,,1,,None,Other Safety Equipment Used,,,,,,,,,,owner,,Don Valley East (16),55 Division,Flemingdon Park,TRUE,TRUE,FALSE,FALSE,FALSE,FALSE,TRUE,FALSE,FALSE,FALSE,"{""coordinates"": [[-79.33119069136555, 43.710744099061166]], ""type"": ""MultiPoint""}"
15321,2006:927010,2006-09-30T08:05:00,RONCESVALLES AVE,MARION ST,,2,Non-Fatal Injury,At Intersection,Pedestrian Crossover,Pedestrian Collision (internal code),Clear,Daylight,Dry,Minor Arterial,FALSE,-79.44699102,43.64104428,1,Automobile or Station Wagon,North,1,,None,Other Safety Equipment Used,Failed to yield right-of-way,Normal,,,Going Ahead,,,,,driver,,Parkdale-High Park (4),11 Division,Roncesvalles,TRUE,FALSE,FALSE,FALSE,FALSE,TRUE,TRUE,FALSE,FALSE,FALSE,"{""coordinates"": [[-79.4469910172988, 43.64104428017443]], ""type"": ""MultiPoint""}"
15322,2006:944296,2006-09-30T05:10:00,DUNDAS ST W,LAKEVIEW AVE,,3,Non-Fatal Injury,,No Control,Pedestrian Collision (internal code),Clear,Dark,Dry,Minor Arterial,FALSE,-79.42159095,43.64934424,2,Automobile or Station Wagon,East,2,34,Minor,Other Safety Equipment Used,Lost control,Ability Impaired - Alcohol Over .08,,,Going Ahead,,,,,driver,,Spadina-Fort York (10),14 Division,Trinity-Bellwoods,FALSE,FALSE,FALSE,FALSE,FALSE,FALSE,TRUE,FALSE,FALSE,FALSE,"{""coordinates"": [[-79.4215909534754, 43.649344239409714]], ""type"": ""MultiPoint""}"
15323,2006:944296,2006-09-30T05:10:00,DUNDAS ST W,LAKEVIEW AVE,,3,Non-Fatal Injury,,No Control,Pedestrian Collision (internal code),Clear,Dark,Dry,Minor Arterial,FALSE,-79.42159095,43.64934424,3,,,3,41,Major,Other Safety Equipment Used,,,On sidewalk or shoulder,Normal,,Driver hits pedestrian on sidewalk or shoulder,,,,pedestrian,,Spadina-Fort York (10),14 Division,Trinity-Bellwoods,FALSE,FALSE,FALSE,FALSE,FALSE,FALSE,TRUE,FALSE,FALSE,FALSE,"{""coordinates"": [[-79.4215909534754, 43.649344239409714]], ""type"": ""MultiPoint""}"
15324,2006:930555,2006-09-28T14:53:00,BATHURST ST,FAIRHOLME AVE,,4,Non-Fatal Injury,,No Control,Pedestrian Collision (internal code),Clear,Daylight,Dry,Major Arterial,FALSE,-79.42969085,43.71894423,2,,,4,,,Other Safety Equipment Used,,,,,,,,,,owner,,Eglinton-Lawrence (8),53 Division,Bedford Park-Nortown,FALSE,FALSE,FALSE,FALSE,FALSE,FALSE,TRUE,FALSE,FALSE,FALSE,"{""coordinates"": [[-79.42969085437198, 43.7189442284687]], ""type"": ""MultiPoint""}"
15325,2006:930555,2006-09-28T14:53:00,BATHURST ST,FAIRHOLME AVE,,4,Non-Fatal Injury,,No Control,Pedestrian Collision (internal code),Clear,Daylight,Dry,Major Arterial,FALSE,-79.42969085,43.71894423,1,Automobile or Station Wagon,South,1,55,Major,Lap and Shoulder Belt,Lost control,Unknown,,,Going Ahead,,,,,driver,,Eglinton-Lawrence (8),53 Division,Bedford Park-Nortown,FALSE,FALSE,FALSE,FALSE,FALSE,FALSE,TRUE,FALSE,FALSE,FALSE,"{""coordinates"": [[-79.42969085437198, 43.7189442284687]], ""type"": ""MultiPoint""}"
15326,2006:926656,2006-09-28T08:00:00,LAWRENCE AVE E,MCCOWAN RD,,2,Non-Fatal Injury,,No Control,Pedestrian Collision (internal code),Clear,Daylight,Dry,Major Arterial,FALSE,-79.24349049,43.75594399,1,Automobile or Station Wagon,West,1,43,None,Other Safety Equipment Used,Driving properly,Normal,,,Going Ahead,,,,,driver,,Scarborough Centre (21),43 Division,Bendale South,FALSE,TRUE,FALSE,FALSE,FALSE,FALSE,TRUE,FALSE,TRUE,FALSE,"{""coordinates"": [[-79.24349048611545, 43.75594398793601]], ""type"": ""MultiPoint""}"
15327,2006:930469,2006-09-26T14:43:00,EGLINTON AVE W,FAIRBANK AVE,,2,Non-Fatal Injury,,No Control,Pedestrian Collision (internal code),Clear,Daylight,Dry,Major Arterial,FALSE,-79.45279094,43.69514427,1,Automobile or Station Wagon,East,1,53,None,Lap and Shoulder Belt,Failed to yield right-of-way,Inattentive,,,Turning Left,,,,,driver,,Davenport (9),13 Division,Caledonia-Fairbank,TRUE,TRUE,FALSE,FALSE,FALSE,TRUE,TRUE,FALSE,FALSE,FALSE,"{""coordinates"": [[-79.45279093605832, 43.69514426814078]], ""type"": ""MultiPoint""}"
15328,2006:926129,2006-09-25T12:42:00,BRENTCLIFFE RD,WICKSTEED AVE,,3,Non-Fatal Injury,At Intersection,Traffic Signal,Pedestrian Collision (internal code),Clear,Daylight,Dry,Minor Arterial,FALSE,-79.35849074,43.71144414,1,,,1,,None,Other Safety Equipment Used,,,,,,,,,,owner,,Don Valley West (15),53 Division,Thorncliffe Park,TRUE,FALSE,FALSE,FALSE,FALSE,TRUE,TRUE,FALSE,FALSE,TRUE,"{""coordinates"": [[-79.3584907392759, 43.7114441355621]], ""type"": ""MultiPoint""}"
15329,2006:932578,2006-09-25T08:05:00,THE WEST MALL,BURNHAMTHORPE RD,,2,Non-Fatal Injury,At Intersection,Traffic Signal,Pedestrian Collision (internal code),Clear,Daylight,Dry,Major Arterial,FALSE,-79.5671912,43.64454444,1,Automobile or Station Wagon,South,1,48,None,Lap and Shoulder Belt,Failed to yield right-of-way,Inattentive,,,Turning Left,,,,,driver,,Etobicoke Centre (2),22 Division,Etobicoke West Mall,TRUE,TRUE,FALSE,FALSE,FALSE,FALSE,TRUE,FALSE,FALSE,FALSE,"{""coordinates"": [[-79.56719120345335, 43.64454444076301]], ""type"": ""MultiPoint""}"
15330,2006:929816,2006-09-22T01:27:00,DANFORTH AVE,BROADVIEW AVE,,3,Non-Fatal Injury,,Traffic Signal,Cyclist Collision (internal code),Clear,Dark,Wet,Major Arterial,FALSE,-79.35889079,43.67614414,1,,,1,,,Other Safety Equipment Used,,,,,,,,,,owner,,Toronto-Danforth (14),55 Division,North Riverdale,FALSE,FALSE,TRUE,FALSE,FALSE,FALSE,FALSE,FALSE,FALSE,TRUE,"{""coordinates"": [[-79.35889079156733, 43.676144141934124]], ""type"": ""MultiPoint""}"
15331,2006:925612,2006-09-21T14:08:00,STEELES AVE W,BLACK HAWKWAY,,3,Non-Fatal Injury,At Intersection,Traffic Signal,Pedestrian Collision (internal code),Clear,Daylight,Dry,Major Arterial,FALSE,-79.4575908,43.78984425,1,,,1,,,Other Safety Equipment Used,,,,,,,,,,owner,,York Centre (6),32 Division,Westminster-Branson,FALSE,FALSE,FALSE,FALSE,FALSE,FALSE,TRUE,FALSE,FALSE,TRUE,"{""coordinates"": [[-79.45759080272308, 43.7898442456881]], ""type"": ""MultiPoint""}"
15332,2006:929596,2006-09-20T13:15:00,2440 DUNDAS ST W,,,4,Non-Fatal Injury,,No Control,Pedestrian Collision (internal code),Clear,Daylight,Dry,Minor Arterial,FALSE,-79.453091,43.65854428,2,,,2,,,Other Safety Equipment Used,,,,,,,,,,owner,,Parkdale-High Park (4),11 Division,High Park North,FALSE,FALSE,FALSE,FALSE,FALSE,TRUE,TRUE,FALSE,FALSE,TRUE,"{""coordinates"": [[-79.45309099936911, 43.658544282619175]], ""type"": ""MultiPoint""}"
15333,2006:929596,2006-09-20T13:15:00,2440 DUNDAS ST W,,,4,Non-Fatal Injury,,No Control,Pedestrian Collision (internal code),Clear,Daylight,Dry,Minor Arterial,FALSE,-79.453091,43.65854428,2,,North,3,63,Major,Other Safety Equipment Used,,,On sidewalk or shoulder,Normal,,Driver reversing hits pedestrian,,,,pedestrian,,Parkdale-High Park (4),11 Division,High Park North,FALSE,FALSE,FALSE,FALSE,FALSE,TRUE,TRUE,FALSE,FALSE,TRUE,"{""coordinates"": [[-79.45309099936911, 43.658544282619175]], ""type"": ""MultiPoint""}"
15334,2006:929484,2006-09-19T09:50:00,WALMER RD,DAVENPORT RD,,2,Non-Fatal Injury,At Intersection,Traffic Signal,Cyclist Collision (internal code),Clear,Daylight,Dry,Minor Arterial,FALSE,-79.41039089,43.67684421,2,Bicycle,South,2,48,Major,Helmet,,,,,Turning Left,,Cyclist turns left into path of driver,Driving Properly,Normal,cyclist,,Toronto-St. Paul's (12),13 Division,Casa Loma,TRUE,TRUE,TRUE,FALSE,FALSE,FALSE,FALSE,FALSE,FALSE,FALSE,"{""coordinates"": [[-79.41039088755501, 43.6768442149507]], ""type"": ""MultiPoint""}"
15335,2006:929168,2006-09-17T20:19:00,QUEEN ST E,KENILWORTH AVE,,3,Non-Fatal Injury,,No Control,Cyclist Collision (internal code),Clear,Daylight,Dry,Minor Arterial,FALSE,-79.30149069,43.66964406,3,Bicycle,East,3,20,Major,No Equipment Available,,,,,Going Ahead,,Driver turns left into path of cyclist,Driving Properly,Normal,cyclist,,Beaches-East York (19),55 Division,The Beaches,FALSE,TRUE,TRUE,FALSE,FALSE,FALSE,FALSE,FALSE,FALSE,FALSE,"{""coordinates"": [[-79.30149069182686, 43.669644060537564]], ""type"": ""MultiPoint""}"
15336,2006:929168,2006-09-17T20:19:00,QUEEN ST E,KENILWORTH AVE,,3,Non-Fatal Injury,,No Control,Cyclist Collision (internal code),Clear,Daylight,Dry,Minor Arterial,FALSE,-79.30149069,43.66964406,2,Automobile or Station Wagon,East,2,38,None,Lap and Shoulder Belt,Lost control,Inattentive,,,Merging,,,,,driver,,Beaches-East York (19),55 Division,The Beaches,FALSE,TRUE,TRUE,FALSE,FALSE,FALSE,FALSE,FALSE,FALSE,FALSE,"{""coordinates"": [[-79.30149069182686, 43.669644060537564]], ""type"": ""MultiPoint""}"
15337,2017:7000925099,2017-05-25T21:50:00,MOUNT PLEASANT RD,BROADWAY AVE,,3,Non-Fatal Injury,At Intersection,Traffic Signal,Cyclist Collision (internal code),Rain,Dark with Artificial Lighting,Wet,Major Arterial,FALSE,-79.3911858,43.71105718,1,,,3,17,None,Lap and Shoulder Belt,,,,,,,,,,passenger,,Don Valley West (15),53 Division,Mount Pleasant East,TRUE,TRUE,TRUE,FALSE,FALSE,TRUE,FALSE,FALSE,TRUE,FALSE,"{""coordinates"": [[-79.39118579841565, 43.711057179453974]], ""type"": ""MultiPoint""}"
15338,2006:929165,2006-09-17T00:01:00,LAWRENCE AVE W,HICKORY TREE RD,,2,Non-Fatal Injury,,No Control,Pedestrian Collision (internal code),Clear,Dark,Dry,Major Arterial,FALSE,-79.51709104,43.69994435,1,,North,1,55,Major,Other Safety Equipment Used,,,Running onto roadway,Had Been Drinking,,Driver hits pedestrian at midblock,,,,pedestrian,,York South-Weston (5),12 Division,Weston,FALSE,FALSE,FALSE,FALSE,FALSE,FALSE,TRUE,FALSE,FALSE,FALSE,"{""coordinates"": [[-79.51709103564595, 43.69994435070637]], ""type"": ""MultiPoint""}"
15339,2006:928690,2006-09-15T21:59:00,DUFFERIN ST,GIBSON ST,,2,Non-Fatal Injury,,No Control,Pedestrian Collision (internal code),Clear,Dark,Dry,Major Arterial,FALSE,-79.44809094,43.69034426,2,,East,2,55,Major,Other Safety Equipment Used,,,Crossing - no traffic control,Normal,,Driver going straight hits pedestrian crossing without right-of-way (at intersection),,,,pedestrian,,Davenport (9),13 Division,Caledonia-Fairbank,FALSE,FALSE,FALSE,FALSE,FALSE,FALSE,TRUE,FALSE,FALSE,FALSE,"{""coordinates"": [[-79.44809093560283, 43.69034426345532]], ""type"": ""MultiPoint""}"
15340,2006:941100,2006-09-12T22:40:00,CHURCH ST,BLOOR ST E,,2,Non-Fatal Injury,,Traffic Signal,Pedestrian Collision (internal code),Rain,Dusk,Wet,Major Arterial,FALSE,-79.38319085,43.67104418,2,Automobile or Station Wagon,West,2,29,None,Lap and Shoulder Belt,Failed to yield right-of-way,Unknown,,,Turning Right,,,,,driver,,University-Rosedale (11),51 Division,Rosedale-Moore Park,TRUE,FALSE,FALSE,FALSE,FALSE,FALSE,TRUE,FALSE,FALSE,FALSE,"{""coordinates"": [[-79.38319084517215, 43.671044177612]], ""type"": ""MultiPoint""}"
15341,2006:923894,2006-09-12T22:08:00,F G GARDINER XY W,DOWLING AVE,,9,Non-Fatal Injury,,No Control,Pedestrian Collision (internal code),Rain,Dark,Wet,Local,FALSE,-79.43769101,43.63434427,2,,,8,,None,Other Safety Equipment Used,,,,,,,,,,passenger,,Parkdale-High Park (4),14 Division,South Parkdale,FALSE,FALSE,FALSE,FALSE,FALSE,FALSE,TRUE,FALSE,FALSE,FALSE,"{""coordinates"": [[-79.43769101009475, 43.63434426852904]], ""type"": ""MultiPoint""}"
15342,2006:923894,2006-09-12T22:08:00,F G GARDINER XY W,DOWLING AVE,,9,Non-Fatal Injury,,No Control,Pedestrian Collision (internal code),Rain,Dark,Wet,Local,FALSE,-79.43769101,43.63434427,4,,,1,0,None,Other Safety Equipment Used,,,,,,,,,,passenger,,Parkdale-High Park (4),14 Division,South Parkdale,FALSE,FALSE,FALSE,FALSE,FALSE,FALSE,TRUE,FALSE,FALSE,FALSE,"{""coordinates"": [[-79.43769101009475, 43.63434426852904]], ""type"": ""MultiPoint""}"
15344,2006:922947,2006-09-09T00:19:00,DANFORTH AVE,GILLARD AVE,,5,Non-Fatal Injury,At Intersection,No Control,Pedestrian Collision (internal code),Rain,Dark,Wet,Major Arterial,FALSE,-79.32829073,43.6823441,1,Automobile or Station Wagon,West,1,23,None,Other Safety Equipment Used,Driving properly,Normal,,,Going Ahead,,,,,driver,,Toronto-Danforth (14),55 Division,Greenwood-Coxwell,FALSE,FALSE,FALSE,FALSE,FALSE,FALSE,TRUE,FALSE,FALSE,FALSE,"{""coordinates"": [[-79.32829072532094, 43.68234409784691]], ""type"": ""MultiPoint""}"
15345,2006:922947,2006-09-09T00:19:00,DANFORTH AVE,GILLARD AVE,,5,Non-Fatal Injury,At Intersection,No Control,Pedestrian Collision (internal code),Rain,Dark,Wet,Major Arterial,FALSE,-79.32829073,43.6823441,1,,,4,20,None,Other Safety Equipment Used,,,,,,,,,,passenger,,Toronto-Danforth (14),55 Division,Greenwood-Coxwell,FALSE,FALSE,FALSE,FALSE,FALSE,FALSE,TRUE,FALSE,FALSE,FALSE,"{""coordinates"": [[-79.32829072532094, 43.68234409784691]], ""type"": ""MultiPoint""}"
15346,2006:922913,2006-09-08T10:25:00,NEILSON RD,ELLESMERE RD,,4,Non-Fatal Injury,At Intersection,Traffic Signal,Pedestrian Collision (internal code),Clear,Daylight,Dry,Major Arterial,FALSE,-79.20499041,43.78254395,1,Municipal Transit Bus (TTC),North,3,47,None,Other Safety Equipment Used,Other,Normal,,,Turning Left,,,,,driver,,Scarborough-Guildwood (24),43 Division,Morningside,FALSE,FALSE,FALSE,FALSE,FALSE,TRUE,TRUE,FALSE,FALSE,TRUE,"{""coordinates"": [[-79.20499041305419, 43.7825439545526]], ""type"": ""MultiPoint""}"
15347,2006:922913,2006-09-08T10:25:00,NEILSON RD,ELLESMERE RD,,4,Non-Fatal Injury,At Intersection,Traffic Signal,Pedestrian Collision (internal code),Clear,Daylight,Dry,Major Arterial,FALSE,-79.20499041,43.78254395,1,,,2,,,Other Safety Equipment Used,,,,,,,,,,owner,,Scarborough-Guildwood (24),43 Division,Morningside,FALSE,FALSE,FALSE,FALSE,FALSE,TRUE,TRUE,FALSE,FALSE,TRUE,"{""coordinates"": [[-79.20499041305419, 43.7825439545526]], ""type"": ""MultiPoint""}"
15348,2006:927745,2006-09-05T22:26:00,QUEEN ST E,SPRUCE HILL RD,,3,Non-Fatal Injury,,No Control,Pedestrian Collision (internal code),Clear,Dark,Dry,Minor Arterial,FALSE,-79.28809066,43.67254404,3,,South,3,18,Major,Other Safety Equipment Used,,,Crossing without right-of-way (intersection),Had Been Drinking,,Driver hits pedestrian at midblock,,,,pedestrian,,Beaches-East York (19),55 Division,The Beaches,FALSE,FALSE,FALSE,FALSE,FALSE,FALSE,TRUE,FALSE,TRUE,FALSE,"{""coordinates"": [[-79.28809066264141, 43.67254404128249]], ""type"": ""MultiPoint""}"
15349,2006:927513,2006-09-04T12:10:00,70 HUMBERLINE DR,,,4,Non-Fatal Injury,,No Control,Pedestrian Collision (internal code),Clear,Daylight,Dry,Collector,FALSE,-79.6164911,43.73184445,1,Automobile or Station Wagon,East,2,18,None,Lap and Shoulder Belt,Driving properly,Normal,,,Going Ahead,,,,,driver,,Etobicoke North (1),23 Division,West Humber-Clairville,FALSE,TRUE,FALSE,FALSE,FALSE,FALSE,TRUE,FALSE,TRUE,FALSE,"{""coordinates"": [[-79.61649110200673, 43.73184444634459]], ""type"": ""MultiPoint""}"
15350,2006:927513,2006-09-04T12:10:00,70 HUMBERLINE DR,,,4,Non-Fatal Injury,,No Control,Pedestrian Collision (internal code),Clear,Daylight,Dry,Collector,FALSE,-79.6164911,43.73184445,2,,North,3,18,Major,Other Safety Equipment Used,,,Running onto roadway,Inattentive,,Driver hits pedestrian at midblock,,,,pedestrian,,Etobicoke North (1),23 Division,West Humber-Clairville,FALSE,TRUE,FALSE,FALSE,FALSE,FALSE,TRUE,FALSE,TRUE,FALSE,"{""coordinates"": [[-79.61649110200673, 43.73184444634459]], ""type"": ""MultiPoint""}"
15351,2006:925963,2006-08-31T20:05:00,VALENTINE DR,SHAMOKIN DR,,2,Non-Fatal Injury,At Intersection,Stop Sign,Cyclist Collision (internal code),Clear,Dark,Dry,Local,FALSE,-79.34459065,43.76164411,2,Bicycle,West,2,16,Major,Equipment Not Used But Available,,,,,Going Ahead,,"Cyclist without right-of-way rides into path of driver (at intersection, laneway, or driveway)",Disobeyed Traffic Control,Normal,cyclist,,Don Valley East (16),33 Division,Parkwoods-O'Connor Hills,FALSE,FALSE,TRUE,FALSE,FALSE,FALSE,FALSE,FALSE,TRUE,FALSE,"{""coordinates"": [[-79.34459064813574, 43.76164411187599]], ""type"": ""MultiPoint""}"