_id,collision_id,accdate,stname1,stname2,stname3,per_inv,acclass,accloc,traffictl,impactype,visible,light,rdsfcond,road_class,failtorem,longitude,latitude,veh_no,vehtype,initdir,per_no,invage,injury,safequip,drivact,drivcond,pedact,pedcond,manoeuvre,pedtype,cyclistype,cycact,cyccond,road_user,fatal_no,wardname,division,neighbourhood,aggressive,distracted,cyclist,motorcyclist,other_micromobility,older_adult,pedestrian,red_light,school_child,heavy_truck,geometry
15508,2006:899369,2006-03-31T16:40:00,BLOOR ST W,CHRISTIE ST,,2,Non-Fatal Injury,,No Control,Pedestrian Collision (internal code),Clear,Daylight,Dry,Major Arterial,FALSE,-79.41769092,43.66374423,2,,North,2,73,Major,Other Safety Equipment Used,,,Crossing with right-of-way (intersection),Normal,,Driver hits pedestrian at midblock,,,,pedestrian,,University-Rosedale (11),14 Division,Annex,FALSE,FALSE,FALSE,FALSE,FALSE,TRUE,TRUE,FALSE,FALSE,FALSE,"{""coordinates"": [[-79.41769092252044, 43.66374422927333]], ""type"": ""MultiPoint""}"
15509,2006:894735,2006-03-25T18:50:00,910 DUNDAS ST E,,,2,Non-Fatal Injury,,No Control,Pedestrian Collision (internal code),Rain,Dark,Wet,Minor Arterial,FALSE,-79.34979079,43.66284413,1,,,2,26,Major,Other Safety Equipment Used,,,Other,Unknown,,Driver hits pedestrian at midblock,,,,pedestrian,,Toronto-Danforth (14),55 Division,South Riverdale,TRUE,FALSE,FALSE,FALSE,FALSE,FALSE,TRUE,FALSE,FALSE,FALSE,"{""coordinates"": [[-79.34979079351457, 43.66284413091448]], ""type"": ""MultiPoint""}"
15510,2006:893964,2006-03-20T07:55:00,941 PROGRESS AVE,,,2,Non-Fatal Injury,,Traffic Signal,Pedestrian Collision (internal code),Clear,Daylight,Dry,Minor Arterial,FALSE,-79.23179045,43.78384398,1,Automobile or Station Wagon,East,1,22,None,Other Safety Equipment Used,Driving properly,Normal,,,Going Ahead,,,,,driver,,Scarborough-Guildwood (24),43 Division,Woburn North,FALSE,FALSE,FALSE,FALSE,FALSE,FALSE,TRUE,FALSE,FALSE,FALSE,"{""coordinates"": [[-79.23179044825541, 43.78384398114806]], ""type"": ""MultiPoint""}"
15511,2006:897348,2006-03-17T15:54:00,BLOOR ST W,BATHURST ST,,2,Non-Fatal Injury,At Intersection,No Control,Pedestrian Collision (internal code),Clear,Daylight,Dry,Major Arterial,FALSE,-79.41129091,43.66514422,1,Automobile or Station Wagon,West,1,41,None,Lap and Shoulder Belt,Driving properly,Normal,,,Going Ahead,,,,,driver,,University-Rosedale (11),14 Division,Annex,FALSE,TRUE,FALSE,FALSE,FALSE,FALSE,TRUE,FALSE,FALSE,FALSE,"{""coordinates"": [[-79.4112909079959, 43.66514421958818]], ""type"": ""MultiPoint""}"
15512,2006:897335,2006-03-17T06:42:00,SYMINGTON AVE,ANTLER ST,,2,Non-Fatal Injury,At Intersection,Stop Sign,Pedestrian Collision (internal code),Clear,Daylight,Dry,Collector,FALSE,-79.45049099,43.66394428,1,Automobile or Station Wagon,South,1,41,None,Lap and Shoulder Belt,Failed to yield right-of-way,Normal,,,Going Ahead,,,,,driver,,Davenport (9),11 Division,Junction-Wallace Emerson,TRUE,FALSE,FALSE,FALSE,FALSE,FALSE,TRUE,FALSE,FALSE,FALSE,"{""coordinates"": [[-79.45049098512142, 43.66394427677391]], ""type"": ""MultiPoint""}"
15513,2006:894953,2006-03-16T17:10:00,DUNDAS ST E,PEMBROKE ST,,2,Non-Fatal Injury,,Pedestrian Crossover,Pedestrian Collision (internal code),Clear,Daylight,Dry,Major Arterial,FALSE,-79.37239084,43.65814416,2,,South,2,64,Major,Other Safety Equipment Used,,,Crossing - pedestrian crossover,Medical or Physical Disability,,Driver hits pedestrian at PXO/pedestrian midblock signal,,,,pedestrian,,Toronto Centre (13),51 Division,Moss Park,TRUE,FALSE,FALSE,FALSE,FALSE,FALSE,TRUE,FALSE,FALSE,FALSE,"{""coordinates"": [[-79.37239084397616, 43.65814416466749]], ""type"": ""MultiPoint""}"
15515,2006:892913,2006-03-12T19:03:00,OSSINGTON AVE,DUNDAS ST W,,2,Non-Fatal Injury,At Intersection,Traffic Signal,Pedestrian Collision (internal code),Clear,Dark,Dry,Major Arterial,FALSE,-79.42079095,43.64934424,1,Automobile or Station Wagon,East,1,33,None,Other Safety Equipment Used,Failed to yield right-of-way,Ability Impaired - Alcohol Over .08,,,Turning Left,,,,,driver,,Davenport (9),14 Division,Trinity-Bellwoods,TRUE,FALSE,FALSE,FALSE,FALSE,FALSE,TRUE,FALSE,FALSE,FALSE,"{""coordinates"": [[-79.4207909519092, 43.64934423822255]], ""type"": ""MultiPoint""}"
15519,2006:895068,2006-03-06T18:28:00,SOUTH KINGSWAY,RIPLEY AVE,,3,Non-Fatal Injury,,No Control,Pedestrian Collision (internal code),Clear,Dusk with Artificial Lighting,Dry,Minor Arterial,FALSE,-79.47509108,43.63654432,1,,,1,,None,Other Safety Equipment Used,,,,,,,,,,owner,,Parkdale-High Park (4),11 Division,High Park-Swansea,FALSE,FALSE,FALSE,FALSE,FALSE,FALSE,TRUE,FALSE,FALSE,FALSE,"{""coordinates"": [[-79.47509108092324, 43.636544324375464]], ""type"": ""MultiPoint""}"
15520,2006:894195,2006-03-01T11:10:00,COSBURN AVE,LOGAN AVE,,2,Non-Fatal Injury,,No Control,Cyclist Collision (internal code),Clear,Daylight,Dry,Minor Arterial,FALSE,-79.35279076,43.68864413,1,Automobile or Station Wagon,West,1,38,None,No Equipment Available,Other,Inattentive,,,Parked,,,,,driver,,Toronto-Danforth (14),55 Division,Broadview North,FALSE,TRUE,TRUE,FALSE,FALSE,TRUE,FALSE,FALSE,FALSE,FALSE,"{""coordinates"": [[-79.35279076200744, 43.688644131372534]], ""type"": ""MultiPoint""}"
15521,2006:892432,2006-02-28T23:34:00,DANFORTH RD,EGLINTON AVE E,,4,Non-Fatal Injury,,Traffic Signal,Pedestrian Collision (internal code),Clear,Dark,Dry,Major Arterial,TRUE,-79.24619051,43.73704399,2,,,4,,Major,Other Safety Equipment Used,,,,,Other,Unknown,,,,pedestrian,,Scarborough Southwest (20),43 Division,Eglinton East,FALSE,FALSE,FALSE,FALSE,FALSE,FALSE,TRUE,FALSE,FALSE,FALSE,"{""coordinates"": [[-79.24619050960092, 43.737043988451205]], ""type"": ""MultiPoint""}"
15522,2006:892432,2006-02-28T23:34:00,DANFORTH RD,EGLINTON AVE E,,4,Non-Fatal Injury,,Traffic Signal,Pedestrian Collision (internal code),Clear,Dark,Dry,Major Arterial,TRUE,-79.24619051,43.73704399,1,,,1,,None,Other Safety Equipment Used,,,,,Unknown,,,,,owner,,Scarborough Southwest (20),43 Division,Eglinton East,FALSE,FALSE,FALSE,FALSE,FALSE,FALSE,TRUE,FALSE,FALSE,FALSE,"{""coordinates"": [[-79.24619050960092, 43.737043988451205]], ""type"": ""MultiPoint""}"
15523,2006:893580,2006-02-27T19:55:00,MORNINGSIDE AVE,KINGSTON RD,,3,Non-Fatal Injury,,Traffic Signal,Cyclist Collision (internal code),Clear,Dark,Wet,Major Arterial,FALSE,-79.1868904,43.77064393,1,Municipal Transit Bus (TTC),South,2,38,None,Lap and Shoulder Belt,Failed to yield right-of-way,Inattentive,,,Turning Right,,,,,driver,,Scarborough-Guildwood (24),43 Division,West Hill,TRUE,TRUE,TRUE,FALSE,FALSE,FALSE,FALSE,FALSE,FALSE,TRUE,"{""coordinates"": [[-79.18689039679847, 43.77064393387659]], ""type"": ""MultiPoint""}"
15524,2006:893580,2006-02-27T19:55:00,MORNINGSIDE AVE,KINGSTON RD,,3,Non-Fatal Injury,,Traffic Signal,Cyclist Collision (internal code),Clear,Dark,Wet,Major Arterial,FALSE,-79.1868904,43.77064393,2,Bicycle,West,3,29,Major,No Equipment Available,,,,,Going Ahead,,Driver turns right on green or amber at signalized intersection and hits cyclist,Driving Properly,Normal,cyclist,,Scarborough-Guildwood (24),43 Division,West Hill,TRUE,TRUE,TRUE,FALSE,FALSE,FALSE,FALSE,FALSE,FALSE,TRUE,"{""coordinates"": [[-79.18689039679847, 43.77064393387659]], ""type"": ""MultiPoint""}"
15525,2006:894467,2006-02-27T17:23:00,QUEEN ST E,BOULTON AVE,,2,Non-Fatal Injury,At Intersection,Pedestrian Crossover,Pedestrian Collision (internal code),Clear,Daylight,Dry,Minor Arterial,FALSE,-79.34669079,43.65954413,1,Automobile or Station Wagon,West,1,32,None,Use Unknown,Failed to yield right-of-way,Inattentive,,,Going Ahead,,,,,driver,,Toronto-Danforth (14),55 Division,South Riverdale,TRUE,TRUE,FALSE,FALSE,FALSE,FALSE,TRUE,FALSE,FALSE,FALSE,"{""coordinates"": [[-79.34669079227129, 43.65954412686347]], ""type"": ""MultiPoint""}"
15528,2006:890213,2006-02-25T15:29:00,AVENUE RD,ELGIN AVE,,3,Non-Fatal Injury,At Intersection,Traffic Signal,Pedestrian Collision (internal code),Clear,Daylight,Dry,Major Arterial,FALSE,-79.39539087,43.67184419,1,,,1,,,Other Safety Equipment Used,,,,,,,,,,owner,,University-Rosedale (11),53 Division,Annex,TRUE,FALSE,FALSE,FALSE,FALSE,FALSE,TRUE,FALSE,FALSE,FALSE,"{""coordinates"": [[-79.39539086709635, 43.671844194900885]], ""type"": ""MultiPoint""}"
15529,2006:890040,2006-02-24T08:37:00,EGLINTON AVE W,RENFORTH DR,,3,Non-Fatal Injury,At Intersection,Traffic Signal,Pedestrian Collision (internal code),Clear,Daylight,Dry,Major Arterial,FALSE,-79.58769119,43.66604445,1,Automobile or Station Wagon,West,1,37,None,Other Safety Equipment Used,Driving properly,Normal,,,Going Ahead,,,,,driver,,Etobicoke Centre (2),22 Division,Eringate-Centennial-West Deane,FALSE,FALSE,FALSE,FALSE,FALSE,FALSE,TRUE,FALSE,FALSE,FALSE,"{""coordinates"": [[-79.58769118967643, 43.66604445314588]], ""type"": ""MultiPoint""}"
15530,2006:893539,2006-02-23T13:50:00,ARDMORE RD,BATHURST ST,,2,Non-Fatal Injury,At Intersection,Stop Sign,Pedestrian Collision (internal code),Clear,Daylight,Dry,Major Arterial,FALSE,-79.42259088,43.69374423,1,,South,1,78,Major,Other Safety Equipment Used,,,Crossing with right-of-way (intersection),Normal,,Driver going straight hits pedestrian crossing with right-of-way (at intersection),,,,pedestrian,,Toronto-St. Paul's (12),13 Division,Forest Hill South,TRUE,TRUE,FALSE,FALSE,FALSE,TRUE,TRUE,FALSE,FALSE,FALSE,"{""coordinates"": [[-79.42259088294482, 43.693744226978815]], ""type"": ""MultiPoint""}"
15531,2006:890516,2006-02-21T18:46:00,BATHURST ST,ALLINGHAM GDNS,,2,Non-Fatal Injury,At Intersection,Stop Sign,Pedestrian Collision (internal code),Clear,Dark,Dry,Major Arterial,FALSE,-79.43479083,43.74054423,2,,West,2,79,Major,Other Safety Equipment Used,,,Crossing with right-of-way (intersection),Normal,,Driver turns left into pedestrian crossing with right-of-way (at intersection),,,,pedestrian,,York Centre (6),32 Division,Lansing-Westgate,TRUE,FALSE,FALSE,FALSE,FALSE,TRUE,TRUE,FALSE,FALSE,FALSE,"{""coordinates"": [[-79.43479082742621, 43.740544227829915]], ""type"": ""MultiPoint""}"
15533,2006:893071,2006-02-19T15:08:00,EGLINTON AVE E,SUTHERLAND DR,,2,Non-Fatal Injury,At Intersection,Traffic Signal,Pedestrian Collision (internal code),Clear,Daylight,Dry,Major Arterial,FALSE,-79.36719075,43.71304415,2,,South,1,23,Major,Other Safety Equipment Used,,,Crossing without right-of-way (intersection),Inattentive,,Driver going straight hits pedestrian crossing without right-of-way (at intersection),,,,pedestrian,,Don Valley West (15),53 Division,Leaside-Bennington,FALSE,TRUE,FALSE,FALSE,FALSE,FALSE,TRUE,FALSE,FALSE,FALSE,"{""coordinates"": [[-79.36719075247986, 43.71304414692139]], ""type"": ""MultiPoint""}"
15534,2006:891641,2006-02-16T21:59:00,DOVERCOURT RD,NORTHUMBERLAND ST,,3,Non-Fatal Injury,,No Control,Pedestrian Collision (internal code),Rain,Dark,Wet,Minor Arterial,FALSE,-79.42979095,43.66254425,1,,,1,,,Other Safety Equipment Used,,,,,,,,,,owner,,Davenport (9),14 Division,Dovercourt Village,TRUE,FALSE,FALSE,FALSE,FALSE,FALSE,TRUE,FALSE,FALSE,FALSE,"{""coordinates"": [[-79.42979094772252, 43.66254424722048]], ""type"": ""MultiPoint""}"
15536,2006:888231,2006-02-13T09:25:00,GLENBURN AVE,TIAGO AVE,,3,Non-Fatal Injury,At Intersection,Stop Sign,Pedestrian Collision (internal code),Clear,Daylight,Dry,Local,FALSE,-79.30039063,43.71254406,1,,North,1,57,Major,Other Safety Equipment Used,,,Crossing with right-of-way (intersection),Normal,,Driver turns left into pedestrian crossing with right-of-way (at intersection),,,,pedestrian,,Beaches-East York (19),55 Division,O'Connor-Parkview,TRUE,TRUE,FALSE,FALSE,FALSE,TRUE,TRUE,FALSE,FALSE,FALSE,"{""coordinates"": [[-79.30039063381352, 43.712544057697954]], ""type"": ""MultiPoint""}"
15537,2006:891027,2006-02-11T18:04:00,UNDERHILL DR,CASSANDRA BLVD,,2,Non-Fatal Injury,At Intersection,No Control,Cyclist Collision (internal code),Clear,Dark,Dry,Collector,FALSE,-79.32639063,43.75274409,2,Bicycle,South,2,21,Major,Helmet,,,,,Going Ahead,,Driver turns left into path of cyclist,,,cyclist,,Don Valley East (16),33 Division,Parkwoods-O'Connor Hills,FALSE,TRUE,TRUE,FALSE,FALSE,TRUE,FALSE,FALSE,FALSE,FALSE,"{""coordinates"": [[-79.32639062624881, 43.75274408918833]], ""type"": ""MultiPoint""}"
15538,2006:887637,2006-02-08T15:00:00,CARLINGVIEW DR,DIXON RD,,2,Non-Fatal Injury,,Traffic Signal,Pedestrian Collision (internal code),Clear,Daylight,Dry,Major Arterial,FALSE,-79.59559116,43.68674445,2,,South,2,82,Major,Other Safety Equipment Used,,,Crossing without right-of-way (intersection),Normal,,Driver turns left into pedestrian crossing without right-of-way (at intersection),,,,pedestrian,,Etobicoke North (1),23 Division,West Humber-Clairville,FALSE,FALSE,FALSE,FALSE,FALSE,TRUE,TRUE,FALSE,FALSE,FALSE,"{""coordinates"": [[-79.59559116080902, 43.68674445011845]], ""type"": ""MultiPoint""}"
15539,2006:890583,2006-02-08T07:45:00,WOODSIDE AVE,RUNNYMEDE RD,,2,Non-Fatal Injury,At Intersection,Stop Sign,Pedestrian Collision (internal code),Clear,Daylight,Dry,Minor Arterial,FALSE,-79.47909105,43.65784432,2,,South,2,53,Major,Other Safety Equipment Used,,,Crossing with right-of-way (intersection),Normal,,Driver turns right into pedestrian crossing with right-of-way (at intersection),,,,pedestrian,,Parkdale-High Park (4),11 Division,High Park North,TRUE,FALSE,FALSE,FALSE,FALSE,FALSE,TRUE,FALSE,FALSE,FALSE,"{""coordinates"": [[-79.47909105087608, 43.65784432095762]], ""type"": ""MultiPoint""}"
15540,2006:887427,2006-02-07T13:30:00,JANE ST,BRADLEY AVE,,2,Non-Fatal Injury,,Pedestrian Crossover,Pedestrian Collision (internal code),Clear,Daylight,Dry,Major Arterial,FALSE,-79.49039106,43.66374433,1,Automobile or Station Wagon,South,1,54,None,Lap and Shoulder Belt,Other,Inattentive,,,Going Ahead,,,,,driver,,Parkdale-High Park (4),11 Division,Runnymede-Bloor West Village,FALSE,TRUE,FALSE,FALSE,FALSE,TRUE,TRUE,FALSE,FALSE,FALSE,"{""coordinates"": [[-79.49039106203028, 43.66374433472431]], ""type"": ""MultiPoint""}"
15541,2006:890013,2006-02-03T09:57:00,ELLESMERE RD,BIRCHMOUNT RD,,2,Non-Fatal Injury,At Intersection,Traffic Signal,Pedestrian Collision (internal code),Rain,Daylight,Wet,Major Arterial,FALSE,-79.29139056,43.76344405,1,Automobile or Station Wagon,North,1,53,None,Lap and Shoulder Belt,Failed to yield right-of-way,Normal,,,Turning Left,,,,,driver,,Scarborough Centre (21),41 Division,Wexford/Maryvale,TRUE,FALSE,FALSE,FALSE,FALSE,TRUE,TRUE,FALSE,FALSE,FALSE,"{""coordinates"": [[-79.291390557974, 43.76344404657234]], ""type"": ""MultiPoint""}"
15542,2006:889954,2006-02-03T07:58:00,BIRCHMOUNT RD,L AMOREAUX DR,,2,Non-Fatal Injury,At Intersection,Traffic Signal,Pedestrian Collision (internal code),Rain,Daylight,Wet,Major Arterial,FALSE,-79.30709055,43.80064407,2,,West,2,18,Major,Other Safety Equipment Used,,,Crossing with right-of-way (intersection),Normal,,Driver turns left into pedestrian crossing with right-of-way (at intersection),,,,pedestrian,,Scarborough-Agincourt (22),42 Division,East L'Amoreaux,TRUE,FALSE,FALSE,FALSE,FALSE,TRUE,TRUE,FALSE,TRUE,FALSE,"{""coordinates"": [[-79.30709055022268, 43.800644068257945]], ""type"": ""MultiPoint""}"
15543,2006:889323,2006-01-29T21:30:00,ST CLAIR AVE W,SPADINA RD,,2,Non-Fatal Injury,At Intersection,Traffic Signal,Pedestrian Collision (internal code),Rain,Dark,Wet,Major Arterial,FALSE,-79.41119088,43.68464421,1,Automobile or Station Wagon,South,1,41,None,Lap and Shoulder Belt,Failed to yield right-of-way,Normal,,,Turning Left,,,,,driver,,Toronto-St. Paul's (12),13 Division,Casa Loma,TRUE,FALSE,FALSE,FALSE,FALSE,TRUE,TRUE,FALSE,FALSE,FALSE,"{""coordinates"": [[-79.411190876567, 43.68464421384892]], ""type"": ""MultiPoint""}"
15545,2006:887237,2006-01-27T20:46:00,BLOOR ST W,CHRISTIE ST,,5,Non-Fatal Injury,At Intersection,No Control,Pedestrian Collision (internal code),Clear,Dark,Dry,Major Arterial,FALSE,-79.41839092,43.66354423,3,Automobile or Station Wagon,East,4,,None,Other Safety Equipment Used,Exceeding speed limit,Unknown,,,Going Ahead,,,,,driver,,University-Rosedale (11),14 Division,Palmerston-Little Italy,TRUE,FALSE,FALSE,FALSE,FALSE,FALSE,TRUE,FALSE,FALSE,FALSE,"{""coordinates"": [[-79.41839092418797, 43.6635442303494]], ""type"": ""MultiPoint""}"
15546,2006:887237,2006-01-27T20:46:00,BLOOR ST W,CHRISTIE ST,,5,Non-Fatal Injury,At Intersection,No Control,Pedestrian Collision (internal code),Clear,Dark,Dry,Major Arterial,FALSE,-79.41839092,43.66354423,1,,,1,,,Other Safety Equipment Used,,,,,,,,,,owner,,University-Rosedale (11),14 Division,Palmerston-Little Italy,TRUE,FALSE,FALSE,FALSE,FALSE,FALSE,TRUE,FALSE,FALSE,FALSE,"{""coordinates"": [[-79.41839092418797, 43.6635442303494]], ""type"": ""MultiPoint""}"
15548,2006:884326,2006-01-22T18:00:00,YONGE ST,CUMBERLAND ST,,3,Non-Fatal Injury,At Intersection,No Control,Pedestrian Collision (internal code),Clear,Dark,Dry,Major Arterial,FALSE,-79.38719085,43.67114418,1,,West,1,88,Major,Other Safety Equipment Used,,,Crossing - no traffic control,Normal,,Driver going straight hits pedestrian crossing without right-of-way (at intersection),,,,pedestrian,,University-Rosedale (11),53 Division,Annex,FALSE,FALSE,FALSE,FALSE,FALSE,TRUE,TRUE,FALSE,FALSE,FALSE,"{""coordinates"": [[-79.3871908526157, 43.67114418332301]], ""type"": ""MultiPoint""}"
15549,2006:884310,2006-01-22T02:30:00,460 CORONATION DR,,,3,Non-Fatal Injury,,No Control,Pedestrian Collision (internal code),Clear,Dark,Dry,Collector,FALSE,-79.17039038,43.76504392,1,,,1,24,Major,Other Safety Equipment Used,,,Other,Had Been Drinking,,Other,,,,pedestrian,,Scarborough-Rouge Park (25),43 Division,West Hill,FALSE,FALSE,FALSE,FALSE,FALSE,FALSE,TRUE,FALSE,FALSE,FALSE,"{""coordinates"": [[-79.17039037784096, 43.765043915922895]], ""type"": ""MultiPoint""}"
15552,2006:892999,2006-01-17T23:50:00,KING EDWARD AVE,BURRELL AVE,,3,Non-Fatal Injury,,No Control,Pedestrian Collision (internal code),Rain,Dark,Wet,Local,FALSE,-79.31139068,43.69044407,1,,,1,,None,Other Safety Equipment Used,,,,,,,,,,owner,,Beaches-East York (19),55 Division,Woodbine-Lumsden,FALSE,FALSE,FALSE,FALSE,FALSE,FALSE,TRUE,FALSE,FALSE,FALSE,"{""coordinates"": [[-79.31139068293851, 43.690444073619354]], ""type"": ""MultiPoint""}"
15553,2006:886747,2006-01-17T22:00:00,LAWRENCE AVE E,COLLINSGROVE RD,,2,Non-Fatal Injury,At Intersection,Traffic Signal,Pedestrian Collision (internal code),Rain,Dark,Wet,Minor Arterial,FALSE,-79.18279039,43.76914393,1,Automobile or Station Wagon,South,1,56,None,Lap and Shoulder Belt,Failed to yield right-of-way,Normal,,,Turning Left,,,,,driver,,Scarborough-Rouge Park (25),43 Division,West Hill,TRUE,FALSE,FALSE,FALSE,FALSE,FALSE,TRUE,FALSE,FALSE,FALSE,"{""coordinates"": [[-79.18279039219308, 43.7691439294109]], ""type"": ""MultiPoint""}"
15554,2006:887039,2006-01-17T19:40:00,SHEPPARD AVE W,SENLAC RD,,2,Non-Fatal Injury,At Intersection,Traffic Signal,Pedestrian Collision (internal code),Rain,Dark,Wet,Major Arterial,FALSE,-79.42259078,43.75894421,1,Automobile or Station Wagon,East,2,44,None,Lap and Shoulder Belt,Driving properly,Normal,,,Going Ahead,,,,,driver,,Willowdale (18),32 Division,Lansing-Westgate,FALSE,FALSE,FALSE,FALSE,FALSE,FALSE,TRUE,FALSE,FALSE,FALSE,"{""coordinates"": [[-79.42259078104102, 43.75894420820678]], ""type"": ""MultiPoint""}"
15555,2006:886552,2006-01-15T18:12:00,3367 DUNDAS ST W,,,2,Non-Fatal Injury,,No Control,Pedestrian Collision (internal code),Clear,Dark,Dry,Major Arterial,FALSE,-79.48289104,43.66554432,1,Automobile or Station Wagon,East,1,26,None,Lap and Shoulder Belt,Driving properly,Normal,,,Going Ahead,,,,,driver,,Parkdale-High Park (4),11 Division,Runnymede-Bloor West Village,FALSE,FALSE,FALSE,FALSE,FALSE,FALSE,TRUE,FALSE,FALSE,FALSE,"{""coordinates"": [[-79.48289104440687, 43.66554432302919]], ""type"": ""MultiPoint""}"
15556,2006:886573,2006-01-14T20:58:00,EGLINTON AVE W,BRAEMAR AVE,,2,Non-Fatal Injury,,No Control,Pedestrian Collision (internal code),Clear,Dark,Dry,Major Arterial,FALSE,-79.40959084,43.70434421,1,Automobile or Station Wagon,East,1,21,None,Lap and Shoulder Belt,Driving properly,Normal,,,Going Ahead,,,,,driver,,Toronto-St. Paul's (12),53 Division,Yonge-Eglinton,FALSE,FALSE,FALSE,FALSE,FALSE,FALSE,TRUE,FALSE,FALSE,FALSE,"{""coordinates"": [[-79.40959084211386, 43.70434420602721]], ""type"": ""MultiPoint""}"
15557,2006:882912,2006-01-14T09:04:00,WESTON RD,CORONADO CRT,,3,Non-Fatal Injury,,Pedestrian Crossover,Pedestrian Collision (internal code),Strong Wind,Daylight,Ice,Major Arterial,FALSE,-79.53989099,43.74104436,2,,East,3,82,Major,Other Safety Equipment Used,,,Crossing - pedestrian crossover,Normal,,Driver hits pedestrian at PXO/pedestrian midblock signal,,,,pedestrian,,Humber River-Black Creek (7),31 Division,Humbermede,TRUE,FALSE,FALSE,FALSE,FALSE,TRUE,TRUE,FALSE,FALSE,FALSE,"{""coordinates"": [[-79.53989098828116, 43.741044355050235]], ""type"": ""MultiPoint""}"
15558,2011:1265429,2011-09-14T14:00:00,YONGE Stre,ST MARY Stre,,3,Non-Fatal Injury,,Stop Sign,Pedestrian Collision (internal code),Clear,Daylight,Dry,Major Arterial,FALSE,-79.38589086,43.66794418,1,,,2,,,Other Safety Equipment Used,,,,,,,,,,owner,,Toronto Centre (13),52 Division,Bay-Cloverhill,FALSE,TRUE,FALSE,FALSE,FALSE,TRUE,TRUE,FALSE,FALSE,FALSE,"{""coordinates"": [[-79.38589085505501, 43.667944182189615]], ""type"": ""MultiPoint""}"
15559,2006:882912,2006-01-14T09:04:00,WESTON RD,CORONADO CRT,,3,Non-Fatal Injury,,Pedestrian Crossover,Pedestrian Collision (internal code),Strong Wind,Daylight,Ice,Major Arterial,FALSE,-79.53989099,43.74104436,1,Automobile or Station Wagon,South,2,40,None,Lap and Shoulder Belt,Speed too fast for conditions,Normal,,,Slowing or Stopping,,,,,driver,,Humber River-Black Creek (7),31 Division,Humbermede,TRUE,FALSE,FALSE,FALSE,FALSE,TRUE,TRUE,FALSE,FALSE,FALSE,"{""coordinates"": [[-79.53989098828116, 43.741044355050235]], ""type"": ""MultiPoint""}"
15560,2006:886039,2006-01-09T18:20:00,FINCH AVE E,MIDDLEFIELD RD,,3,Non-Fatal Injury,At Intersection,Traffic Signal,Pedestrian Collision (internal code),Clear,Dark with Artificial Lighting,Dry,Major Arterial,FALSE,-79.25766346,43.80981601,2,,East,3,52,Major,Other Safety Equipment Used,,,Crossing without right-of-way (intersection),Inattentive,,Transit vehicle driver hits pedestrian anywhere along roadway,,,,pedestrian,,Scarborough North (23),42 Division,Agincourt North,FALSE,TRUE,FALSE,FALSE,FALSE,FALSE,TRUE,FALSE,FALSE,TRUE,"{""coordinates"": [[-79.25766346401835, 43.80981601199663]], ""type"": ""MultiPoint""}"
15561,2006:886039,2006-01-09T18:20:00,FINCH AVE E,MIDDLEFIELD RD,,3,Non-Fatal Injury,At Intersection,Traffic Signal,Pedestrian Collision (internal code),Clear,Dark with Artificial Lighting,Dry,Major Arterial,FALSE,-79.25766346,43.80981601,1,Municipal Transit Bus (TTC),East,2,58,None,Other Safety Equipment Used,Driving properly,Normal,,,Turning Right,,,,,driver,,Scarborough North (23),42 Division,Agincourt North,FALSE,TRUE,FALSE,FALSE,FALSE,FALSE,TRUE,FALSE,FALSE,TRUE,"{""coordinates"": [[-79.25766346401835, 43.80981601199663]], ""type"": ""MultiPoint""}"
15566,2006:882079,2006-01-06T22:10:00,DON MILLS RD,LEITH HILL RD,,2,Non-Fatal Injury,At Intersection,Traffic Signal,Pedestrian Collision (internal code),Clear,Dark with Artificial Lighting,Dry,Major Arterial,FALSE,-79.34785864,43.77705512,2,,West,2,28,Major,Other Safety Equipment Used,,,Crossing with right-of-way (intersection),Inattentive,,Driver going straight hits pedestrian crossing with right-of-way (at intersection),,,,pedestrian,,Don Valley North (17),33 Division,Don Valley Village,FALSE,TRUE,FALSE,FALSE,FALSE,FALSE,TRUE,FALSE,FALSE,FALSE,"{""coordinates"": [[-79.34785863838832, 43.77705511584983]], ""type"": ""MultiPoint""}"
15567,2006:885782,2006-01-04T19:40:00,DUFFERIN ST,SYLVAN AVE,,2,Non-Fatal Injury,At Intersection,Traffic Signal,Pedestrian Collision (internal code),Rain,Dark,Wet,Major Arterial,FALSE,-79.43359097,43.65514426,1,Automobile or Station Wagon,South,1,28,None,Lap and Shoulder Belt,Driving properly,Normal,,,Going Ahead,,,,,driver,,Davenport (9),11 Division,Dufferin Grove,FALSE,FALSE,FALSE,FALSE,FALSE,TRUE,TRUE,FALSE,FALSE,FALSE,"{""coordinates"": [[-79.43359096732753, 43.65514425525131]], ""type"": ""MultiPoint""}"
15568,2006:884090,2006-01-02T07:05:00,BATHURST ST,DUNDAS ST W,60 NORTH OF,2,Non-Fatal Injury,,No Control,Pedestrian Collision (internal code),Other,Dark with Artificial Lighting,Wet,Major Arterial,FALSE,-79.40625392,43.65289122,1,Automobile or Station Wagon,South,1,30,None,Lap and Shoulder Belt,Improper lane change,Inattentive,,,Changing Lanes,,,,,driver,,University-Rosedale (11),14 Division,Kensington-Chinatown,FALSE,TRUE,FALSE,FALSE,FALSE,FALSE,TRUE,FALSE,FALSE,FALSE,"{""coordinates"": [[-79.40625391781434, 43.65289121567319]], ""type"": ""MultiPoint""}"