_id,collision_id,accdate,stname1,stname2,stname3,per_inv,acclass,accloc,traffictl,impactype,visible,light,rdsfcond,road_class,failtorem,longitude,latitude,veh_no,vehtype,initdir,per_no,invage,injury,safequip,drivact,drivcond,pedact,pedcond,manoeuvre,pedtype,cyclistype,cycact,cyccond,road_user,fatal_no,wardname,division,neighbourhood,aggressive,distracted,cyclist,motorcyclist,other_micromobility,older_adult,pedestrian,red_light,school_child,heavy_truck,geometry
15671,2011:1211163,2011-01-07T19:00:00,FINCH AVE W,YORK GATE BLVD,,2,Non-Fatal Injury,At Intersection,No Control,Pedestrian Collision (internal code),Clear,Dark,Dry,Major Arterial,FALSE,-79.51979094,43.75694433,2,,North,2,49,Major,Other Safety Equipment Used,,,Crossing - no traffic control,Had Been Drinking,,Driver hits pedestrian at midblock,,,,pedestrian,,Humber River-Black Creek (7),31 Division,Glenfield-Jane Heights,FALSE,FALSE,FALSE,FALSE,FALSE,FALSE,TRUE,FALSE,FALSE,FALSE,"{""coordinates"": [[-79.51979093753306, 43.756944326029746]], ""type"": ""MultiPoint""}"
15673,2011:1221014,2011-01-11T11:40:00,DUNDAS ST W,BAY ST,,5,Non-Fatal Injury,At Intersection,Traffic Signal,Pedestrian Collision (internal code),Clear,Daylight,Dry,Major Arterial,FALSE,-79.38379087,43.65574418,2,Automobile or Station Wagon,East,3,44,Minimal,Lap and Shoulder Belt,Failed to yield right-of-way,Inattentive,,,Turning Left,,,,,driver,,University-Rosedale (11),52 Division,Yonge-Bay Corridor,TRUE,TRUE,FALSE,FALSE,FALSE,TRUE,TRUE,FALSE,FALSE,FALSE,"{""coordinates"": [[-79.38379086969196, 43.65574418188723]], ""type"": ""MultiPoint""}"
15674,2011:1221014,2011-01-11T11:40:00,DUNDAS ST W,BAY ST,,5,Non-Fatal Injury,At Intersection,Traffic Signal,Pedestrian Collision (internal code),Clear,Daylight,Dry,Major Arterial,FALSE,-79.38379087,43.65574418,3,,East,5,68,Major,No Equipment Available,,,On sidewalk or shoulder,Normal,,Driver hits pedestrian on sidewalk or shoulder,,,,pedestrian,,University-Rosedale (11),52 Division,Yonge-Bay Corridor,TRUE,TRUE,FALSE,FALSE,FALSE,TRUE,TRUE,FALSE,FALSE,FALSE,"{""coordinates"": [[-79.38379086969196, 43.65574418188723]], ""type"": ""MultiPoint""}"
15675,2011:1221014,2011-01-11T11:40:00,DUNDAS ST W,BAY ST,,5,Non-Fatal Injury,At Intersection,Traffic Signal,Pedestrian Collision (internal code),Clear,Daylight,Dry,Major Arterial,FALSE,-79.38379087,43.65574418,1,Automobile or Station Wagon,West,2,27,None,Other Safety Equipment Used,Driving properly,Inattentive,,,Going Ahead,,,,,driver,,University-Rosedale (11),52 Division,Yonge-Bay Corridor,TRUE,TRUE,FALSE,FALSE,FALSE,TRUE,TRUE,FALSE,FALSE,FALSE,"{""coordinates"": [[-79.38379086969196, 43.65574418188723]], ""type"": ""MultiPoint""}"
15676,2011:1221155,2011-01-11T19:56:00,QUEEN ST W,RYERSON AVE,,3,Non-Fatal Injury,,No Control,Pedestrian Collision (internal code),Snow,Dark,Loose Snow,Major Arterial,FALSE,-79.40219092,43.64754421,3,,Unknown,3,55,Major,No Equipment Available,,,Person getting on/off vehicle,Normal,,Driver hits pedestrian at midblock,,,,pedestrian,,Spadina-Fort York (10),14 Division,Wellington Place,FALSE,FALSE,FALSE,FALSE,FALSE,FALSE,TRUE,FALSE,FALSE,TRUE,"{""coordinates"": [[-79.4021909183346, 43.64754421109952]], ""type"": ""MultiPoint""}"
15677,2011:1221155,2011-01-11T19:56:00,QUEEN ST W,RYERSON AVE,,3,Non-Fatal Injury,,No Control,Pedestrian Collision (internal code),Snow,Dark,Loose Snow,Major Arterial,FALSE,-79.40219092,43.64754421,2,,,2,,,Other Safety Equipment Used,,,,,,,,,,owner,,Spadina-Fort York (10),14 Division,Wellington Place,FALSE,FALSE,FALSE,FALSE,FALSE,FALSE,TRUE,FALSE,FALSE,TRUE,"{""coordinates"": [[-79.4021909183346, 43.64754421109952]], ""type"": ""MultiPoint""}"
15678,2011:1221211,2011-01-13T06:56:00,HUMBER BLVD,ALLIANCE AVE,,2,Non-Fatal Injury,,Pedestrian Crossover,Pedestrian Collision (internal code),Clear,Dark,Wet,Collector,FALSE,-79.48338702,43.67874332,2,,West,2,30,Major,Other Safety Equipment Used,,,Crossing - pedestrian crossover,Normal,,Driver hits pedestrian at PXO/pedestrian midblock signal,,,,pedestrian,,York South-Weston (5),12 Division,Rockcliffe-Smythe,TRUE,TRUE,FALSE,FALSE,FALSE,FALSE,TRUE,FALSE,FALSE,FALSE,"{""coordinates"": [[-79.48338702164608, 43.678743317744775]], ""type"": ""MultiPoint""}"
15679,2011:1224139,2011-01-19T13:51:00,O CONNOR DR,WOODBINE AVE,,2,Non-Fatal Injury,At Intersection,Traffic Signal,Pedestrian Collision (internal code),Snow,Daylight,Wet,Major Arterial,FALSE,-79.31902668,43.70014708,1,Automobile or Station Wagon,West,1,66,None,Lap and Shoulder Belt,Disobeyed traffic control,Inattentive,,,Going Ahead,,,,,driver,,Beaches-East York (19),55 Division,Woodbine-Lumsden,TRUE,TRUE,FALSE,FALSE,FALSE,TRUE,TRUE,TRUE,FALSE,FALSE,"{""coordinates"": [[-79.31902668390788, 43.70014708351632]], ""type"": ""MultiPoint""}"
15680,2011:1223946,2011-01-19T15:45:00,WESTON RD,AVON CRES,,2,Non-Fatal Injury,At Intersection,Stop Sign,Pedestrian Collision (internal code),Clear,Daylight,Dry,Major Arterial,FALSE,-79.476191,43.68104431,1,,North,1,47,Major,Other Safety Equipment Used,,,Walking on roadway with traffic,Inattentive,,Other,,,,pedestrian,,York South-Weston (5),12 Division,Rockcliffe-Smythe,FALSE,TRUE,FALSE,FALSE,FALSE,FALSE,TRUE,FALSE,FALSE,FALSE,"{""coordinates"": [[-79.47619100403895, 43.681044306550085]], ""type"": ""MultiPoint""}"
15683,2011:1225017,2011-01-21T11:50:00,DUNDAS ST W,BAY ST,,2,Non-Fatal Injury,,No Control,Cyclist Collision (internal code),Clear,Daylight,Wet,Major Arterial,FALSE,-79.38299087,43.65584418,2,Bicycle,East,2,21,Major,Helmet,,,,,Overtaking,,Sideswipe with cyclist and driver travelling in same direction,Driving Properly,Normal,cyclist,,Toronto Centre (13),52 Division,Yonge-Bay Corridor,FALSE,TRUE,TRUE,FALSE,FALSE,FALSE,FALSE,FALSE,FALSE,FALSE,"{""coordinates"": [[-79.38299086798693, 43.655844180689826]], ""type"": ""MultiPoint""}"
15684,2011:1214720,2011-01-25T08:25:00,MCCOWAN RD,ST ANDREWS RD,,3,Non-Fatal Injury,,No Control,Pedestrian Collision (internal code),Clear,Daylight,Wet,Major Arterial,FALSE,-79.24659049,43.75944399,3,,Unknown,3,49,Major,Other Safety Equipment Used,,,Playing or working on highway,Normal,,Driver hits pedestrian at midblock,,,,pedestrian,,Scarborough-Guildwood (24),43 Division,Woburn North,TRUE,FALSE,FALSE,FALSE,FALSE,TRUE,TRUE,FALSE,FALSE,FALSE,"{""coordinates"": [[-79.24659048766294, 43.759443991666835]], ""type"": ""MultiPoint""}"
15685,2011:1214720,2011-01-25T08:25:00,MCCOWAN RD,ST ANDREWS RD,,3,Non-Fatal Injury,,No Control,Pedestrian Collision (internal code),Clear,Daylight,Wet,Major Arterial,FALSE,-79.24659049,43.75944399,2,Automobile or Station Wagon,South,2,66,Minimal,Lap and Shoulder Belt,Failed to yield right-of-way,Fatigue/Fell Asleep,,,Going Ahead,,,,,driver,,Scarborough-Guildwood (24),43 Division,Woburn North,TRUE,FALSE,FALSE,FALSE,FALSE,TRUE,TRUE,FALSE,FALSE,FALSE,"{""coordinates"": [[-79.24659048766294, 43.759443991666835]], ""type"": ""MultiPoint""}"
15687,2011:1225497,2011-01-26T17:30:00,BAY ST,TEMPERANCE ST W,,2,Non-Fatal Injury,,No Control,Cyclist Collision (internal code),Clear,Dark,Dry,Major Arterial,FALSE,-79.38099087,43.65044418,1,Automobile or Station Wagon,South,1,48,None,Lap and Shoulder Belt,Failed to yield right-of-way,Inattentive,,,Making U-Turn,,,,,driver,,Toronto Centre (13),52 Division,Yonge-Bay Corridor,TRUE,TRUE,TRUE,FALSE,FALSE,FALSE,FALSE,FALSE,FALSE,FALSE,"{""coordinates"": [[-79.38099087231755, 43.65044417892229]], ""type"": ""MultiPoint""}"
15689,2011:1226385,2011-01-31T07:45:00,KINGSTON RD,CATHEDRAL BLUFFS DR,,2,Non-Fatal Injury,At Intersection,Traffic Signal,Pedestrian Collision (internal code),Clear,Daylight,Dry,Major Arterial,FALSE,-79.2323905,43.72514397,1,Automobile or Station Wagon,South,1,46,None,Lap and Shoulder Belt,Failed to yield right-of-way,Normal,,,Turning Left,,,,,driver,,Scarborough Southwest (20),43 Division,Cliffcrest,TRUE,FALSE,FALSE,FALSE,FALSE,FALSE,TRUE,FALSE,FALSE,FALSE,"{""coordinates"": [[-79.23239050281579, 43.725143972346125]], ""type"": ""MultiPoint""}"
15690,2011:1215589,2011-02-01T08:47:00,MARTIN GROVE RD,JOHN GARLAND BLVD,,3,Non-Fatal Injury,At Intersection,Traffic Signal,Pedestrian Collision (internal code),Snow,Daylight,Loose Snow,Major Arterial,FALSE,-79.58939107,43.73204442,2,,East,3,14,Major,Other Safety Equipment Used,,,Crossing with right-of-way (intersection),Normal,,Transit vehicle driver hits pedestrian anywhere along roadway,,,,pedestrian,,Etobicoke North (1),23 Division,Mount Olive-Silverstone-Jamestown,TRUE,TRUE,FALSE,FALSE,FALSE,FALSE,TRUE,FALSE,TRUE,TRUE,"{""coordinates"": [[-79.58939106745176, 43.73204441568484]], ""type"": ""MultiPoint""}"
15691,2011:1215589,2011-02-01T08:47:00,MARTIN GROVE RD,JOHN GARLAND BLVD,,3,Non-Fatal Injury,At Intersection,Traffic Signal,Pedestrian Collision (internal code),Snow,Daylight,Loose Snow,Major Arterial,FALSE,-79.58939107,43.73204442,1,Municipal Transit Bus (TTC),East,2,41,None,Other Safety Equipment Used,Failed to yield right-of-way,Inattentive,,,Turning Right,,,,,driver,,Etobicoke North (1),23 Division,Mount Olive-Silverstone-Jamestown,TRUE,TRUE,FALSE,FALSE,FALSE,FALSE,TRUE,FALSE,TRUE,TRUE,"{""coordinates"": [[-79.58939106745176, 43.73204441568484]], ""type"": ""MultiPoint""}"
15692,2011:1216997,2011-02-08T08:30:00,DUFFERIN ST,GORDON ST,,2,Non-Fatal Injury,At Intersection,No Control,Pedestrian Collision (internal code),Clear,Daylight,Dry,Minor Arterial,FALSE,-79.43039097,43.64684425,2,,East,2,13,Major,Other Safety Equipment Used,,,Running onto roadway,Inattentive,,Driver going straight hits pedestrian crossing without right-of-way (at intersection),,,,pedestrian,,Davenport (9),11 Division,Little Portugal,FALSE,TRUE,FALSE,FALSE,FALSE,FALSE,TRUE,FALSE,TRUE,FALSE,"{""coordinates"": [[-79.43039097483778, 43.64684425329745]], ""type"": ""MultiPoint""}"
15695,2011:1217361,2011-02-11T18:22:00,DUNDAS ST E,SHERBOURNE ST,,2,Non-Fatal Injury,At Intersection,Traffic Signal,Pedestrian Collision (internal code),Clear,Dark,Dry,Major Arterial,FALSE,-79.37099084,43.65824416,2,,North,2,41,Major,Other Safety Equipment Used,,,Crossing without right-of-way (intersection),Inattentive,,Driver going straight hits pedestrian crossing without right-of-way (at intersection),,,,pedestrian,,Toronto Centre (13),51 Division,Moss Park,FALSE,TRUE,FALSE,FALSE,FALSE,FALSE,TRUE,FALSE,FALSE,FALSE,"{""coordinates"": [[-79.37099084111912, 43.658244162599225]], ""type"": ""MultiPoint""}"
15696,2011:1227844,2011-02-12T01:14:00,QUEEN ST W,CLAREMONT ST,,3,Non-Fatal Injury,,No Control,Pedestrian Collision (internal code),Snow,Dark,Wet,Major Arterial,FALSE,-79.40959094,43.64604422,1,,,1,,,Other Safety Equipment Used,,,,,,,,,,owner,,Spadina-Fort York (10),14 Division,West Queen West,FALSE,FALSE,FALSE,FALSE,FALSE,FALSE,TRUE,FALSE,FALSE,FALSE,"{""coordinates"": [[-79.40959093525433, 43.6460442225366]], ""type"": ""MultiPoint""}"
15697,2011:1228657,2011-02-16T12:00:00,SHEPPARD Aven E,IDAGROVE Gate,,4,Non-Fatal Injury,At Intersection,Traffic Signal,Pedestrian Collision (internal code),Clear,Daylight,Dry,Major Arterial,FALSE,-79.17559036,43.80734393,1,Automobile or Station Wagon,East,1,55,None,Lap and Shoulder Belt,Driving properly,Normal,,,Going Ahead,,,,,driver,,Scarborough-Rouge Park (25),42 Division,Morningside Heights,TRUE,FALSE,FALSE,FALSE,FALSE,FALSE,TRUE,FALSE,FALSE,FALSE,"{""coordinates"": [[-79.17559035677128, 43.80734393199344]], ""type"": ""MultiPoint""}"
15698,2011:1228657,2011-02-16T12:00:00,SHEPPARD Aven E,IDAGROVE Gate,,4,Non-Fatal Injury,At Intersection,Traffic Signal,Pedestrian Collision (internal code),Clear,Daylight,Dry,Major Arterial,FALSE,-79.17559036,43.80734393,3,,North,4,64,Major,Other Safety Equipment Used,,,On sidewalk or shoulder,Normal,,Driver hits pedestrian on sidewalk or shoulder,,,,pedestrian,,Scarborough-Rouge Park (25),42 Division,Morningside Heights,TRUE,FALSE,FALSE,FALSE,FALSE,FALSE,TRUE,FALSE,FALSE,FALSE,"{""coordinates"": [[-79.17559035677128, 43.80734393199344]], ""type"": ""MultiPoint""}"
15699,2011:1218634,2011-02-18T14:08:00,QUEEN ST E,CARLAW AVE,,1,Non-Fatal Injury,At Intersection,Traffic Signal,Pedestrian Collision (internal code),Clear,Daylight,Dry,Minor Arterial,FALSE,-79.34009078,43.66104412,2,,East,3,2,Major,Other Safety Equipment Used,,,Crossing with right-of-way (intersection),Normal,,Driver turns left into pedestrian crossing with right-of-way (at intersection),,,,pedestrian,,Toronto-Danforth (14),55 Division,South Riverdale,FALSE,FALSE,FALSE,FALSE,FALSE,FALSE,TRUE,FALSE,FALSE,FALSE,"{""coordinates"": [[-79.34009077741571, 43.66104411704333]], ""type"": ""MultiPoint""}"
15700,2011:1218634,2011-02-18T14:08:00,QUEEN ST E,CARLAW AVE,,1,Non-Fatal Injury,At Intersection,Traffic Signal,Pedestrian Collision (internal code),Clear,Daylight,Dry,Minor Arterial,FALSE,-79.34009078,43.66104412,1,Automobile or Station Wagon,West,2,50,None,Other Safety Equipment Used,Improper turn,Normal,,,Turning Left,,,,,driver,,Toronto-Danforth (14),55 Division,South Riverdale,FALSE,FALSE,FALSE,FALSE,FALSE,FALSE,TRUE,FALSE,FALSE,FALSE,"{""coordinates"": [[-79.34009077741571, 43.66104411704333]], ""type"": ""MultiPoint""}"
15701,2011:1228956,2011-02-20T09:08:00,TAPSCOTT RD,WASHBURN WAY,,2,Non-Fatal Injury,,Traffic Signal,Pedestrian Collision (internal code),Clear,Daylight,Dry,Minor Arterial,FALSE,-79.22419042,43.80444398,1,Automobile or Station Wagon,South,1,33,None,Lap and Shoulder Belt,Improper turn,Other Condition,,,Turning Left,,,,,driver,,Scarborough North (23),42 Division,Malvern West,FALSE,FALSE,FALSE,FALSE,FALSE,FALSE,TRUE,FALSE,FALSE,FALSE,"{""coordinates"": [[-79.22419042242481, 43.80444397767016]], ""type"": ""MultiPoint""}"
15702,2011:1219456,2011-02-21T20:22:00,WESTON RD,MAPLE BUSH AVE,,1,Non-Fatal Injury,At Intersection,No Control,Pedestrian Collision (internal code),Clear,Dark,Dry,Major Arterial,FALSE,-79.53479104,43.71034437,2,,North,2,29,Major,Other Safety Equipment Used,,,Running onto roadway,Other Condition,,Driver hits pedestrian at midblock,,,,pedestrian,,York South-Weston (5),12 Division,Pelmo Park-Humberlea,FALSE,FALSE,FALSE,FALSE,FALSE,FALSE,TRUE,FALSE,FALSE,FALSE,"{""coordinates"": [[-79.53479103892131, 43.71034436576137]], ""type"": ""MultiPoint""}"
15703,2011:1219139,2011-02-21T20:22:00,WESTON Road,MAPLE BUSH Aven,,2,Non-Fatal Injury,,,Pedestrian Collision (internal code),Other,Dark,Other,Major Arterial,FALSE,-79.53489104,43.71044437,1,Automobile or Station Wagon,,1,26,None,Other Safety Equipment Used,,,,,Unknown,,,,,driver,,York South-Weston (5),12 Division,Pelmo Park-Humberlea,FALSE,FALSE,FALSE,FALSE,FALSE,FALSE,TRUE,FALSE,FALSE,FALSE,"{""coordinates"": [[-79.53489103886267, 43.71044436582316]], ""type"": ""MultiPoint""}"
15704,2011:1219821,2011-02-23T12:03:00,DON MILLS RD,THE DONWAY E,,3,Non-Fatal Injury,At Intersection,Traffic Signal,Pedestrian Collision (internal code),Clear,Daylight,Dry,Major Arterial,FALSE,-79.34449067,43.74084411,2,,North,3,81,Major,Other Safety Equipment Used,,,Crossing with right-of-way (intersection),Normal,Other,Driver turns right into pedestrian crossing with right-of-way (at intersection),,,,pedestrian,,Don Valley East (16),33 Division,Banbury-Don Mills,TRUE,TRUE,FALSE,FALSE,FALSE,TRUE,TRUE,FALSE,FALSE,FALSE,"{""coordinates"": [[-79.34449067239402, 43.74084411293079]], ""type"": ""MultiPoint""}"
15705,2011:1219821,2011-02-23T12:03:00,DON MILLS RD,THE DONWAY E,,3,Non-Fatal Injury,At Intersection,Traffic Signal,Pedestrian Collision (internal code),Clear,Daylight,Dry,Major Arterial,FALSE,-79.34449067,43.74084411,1,Automobile or Station Wagon,East,2,65,None,Other Safety Equipment Used,Failed to yield right-of-way,Inattentive,,,Turning Right,,,,,driver,,Don Valley East (16),33 Division,Banbury-Don Mills,TRUE,TRUE,FALSE,FALSE,FALSE,TRUE,TRUE,FALSE,FALSE,FALSE,"{""coordinates"": [[-79.34449067239402, 43.74084411293079]], ""type"": ""MultiPoint""}"
15706,2026:6001209143,2026-06-11T12:15:00,KEELE ST,CATFORD RD,55 m South of,2,Non-Fatal Injury,Non-Intersection,No Control,SMV Other,Clear,Daylight,Dry,,FALSE,-79.48982689,43.75884529,1,,,2,2,Major,No Equipment Available,,,Unknown,Unknown,,,,,,pedestrian,,York Centre (6),31 Division,York University Heights,FALSE,FALSE,FALSE,FALSE,FALSE,FALSE,TRUE,FALSE,FALSE,FALSE,"{""coordinates"": [[-79.4898268934495, 43.75884529127313]], ""type"": ""MultiPoint""}"
15707,2011:1219842,2011-02-23T18:40:00,BLOOR ST W,RESURRECTION RD,,3,Non-Fatal Injury,,Traffic Signal,Pedestrian Collision (internal code),Clear,Dark,Dry,Major Arterial,FALSE,-79.53079116,43.6430444,1,Automobile or Station Wagon,East,2,48,None,Lap and Shoulder Belt,Driving properly,Normal,,,Going Ahead,,,,,driver,,Etobicoke-Lakeshore (3),22 Division,Etobicoke City Centre,FALSE,FALSE,FALSE,FALSE,FALSE,TRUE,TRUE,FALSE,TRUE,FALSE,"{""coordinates"": [[-79.53079115876321, 43.64304439679421]], ""type"": ""MultiPoint""}"
15708,2011:1219842,2011-02-23T18:40:00,BLOOR ST W,RESURRECTION RD,,3,Non-Fatal Injury,,Traffic Signal,Pedestrian Collision (internal code),Clear,Dark,Dry,Major Arterial,FALSE,-79.53079116,43.6430444,2,,South,3,65,Major,Other Safety Equipment Used,,,Crossing without right-of-way (intersection),Unknown,,Driver going straight hits pedestrian crossing without right-of-way (at intersection),,,,pedestrian,,Etobicoke-Lakeshore (3),22 Division,Etobicoke City Centre,FALSE,FALSE,FALSE,FALSE,FALSE,TRUE,TRUE,FALSE,TRUE,FALSE,"{""coordinates"": [[-79.53079115876321, 43.64304439679421]], ""type"": ""MultiPoint""}"
15709,2011:1231402,2011-03-04T21:35:00,QUEEN Stre W,NIAGARA Stre,,2,Non-Fatal Injury,At Intersection,Traffic Signal,Pedestrian Collision (internal code),Rain,Dark,Wet,Major Arterial,FALSE,-79.40989094,43.64594422,1,Automobile or Station Wagon,East,1,35,None,Other Safety Equipment Used,Failed to yield right-of-way,Inattentive,,,Turning Right,,,,,driver,,Spadina-Fort York (10),14 Division,West Queen West,TRUE,TRUE,FALSE,FALSE,FALSE,FALSE,TRUE,FALSE,FALSE,FALSE,"{""coordinates"": [[-79.40989093600417, 43.645944223012485]], ""type"": ""MultiPoint""}"
15710,2011:1221788,2011-03-05T22:57:00,EGLINTON Aven W,SCARLETT Road,,3,Non-Fatal Injury,At Intersection,Traffic Signal,Pedestrian Collision (internal code),Rain,Dark,Wet,Major Arterial,FALSE,-79.51149106,43.68394435,1,Automobile or Station Wagon,West,2,48,None,Other Safety Equipment Used,Driving properly,Normal,,,Going Ahead,,,,,driver,,Etobicoke Centre (2),22 Division,Edenbridge-Humber Valley,FALSE,FALSE,FALSE,FALSE,FALSE,FALSE,TRUE,FALSE,FALSE,FALSE,"{""coordinates"": [[-79.51149105804369, 43.68394435229497]], ""type"": ""MultiPoint""}"
15711,2011:1221788,2011-03-05T22:57:00,EGLINTON Aven W,SCARLETT Road,,3,Non-Fatal Injury,At Intersection,Traffic Signal,Pedestrian Collision (internal code),Rain,Dark,Wet,Major Arterial,FALSE,-79.51149106,43.68394435,2,,North,3,22,Major,Other Safety Equipment Used,,,Crossing without right-of-way (intersection),Medical or Physical Disability,,Driver going straight hits pedestrian crossing without right-of-way (at intersection),,,,pedestrian,,Etobicoke Centre (2),22 Division,Edenbridge-Humber Valley,FALSE,FALSE,FALSE,FALSE,FALSE,FALSE,TRUE,FALSE,FALSE,FALSE,"{""coordinates"": [[-79.51149105804369, 43.68394435229497]], ""type"": ""MultiPoint""}"
15712,2011:1232208,2011-03-08T15:37:00,255 MORNINGSIDE AVE,,,2,Non-Fatal Injury,At Intersection,Traffic Signal,Pedestrian Collision (internal code),Clear,Daylight,Dry,Major Arterial,FALSE,-79.1861904,43.76834393,1,Automobile or Station Wagon,West,1,42,None,Other Safety Equipment Used,Improper turn,Normal,,,Turning Left,,,,,driver,,Scarborough-Rouge Park (25),43 Division,West Hill,FALSE,FALSE,FALSE,FALSE,FALSE,TRUE,TRUE,FALSE,FALSE,FALSE,"{""coordinates"": [[-79.18619039741864, 43.76834393261959]], ""type"": ""MultiPoint""}"
15713,2011:1237939,2011-03-09T07:26:00,COLLEGE Stre,BATHURST Stre,,3,Non-Fatal Injury,At Intersection,No Control,Pedestrian Collision (internal code),Rain,Daylight,Wet,Major Arterial,FALSE,-79.40769091,43.65644422,1,,,1,,,Other Safety Equipment Used,,,,,,,,,,owner,,University-Rosedale (11),14 Division,Kensington-Chinatown,FALSE,TRUE,FALSE,FALSE,FALSE,FALSE,TRUE,FALSE,FALSE,TRUE,"{""coordinates"": [[-79.4076909149558, 43.65644421680335]], ""type"": ""MultiPoint""}"
15714,2011:1232522,2011-03-09T11:45:00,JANE ST,ST JOHNS RD,,3,Non-Fatal Injury,,Traffic Signal,Pedestrian Collision (internal code),Snow,Daylight,Wet,Major Arterial,FALSE,-79.48969106,43.66194433,1,,,1,,,Other Safety Equipment Used,,,,,,,,,,owner,,Parkdale-High Park (4),11 Division,Runnymede-Bloor West Village,TRUE,FALSE,FALSE,FALSE,FALSE,FALSE,TRUE,FALSE,TRUE,FALSE,"{""coordinates"": [[-79.48969106395101, 43.66194433455384]], ""type"": ""MultiPoint""}"
15715,2011:1222866,2011-03-12T19:17:00,CHURCH ST,GOULD ST,,2,Non-Fatal Injury,At Intersection,Traffic Signal,Pedestrian Collision (internal code),Clear,Dark,Wet,Minor Arterial,FALSE,-79.37789085,43.65824417,2,,East,2,79,Major,Other Safety Equipment Used,,,Crossing without right-of-way (intersection),Unknown,,Driver going straight hits pedestrian crossing without right-of-way (at intersection),,,,pedestrian,,Toronto Centre (13),51 Division,Downtown Yonge East,FALSE,FALSE,FALSE,FALSE,FALSE,TRUE,TRUE,FALSE,FALSE,FALSE,"{""coordinates"": [[-79.3778908544623, 43.65824417269585]], ""type"": ""MultiPoint""}"
15716,2011:1222908,2011-03-13T13:50:00,LAWRENCE AVE E,BARRYMORE RD,,2,Non-Fatal Injury,At Intersection,Traffic Signal,Pedestrian Collision (internal code),Clear,Daylight,Dry,Major Arterial,FALSE,-79.2515905,43.754244,1,Automobile or Station Wagon,West,1,19,None,Other Safety Equipment Used,Driving properly,Unknown,,,Going Ahead,,,,,driver,,Scarborough Centre (21),43 Division,Bendale South,FALSE,FALSE,FALSE,FALSE,FALSE,FALSE,TRUE,FALSE,TRUE,FALSE,"{""coordinates"": [[-79.25159049925908, 43.754243996266574]], ""type"": ""MultiPoint""}"
15717,2011:1232760,2011-03-14T13:07:00,CHURCH ST,CHARLES ST E,,2,Non-Fatal Injury,,No Control,Pedestrian Collision (internal code),Clear,Daylight,Dry,Minor Arterial,FALSE,-79.38259085,43.66974418,2,,West,2,43,Major,Other Safety Equipment Used,,,Crossing - no traffic control,Unknown,,Driver hits pedestrian at midblock,,,,pedestrian,,University-Rosedale (11),51 Division,Church-Wellesley,FALSE,FALSE,FALSE,FALSE,FALSE,FALSE,TRUE,FALSE,FALSE,FALSE,"{""coordinates"": [[-79.38259084601492, 43.66974417703843]], ""type"": ""MultiPoint""}"
15718,2011:1223175,2011-03-15T18:25:00,MOUNT PLEASANT Road,MOORE Aven,,3,Non-Fatal Injury,At Intersection,Traffic Signal,Pedestrian Collision (internal code),Clear,Daylight,Dry,Major Arterial,FALSE,-79.38469081,43.69354417,1,Automobile or Station Wagon,West,2,79,None,Other Safety Equipment Used,Failed to yield right-of-way,Normal,,,Turning Left,,,,,driver,,University-Rosedale (11),53 Division,Rosedale-Moore Park,TRUE,FALSE,FALSE,FALSE,FALSE,TRUE,TRUE,FALSE,FALSE,FALSE,"{""coordinates"": [[-79.38469081358392, 43.69354417469302]], ""type"": ""MultiPoint""}"
15719,2011:1223175,2011-03-15T18:25:00,MOUNT PLEASANT Road,MOORE Aven,,3,Non-Fatal Injury,At Intersection,Traffic Signal,Pedestrian Collision (internal code),Clear,Daylight,Dry,Major Arterial,FALSE,-79.38469081,43.69354417,2,,West,3,42,Major,Other Safety Equipment Used,,,Crossing with right-of-way (intersection),Normal,,Driver turns left into pedestrian crossing with right-of-way (at intersection),,,,pedestrian,,University-Rosedale (11),53 Division,Rosedale-Moore Park,TRUE,FALSE,FALSE,FALSE,FALSE,TRUE,TRUE,FALSE,FALSE,FALSE,"{""coordinates"": [[-79.38469081358392, 43.69354417469302]], ""type"": ""MultiPoint""}"
15720,2011:1223676,2011-03-20T21:20:00,EGLINTON Aven W,BRAEMAR Aven,,4,Non-Fatal Injury,,No Control,Pedestrian Collision (internal code),Clear,Dark,Dry,Major Arterial,FALSE,-79.40959084,43.70434421,1,,,1,47,None,Other Safety Equipment Used,,,,,,,,,,passenger,,Toronto-St. Paul's (12),53 Division,Yonge-Eglinton,FALSE,FALSE,FALSE,FALSE,FALSE,TRUE,TRUE,FALSE,FALSE,FALSE,"{""coordinates"": [[-79.40959084211386, 43.70434420602721]], ""type"": ""MultiPoint""}"