_id,collision_id,accdate,stname1,stname2,stname3,per_inv,acclass,accloc,traffictl,impactype,visible,light,rdsfcond,road_class,failtorem,longitude,latitude,veh_no,vehtype,initdir,per_no,invage,injury,safequip,drivact,drivcond,pedact,pedcond,manoeuvre,pedtype,cyclistype,cycact,cyccond,road_user,fatal_no,wardname,division,neighbourhood,aggressive,distracted,cyclist,motorcyclist,other_micromobility,older_adult,pedestrian,red_light,school_child,heavy_truck,geometry
15768,2011:1244686,2011-06-05T13:30:00,YONGE ST,YORK MILLS RD,,3,Non-Fatal Injury,,No Control,Pedestrian Collision (internal code),Clear,Daylight,Dry,Major Arterial,FALSE,-79.40699077,43.74524419,1,,,1,,,Other Safety Equipment Used,,,,,,,,,,owner,,Eglinton-Lawrence (8),32 Division,Bedford Park-Nortown,TRUE,FALSE,FALSE,TRUE,FALSE,FALSE,TRUE,FALSE,TRUE,FALSE,"{""coordinates"": [[-79.4069907723531, 43.7452441911664]], ""type"": ""MultiPoint""}"
15769,2011:1237279,2011-06-08T17:10:00,FINCH AVE W,NORFINCH DR,,2,Non-Fatal Injury,At Intersection,Traffic Signal,Cyclist Collision (internal code),Clear,Daylight,Dry,Major Arterial,FALSE,-79.52429094,43.75594433,1,Automobile or Station Wagon,South,1,49,None,Other Safety Equipment Used,Improper turn,Normal,,,Turning Right,,,,,driver,,Humber River-Black Creek (7),31 Division,Black Creek,FALSE,FALSE,TRUE,FALSE,FALSE,TRUE,FALSE,FALSE,FALSE,FALSE,"{""coordinates"": [[-79.52429094443177, 43.7559443312524]], ""type"": ""MultiPoint""}"
15770,2011:1239776,2011-06-09T16:00:00,YONGE ST,SHAFTESBURY AVE,,2,Non-Fatal Injury,At Intersection,Traffic Signal,Pedestrian Collision (internal code),Clear,Daylight,Dry,Major Arterial,TRUE,-79.39159084,43.68194419,1,,West,2,48,Major,Other Safety Equipment Used,,,Crossing with right-of-way (intersection),Normal,,Driver going straight hits pedestrian crossing with right-of-way (at intersection),,,,pedestrian,,Toronto-St. Paul's (12),53 Division,Yonge-St.Clair,FALSE,FALSE,FALSE,FALSE,FALSE,FALSE,TRUE,FALSE,FALSE,FALSE,"{""coordinates"": [[-79.39159084424095, 43.681944187023014]], ""type"": ""MultiPoint""}"
15771,2011:1237710,2011-06-10T18:58:00,BEECROFT Road,NORTH YORK Boul,,3,Non-Fatal Injury,At Intersection,Stop Sign,Pedestrian Collision (internal code),Clear,Daylight,Dry,Minor Arterial,FALSE,-79.41539076,43.7663442,1,Automobile or Station Wagon,West,1,38,None,Lap and Shoulder Belt,Improper turn,Inattentive,,,Turning Left,,,,,driver,,Willowdale (18),32 Division,Lansing-Westgate,FALSE,TRUE,FALSE,FALSE,FALSE,TRUE,TRUE,FALSE,FALSE,FALSE,"{""coordinates"": [[-79.41539076079314, 43.76634419845831]], ""type"": ""MultiPoint""}"
15773,2011:1246241,2011-06-13T20:20:00,CHURCH ST,ALEXANDER ST,,2,Non-Fatal Injury,,No Control,Cyclist Collision (internal code),Clear,Dark,Dry,Minor Arterial,FALSE,-79.37999085,43.66364417,2,Bicycle,North,2,28,Major,No Equipment Available,,,,,Going Ahead,,Sideswipe with cyclist and driver travelling in same direction,Driving Properly,Normal,cyclist,,Toronto Centre (13),51 Division,Church-Wellesley,FALSE,FALSE,TRUE,FALSE,FALSE,FALSE,FALSE,FALSE,FALSE,FALSE,"{""coordinates"": [[-79.37999085032668, 43.66364417461111]], ""type"": ""MultiPoint""}"
15774,2011:1239456,2011-06-16T12:30:00,BATHURST ST,LAWRENCE AVE W,,2,Non-Fatal Injury,At Intersection,Traffic Signal,Cyclist Collision (internal code),Clear,Daylight,Dry,Major Arterial,TRUE,-79.42979085,43.71924423,1,Bicycle,North,2,20,Major,Helmet,,,,,Going Ahead,,Driver turns left into path of cyclist,Other,Normal,cyclist,,Eglinton-Lawrence (8),53 Division,Bedford Park-Nortown,TRUE,FALSE,TRUE,FALSE,FALSE,FALSE,FALSE,FALSE,FALSE,FALSE,"{""coordinates"": [[-79.42979085405342, 43.719244228501886]], ""type"": ""MultiPoint""}"
15777,2011:1247513,2011-06-22T17:07:00,QUEEN Stre E,MC GEE Stre,,2,Non-Fatal Injury,At Intersection,No Control,Pedestrian Collision (internal code),Clear,Daylight,Dry,Minor Arterial,FALSE,-79.34549079,43.65984413,2,,North,2,21,None,Other Safety Equipment Used,,,Crossing - no traffic control,Inattentive,,Driver going straight hits pedestrian crossing without right-of-way (at intersection),,,,pedestrian,,Toronto-Danforth (14),55 Division,South Riverdale,FALSE,TRUE,FALSE,TRUE,FALSE,FALSE,TRUE,FALSE,FALSE,FALSE,"{""coordinates"": [[-79.34549078952743, 43.659844125070904]], ""type"": ""MultiPoint""}"
15778,2011:1240382,2011-06-24T09:30:00,JAMESON Aven,SPRINGHURST Aven,,3,Non-Fatal Injury,At Intersection,Stop Sign,Cyclist Collision (internal code),Rain,Daylight,Wet,Minor Arterial,FALSE,-79.434791,43.63394426,2,Bicycle,North,3,43,Major,Helmet,,,,,Turning Left,,Cyclist turns right into path of driver,Improper Turn,Inattentive,cyclist,,Parkdale-High Park (4),14 Division,South Parkdale,FALSE,TRUE,TRUE,FALSE,FALSE,FALSE,FALSE,FALSE,FALSE,TRUE,"{""coordinates"": [[-79.43479100496626, 43.633944264261125]], ""type"": ""MultiPoint""}"
15779,2011:1240382,2011-06-24T09:30:00,JAMESON Aven,SPRINGHURST Aven,,3,Non-Fatal Injury,At Intersection,Stop Sign,Cyclist Collision (internal code),Rain,Daylight,Wet,Minor Arterial,FALSE,-79.434791,43.63394426,1,Municipal Transit Bus (TTC),South,2,33,None,Other Safety Equipment Used,Driving properly,Normal,,,Going Ahead,,,,,driver,,Parkdale-High Park (4),14 Division,South Parkdale,FALSE,TRUE,TRUE,FALSE,FALSE,FALSE,FALSE,FALSE,FALSE,TRUE,"{""coordinates"": [[-79.43479100496626, 43.633944264261125]], ""type"": ""MultiPoint""}"
15780,2011:1240761,2011-06-27T22:25:00,KEELE St,GRANDRAVINE Dr,,2,Non-Fatal Injury,,No Control,Pedestrian Collision (internal code),Clear,Dark,Dry,Major Arterial,TRUE,-79.4880909,43.75154429,1,Automobile or Station Wagon,South,1,62,None,Other Safety Equipment Used,Driving properly,Unknown,,,Going Ahead,,,,,driver,,York Centre (6),31 Division,York University Heights,FALSE,FALSE,FALSE,FALSE,FALSE,FALSE,TRUE,FALSE,FALSE,FALSE,"{""coordinates"": [[-79.48809089965226, 43.75154429085773]], ""type"": ""MultiPoint""}"
15781,2011:1241015,2011-06-28T15:30:00,GATEWAY Blvd,DON MILLS Rd,,4,Non-Fatal Injury,At Intersection,Traffic Signal,Pedestrian Collision (internal code),Clear,Daylight,Dry,Major Arterial,FALSE,-79.3362907,43.71434411,2,Automobile or Station Wagon,West,3,45,None,Other Safety Equipment Used,Driving properly,Normal,,,Going Ahead,,,,,driver,,Don Valley East (16),55 Division,Flemingdon Park,FALSE,TRUE,FALSE,FALSE,FALSE,TRUE,TRUE,FALSE,TRUE,FALSE,"{""coordinates"": [[-79.33629069546606, 43.71434410549545]], ""type"": ""MultiPoint""}"
15782,2011:1241015,2011-06-28T15:30:00,GATEWAY Blvd,DON MILLS Rd,,4,Non-Fatal Injury,At Intersection,Traffic Signal,Pedestrian Collision (internal code),Clear,Daylight,Dry,Major Arterial,FALSE,-79.3362907,43.71434411,2,,,2,,,Other Safety Equipment Used,,,,,,,,,,owner,,Don Valley East (16),55 Division,Flemingdon Park,FALSE,TRUE,FALSE,FALSE,FALSE,TRUE,TRUE,FALSE,TRUE,FALSE,"{""coordinates"": [[-79.33629069546606, 43.71434410549545]], ""type"": ""MultiPoint""}"
15787,2011:1249542,2011-07-06T18:50:00,DUNDAS ST W,CARLYLE ST,,2,Non-Fatal Injury,At Intersection,Stop Sign,Cyclist Collision (internal code),Clear,Daylight,Dry,Major Arterial,FALSE,-79.40479092,43.65214421,2,Bicycle,East,2,42,Major,No Equipment Available,,,,,Going Ahead,,"Cyclist without right-of-way rides into path of driver (at intersection, laneway, or driveway)",Wrong Way on One Way Road,Inattentive,cyclist,,University-Rosedale (11),14 Division,Kensington-Chinatown,FALSE,TRUE,TRUE,FALSE,FALSE,FALSE,FALSE,FALSE,FALSE,FALSE,"{""coordinates"": [[-79.40479091614786, 43.652144213717406]], ""type"": ""MultiPoint""}"
15788,2011:1249845,2011-07-08T16:00:00,6780 KINGSTON RD,,,3,Non-Fatal Injury,,No Control,Cyclist Collision (internal code),Clear,Daylight,Dry,Major Arterial,FALSE,-79.14709033,43.7983439,1,,,1,,,Other Safety Equipment Used,,,,,,,,,,owner,,Scarborough-Rouge Park (25),42 Division,Centennial Scarborough,TRUE,TRUE,TRUE,FALSE,FALSE,FALSE,FALSE,FALSE,FALSE,FALSE,"{""coordinates"": [[-79.14709032510353, 43.79834390224096]], ""type"": ""MultiPoint""}"
15789,2011:1250782,2011-07-14T16:10:00,AVENUE Road,EDMUND Aven,,2,Non-Fatal Injury,,Traffic Signal,Cyclist Collision (internal code),Clear,Daylight,Dry,Major Arterial,FALSE,-79.39979086,43.6825442,2,Bicycle,East,2,26,Major,Helmet,,,,,Going Ahead,,"Cyclist without right-of-way rides into path of driver (at intersection, laneway, or driveway)",Disobeyed Traffic Control,Inattentive,cyclist,,Toronto-St. Paul's (12),53 Division,Yonge-St.Clair,FALSE,TRUE,TRUE,FALSE,FALSE,FALSE,FALSE,FALSE,FALSE,FALSE,"{""coordinates"": [[-79.3997908586319, 43.682544198413936]], ""type"": ""MultiPoint""}"
15790,2011:1250979,2011-07-15T16:30:00,DON MILLS RD,WYNFORD DR,,2,Non-Fatal Injury,,No Control,Cyclist Collision (internal code),Clear,Daylight,Dry,Major Arterial,FALSE,-79.33969069,43.72344411,2,Bicycle,North,2,33,Major,No Equipment Available,,,,,Going Ahead,,Rear end with cyclist and driver travelling in same direction,Driving Properly,Normal,cyclist,,Don Valley East (16),33 Division,Banbury-Don Mills,TRUE,TRUE,TRUE,FALSE,FALSE,FALSE,FALSE,FALSE,FALSE,FALSE,"{""coordinates"": [[-79.33969068870222, 43.723444108928845]], ""type"": ""MultiPoint""}"
15791,2011:1250894,2011-07-15T16:55:00,DANFORTH Ave,LANGFORD Ave,,2,Non-Fatal Injury,,No Control,Cyclist Collision (internal code),Clear,Daylight,Dry,Major Arterial,FALSE,-79.34059075,43.67974412,2,Bicycle,West,2,53,Major,Helmet,,,,,Going Ahead,,Dooring,Driving Properly,Normal,cyclist,,Toronto-Danforth (14),55 Division,Blake-Jones,FALSE,TRUE,TRUE,FALSE,FALSE,FALSE,FALSE,FALSE,FALSE,FALSE,"{""coordinates"": [[-79.34059075197881, 43.679744115475465]], ""type"": ""MultiPoint""}"
15792,2011:1244229,2011-07-15T23:44:00,QUEEN Stre W,DUFFERIN,,1,Non-Fatal Injury,,Streetcar (Stop for),Pedestrian Collision (internal code),Clear,Dark,Dry,Major Arterial,FALSE,-79.42919098,43.64204425,1,,North,1,23,Major,Other Safety Equipment Used,,,Person getting on/off vehicle,Unknown,,Driver hits pedestrian at midblock,,,,pedestrian,,Parkdale-High Park (4),14 Division,South Parkdale,TRUE,FALSE,FALSE,FALSE,FALSE,FALSE,TRUE,FALSE,TRUE,FALSE,"{""coordinates"": [[-79.4291909804023, 43.64204425308766]], ""type"": ""MultiPoint""}"
15793,2011:1244530,2011-07-18T00:28:00,BAYVIEW Ave,MCKEE Ave,,6,Non-Fatal Injury,,No Control,Pedestrian Collision (internal code),Clear,Dark with Artificial Lighting,Dry,Major Arterial,FALSE,-79.39079071,43.77884417,2,,,4,24,Major,Other Safety Equipment Used,,,,,,,,,,passenger,,Don Valley North (17),33 Division,Bayview Village,TRUE,FALSE,FALSE,FALSE,FALSE,FALSE,TRUE,FALSE,FALSE,FALSE,"{""coordinates"": [[-79.390790706731, 43.778844167445335]], ""type"": ""MultiPoint""}"
15794,2011:1244530,2011-07-18T00:28:00,BAYVIEW Ave,MCKEE Ave,,6,Non-Fatal Injury,,No Control,Pedestrian Collision (internal code),Clear,Dark with Artificial Lighting,Dry,Major Arterial,FALSE,-79.39079071,43.77884417,3,Automobile or Station Wagon,North,1,27,Major,Lap and Shoulder Belt,Exceeding speed limit,Had Been Drinking,,,Going Ahead,,,,,driver,,Don Valley North (17),33 Division,Bayview Village,TRUE,FALSE,FALSE,FALSE,FALSE,FALSE,TRUE,FALSE,FALSE,FALSE,"{""coordinates"": [[-79.390790706731, 43.778844167445335]], ""type"": ""MultiPoint""}"
15795,2011:1253635,2011-07-20T18:00:00,QUEENS QUAY W,REES ST,,3,Non-Fatal Injury,At Intersection,Traffic Signal,Cyclist Collision (internal code),Clear,Daylight,Dry,Minor Arterial,FALSE,-79.3865909,43.63884419,2,Bicycle,West,3,43,Major,Helmet,,,,,Going Ahead,,Dooring,Driving Properly,Normal,cyclist,,Spadina-Fort York (10),52 Division,Harbourfront-CityPlace,FALSE,FALSE,TRUE,FALSE,FALSE,FALSE,FALSE,FALSE,FALSE,FALSE,"{""coordinates"": [[-79.3865909010781, 43.63884418988292]], ""type"": ""MultiPoint""}"
15796,2011:1253635,2011-07-20T18:00:00,QUEENS QUAY W,REES ST,,3,Non-Fatal Injury,At Intersection,Traffic Signal,Cyclist Collision (internal code),Clear,Daylight,Dry,Minor Arterial,FALSE,-79.3865909,43.63884419,1,Automobile or Station Wagon,West,2,42,None,Lap and Shoulder Belt,Other,Normal,,,Parked,,,,,driver,,Spadina-Fort York (10),52 Division,Harbourfront-CityPlace,FALSE,FALSE,TRUE,FALSE,FALSE,FALSE,FALSE,FALSE,FALSE,FALSE,"{""coordinates"": [[-79.3865909010781, 43.63884418988292]], ""type"": ""MultiPoint""}"
15797,2011:1251711,2011-07-21T16:45:00,NORTHERN DANCER BLVD,QUEEN ST E,,2,Non-Fatal Injury,At Intersection,Stop Sign,Pedestrian Collision (internal code),Clear,Daylight,Dry,Minor Arterial,FALSE,-79.31139071,43.66744407,1,Automobile or Station Wagon,North,1,37,None,Other Safety Equipment Used,Failed to yield right-of-way,Inattentive,,,Turning Left,,,,,driver,,Beaches-East York (19),55 Division,The Beaches,TRUE,TRUE,FALSE,FALSE,FALSE,FALSE,TRUE,FALSE,FALSE,FALSE,"{""coordinates"": [[-79.3113907136003, 43.66744407488252]], ""type"": ""MultiPoint""}"
15798,2011:1249794,2011-07-23T22:02:00,HIGHWAY 27 S,VICE REGENT BLVD,,2,Non-Fatal Injury,At Intersection,No Control,Pedestrian Collision (internal code),Rain,Dark with Artificial Lighting,Wet,Major Arterial,FALSE,-79.59299111,43.71134443,2,,West,2,67,Major,Other Safety Equipment Used,,,Crossing - no traffic control,Had Been Drinking,,Driver going straight hits pedestrian crossing without right-of-way (at intersection),,,,pedestrian,,Etobicoke North (1),23 Division,West Humber-Clairville,FALSE,FALSE,FALSE,FALSE,FALSE,TRUE,TRUE,FALSE,FALSE,FALSE,"{""coordinates"": [[-79.59299111105226, 43.71134443222007]], ""type"": ""MultiPoint""}"
15799,2011:1254646,2011-07-27T09:55:00,FINCH AVE E,KENNETH AVE,,2,Non-Fatal Injury,At Intersection,Traffic Signal,Pedestrian Collision (internal code),Clear,Daylight,Dry,Major Arterial,FALSE,-79.41229074,43.78044419,2,,North,2,53,Major,Other Safety Equipment Used,,,Crossing with right-of-way (intersection),Normal,,Driver turns left into pedestrian crossing with right-of-way (at intersection),,,,pedestrian,,Willowdale (18),32 Division,East Willowdale,TRUE,FALSE,FALSE,FALSE,FALSE,TRUE,TRUE,FALSE,FALSE,FALSE,"{""coordinates"": [[-79.41229074007055, 43.78044419310994]], ""type"": ""MultiPoint""}"
15800,2011:1254931,2011-07-28T13:54:00,4277 LAWRENCE AVE E,,,2,Non-Fatal Injury,,No Control,Cyclist Collision (internal code),Rain,Daylight,Wet,Minor Arterial,FALSE,-79.17909039,43.77004393,2,Bicycle,East,2,36,Major,No Equipment Available,,,,,Going Ahead,,"Driver without right-of-way drives into path of cyclist (at intersection, laneway, or driveway)",Driving Properly,Other Condition,cyclist,,Scarborough-Rouge Park (25),43 Division,West Hill,TRUE,FALSE,TRUE,FALSE,FALSE,FALSE,FALSE,FALSE,FALSE,FALSE,"{""coordinates"": [[-79.17909038649785, 43.77004392593451]], ""type"": ""MultiPoint""}"
15802,2011:1247048,2011-08-02T15:50:00,BATHURST Stre,FOLLIS Aven,,1,Non-Fatal Injury,,No Control,Pedestrian Collision (internal code),Clear,Daylight,Dry,Major Arterial,FALSE,-79.4129909,43.66954422,1,Automobile or Station Wagon,South,1,46,None,Other Safety Equipment Used,Driving properly,Normal,,,Going Ahead,,,,,driver,,University-Rosedale (11),14 Division,Annex,FALSE,FALSE,FALSE,FALSE,FALSE,TRUE,TRUE,FALSE,FALSE,FALSE,"{""coordinates"": [[-79.41299090418201, 43.669544220767726]], ""type"": ""MultiPoint""}"
15803,2011:1247356,2011-08-03T13:22:00,DANFORTH AVE,BYRON AVE,,1,Non-Fatal Injury,,No Control,Pedestrian Collision (internal code),Clear,Daylight,Dry,Major Arterial,FALSE,-79.33539074,43.68084411,1,Automobile or Station Wagon,West,1,25,None,Other Safety Equipment Used,Driving properly,Normal,,,Going Ahead,,,,,driver,,Toronto-Danforth (14),55 Division,Danforth,FALSE,TRUE,FALSE,FALSE,FALSE,TRUE,TRUE,FALSE,FALSE,FALSE,"{""coordinates"": [[-79.33539074068665, 43.680844108004514]], ""type"": ""MultiPoint""}"
15804,2011:1256606,2011-08-03T18:42:00,AILEEN AVE,KEELE ST,,2,Non-Fatal Injury,,No Control,Cyclist Collision (internal code),Rain,Daylight,Wet,Local,FALSE,-79.47149099,43.6833443,1,Automobile or Station Wagon,East,1,45,None,Other Safety Equipment Used,Driving properly,Normal,,,Going Ahead,,,,,driver,,York South-Weston (5),12 Division,Keelesdale-Eglinton West,FALSE,TRUE,TRUE,FALSE,FALSE,FALSE,FALSE,FALSE,TRUE,FALSE,"{""coordinates"": [[-79.4714909911808, 43.68334429893952]], ""type"": ""MultiPoint""}"
15805,2011:1247894,2011-08-04T23:01:00,YORK MILLS RD,DVP N YORK MILLS W RAMP,,2,Non-Fatal Injury,,Traffic Signal,Cyclist Collision (internal code),Clear,Dark,Dry,Major Arterial,FALSE,-79.33405663,43.7588901,2,Bicycle,West,2,22,Major,Helmet,,,,,Going Ahead,,"Cyclist without right-of-way rides into path of driver (at intersection, laneway, or driveway)",Disobeyed Traffic Control,Unknown,cyclist,,Don Valley East (16),33 Division,Fenside-Parkwoods,FALSE,FALSE,TRUE,FALSE,FALSE,FALSE,FALSE,FALSE,FALSE,FALSE,"{""coordinates"": [[-79.3340566332403, 43.75889009885811]], ""type"": ""MultiPoint""}"
15806,2011:1249781,2011-08-04T23:18:00,QUEEN ST W,YORK ST,,3,Non-Fatal Injury,,No Control,Pedestrian Collision (internal code),Clear,Dark,Dry,Major Arterial,FALSE,-79.38349088,43.65154418,1,Municipal Transit Bus (TTC),West,3,51,None,Other Safety Equipment Used,Driving properly,Normal,,,Going Ahead,,,,,driver,,Spadina-Fort York (10),52 Division,Yonge-Bay Corridor,FALSE,FALSE,FALSE,FALSE,FALSE,FALSE,TRUE,FALSE,FALSE,TRUE,"{""coordinates"": [[-79.38349087552452, 43.651544182381045]], ""type"": ""MultiPoint""}"
15807,2011:1249781,2011-08-04T23:18:00,QUEEN ST W,YORK ST,,3,Non-Fatal Injury,,No Control,Pedestrian Collision (internal code),Clear,Dark,Dry,Major Arterial,FALSE,-79.38349088,43.65154418,1,,,2,,,Other Safety Equipment Used,,,,,,,,,,owner,,Spadina-Fort York (10),52 Division,Yonge-Bay Corridor,FALSE,FALSE,FALSE,FALSE,FALSE,FALSE,TRUE,FALSE,FALSE,TRUE,"{""coordinates"": [[-79.38349087552452, 43.651544182381045]], ""type"": ""MultiPoint""}"
15810,2011:1251014,2011-08-06T13:35:00,60 LACEY AVE,CAMERON Aven,,2,Non-Fatal Injury,,No Control,Cyclist Collision (internal code),Clear,Daylight,Dry,Local,TRUE,-79.46859097,43.68984429,1,Automobile or Station Wagon,North,1,,None,Other Safety Equipment Used,Other,Normal,,,Going Ahead,,,,,driver,,York South-Weston (5),12 Division,Keelesdale-Eglinton West,FALSE,FALSE,TRUE,FALSE,FALSE,FALSE,FALSE,FALSE,TRUE,FALSE,"{""coordinates"": [[-79.4685909743515, 43.6898442921331]], ""type"": ""MultiPoint""}"
15811,2011:1258248,2011-08-08T14:57:00,BIRCHMOUNT RD,BONIS AVE,,2,Non-Fatal Injury,At Intersection,Traffic Signal,Cyclist Collision (internal code),Clear,Daylight,Dry,Major Arterial,FALSE,-79.29929055,43.78354406,2,Bicycle,East,2,60,Major,No Equipment Available,,,,,Going Ahead,,Driver turns left into path of cyclist,Other,Normal,cyclist,,Scarborough-Agincourt (22),42 Division,Tam O'Shanter-Sullivan,TRUE,FALSE,TRUE,FALSE,FALSE,FALSE,FALSE,FALSE,FALSE,FALSE,"{""coordinates"": [[-79.29929055310892, 43.783544057835094]], ""type"": ""MultiPoint""}"
15812,2011:1251421,2011-08-09T21:41:00,ST CLAIR AVE E,VICROSS RD,,4,Non-Fatal Injury,,No Control,Pedestrian Collision (internal code),Clear,Dark,Dry,Major Arterial,TRUE,-79.30189064,43.70784406,2,Automobile or Station Wagon,Unknown,3,,None,Other Safety Equipment Used,Other,Other Condition,,,Unknown,,,,,driver,,Beaches-East York (19),55 Division,O'Connor-Parkview,FALSE,FALSE,FALSE,FALSE,FALSE,FALSE,TRUE,FALSE,FALSE,FALSE,"{""coordinates"": [[-79.30189064264026, 43.707844059857884]], ""type"": ""MultiPoint""}"
15813,2011:1251421,2011-08-09T21:41:00,ST CLAIR AVE E,VICROSS RD,,4,Non-Fatal Injury,,No Control,Pedestrian Collision (internal code),Clear,Dark,Dry,Major Arterial,TRUE,-79.30189064,43.70784406,1,Automobile or Station Wagon,East,2,31,None,Other Safety Equipment Used,Driving properly,Normal,,,Going Ahead,,,,,driver,,Beaches-East York (19),55 Division,O'Connor-Parkview,FALSE,FALSE,FALSE,FALSE,FALSE,FALSE,TRUE,FALSE,FALSE,FALSE,"{""coordinates"": [[-79.30189064264026, 43.707844059857884]], ""type"": ""MultiPoint""}"
15814,2011:1258447,2011-08-11T15:30:00,BISHOP Aven,KENNETH Aven,,2,Non-Fatal Injury,At Intersection,No Control,Pedestrian Collision (internal code),Clear,Daylight,Dry,Collector,FALSE,-79.41309074,43.78234419,2,,East,2,56,Major,No Equipment Available,,,Crossing with right-of-way (intersection),Normal,,Driver turns left into pedestrian crossing with right-of-way (at intersection),,,,pedestrian,,Willowdale (18),32 Division,Newtonbrook East,TRUE,TRUE,FALSE,FALSE,FALSE,FALSE,TRUE,FALSE,FALSE,FALSE,"{""coordinates"": [[-79.41309073927114, 43.78234419385691]], ""type"": ""MultiPoint""}"
15816,2011:1253834,2011-08-16T16:40:00,BLUE JAYS WAY,NAVY WHARF CRT,,1,Non-Fatal Injury,At Intersection,No Control,Cyclist Collision (internal code),Clear,Daylight,Dry,Minor Arterial,TRUE,-79.39189091,43.6417442,1,Bicycle,West,2,28,Major,Helmet,,,,,Turning Left,,Cyclist turns left into path of driver,Driving Properly,Normal,cyclist,,Spadina-Fort York (10),52 Division,Harbourfront-CityPlace,TRUE,FALSE,TRUE,FALSE,FALSE,FALSE,FALSE,FALSE,FALSE,FALSE,"{""coordinates"": [[-79.39189090710931, 43.641744197175385]], ""type"": ""MultiPoint""}"
15817,2011:1249833,2011-08-17T06:58:00,BATHURST ST,WILLIS ST,,3,Non-Fatal Injury,,No Control,Pedestrian Collision (internal code),Clear,Daylight,Dry,Major Arterial,FALSE,-79.40419092,43.64764421,2,,East,3,34,Major,Other Safety Equipment Used,,,Running onto roadway,Other Condition,,Driver going straight hits pedestrian crossing without right-of-way (at intersection),,,,pedestrian,,Spadina-Fort York (10),14 Division,Trinity-Bellwoods,FALSE,FALSE,FALSE,FALSE,FALSE,FALSE,TRUE,FALSE,FALSE,FALSE,"{""coordinates"": [[-79.4041909221015, 43.64764421404876]], ""type"": ""MultiPoint""}"
15818,2011:1249833,2011-08-17T06:58:00,BATHURST ST,WILLIS ST,,3,Non-Fatal Injury,,No Control,Pedestrian Collision (internal code),Clear,Daylight,Dry,Major Arterial,FALSE,-79.40419092,43.64764421,1,Automobile or Station Wagon,South,2,36,None,Lap and Shoulder Belt,Driving properly,Normal,,,Going Ahead,,,,,driver,,Spadina-Fort York (10),14 Division,Trinity-Bellwoods,FALSE,FALSE,FALSE,FALSE,FALSE,FALSE,TRUE,FALSE,FALSE,FALSE,"{""coordinates"": [[-79.4041909221015, 43.64764421404876]], ""type"": ""MultiPoint""}"
15819,2011:1259502,2011-08-19T12:35:00,QUEEN ST E,RUSHBROOKE AVE,,2,Non-Fatal Injury,At Intersection,No Control,Pedestrian Collision (internal code),Clear,Daylight,Dry,Minor Arterial,FALSE,-79.33229076,43.66284411,2,,West,2,86,Major,Other Safety Equipment Used,,,Other,Normal,,Driver reversing hits pedestrian,,,,pedestrian,,Toronto-Danforth (14),55 Division,South Riverdale,FALSE,FALSE,FALSE,FALSE,FALSE,TRUE,TRUE,FALSE,FALSE,FALSE,"{""coordinates"": [[-79.33229075989, 43.66284410549421]], ""type"": ""MultiPoint""}"
15820,2011:1259578,2011-08-19T21:28:00,BLOOR ST W,HARCROFT RD,,2,Non-Fatal Injury,,No Control,Cyclist Collision (internal code),Clear,Dark,Dry,Major Arterial,TRUE,-79.47289105,43.65184431,1,Automobile or Station Wagon,East,1,,None,Use Unknown,Improper passing,Unknown,,,Overtaking,,,,,driver,,Parkdale-High Park (4),11 Division,High Park-Swansea,TRUE,FALSE,TRUE,FALSE,FALSE,FALSE,FALSE,FALSE,FALSE,FALSE,"{""coordinates"": [[-79.47289104948845, 43.65184431446143]], ""type"": ""MultiPoint""}"
15821,2011:1250852,2011-08-23T19:05:00,WILLOWDALE AVE,PARKVIEW AVE,,3,Non-Fatal Injury,At Intersection,Stop Sign,Pedestrian Collision (internal code),Clear,Daylight,Dry,Minor Arterial,FALSE,-79.40359073,43.77314418,2,Automobile or Station Wagon,,2,24,None,Other Safety Equipment Used,,,,,Turning Left,,,,,driver,,Willowdale (18),32 Division,East Willowdale,FALSE,FALSE,FALSE,FALSE,FALSE,FALSE,TRUE,FALSE,FALSE,FALSE,"{""coordinates"": [[-79.40359073384207, 43.77314418337708]], ""type"": ""MultiPoint""}"
15822,2011:1252518,2011-08-23T19:05:00,WILLOWDALE AVE,PARKVIEW AVE,,3,Non-Fatal Injury,At Intersection,Stop Sign,Pedestrian Collision (internal code),Clear,Dusk,Dry,Minor Arterial,FALSE,-79.40359073,43.77314418,1,Automobile or Station Wagon,East,2,24,None,Other Safety Equipment Used,Driving properly,Normal,,,Turning Left,,,,,driver,,Willowdale (18),32 Division,East Willowdale,FALSE,FALSE,FALSE,FALSE,FALSE,TRUE,TRUE,FALSE,FALSE,FALSE,"{""coordinates"": [[-79.40359073384207, 43.77314418337708]], ""type"": ""MultiPoint""}"
15823,2011:1252518,2011-08-23T19:05:00,WILLOWDALE AVE,PARKVIEW AVE,,3,Non-Fatal Injury,At Intersection,Stop Sign,Pedestrian Collision (internal code),Clear,Dusk,Dry,Minor Arterial,FALSE,-79.40359073,43.77314418,2,,West,3,72,Major,Other Safety Equipment Used,,,Crossing - no traffic control,Normal,,Driver turns left into pedestrian crossing without right-of-way (at intersection),,,,pedestrian,,Willowdale (18),32 Division,East Willowdale,FALSE,FALSE,FALSE,FALSE,FALSE,TRUE,TRUE,FALSE,FALSE,FALSE,"{""coordinates"": [[-79.40359073384207, 43.77314418337708]], ""type"": ""MultiPoint""}"