_id,collision_id,accdate,stname1,stname2,stname3,per_inv,acclass,accloc,traffictl,impactype,visible,light,rdsfcond,road_class,failtorem,longitude,latitude,veh_no,vehtype,initdir,per_no,invage,injury,safequip,drivact,drivcond,pedact,pedcond,manoeuvre,pedtype,cyclistype,cycact,cyccond,road_user,fatal_no,wardname,division,neighbourhood,aggressive,distracted,cyclist,motorcyclist,other_micromobility,older_adult,pedestrian,red_light,school_child,heavy_truck,geometry
16119,2017:7001656927,2017-09-13T01:05:00,BLOOR ST W,BRUNSWICK AVE,,2,Non-Fatal Injury,At Intersection,Traffic Signal,Cyclist Collision (internal code),Clear,Dark with Artificial Lighting,Dry,Major Arterial,FALSE,-79.4074369,43.66590721,1,Bicycle,West,1,24,Major,No Equipment Available,,,,,Making U-Turn,,Cyclist makes U-turn in front of driver,Improper Turn,Had Been Drinking,cyclist,,University-Rosedale (11),14 Division,University,FALSE,FALSE,TRUE,TRUE,FALSE,FALSE,FALSE,FALSE,FALSE,FALSE,"{""coordinates"": [[-79.40743689940014, 43.66590721379826]], ""type"": ""MultiPoint""}"
16120,2017:7001690052,2017-09-17T23:58:00,LAKE SHORE BLVD W,REMEMBRANCE DR,,2,Non-Fatal Injury,At Intersection,Traffic Signal,Cyclist Collision (internal code),Clear,Dark with Artificial Lighting,Dry,Major Arterial,FALSE,-79.41974298,43.63035024,2,Bicycle,West,1,27,Major,No Equipment Available,,,,,Going Ahead,,Driver turns right on red at signalized intersection and hits cyclist,Driving Properly,Normal,cyclist,,Spadina-Fort York (10),14 Division,Fort York-Liberty Village,FALSE,FALSE,TRUE,FALSE,FALSE,FALSE,FALSE,FALSE,FALSE,FALSE,"{""coordinates"": [[-79.41974298072174, 43.63035024249429]], ""type"": ""MultiPoint""}"
16121,2017:7001696237,2017-09-18T20:19:00,LAKE SHORE BLVD W,BRITISH COLUMBIA RD,1 m West of,2,Non-Fatal Injury,At Intersection,Traffic Signal,Cyclist Collision (internal code),Clear,Dark with Artificial Lighting,Dry,Major Arterial,FALSE,-79.429142,43.63135726,2,Automobile or Station Wagon,West,2,60,None,Lap and Shoulder Belt,Driving properly,Normal,,,Going Ahead,,,,,driver,,Parkdale-High Park (4),14 Division,South Parkdale,FALSE,FALSE,TRUE,FALSE,FALSE,FALSE,FALSE,FALSE,TRUE,FALSE,"{""coordinates"": [[-79.42914199794177, 43.63135725652614]], ""type"": ""MultiPoint""}"
16124,2017:7001731321,2017-09-24T00:00:00,YONGE ST,CENTRE AVE,80 m South of,3,Non-Fatal Injury,Non-Intersection,No Control,Pedestrian Collision (internal code),Clear,Dark with Artificial Lighting,Dry,Major Arterial,FALSE,-79.41827774,43.7909412,1,Automobile or Station Wagon,North,1,25,None,Lap and Shoulder Belt,Lost control,Inattentive,,,Going Ahead,,,,,driver,,Willowdale (18),32 Division,Newtonbrook East,FALSE,TRUE,FALSE,FALSE,FALSE,FALSE,TRUE,FALSE,FALSE,FALSE,"{""coordinates"": [[-79.41827773810715, 43.79094119902542]], ""type"": ""MultiPoint""}"
16125,2017:7001733942,2017-09-24T12:55:00,DUFFERIN ST,HOPEWELL AVE,1 m South of,2,Non-Fatal Injury,At Intersection,Stop Sign,Cyclist Collision (internal code),Clear,Daylight,Dry,Major Arterial,FALSE,-79.45126793,43.69862126,1,Bicycle,South,2,31,Major,No Equipment Available,,,,,Going Ahead,,"Cyclist without right-of-way rides into path of driver (at intersection, laneway, or driveway)",Failed to Yield Right of Way,Normal,cyclist,,Eglinton-Lawrence (8),13 Division,Briar Hill-Belgravia,FALSE,FALSE,TRUE,FALSE,FALSE,FALSE,FALSE,FALSE,FALSE,FALSE,"{""coordinates"": [[-79.45126792731935, 43.69862126472138]], ""type"": ""MultiPoint""}"
16126,2017:7001742051,2017-09-25T16:52:00,EGLINTON AVE W,CHILTERN HILL RD,10 m West of,2,Non-Fatal Injury,Intersection-Related,Stop Sign,Pedestrian Collision (internal code),Clear,Daylight,Dry,Major Arterial,FALSE,-79.42772288,43.70045623,1,Automobile or Station Wagon,North,2,26,None,Lap and Shoulder Belt,Driving properly,Normal,,,Turning Left,,,,,driver,,Toronto-St. Paul's (12),13 Division,Humewood-Cedarvale,FALSE,FALSE,FALSE,FALSE,FALSE,FALSE,TRUE,FALSE,FALSE,FALSE,"{""coordinates"": [[-79.42772288132745, 43.70045623188128]], ""type"": ""MultiPoint""}"
16127,2017:7001744141,2017-09-25T23:30:00,4673 JANE ST,,6 m North of,2,Non-Fatal Injury,Non-Intersection,No Control,Pedestrian Collision (internal code),Clear,Dark with Artificial Lighting,Dry,Major Arterial,FALSE,-79.52064192,43.77004832,1,,East,2,25,Major,No Equipment Available,,,Crossing - no traffic control,Had Been Drinking,,Driver hits pedestrian at midblock,,,,pedestrian,,Humber River-Black Creek (7),31 Division,Black Creek,FALSE,FALSE,FALSE,FALSE,FALSE,FALSE,TRUE,FALSE,FALSE,FALSE,"{""coordinates"": [[-79.52064192176482, 43.770048323249746]], ""type"": ""MultiPoint""}"
16133,2006:919331,2006-06-30T12:08:00,SENLAC RD,BURNETT AVE,,3,Non-Fatal Injury,,No Control,Pedestrian Collision (internal code),Clear,Daylight,Dry,Minor Arterial,FALSE,-79.42519078,43.76524421,1,,,1,,None,Other Safety Equipment Used,,,,,,,,,,owner,,Willowdale (18),32 Division,Lansing-Westgate,TRUE,FALSE,FALSE,FALSE,FALSE,FALSE,TRUE,FALSE,TRUE,FALSE,"{""coordinates"": [[-79.42519077826671, 43.76524421058653]], ""type"": ""MultiPoint""}"
16134,2017:7001781044,2017-10-01T16:15:00,DAVENPORT RD,DOVERCOURT ROAD,,2,Non-Fatal Injury,At Intersection,No Control,Cyclist Collision (internal code),Clear,Daylight,Dry,Minor Arterial,FALSE,-79.43461294,43.67428725,2,Bicycle,East,2,48,Major,Helmet,,,,,Going Ahead,,Driver turns left into path of cyclist,Driving Properly,Normal,cyclist,,Davenport (9),13 Division,Wychwood,FALSE,FALSE,TRUE,FALSE,FALSE,FALSE,FALSE,FALSE,FALSE,FALSE,"{""coordinates"": [[-79.43461293743933, 43.67428725021983]], ""type"": ""MultiPoint""}"
16135,2017:7001781629,2017-10-01T18:15:00,BLOOR ST W,SPADINA AVE,,4,Non-Fatal Injury,At Intersection,Traffic Signal,Cyclist Collision (internal code),Clear,Daylight,Dry,Major Arterial,FALSE,-79.40382789,43.66658221,2,,,4,22,None,Lap and Shoulder Belt,,,,,,,,,,passenger,,University-Rosedale (11),14 Division,University,FALSE,TRUE,TRUE,FALSE,FALSE,FALSE,FALSE,FALSE,FALSE,TRUE,"{""coordinates"": [[-79.40382789142765, 43.666582208399475]], ""type"": ""MultiPoint""}"
16136,2017:7001781629,2017-10-01T18:15:00,BLOOR ST W,SPADINA AVE,,4,Non-Fatal Injury,At Intersection,Traffic Signal,Cyclist Collision (internal code),Clear,Daylight,Dry,Major Arterial,FALSE,-79.40382789,43.66658221,1,Bicycle,East,1,24,Major,No Equipment Available,,,,,Overtaking,,Driver turns right on green or amber at signalized intersection and hits cyclist,Failed to Yield Right of Way,Inattentive,cyclist,,University-Rosedale (11),14 Division,University,FALSE,TRUE,TRUE,FALSE,FALSE,FALSE,FALSE,FALSE,FALSE,TRUE,"{""coordinates"": [[-79.40382789142765, 43.666582208399475]], ""type"": ""MultiPoint""}"
16137,2017:7001784038,2017-10-02T06:45:00,WHITMORE AVE,DUFFERIN ST,,2,Non-Fatal Injury,At Intersection,Traffic Signal,Pedestrian Collision (internal code),Clear,Daylight,Dry,Major Arterial,FALSE,-79.45109993,43.69784326,1,Automobile or Station Wagon,North,1,39,None,Lap and Shoulder Belt,Driving properly,Normal,,,Going Ahead,,,,,driver,,Eglinton-Lawrence (8),13 Division,Briar Hill-Belgravia,FALSE,TRUE,FALSE,FALSE,FALSE,FALSE,TRUE,FALSE,FALSE,FALSE,"{""coordinates"": [[-79.45109992834264, 43.6978432647867]], ""type"": ""MultiPoint""}"
16138,2017:7001788556,2017-10-02T19:25:00,STEELES AVE E,LAURELEAF RD S,,3,Non-Fatal Injury,At Intersection,Traffic Signal,Pedestrian Collision (internal code),Clear,Dark with Artificial Lighting,Dry,Major Arterial,FALSE,-79.38574567,43.80549816,1,,,2,95,None,Lap and Shoulder Belt,,,,,,,,,,passenger,,Don Valley North (17),33 Division,Bayview Woods-Steeles,FALSE,TRUE,FALSE,FALSE,FALSE,TRUE,TRUE,FALSE,FALSE,FALSE,"{""coordinates"": [[-79.38574567034293, 43.80549815961601]], ""type"": ""MultiPoint""}"
16139,2017:7001788556,2017-10-02T19:25:00,STEELES AVE E,LAURELEAF RD S,,3,Non-Fatal Injury,At Intersection,Traffic Signal,Pedestrian Collision (internal code),Clear,Dark with Artificial Lighting,Dry,Major Arterial,FALSE,-79.38574567,43.80549816,1,,North,3,55,Major,Use Unknown,,,Crossing without right-of-way (intersection),Inattentive,,Driver going straight hits pedestrian crossing without right-of-way (at intersection),,,,pedestrian,,Don Valley North (17),33 Division,Bayview Woods-Steeles,FALSE,TRUE,FALSE,FALSE,FALSE,TRUE,TRUE,FALSE,FALSE,FALSE,"{""coordinates"": [[-79.38574567034293, 43.80549815961601]], ""type"": ""MultiPoint""}"
16140,2017:7001798069,2017-10-04T08:30:00,KENNEDY RD,FOXRIDGE DR,,2,Non-Fatal Injury,At Intersection,No Control,Cyclist Collision (internal code),Clear,Daylight,Dry,Major Arterial,FALSE,-79.26444656,43.72408401,2,Bicycle,South,2,31,Major,Helmet,,,,,Going Ahead,,Driver turns left into path of cyclist,Driving Properly,Normal,cyclist,,Scarborough Southwest (20),41 Division,Kennedy Park,TRUE,TRUE,TRUE,FALSE,FALSE,TRUE,FALSE,FALSE,FALSE,FALSE,"{""coordinates"": [[-79.26444655563684, 43.724084010264065]], ""type"": ""MultiPoint""}"
16141,2017:7001799357,2017-10-04T11:47:00,BLOOR ST W,SPADINA RD,,3,Non-Fatal Injury,At Intersection,Traffic Signal,Cyclist Collision (internal code),Clear,Daylight,Dry,Major Arterial,FALSE,-79.40382789,43.66658221,3,Bicycle,West,2,52,Major,Helmet,,,,,Going Ahead,,Sideswipe with cyclist and driver travelling in same direction,Driving Properly,Normal,cyclist,,University-Rosedale (11),14 Division,University,FALSE,FALSE,TRUE,FALSE,FALSE,FALSE,FALSE,FALSE,FALSE,FALSE,"{""coordinates"": [[-79.40382789142765, 43.666582208399475]], ""type"": ""MultiPoint""}"
16142,2017:7001799357,2017-10-04T11:47:00,BLOOR ST W,SPADINA RD,,3,Non-Fatal Injury,At Intersection,Traffic Signal,Cyclist Collision (internal code),Clear,Daylight,Dry,Major Arterial,FALSE,-79.40382789,43.66658221,1,Bicycle,West,3,25,None,Helmet,,,,,Overtaking,,Sideswipe with cyclist and driver travelling in same direction,Improper Passing,Other Condition,cyclist,,University-Rosedale (11),14 Division,University,FALSE,FALSE,TRUE,FALSE,FALSE,FALSE,FALSE,FALSE,FALSE,FALSE,"{""coordinates"": [[-79.40382789142765, 43.666582208399475]], ""type"": ""MultiPoint""}"
16145,2017:7001806475,2017-10-05T13:10:00,WARDEN AVE,CIVIC RD,37 m South of,3,Non-Fatal Injury,Non-Intersection,No Control,Pedestrian Collision (internal code),Clear,Daylight,Dry,Major Arterial,FALSE,-79.28707459,43.72647204,1,,South,2,65,Minor,Use Unknown,,,On sidewalk or shoulder,Normal,,Driver hits pedestrian on sidewalk or shoulder,,,,pedestrian,,Scarborough Southwest (20),41 Division,Clairlea-Birchmount,FALSE,FALSE,FALSE,FALSE,FALSE,TRUE,TRUE,FALSE,FALSE,FALSE,"{""coordinates"": [[-79.28707459235501, 43.72647203991595]], ""type"": ""MultiPoint""}"
16146,2017:7001806475,2017-10-05T13:10:00,WARDEN AVE,CIVIC RD,37 m South of,3,Non-Fatal Injury,Non-Intersection,No Control,Pedestrian Collision (internal code),Clear,Daylight,Dry,Major Arterial,FALSE,-79.28707459,43.72647204,1,Automobile or Station Wagon,East,3,65,None,Lap and Shoulder Belt,Lost control,Unknown,,,Turning Right,,,,,driver,,Scarborough Southwest (20),41 Division,Clairlea-Birchmount,FALSE,FALSE,FALSE,FALSE,FALSE,TRUE,TRUE,FALSE,FALSE,FALSE,"{""coordinates"": [[-79.28707459235501, 43.72647203991595]], ""type"": ""MultiPoint""}"
16147,2017:7001814947,2017-10-06T18:25:00,SHEPPARD AVE E,PROVOST DR,,6,Non-Fatal Injury,At Intersection,Traffic Signal,Pedestrian Collision (internal code),Clear,Daylight,Dry,Major Arterial,FALSE,-79.37122768,43.77028414,1,Automobile or Station Wagon,West,3,30,Minimal,Lap and Shoulder Belt,Failed to yield right-of-way,Normal,,,Turning Left,,,,,driver,,Don Valley North (17),33 Division,Bayview Village,TRUE,FALSE,FALSE,FALSE,FALSE,TRUE,TRUE,TRUE,FALSE,FALSE,"{""coordinates"": [[-79.37122768359454, 43.770284144291985]], ""type"": ""MultiPoint""}"
16148,2017:7001814947,2017-10-06T18:25:00,SHEPPARD AVE E,PROVOST DR,,6,Non-Fatal Injury,At Intersection,Traffic Signal,Pedestrian Collision (internal code),Clear,Daylight,Dry,Major Arterial,FALSE,-79.37122768,43.77028414,3,,,5,76,Minimal,Lap and Shoulder Belt,,,,,,,,,,passenger,,Don Valley North (17),33 Division,Bayview Village,TRUE,FALSE,FALSE,FALSE,FALSE,TRUE,TRUE,TRUE,FALSE,FALSE,"{""coordinates"": [[-79.37122768359454, 43.770284144291985]], ""type"": ""MultiPoint""}"
16149,2017:7001814947,2017-10-06T18:25:00,SHEPPARD AVE E,PROVOST DR,,6,Non-Fatal Injury,At Intersection,Traffic Signal,Pedestrian Collision (internal code),Clear,Daylight,Dry,Major Arterial,FALSE,-79.37122768,43.77028414,2,Automobile or Station Wagon,East,2,20,Minimal,Lap and Shoulder Belt,Disobeyed traffic control,Normal,,,Going Ahead,,,,,driver,,Don Valley North (17),33 Division,Bayview Village,TRUE,FALSE,FALSE,FALSE,FALSE,TRUE,TRUE,TRUE,FALSE,FALSE,"{""coordinates"": [[-79.37122768359454, 43.770284144291985]], ""type"": ""MultiPoint""}"
16150,2017:7001814947,2017-10-06T18:25:00,SHEPPARD AVE E,PROVOST DR,,6,Non-Fatal Injury,At Intersection,Traffic Signal,Pedestrian Collision (internal code),Clear,Daylight,Dry,Major Arterial,FALSE,-79.37122768,43.77028414,3,Automobile or Station Wagon,North,6,34,Minimal,Lap and Shoulder Belt,Driving properly,Normal,,,Stopped,,,,,driver,,Don Valley North (17),33 Division,Bayview Village,TRUE,FALSE,FALSE,FALSE,FALSE,TRUE,TRUE,TRUE,FALSE,FALSE,"{""coordinates"": [[-79.37122768359454, 43.770284144291985]], ""type"": ""MultiPoint""}"
16151,2017:7001838870,2017-10-10T21:00:00,3358 MCCOWAN RD,,,2,Non-Fatal Injury,At/Near Private Drive,Traffic Signal,Pedestrian Collision (internal code),Clear,Dark with Artificial Lighting,Dry,Major Arterial,FALSE,-79.27508948,43.82501003,1,,East,2,67,Major,Use Unknown,,,Crossing without right-of-way (intersection),Normal,,Driver going straight hits pedestrian crossing without right-of-way (at intersection),,,,pedestrian,,Scarborough North (23),42 Division,Milliken,FALSE,FALSE,FALSE,FALSE,FALSE,TRUE,TRUE,FALSE,FALSE,FALSE,"{""coordinates"": [[-79.27508947855334, 43.82501003383754]], ""type"": ""MultiPoint""}"
16152,2017:7001845018,2017-10-11T19:28:00,OLD PARK RD,WEMBLEY RD,4 m West of,2,Non-Fatal Injury,At Intersection,Stop Sign,Pedestrian Collision (internal code),Rain,Dark with Artificial Lighting,Wet,Collector,FALSE,-79.43133189,43.70061324,1,Automobile or Station Wagon,North,2,56,None,Use Unknown,Failed to yield right-of-way,Normal,,,Turning Left,,,,,driver,,Eglinton-Lawrence (8),13 Division,Forest Hill North,TRUE,FALSE,FALSE,FALSE,FALSE,TRUE,TRUE,FALSE,FALSE,FALSE,"{""coordinates"": [[-79.43133188763618, 43.700613236755764]], ""type"": ""MultiPoint""}"
16153,2017:7001879752,2017-10-17T11:43:00,COXWELL AVE,MORTIMER AVE,,2,Non-Fatal Injury,At Intersection,Traffic Signal,Pedestrian Collision (internal code),Clear,Daylight,Dry,Minor Arterial,FALSE,-79.32653471,43.69051509,1,,North,2,89,Major,Use Unknown,,,Crossing with right-of-way (intersection),Normal,,Driver turns left into pedestrian crossing with right-of-way (at intersection),,,,pedestrian,,Beaches-East York (19),55 Division,Danforth East York,TRUE,FALSE,FALSE,FALSE,FALSE,TRUE,TRUE,FALSE,FALSE,FALSE,"{""coordinates"": [[-79.32653471081296, 43.69051509463938]], ""type"": ""MultiPoint""}"
16155,2017:7001903704,2017-10-20T23:18:00,KIPLING AVE,NORTH QUEEN ST,,2,Non-Fatal Injury,At Intersection,Traffic Signal,Pedestrian Collision (internal code),Clear,Dusk with Artificial Lighting,Dry,Major Arterial,FALSE,-79.52850819,43.6251354,1,,West,1,47,Major,No Equipment Available,,,Crossing with right-of-way (intersection),Normal,,Driver turns left into pedestrian crossing with right-of-way (at intersection),,,,pedestrian,,Etobicoke-Lakeshore (3),22 Division,Etobicoke City Centre,TRUE,TRUE,FALSE,FALSE,FALSE,FALSE,TRUE,FALSE,FALSE,FALSE,"{""coordinates"": [[-79.52850818900825, 43.62513540341904]], ""type"": ""MultiPoint""}"
16156,2017:7001903339,2017-10-21T22:00:00,45 CUMMER AVE,,,2,Non-Fatal Injury,Non-Intersection,No Control,Cyclist Collision (internal code),Clear,Dark with Artificial Lighting,Dry,Minor Arterial,TRUE,-79.41556174,43.7873282,1,Automobile or Station Wagon,East,2,,None,Use Unknown,Lost control,Unknown,,,Going Ahead,,,,,driver,,Willowdale (18),32 Division,Newtonbrook East,FALSE,FALSE,TRUE,FALSE,FALSE,FALSE,FALSE,FALSE,FALSE,FALSE,"{""coordinates"": [[-79.41556173774963, 43.787328196234625]], ""type"": ""MultiPoint""}"
16157,2017:7001909817,2017-10-22T00:14:00,MARKHAM RD,PANDORA CRCL,100 m North of,2,Non-Fatal Injury,At Intersection,Traffic Signal,Pedestrian Collision (internal code),Clear,Dusk with Artificial Lighting,Dry,Major Arterial,FALSE,-79.22978546,43.77116898,1,,West,1,37,Major,Use Unknown,,,Crossing without right-of-way (intersection),Had Been Drinking,,Driver going straight hits pedestrian crossing without right-of-way (at intersection),,,,pedestrian,,Scarborough-Guildwood (24),43 Division,Woburn North,FALSE,FALSE,FALSE,FALSE,FALSE,FALSE,TRUE,FALSE,FALSE,FALSE,"{""coordinates"": [[-79.22978545526821, 43.771168976820206]], ""type"": ""MultiPoint""}"
16158,2017:7001914819,2017-10-22T20:07:00,KING ST W,NIAGARA ST,33 m West of,2,Non-Fatal Injury,Non-Intersection,No Control,Pedestrian Collision (internal code),Clear,Dark with Artificial Lighting,Dry,Major Arterial,FALSE,-79.40819194,43.64273222,1,,North,2,29,Major,Use Unknown,,,Crossing - no traffic control,Had Been Drinking,,Transit vehicle driver hits pedestrian anywhere along roadway,,,,pedestrian,,Spadina-Fort York (10),14 Division,West Queen West,FALSE,FALSE,FALSE,FALSE,FALSE,FALSE,TRUE,FALSE,FALSE,TRUE,"{""coordinates"": [[-79.40819193778178, 43.64273222137693]], ""type"": ""MultiPoint""}"
16159,2017:7001917146,2017-10-23T08:33:00,ELLESMERE RD,PHARMACY AVE,,4,Non-Fatal Injury,At Intersection,Traffic Signal,Pedestrian Collision (internal code),Clear,Daylight,Dry,Major Arterial,FALSE,-79.31015359,43.75895807,2,Automobile or Station Wagon,East,3,28,None,Lap and Shoulder Belt,Exceeding speed limit,Normal,,,Going Ahead,,,,,driver,,Scarborough Centre (21),41 Division,Wexford/Maryvale,TRUE,FALSE,FALSE,FALSE,FALSE,TRUE,TRUE,FALSE,FALSE,FALSE,"{""coordinates"": [[-79.31015359325741, 43.75895806933763]], ""type"": ""MultiPoint""}"
16160,2017:7001917146,2017-10-23T08:33:00,ELLESMERE RD,PHARMACY AVE,,4,Non-Fatal Injury,At Intersection,Traffic Signal,Pedestrian Collision (internal code),Clear,Daylight,Dry,Major Arterial,FALSE,-79.31015359,43.75895807,3,Automobile or Station Wagon,West,2,71,None,Lap and Shoulder Belt,Driving properly,Normal,,,Turning Left,,,,,driver,,Scarborough Centre (21),41 Division,Wexford/Maryvale,TRUE,FALSE,FALSE,FALSE,FALSE,TRUE,TRUE,FALSE,FALSE,FALSE,"{""coordinates"": [[-79.31015359325741, 43.75895806933763]], ""type"": ""MultiPoint""}"
16161,2017:7001941212,2017-10-26T19:04:00,HENDON AVE,ELDORA AVE,,2,Non-Fatal Injury,At Intersection,No Control,Pedestrian Collision (internal code),Clear,Dark with Artificial Lighting,Dry,Collector,FALSE,-79.41998675,43.7806532,1,,North,2,68,Major,Use Unknown,,,Crossing without right-of-way (intersection),Normal,,Driver going straight hits pedestrian crossing without right-of-way (at intersection),,,,pedestrian,,Willowdale (18),32 Division,Newtonbrook West,FALSE,FALSE,FALSE,FALSE,FALSE,TRUE,TRUE,FALSE,FALSE,FALSE,"{""coordinates"": [[-79.41998675238075, 43.780653202313665]], ""type"": ""MultiPoint""}"
16162,2017:7001954444,2017-10-27T20:31:00,FINCH AVE W,KIPLING AVE,,2,Non-Fatal Injury,At Intersection,Traffic Signal,Cyclist Collision (internal code),Clear,Dark,Dry,Major Arterial,FALSE,-79.58207404,43.7431924,1,Automobile or Station Wagon,South,2,45,Major,Lap and Shoulder Belt,Driving properly,Normal,,,Going Ahead,,,,,driver,,Etobicoke North (1),23 Division,Thistletown-Beaumond Heights,FALSE,FALSE,TRUE,FALSE,FALSE,FALSE,FALSE,FALSE,FALSE,FALSE,"{""coordinates"": [[-79.58207403724836, 43.74319240086348]], ""type"": ""MultiPoint""}"
16163,2017:7001964937,2017-10-30T14:23:00,KENNEDY RD,ELLESMERE RD,378 m South of,2,Non-Fatal Injury,At/Near Private Drive,No Control,Pedestrian Collision (internal code),Clear,Daylight,Dry,Major Arterial,FALSE,-79.27997154,43.76265103,1,Automobile or Station Wagon,East,1,59,None,Use Unknown,Failed to yield right-of-way,Normal,,,Turning Left,,,,,driver,,Scarborough Centre (21),41 Division,Dorset Park,TRUE,FALSE,FALSE,FALSE,FALSE,FALSE,TRUE,FALSE,FALSE,FALSE,"{""coordinates"": [[-79.27997153968117, 43.76265103246721]], ""type"": ""MultiPoint""}"
16164,2017:7001980351,2017-11-01T19:03:00,KEELE ST,WILSON AVE,60 m South of,2,Non-Fatal Injury,Non-Intersection,Traffic Controller,Pedestrian Collision (internal code),Clear,Daylight with Artificial Lighting,Wet,Major Arterial,FALSE,-79.48186893,43.72593829,1,,West,1,47,Major,Use Unknown,,,Running onto roadway,Normal,,Driver hits pedestrian at midblock,,,,pedestrian,,York Centre (6),31 Division,Downsview,FALSE,FALSE,FALSE,FALSE,FALSE,FALSE,TRUE,FALSE,FALSE,FALSE,"{""coordinates"": [[-79.48186893420795, 43.725938294302104]], ""type"": ""MultiPoint""}"
16165,2017:7001983803,2017-11-02T10:47:00,DUFFERIN ST,ALMA AVE,10 m North of,2,Non-Fatal Injury,At Intersection,No Control,Pedestrian Collision (internal code),Clear,Daylight,Wet,Minor Arterial,FALSE,-79.42950898,43.64462425,1,Truck - Car Carrier,South,2,56,None,Lap and Shoulder Belt,Driving properly,Normal,,,Going Ahead,,,,,driver,,Davenport (9),14 Division,Little Portugal,FALSE,TRUE,FALSE,FALSE,FALSE,FALSE,TRUE,FALSE,FALSE,TRUE,"{""coordinates"": [[-79.42950897677089, 43.644624252714905]], ""type"": ""MultiPoint""}"
16166,2017:7001988112,2017-11-02T22:15:00,1172 QUEEN ST W,,75 m East of,2,Non-Fatal Injury,Non-Intersection,No Control,Pedestrian Collision (internal code),Rain,Dark,Wet,Major Arterial,FALSE,-79.42544997,43.64280125,1,,South,1,31,Major,Use Unknown,,,Crossing - no traffic control,Had Been Drinking,,Driver hits pedestrian at midblock,,,,pedestrian,,Davenport (9),14 Division,Little Portugal,FALSE,FALSE,FALSE,FALSE,FALSE,FALSE,TRUE,FALSE,FALSE,TRUE,"{""coordinates"": [[-79.42544997176303, 43.642801247230395]], ""type"": ""MultiPoint""}"
16167,2017:7001989464,2017-11-03T06:49:00,DUFFERIN ST,STEELES AVE W,1 m West of,2,Non-Fatal Injury,At Intersection,Traffic Signal,Pedestrian Collision (internal code),Rain,Dark with Artificial Lighting,Wet,Major Arterial,FALSE,-79.47004283,43.78721026,1,Pickup Truck,South,2,36,None,Lap and Shoulder Belt,Failed to yield right-of-way,Normal,,,Turning Right,,,,,driver,,York Centre (6),32 Division,Bathurst Manor,TRUE,FALSE,FALSE,FALSE,FALSE,FALSE,TRUE,FALSE,FALSE,FALSE,"{""coordinates"": [[-79.47004282599681, 43.78721026097073]], ""type"": ""MultiPoint""}"
16168,2017:7001989594,2017-11-03T07:25:00,FINCH AVENUE W,ALBION ROAD,,2,Non-Fatal Injury,Non-Intersection,No Control,Pedestrian Collision (internal code),Clear,Dawn with Artificial Lighting,Wet,Major Arterial,TRUE,-79.58919905,43.74109041,1,Pickup Truck,North,2,47,None,Lap and Shoulder Belt,Other,Unknown,,,Going Ahead,,,,,driver,,Etobicoke North (1),23 Division,Mount Olive-Silverstone-Jamestown,FALSE,FALSE,FALSE,FALSE,FALSE,FALSE,TRUE,FALSE,FALSE,FALSE,"{""coordinates"": [[-79.58919905015688, 43.74109041005549]], ""type"": ""MultiPoint""}"
16169,2017:7001991111,2017-11-03T12:02:00,PROGRESS AVE,MIDLAND AVE,,2,Non-Fatal Injury,At Intersection,Traffic Signal,Pedestrian Collision (internal code),Clear,Daylight,Dry,Major Arterial,FALSE,-79.27294552,43.77289403,1,,South,1,34,Major,Use Unknown,,,Running onto roadway,Medical or Physical Disability,,Driver going straight hits pedestrian crossing without right-of-way (at intersection),,,,pedestrian,,Scarborough Centre (21),41 Division,Bendale-Glen Andrew,FALSE,FALSE,FALSE,FALSE,FALSE,FALSE,TRUE,FALSE,FALSE,FALSE,"{""coordinates"": [[-79.27294551932997, 43.77289402508003]], ""type"": ""MultiPoint""}"
16170,2017:7002024168,2017-11-08T16:04:00,OAK ST,WESTON RD,,2,Non-Fatal Injury,At Intersection,Traffic Signal,Pedestrian Collision (internal code),Clear,Daylight,Dry,Major Arterial,FALSE,-79.53358104,43.70771237,1,,Unknown,1,16,Major,Use Unknown,,,Crossing with right-of-way (intersection),Normal,,Driver turns right into pedestrian crossing with right-of-way (at intersection),,,,pedestrian,,York South-Weston (5),12 Division,Weston,TRUE,TRUE,FALSE,FALSE,FALSE,FALSE,TRUE,FALSE,TRUE,FALSE,"{""coordinates"": [[-79.53358104227185, 43.70771236576969]], ""type"": ""MultiPoint""}"
16171,2017:7002025111,2017-11-08T18:38:00,TRETHEWEY DR,IRVING RD,20 m North of,2,Non-Fatal Injury,Non-Intersection,No Control,Cyclist Collision (internal code),Clear,Dark with Artificial Lighting,Dry,Minor Arterial,FALSE,-79.47725299,43.6923233,2,Bicycle,West,1,58,Major,No Equipment Available,,,,,Going Ahead,,Rear end with cyclist and driver travelling in same direction,Driving Properly,Normal,cyclist,,York South-Weston (5),12 Division,Beechborough-Greenbrook,TRUE,TRUE,TRUE,FALSE,FALSE,FALSE,FALSE,FALSE,FALSE,FALSE,"{""coordinates"": [[-79.47725298595257, 43.692323303079895]], ""type"": ""MultiPoint""}"