_id,collision_id,accdate,stname1,stname2,stname3,per_inv,acclass,accloc,traffictl,impactype,visible,light,rdsfcond,road_class,failtorem,longitude,latitude,veh_no,vehtype,initdir,per_no,invage,injury,safequip,drivact,drivcond,pedact,pedcond,manoeuvre,pedtype,cyclistype,cycact,cyccond,road_user,fatal_no,wardname,division,neighbourhood,aggressive,distracted,cyclist,motorcyclist,other_micromobility,older_adult,pedestrian,red_light,school_child,heavy_truck,geometry
16172,2017:7002034653,2017-11-10T09:00:00,YONGE ST,CHURCH AVE,,6,Non-Fatal Injury,At Intersection,Traffic Signal,Pedestrian Collision (internal code),Clear,Daylight,Wet,Major Arterial,FALSE,-79.41398975,43.7737062,2,,,5,35,None,Use Unknown,,,,,,,,,,passenger,,Willowdale (18),32 Division,Yonge-Doris,FALSE,TRUE,FALSE,FALSE,FALSE,TRUE,TRUE,FALSE,FALSE,FALSE,"{""coordinates"": [[-79.4139897503104, 43.773706195911004]], ""type"": ""MultiPoint""}"
16173,2010:1158316,2010-03-19T04:02:00,DON VALLEY PARKWAY N,LEASIDE BDGE,,4,Non-Fatal Injury,,No Control,Pedestrian Collision (internal code),Clear,Dark,Dry,Major Arterial,FALSE,-79.34969074,43.69804413,1,,,4,41,None,Other Safety Equipment Used,,,,,,,,,,passenger,,Toronto-Danforth (14),55 Division,Old East York,FALSE,FALSE,FALSE,FALSE,FALSE,FALSE,TRUE,FALSE,FALSE,FALSE,"{""coordinates"": [[-79.34969074276552, 43.69804412570233]], ""type"": ""MultiPoint""}"
16174,2017:7002034653,2017-11-10T09:00:00,YONGE ST,CHURCH AVE,,6,Non-Fatal Injury,At Intersection,Traffic Signal,Pedestrian Collision (internal code),Clear,Daylight,Wet,Major Arterial,FALSE,-79.41398975,43.7737062,3,Automobile or Station Wagon,West,3,49,None,Use Unknown,Driving properly,Normal,,,Stopped,,,,,driver,,Willowdale (18),32 Division,Yonge-Doris,FALSE,TRUE,FALSE,FALSE,FALSE,TRUE,TRUE,FALSE,FALSE,FALSE,"{""coordinates"": [[-79.4139897503104, 43.773706195911004]], ""type"": ""MultiPoint""}"
16175,2017:7002034653,2017-11-10T09:00:00,YONGE ST,CHURCH AVE,,6,Non-Fatal Injury,At Intersection,Traffic Signal,Pedestrian Collision (internal code),Clear,Daylight,Wet,Major Arterial,FALSE,-79.41398975,43.7737062,2,Automobile or Station Wagon,North,2,36,None,Use Unknown,Driving properly,Normal,,,Going Ahead,,,,,driver,,Willowdale (18),32 Division,Yonge-Doris,FALSE,TRUE,FALSE,FALSE,FALSE,TRUE,TRUE,FALSE,FALSE,FALSE,"{""coordinates"": [[-79.4139897503104, 43.773706195911004]], ""type"": ""MultiPoint""}"
16176,2017:7002034653,2017-11-10T09:00:00,YONGE ST,CHURCH AVE,,6,Non-Fatal Injury,At Intersection,Traffic Signal,Pedestrian Collision (internal code),Clear,Daylight,Wet,Major Arterial,FALSE,-79.41398975,43.7737062,3,,,6,49,None,Use Unknown,,,,,,,,,,passenger,,Willowdale (18),32 Division,Yonge-Doris,FALSE,TRUE,FALSE,FALSE,FALSE,TRUE,TRUE,FALSE,FALSE,FALSE,"{""coordinates"": [[-79.4139897503104, 43.773706195911004]], ""type"": ""MultiPoint""}"
16177,2017:7002038270,2017-11-10T18:50:00,O CONNOR DR,PAPE AVE,,2,Non-Fatal Injury,At Intersection,Traffic Signal,Pedestrian Collision (internal code),Clear,Dark with Artificial Lighting,Dry,Major Arterial,TRUE,-79.35025375,43.69317013,1,Automobile or Station Wagon,West,2,,None,Use Unknown,Failed to yield right-of-way,Unknown,,,Turning Left,,,,,driver,,Toronto-Danforth (14),55 Division,Old East York,TRUE,FALSE,FALSE,FALSE,FALSE,FALSE,TRUE,FALSE,FALSE,FALSE,"{""coordinates"": [[-79.3502537508017, 43.693170127182036]], ""type"": ""MultiPoint""}"
16179,2017:7002045766,2017-11-12T01:38:00,BROCK AVE,SEAFORTH AVE,21 m North of,2,Non-Fatal Injury,At Intersection,No Control,Pedestrian Collision (internal code),Clear,Dark with Artificial Lighting,Dry,Collector,FALSE,-79.43317799,43.64362926,1,Automobile or Station Wagon,South,2,27,None,Lap and Shoulder Belt,Other,Had Been Drinking,,,Going Ahead,,,,,driver,,Parkdale-High Park (4),11 Division,Roncesvalles,FALSE,FALSE,FALSE,FALSE,FALSE,TRUE,TRUE,FALSE,FALSE,FALSE,"{""coordinates"": [[-79.43317798565339, 43.64362925853616]], ""type"": ""MultiPoint""}"
16180,2017:7003011875,2017-11-15T21:00:00,MURRAY ROSS PKWY,SENTINEL RD,,2,Non-Fatal Injury,At Intersection,Traffic Signal,Pedestrian Collision (internal code),Clear,Dark with Artificial Lighting,Dry,Minor Arterial,TRUE,-79.5012859,43.7647423,1,Automobile or Station Wagon,North,2,,None,Use Unknown,Failed to yield right-of-way,Unknown,,,Turning Left,,,,,driver,,Humber River-Black Creek (7),31 Division,York University Heights,TRUE,FALSE,FALSE,FALSE,FALSE,FALSE,TRUE,FALSE,TRUE,FALSE,"{""coordinates"": [[-79.50128590455438, 43.7647423037232]], ""type"": ""MultiPoint""}"
16181,2017:7003008719,2017-11-16T11:20:00,FINCH AVE E,RAVEL RD,,3,Non-Fatal Injury,At Intersection,No Control,Pedestrian Collision (internal code),Clear,Daylight,Dry,Major Arterial,FALSE,-79.36529965,43.79026914,1,,North,2,81,Major,Use Unknown,,,Crossing - no traffic control,Normal,,Driver going straight hits pedestrian crossing without right-of-way (at intersection),,,,pedestrian,,Don Valley North (17),33 Division,Don Valley Village,FALSE,FALSE,FALSE,FALSE,FALSE,TRUE,TRUE,FALSE,FALSE,FALSE,"{""coordinates"": [[-79.36529965347428, 43.790269136439576]], ""type"": ""MultiPoint""}"
16182,2017:7003008719,2017-11-16T11:20:00,FINCH AVE E,RAVEL RD,,3,Non-Fatal Injury,At Intersection,No Control,Pedestrian Collision (internal code),Clear,Daylight,Dry,Major Arterial,FALSE,-79.36529965,43.79026914,1,Automobile or Station Wagon,West,3,70,None,Lap and Shoulder Belt,Driving properly,Normal,,,Going Ahead,,,,,driver,,Don Valley North (17),33 Division,Don Valley Village,FALSE,FALSE,FALSE,FALSE,FALSE,TRUE,TRUE,FALSE,FALSE,FALSE,"{""coordinates"": [[-79.36529965347428, 43.790269136439576]], ""type"": ""MultiPoint""}"
16183,2017:7003043829,2017-11-21T23:19:00,LAKE SHORE BLVD W,LOWER SIMCOE ST,,3,Non-Fatal Injury,At Intersection,Traffic Signal,Pedestrian Collision (internal code),Clear,Dark with Artificial Lighting,Dry,Expressway,FALSE,-79.38315189,43.64025718,1,Automobile or Station Wagon,North,1,56,None,Lap and Shoulder Belt,Failed to yield right-of-way,Normal,,,Turning Left,,,,,driver,,Spadina-Fort York (10),52 Division,Harbourfront-CityPlace,TRUE,FALSE,FALSE,FALSE,FALSE,FALSE,TRUE,FALSE,FALSE,FALSE,"{""coordinates"": [[-79.38315189209128, 43.64025718438232]], ""type"": ""MultiPoint""}"
16184,2017:7003055739,2017-11-23T16:30:00,MILNER AVE,EXECUTIVE CRT,18 m East of,2,Non-Fatal Injury,Intersection-Related,No Control,Pedestrian Collision (internal code),Clear,Dusk,Dry,Minor Arterial,FALSE,-79.24213746,43.78663399,1,Automobile or Station Wagon,East,2,57,None,Lap and Shoulder Belt,Driving properly,Normal,,,Going Ahead,,,,,driver,,Scarborough North (23),42 Division,Agincourt South-Malvern West,FALSE,TRUE,FALSE,FALSE,FALSE,FALSE,TRUE,FALSE,FALSE,FALSE,"{""coordinates"": [[-79.24213746000667, 43.786633991781336]], ""type"": ""MultiPoint""}"
16185,2017:7003056643,2017-11-23T18:56:00,KINGSTON RD,BALSAM AVE,,2,Non-Fatal Injury,At Intersection,No Control,Cyclist Collision (internal code),Clear,Dark,Dry,Major Arterial,FALSE,-79.28916565,43.68029204,2,Bicycle,East,1,56,Major,Helmet,,,,,Going Ahead,,Driver turns left into path of cyclist,Driving Properly,Normal,cyclist,,Beaches-East York (19),55 Division,The Beaches,FALSE,TRUE,TRUE,FALSE,FALSE,FALSE,FALSE,FALSE,TRUE,FALSE,"{""coordinates"": [[-79.28916565481359, 43.68029204279454]], ""type"": ""MultiPoint""}"
16186,2017:7003059433,2017-11-24T08:40:00,VEROBEACH BLVD,INDRIO RD,,3,Non-Fatal Injury,At Intersection,Stop Sign,Pedestrian Collision (internal code),Clear,Daylight,Dry,Local,FALSE,-79.542118,43.73777936,1,,North,2,84,Major,No Equipment Available,,,Crossing with right-of-way (intersection),Normal,,Driver turns left into pedestrian crossing with right-of-way (at intersection),,,,pedestrian,,Humber River-Black Creek (7),31 Division,Humbermede,TRUE,TRUE,FALSE,FALSE,FALSE,TRUE,TRUE,FALSE,FALSE,FALSE,"{""coordinates"": [[-79.54211799715877, 43.73777935930849]], ""type"": ""MultiPoint""}"
16187,2017:7003059433,2017-11-24T08:40:00,VEROBEACH BLVD,INDRIO RD,,3,Non-Fatal Injury,At Intersection,Stop Sign,Pedestrian Collision (internal code),Clear,Daylight,Dry,Local,FALSE,-79.542118,43.73777936,1,,North,3,78,Major,No Equipment Available,,,Crossing with right-of-way (intersection),Normal,,Driver turns left into pedestrian crossing with right-of-way (at intersection),,,,pedestrian,,Humber River-Black Creek (7),31 Division,Humbermede,TRUE,TRUE,FALSE,FALSE,FALSE,TRUE,TRUE,FALSE,FALSE,FALSE,"{""coordinates"": [[-79.54211799715877, 43.73777935930849]], ""type"": ""MultiPoint""}"
16189,2017:7003071478,2017-11-25T23:51:00,DUNDAS ST W,THE EAST MALL,,2,Non-Fatal Injury,Non-Intersection,No Control,Cyclist Collision (internal code),Clear,Dark with Artificial Lighting,Dry,Major Arterial,FALSE,-79.55357821,43.62927843,1,Bicycle,West,1,37,None,Lap and Shoulder Belt,,,,,Changing Lanes,,"Cyclist without right-of-way rides into path of driver (at intersection, laneway, or driveway)",Improper Lane Change,Normal,cyclist,,Etobicoke-Lakeshore (3),22 Division,Etobicoke City Centre,FALSE,FALSE,TRUE,FALSE,FALSE,FALSE,FALSE,FALSE,FALSE,FALSE,"{""coordinates"": [[-79.55357821420854, 43.62927843251685]], ""type"": ""MultiPoint""}"
16191,2017:7003088501,2017-11-28T14:31:00,KIPLING AVE,BIRMINGHAM ST,,2,Non-Fatal Injury,At Intersection,Traffic Signal,Pedestrian Collision (internal code),Clear,Daylight,Dry,Major Arterial,FALSE,-79.51797922,43.6006104,1,,East,2,31,Major,Use Unknown,,,Crossing with right-of-way (intersection),Normal,,Driver turns left into pedestrian crossing with right-of-way (at intersection),,,,pedestrian,,Etobicoke-Lakeshore (3),22 Division,New Toronto,TRUE,FALSE,FALSE,FALSE,FALSE,FALSE,TRUE,FALSE,FALSE,FALSE,"{""coordinates"": [[-79.51797922054577, 43.600610402848524]], ""type"": ""MultiPoint""}"
16192,2017:7003103184,2017-11-30T17:09:00,WARDEN AVE,BAMBURGH CRCL,,2,Non-Fatal Injury,At Intersection,Traffic Signal,Cyclist Collision (internal code),Rain,Dusk,Wet,Major Arterial,FALSE,-79.32337557,43.81156309,2,Bicycle,South,1,60,Major,Lap and Shoulder Belt,,,,,Going Ahead,,Driver turns left into path of cyclist,Disobeyed Traffic Control,Inattentive,cyclist,,Scarborough-Agincourt (22),42 Division,Steeles,FALSE,TRUE,TRUE,FALSE,FALSE,FALSE,FALSE,FALSE,FALSE,FALSE,"{""coordinates"": [[-79.32337556589061, 43.81156308765134]], ""type"": ""MultiPoint""}"
16193,2017:7003103720,2017-11-30T18:25:00,LAWRENCE AVE W,GLENMOUNT AVE,,2,Non-Fatal Injury,At Intersection,Traffic Signal,Pedestrian Collision (internal code),Clear,Dark with Artificial Lighting,Dry,Major Arterial,FALSE,-79.43293386,43.71842023,1,Automobile or Station Wagon,North,1,72,None,Lap and Shoulder Belt,Failed to yield right-of-way,Inattentive,,,Turning Left,,,,,driver,,Eglinton-Lawrence (8),13 Division,Englemount-Lawrence,TRUE,TRUE,FALSE,FALSE,FALSE,TRUE,TRUE,FALSE,FALSE,FALSE,"{""coordinates"": [[-79.43293386098318, 43.71842023293337]], ""type"": ""MultiPoint""}"
16196,2017:7003136062,2017-12-05T12:32:00,SHEPPARD AVE E,LESLIE ST,31 m East of,6,Non-Fatal Injury,At Intersection,Traffic Signal,Pedestrian Collision (internal code),Clear,Daylight,Dry,Major Arterial,FALSE,-79.36409367,43.77157014,2,,,6,51,None,Lap and Shoulder Belt,,,,,,,,,,passenger,,Don Valley North (17),33 Division,Bayview Village,TRUE,TRUE,FALSE,FALSE,FALSE,FALSE,TRUE,FALSE,TRUE,TRUE,"{""coordinates"": [[-79.36409367052504, 43.771570135576894]], ""type"": ""MultiPoint""}"
16197,2017:7003136062,2017-12-05T12:32:00,SHEPPARD AVE E,LESLIE ST,31 m East of,6,Non-Fatal Injury,At Intersection,Traffic Signal,Pedestrian Collision (internal code),Clear,Daylight,Dry,Major Arterial,FALSE,-79.36409367,43.77157014,1,,Unknown,5,56,Major,Use Unknown,,,On sidewalk or shoulder,Normal,,Driver hits pedestrian on sidewalk or shoulder,,,,pedestrian,,Don Valley North (17),33 Division,Bayview Village,TRUE,TRUE,FALSE,FALSE,FALSE,FALSE,TRUE,FALSE,TRUE,TRUE,"{""coordinates"": [[-79.36409367052504, 43.771570135576894]], ""type"": ""MultiPoint""}"
16198,2017:7003136062,2017-12-05T12:32:00,SHEPPARD AVE E,LESLIE ST,31 m East of,6,Non-Fatal Injury,At Intersection,Traffic Signal,Pedestrian Collision (internal code),Clear,Daylight,Dry,Major Arterial,FALSE,-79.36409367,43.77157014,2,Passenger Van,West,3,50,None,Lap and Shoulder Belt,Driving properly,Normal,,,Stopped,,,,,driver,,Don Valley North (17),33 Division,Bayview Village,TRUE,TRUE,FALSE,FALSE,FALSE,FALSE,TRUE,FALSE,TRUE,TRUE,"{""coordinates"": [[-79.36409367052504, 43.771570135576894]], ""type"": ""MultiPoint""}"
16199,2017:7003136062,2017-12-05T12:32:00,SHEPPARD AVE E,LESLIE ST,31 m East of,6,Non-Fatal Injury,At Intersection,Traffic Signal,Pedestrian Collision (internal code),Clear,Daylight,Dry,Major Arterial,FALSE,-79.36409367,43.77157014,3,Delivery Van,West,2,37,Minor,Lap and Shoulder Belt,Driving properly,Normal,,,Stopped,,,,,driver,,Don Valley North (17),33 Division,Bayview Village,TRUE,TRUE,FALSE,FALSE,FALSE,FALSE,TRUE,FALSE,TRUE,TRUE,"{""coordinates"": [[-79.36409367052504, 43.771570135576894]], ""type"": ""MultiPoint""}"
16200,2017:7003148024,2017-12-07T07:00:00,WESTON RD,TORYORK DR,,2,Non-Fatal Injury,At Intersection,Traffic Signal,Pedestrian Collision (internal code),Clear,Dawn,Dry,Major Arterial,TRUE,-79.54266797,43.75326335,1,,East,2,19,Major,Use Unknown,,,Crossing with right-of-way (intersection),Normal,,Driver going straight hits pedestrian crossing with right-of-way (at intersection),,,,pedestrian,,Humber River-Black Creek (7),31 Division,Humber Summit,TRUE,FALSE,FALSE,FALSE,FALSE,FALSE,TRUE,FALSE,TRUE,FALSE,"{""coordinates"": [[-79.54266797084958, 43.75326335226397]], ""type"": ""MultiPoint""}"
16201,2017:7003147948,2017-12-07T07:05:00,PARLIAMENT ST,HOWARD ST,37 m South of,2,Non-Fatal Injury,Non-Intersection,No Control,Pedestrian Collision (internal code),Clear,Dark with Artificial Lighting,Dry,Minor Arterial,FALSE,-79.37065482,43.67087716,1,Automobile or Station Wagon,North,2,51,None,Lap and Shoulder Belt,Driving properly,Normal,,,Going Ahead,,,,,driver,,Toronto Centre (13),51 Division,Cabbagetown-South St.James Town,FALSE,TRUE,FALSE,FALSE,FALSE,FALSE,TRUE,FALSE,FALSE,FALSE,"{""coordinates"": [[-79.37065482161158, 43.6708771596735]], ""type"": ""MultiPoint""}"
16202,2017:7003173302,2017-12-11T08:54:00,4975 DUNDAS ST W,,92 m East of,2,Non-Fatal Injury,At/Near Private Drive,No Control,Pedestrian Collision (internal code),Clear,Daylight,Dry,Major Arterial,FALSE,-79.52973615,43.64754639,1,Automobile or Station Wagon,North,2,39,None,Lap and Shoulder Belt,Driving properly,Normal,,,Turning Left,,,,,driver,,Etobicoke-Lakeshore (3),22 Division,Etobicoke City Centre,FALSE,FALSE,FALSE,FALSE,FALSE,TRUE,TRUE,FALSE,FALSE,FALSE,"{""coordinates"": [[-79.52973614903172, 43.6475463931163]], ""type"": ""MultiPoint""}"
16203,2017:7003197919,2017-12-14T23:07:00,ST CLAIR AVE W,MONDOVI GT,41 m West of,2,Non-Fatal Injury,Non-Intersection,No Control,Pedestrian Collision (internal code),Clear,Dark with Artificial Lighting,Wet,Major Arterial,TRUE,-79.47567402,43.67065631,1,,South,1,16,Major,No Equipment Available,,,Crossing - no traffic control,Inattentive,,Driver hits pedestrian at midblock,,,,pedestrian,,York South-Weston (5),11 Division,Junction Area,FALSE,TRUE,FALSE,FALSE,FALSE,FALSE,TRUE,FALSE,TRUE,FALSE,"{""coordinates"": [[-79.47567402151576, 43.67065631035831]], ""type"": ""MultiPoint""}"
16204,2017:7003199347,2017-12-15T07:57:00,BAMBURGH CRCL,FUNDY BAY BLVD,50 m East of,2,Non-Fatal Injury,Non-Intersection,No Control,Cyclist Collision (internal code),Clear,Daylight,Wet,Collector,FALSE,-79.32134656,43.81271109,2,Bicycle,North,2,67,Major,No Equipment Available,,,,,Going Ahead,,Sideswipe with cyclist and driver travelling in same direction,Driving Properly,Unknown,cyclist,,Scarborough-Agincourt (22),42 Division,Steeles,FALSE,FALSE,TRUE,FALSE,FALSE,TRUE,FALSE,FALSE,FALSE,FALSE,"{""coordinates"": [[-79.32134656162623, 43.81271108537045]], ""type"": ""MultiPoint""}"
16206,2017:7003202275,2017-12-15T16:05:00,COSBURN AVE,LOGAN AVE,8 m East of,2,Non-Fatal Injury,At Intersection,Pedestrian Crossover,Pedestrian Collision (internal code),Snow,Dusk with Artificial Lighting,Loose Snow,Minor Arterial,FALSE,-79.35327576,43.68847813,1,Automobile or Station Wagon,West,2,49,None,Lap and Shoulder Belt,Lost control,Normal,,,Slowing or Stopping,,,,,driver,,Toronto-Danforth (14),55 Division,Broadview North,FALSE,FALSE,FALSE,FALSE,FALSE,FALSE,TRUE,FALSE,FALSE,FALSE,"{""coordinates"": [[-79.35327576314566, 43.68847813207323]], ""type"": ""MultiPoint""}"
16207,2006:923965,2006-08-12T09:58:00,100 UNWIN AVE,,,3,Non-Fatal Injury,,Stop Sign,Cyclist Collision (internal code),Clear,Daylight,Dry,Collector,FALSE,-79.34669082,43.63904413,1,Truck - Open (Flatbed),West,2,49,None,Lap and Shoulder Belt,Improper turn,Normal,,,Turning Right,,,,,driver,,Toronto-Danforth (14),51 Division,South Riverdale,FALSE,FALSE,TRUE,FALSE,FALSE,FALSE,FALSE,FALSE,FALSE,TRUE,"{""coordinates"": [[-79.34669082154932, 43.63904412967142]], ""type"": ""MultiPoint""}"
16208,2017:7003203834,2017-12-15T20:05:00,ADELAIDE ST W,YORK ST,,2,Non-Fatal Injury,At Intersection,Traffic Signal,Pedestrian Collision (internal code),Clear,Dark with Artificial Lighting,Wet,Major Arterial,FALSE,-79.38406788,43.64911418,1,Automobile or Station Wagon,East,2,40,None,Lap and Shoulder Belt,Driving properly,Normal,,,Turning Left,,,,,driver,,Spadina-Fort York (10),52 Division,Yonge-Bay Corridor,FALSE,FALSE,FALSE,FALSE,FALSE,FALSE,TRUE,FALSE,FALSE,FALSE,"{""coordinates"": [[-79.38406788036586, 43.64911418377831]], ""type"": ""MultiPoint""}"
16210,2017:7003223464,2017-12-18T21:51:00,FINCH AVE W,SIGNET DR,,2,Non-Fatal Injury,At Intersection,Traffic Signal,Pedestrian Collision (internal code),Clear,Dark with Artificial Lighting,Dry,Major Arterial,FALSE,-79.53622096,43.75321735,1,Automobile or Station Wagon,South,2,72,None,Use Unknown,Disobeyed traffic control,Inattentive,,,Going Ahead,,,,,driver,,Humber River-Black Creek (7),31 Division,Humbermede,TRUE,TRUE,FALSE,FALSE,FALSE,TRUE,TRUE,TRUE,FALSE,FALSE,"{""coordinates"": [[-79.53622096285183, 43.75321734517763]], ""type"": ""MultiPoint""}"
16211,2017:7003224827,2017-12-19T06:03:00,COXWELL AVE,QUEEN ST E,,2,Non-Fatal Injury,At Intersection,Traffic Signal,Pedestrian Collision (internal code),Clear,Dark,Wet,Minor Arterial,FALSE,-79.31656273,43.66628408,1,,South,1,70,Major,Use Unknown,,,Crossing with right-of-way (intersection),Normal,,Driver turns left into pedestrian crossing with right-of-way (at intersection),,,,pedestrian,,Beaches-East York (19),55 Division,Greenwood-Coxwell,TRUE,TRUE,FALSE,FALSE,FALSE,TRUE,TRUE,FALSE,FALSE,TRUE,"{""coordinates"": [[-79.31656272503632, 43.666284082417654]], ""type"": ""MultiPoint""}"
16215,2017:7003278373,2017-12-28T11:38:00,DUNDAS ST W,CORDOVA AVE,,2,Non-Fatal Injury,At Intersection,Traffic Signal,Pedestrian Collision (internal code),Clear,Daylight,Wet,Major Arterial,FALSE,-79.52870615,43.64869839,1,,Unknown,1,,Major,Use Unknown,,,Crossing with right-of-way (intersection),Normal,,Driver turns left into pedestrian crossing with right-of-way (at intersection),,,,pedestrian,,Etobicoke-Lakeshore (3),22 Division,Etobicoke City Centre,TRUE,FALSE,FALSE,FALSE,FALSE,TRUE,TRUE,FALSE,FALSE,FALSE,"{""coordinates"": [[-79.52870614555262, 43.64869839124603]], ""type"": ""MultiPoint""}"
16216,2017:7003279287,2017-12-28T14:18:00,KING ST W,COWAN AVE,4 m East of,2,Non-Fatal Injury,At Intersection,No Control,Pedestrian Collision (internal code),Clear,Daylight,Dry,Major Arterial,FALSE,-79.43182799,43.63794926,1,,North,1,26,Major,No Equipment Available,,,Running onto roadway,Had Been Drinking,,Transit vehicle driver hits pedestrian anywhere along roadway,,,,pedestrian,,Parkdale-High Park (4),14 Division,South Parkdale,FALSE,FALSE,FALSE,FALSE,FALSE,FALSE,TRUE,FALSE,FALSE,TRUE,"{""coordinates"": [[-79.43182799240422, 43.637949258416924]], ""type"": ""MultiPoint""}"
16217,2017:7003291964,2017-12-30T17:45:00,3825 SHEPPARD AVE E,,140 m East of,3,Non-Fatal Injury,Non-Intersection,No Control,Pedestrian Collision (internal code),Clear,Daylight with Artificial Lighting,Wet,Major Arterial,FALSE,-79.29175154,43.78240705,1,Automobile or Station Wagon,East,3,73,None,Lap and Shoulder Belt,Driving properly,Normal,,,Going Ahead,,,,,driver,,Scarborough-Agincourt (22),42 Division,Tam O'Shanter-Sullivan,FALSE,FALSE,FALSE,FALSE,FALSE,TRUE,TRUE,FALSE,FALSE,FALSE,"{""coordinates"": [[-79.29175154186588, 43.782407048730036]], ""type"": ""MultiPoint""}"
16218,2017:7003291964,2017-12-30T17:45:00,3825 SHEPPARD AVE E,,140 m East of,3,Non-Fatal Injury,Non-Intersection,No Control,Pedestrian Collision (internal code),Clear,Daylight with Artificial Lighting,Wet,Major Arterial,FALSE,-79.29175154,43.78240705,1,,South,2,,Major,Use Unknown,,,Crossing - no traffic control,Normal,,Driver hits pedestrian at midblock,,,,pedestrian,,Scarborough-Agincourt (22),42 Division,Tam O'Shanter-Sullivan,FALSE,FALSE,FALSE,FALSE,FALSE,TRUE,TRUE,FALSE,FALSE,FALSE,"{""coordinates"": [[-79.29175154186588, 43.782407048730036]], ""type"": ""MultiPoint""}"
16221,2018:8000027630,2018-01-05T14:12:00,AVENUE RD,DUNBLAINE AVE,,3,Non-Fatal Injury,At Intersection,Traffic Controller,Pedestrian Collision (internal code),Clear,Daylight,Dry,Major Arterial,FALSE,-79.42006364,43.73584972,1,,East,3,28,Minimal,Use Unknown,,,Crossing with right-of-way (intersection),Normal,,Driver turns left into pedestrian crossing with right-of-way (at intersection),,,,pedestrian,,Eglinton-Lawrence (8),32 Division,Bedford Park-Nortown,TRUE,FALSE,FALSE,FALSE,FALSE,FALSE,TRUE,FALSE,FALSE,FALSE,"{""coordinates"": [[-79.42006363694372, 43.735849722040946]], ""type"": ""MultiPoint""}"
16222,2018:8000027630,2018-01-05T14:12:00,AVENUE RD,DUNBLAINE AVE,,3,Non-Fatal Injury,At Intersection,Traffic Controller,Pedestrian Collision (internal code),Clear,Daylight,Dry,Major Arterial,FALSE,-79.42006364,43.73584972,1,,East,2,30,Major,Use Unknown,,,Crossing with right-of-way (intersection),Normal,,Driver turns left into pedestrian crossing with right-of-way (at intersection),,,,pedestrian,,Eglinton-Lawrence (8),32 Division,Bedford Park-Nortown,TRUE,FALSE,FALSE,FALSE,FALSE,FALSE,TRUE,FALSE,FALSE,FALSE,"{""coordinates"": [[-79.42006363694372, 43.735849722040946]], ""type"": ""MultiPoint""}"
16225,2018:8000063695,2018-01-11T09:23:00,YONGE ST,RANLEIGH AVE,,2,Non-Fatal Injury,At Intersection,Traffic Signal,Pedestrian Collision (internal code),Clear,Daylight,Wet,Major Arterial,FALSE,-79.40290511,43.72776254,1,Pickup Truck,West,2,52,None,Use Unknown,Improper turn,Fatigue/Fell Asleep,,,Turning Left,,,,,driver,,Don Valley West (15),32 Division,Lawrence Park North,FALSE,TRUE,FALSE,FALSE,FALSE,TRUE,TRUE,FALSE,FALSE,FALSE,"{""coordinates"": [[-79.4029051118236, 43.727762543992924]], ""type"": ""MultiPoint""}"
16226,2018:8000066808,2018-01-11T17:27:00,YONGE ST,EGLINTON AVE E,,2,Non-Fatal Injury,At Intersection,Traffic Signal,Pedestrian Collision (internal code),Rain,Dark with Artificial Lighting,Wet,Major Arterial,FALSE,-79.3983275,43.70665964,1,,North,1,62,Major,Use Unknown,,,Crossing without right-of-way (intersection),Inattentive,,Transit vehicle driver hits pedestrian anywhere along roadway,,,,pedestrian,,Toronto-St. Paul's (12),53 Division,South Eglinton-Davisville,FALSE,TRUE,FALSE,FALSE,FALSE,FALSE,TRUE,FALSE,FALSE,TRUE,"{""coordinates"": [[-79.39832750020247, 43.706659638157696]], ""type"": ""MultiPoint""}"
16227,2018:8000066887,2018-01-11T17:40:00,BRIDLETOWNE CRCL,FINCH AVE E,,2,Non-Fatal Injury,At Intersection,Traffic Signal,Pedestrian Collision (internal code),Clear,Dark with Artificial Lighting,Dry,Major Arterial,TRUE,-79.31927147,43.79577849,1,Automobile or Station Wagon,South,2,,None,Use Unknown,Failed to yield right-of-way,Unknown,,,Turning Right,,,,,driver,,Scarborough-Agincourt (22),42 Division,L'Amoreaux West,TRUE,FALSE,FALSE,FALSE,FALSE,TRUE,TRUE,FALSE,FALSE,FALSE,"{""coordinates"": [[-79.31927147015534, 43.795778487739135]], ""type"": ""MultiPoint""}"