_id,collision_id,accdate,stname1,stname2,stname3,per_inv,acclass,accloc,traffictl,impactype,visible,light,rdsfcond,road_class,failtorem,longitude,latitude,veh_no,vehtype,initdir,per_no,invage,injury,safequip,drivact,drivcond,pedact,pedcond,manoeuvre,pedtype,cyclistype,cycact,cyccond,road_user,fatal_no,wardname,division,neighbourhood,aggressive,distracted,cyclist,motorcyclist,other_micromobility,older_adult,pedestrian,red_light,school_child,heavy_truck,geometry
16585,2019:9000700060,2019-04-18T11:45:00,VICTORIA ST,LOMBARD ST,,2,Non-Fatal Injury,At Intersection,Stop Sign,Pedestrian Collision (internal code),Clear,Daylight,Dry,Collector,TRUE,-79.37745352,43.65123588,1,,Unknown,2,45,Major,No Equipment Available,,,Other,Normal,,Driver reversing hits pedestrian,,,,pedestrian,,Toronto Centre (13),51 Division,Downtown Yonge East,FALSE,FALSE,FALSE,FALSE,FALSE,FALSE,TRUE,FALSE,FALSE,FALSE,"{""coordinates"": [[-79.37745352290644, 43.651235884916986]], ""type"": ""MultiPoint""}"
16586,2019:9000709404,2019-04-19T21:45:00,LAKE SHORE BLVD W,JAMESON AVE,,2,Non-Fatal Injury,At Intersection,Traffic Signal,Pedestrian Collision (internal code),Rain,Dark with Artificial Lighting,Wet,Major Arterial,FALSE,-79.43452154,43.63326875,1,,North,1,26,Major,No Equipment Available,,,Crossing with right-of-way (intersection),Normal,,Driver going straight hits pedestrian crossing with right-of-way (at intersection),,,,pedestrian,,Parkdale-High Park (4),14 Division,South Parkdale,TRUE,FALSE,FALSE,FALSE,FALSE,FALSE,TRUE,TRUE,FALSE,FALSE,"{""coordinates"": [[-79.43452153535209, 43.633268751382026]], ""type"": ""MultiPoint""}"
16587,2019:9000731621,2019-04-23T16:32:00,COMRIE TER,BRIMLEY RD,200 m East of,2,Non-Fatal Injury,Non-Intersection,No Control,Pedestrian Collision (internal code),Clear,Daylight,Dry,Collector,FALSE,-79.24181017,43.7275182,1,Automobile or Station Wagon,East,1,21,None,Lap and Shoulder Belt,Driving properly,Unknown,,,Going Ahead,,,,,driver,,Scarborough Southwest (20),43 Division,Cliffcrest,FALSE,FALSE,FALSE,FALSE,FALSE,FALSE,TRUE,FALSE,TRUE,FALSE,"{""coordinates"": [[-79.24181016742398, 43.727518195407704]], ""type"": ""MultiPoint""}"
16588,2019:9000736096,2019-04-24T10:05:00,UNIVERSITY AVE,DUNDAS ST W,,2,Non-Fatal Injury,At Intersection,Traffic Signal,Pedestrian Collision (internal code),Clear,Daylight,Dry,Major Arterial,FALSE,-79.38827202,43.65471872,1,Automobile or Station Wagon,South,1,64,None,Lap and Shoulder Belt,Improper turn,Unknown,,,Turning Right,,,,,driver,,Spadina-Fort York (10),52 Division,Yonge-Bay Corridor,FALSE,FALSE,FALSE,FALSE,FALSE,FALSE,TRUE,FALSE,FALSE,FALSE,"{""coordinates"": [[-79.38827202006715, 43.65471871871]], ""type"": ""MultiPoint""}"
16589,2019:9000775776,2019-04-30T07:25:00,STAINES RD,SOLSTICE DR,10 m South of,2,Non-Fatal Injury,Intersection-Related,No Control,Pedestrian Collision (internal code),Clear,Daylight,Dry,Local,FALSE,-79.23148749,43.83657277,1,,Unknown,2,17,Major,Use Unknown,,,Running onto roadway,Inattentive,,Transit vehicle driver hits pedestrian anywhere along roadway,,,,pedestrian,,Scarborough North (23),42 Division,Morningside Heights,FALSE,TRUE,FALSE,FALSE,FALSE,FALSE,TRUE,FALSE,TRUE,TRUE,"{""coordinates"": [[-79.23148748976261, 43.83657276864977]], ""type"": ""MultiPoint""}"
16590,2019:9000786500,2019-05-01T16:34:00,FAIRFAX CRES,WARDEN AVE,,2,Non-Fatal Injury,At Intersection,Traffic Signal,Pedestrian Collision (internal code),Rain,Daylight,Wet,Major Arterial,FALSE,-79.28273432,43.71610849,1,,West,2,17,Major,No Equipment Available,,,Crossing with right-of-way (intersection),Normal,,Driver turns left into pedestrian crossing with right-of-way (at intersection),,,,pedestrian,,Scarborough Southwest (20),41 Division,Clairlea-Birchmount,TRUE,FALSE,FALSE,FALSE,FALSE,FALSE,TRUE,FALSE,TRUE,FALSE,"{""coordinates"": [[-79.28273432337541, 43.7161084872321]], ""type"": ""MultiPoint""}"
16591,2019:9000794310,2019-05-02T17:08:00,MARKHAM RD,STEELES AVE E,,2,Non-Fatal Injury,At Intersection,Traffic Signal,Pedestrian Collision (internal code),Clear,Daylight,Dry,Major Arterial,FALSE,-79.25114846,43.83652701,1,,Unknown,2,47,Major,No Equipment Available,,,Crossing with right-of-way (intersection),Normal,,Driver turns left into pedestrian crossing with right-of-way (at intersection),,,,pedestrian,,Scarborough North (23),42 Division,Morningside Heights,TRUE,FALSE,FALSE,FALSE,FALSE,FALSE,TRUE,FALSE,FALSE,FALSE,"{""coordinates"": [[-79.25114846444053, 43.83652701042508]], ""type"": ""MultiPoint""}"
16592,2025:5002283769,2025-10-31T01:15:00,ONTARIO ST,QUEEN ST E,,2,Non-Fatal Injury,T Intersection,Pedestrian Crossover,SMV Other,Rain,Dark,Wet,Major Arterial,FALSE,-79.36713234,43.65502336,1,Automobile or Station Wagon,East,1,0,None,Use Unknown,Unknown,Unknown,,,Going Ahead,,,,,driver,,Toronto Centre (13),51 Division,Moss Park,FALSE,FALSE,FALSE,FALSE,FALSE,FALSE,TRUE,FALSE,FALSE,FALSE,"{""coordinates"": [[-79.36713233843483, 43.655023357547364]], ""type"": ""MultiPoint""}"
16593,2019:9000794551,2019-05-02T17:55:00,THE QUEENSWAY,LADY BANK RD,,2,Non-Fatal Injury,At Intersection,Traffic Signal,Pedestrian Collision (internal code),Clear,Daylight,Dry,Major Arterial,FALSE,-79.51164725,43.62427,1,Automobile or Station Wagon,North,1,35,None,Lap and Shoulder Belt,Improper turn,Normal,,,Turning Left,,,,,driver,,Etobicoke-Lakeshore (3),22 Division,Stonegate-Queensway,FALSE,FALSE,FALSE,FALSE,FALSE,FALSE,TRUE,FALSE,TRUE,FALSE,"{""coordinates"": [[-79.51164724755425, 43.62426999923754]], ""type"": ""MultiPoint""}"
16594,2019:9000820433,2019-05-06T13:20:00,DUNDAS ST W,EUCLID AVE,,3,Non-Fatal Injury,At Intersection,Stop Sign,Cyclist Collision (internal code),Clear,Daylight,Dry,Major Arterial,FALSE,-79.40968015,43.65148007,1,,,3,63,None,Lap and Shoulder Belt,,,,,,,,,,passenger,,Spadina-Fort York (10),14 Division,Trinity-Bellwoods,TRUE,FALSE,TRUE,FALSE,FALSE,TRUE,FALSE,FALSE,FALSE,FALSE,"{""coordinates"": [[-79.40968014794414, 43.651480073229244]], ""type"": ""MultiPoint""}"
16595,2019:9000820433,2019-05-06T13:20:00,DUNDAS ST W,EUCLID AVE,,3,Non-Fatal Injury,At Intersection,Stop Sign,Cyclist Collision (internal code),Clear,Daylight,Dry,Major Arterial,FALSE,-79.40968015,43.65148007,2,Bicycle,East,2,68,Major,Lap and Shoulder Belt,,,,,Going Ahead,,"Driver without right-of-way drives into path of cyclist (at intersection, laneway, or driveway)",Driving Properly,Normal,cyclist,,Spadina-Fort York (10),14 Division,Trinity-Bellwoods,TRUE,FALSE,TRUE,FALSE,FALSE,TRUE,FALSE,FALSE,FALSE,FALSE,"{""coordinates"": [[-79.40968014794414, 43.651480073229244]], ""type"": ""MultiPoint""}"
16596,2019:9000865737,2019-05-12T20:45:00,LAKE SHORE BLVD W,KIPLING AVE,,2,Non-Fatal Injury,At Intersection,Traffic Signal,Pedestrian Collision (internal code),Rain,Dark with Artificial Lighting,Wet,Major Arterial,FALSE,-79.51691159,43.59812408,1,,North,2,19,Major,Use Unknown,,,Person getting on/off vehicle,Normal,,Other,,,,pedestrian,,Etobicoke-Lakeshore (3),22 Division,New Toronto,FALSE,FALSE,FALSE,FALSE,FALSE,FALSE,TRUE,FALSE,TRUE,FALSE,"{""coordinates"": [[-79.51691158502851, 43.598124084156446]], ""type"": ""MultiPoint""}"
16597,2019:9000885812,2019-05-15T15:59:00,91 ANNETTE ST,,40 m East of,2,Non-Fatal Injury,At/Near Private Drive,No Control,Cyclist Collision (internal code),Clear,Daylight,Dry,Minor Arterial,FALSE,-79.46281896,43.66340489,2,Bicycle,East,2,43,Major,Helmet,,,,,Going Ahead,,Driver turns left into path of cyclist,Driving Properly,Normal,cyclist,,Parkdale-High Park (4),11 Division,Junction Area,TRUE,TRUE,TRUE,FALSE,FALSE,FALSE,FALSE,FALSE,FALSE,FALSE,"{""coordinates"": [[-79.46281896381096, 43.6634048905693]], ""type"": ""MultiPoint""}"
16598,2019:9000912450,2019-05-19T11:54:00,KING ST W,JAMESON AVE,,3,Non-Fatal Injury,At Intersection,Traffic Signal,Pedestrian Collision (internal code),Clear,Daylight,Dry,Major Arterial,FALSE,-79.43599401,43.63710252,1,Automobile or Station Wagon,West,1,25,None,Use Unknown,Failed to yield right-of-way,Inattentive,,,Turning Left,,,,,driver,,Parkdale-High Park (4),14 Division,South Parkdale,TRUE,TRUE,FALSE,FALSE,FALSE,TRUE,TRUE,FALSE,FALSE,FALSE,"{""coordinates"": [[-79.4359940050011, 43.63710252310122]], ""type"": ""MultiPoint""}"
16599,2019:9000918002,2019-05-20T09:20:00,QUEENS QUAY W,YORK ST,10 m West of,2,Non-Fatal Injury,At Intersection,Traffic Signal,Pedestrian Collision (internal code),Clear,Daylight,Dry,Minor Arterial,FALSE,-79.38016198,43.63989098,1,,North,2,33,Major,Use Unknown,,,Crossing without right-of-way (intersection),Inattentive,,Transit vehicle driver hits pedestrian anywhere along roadway,,,,pedestrian,,Spadina-Fort York (10),52 Division,St Lawrence-East Bayfront-The Islands,FALSE,TRUE,FALSE,FALSE,FALSE,FALSE,TRUE,FALSE,FALSE,TRUE,"{""coordinates"": [[-79.3801619805206, 43.63989098176089]], ""type"": ""MultiPoint""}"
16600,2019:9000925412,2019-05-21T11:43:00,QUEEN ST W,SHAW ST,,2,Non-Fatal Injury,At Intersection,Traffic Signal,Pedestrian Collision (internal code),Clear,Daylight,Dry,Major Arterial,FALSE,-79.41626434,43.64465178,1,Automobile or Station Wagon,South,1,77,None,Use Unknown,Failed to yield right-of-way,Inattentive,,,Turning Left,,,,,driver,,Spadina-Fort York (10),14 Division,West Queen West,TRUE,TRUE,FALSE,FALSE,FALSE,TRUE,TRUE,FALSE,FALSE,FALSE,"{""coordinates"": [[-79.4162643393282, 43.6446517768068]], ""type"": ""MultiPoint""}"
16601,2019:9000933967,2019-05-22T14:39:00,RICHMOND ST W,AUGUSTA AVE,,2,Non-Fatal Injury,At Intersection,No Control,Pedestrian Collision (internal code),Clear,Daylight,Dry,Major Arterial,FALSE,-79.39934993,43.64726482,1,,North,2,48,Major,Use Unknown,,,Crossing - no traffic control,Inattentive,,Driver going straight hits pedestrian crossing without right-of-way (at intersection),,,,pedestrian,,Spadina-Fort York (10),14 Division,Wellington Place,FALSE,TRUE,FALSE,FALSE,FALSE,FALSE,TRUE,FALSE,FALSE,TRUE,"{""coordinates"": [[-79.39934993419752, 43.64726481854418]], ""type"": ""MultiPoint""}"
16602,2019:9000942318,2019-05-23T17:30:00,QUEEN ST E,CARROLL ST,,2,Non-Fatal Injury,At Intersection,Pedestrian Crossover,Pedestrian Collision (internal code),Clear,Daylight,Dry,Major Arterial,FALSE,-79.35220017,43.6582587,1,,South,2,71,Major,No Equipment Available,,,Crossing with right-of-way (intersection),Normal,,Driver hits pedestrian at PXO/pedestrian midblock signal,,,,pedestrian,,Toronto-Danforth (14),55 Division,South Riverdale,TRUE,TRUE,FALSE,FALSE,FALSE,TRUE,TRUE,FALSE,FALSE,FALSE,"{""coordinates"": [[-79.3522001675609, 43.65825870420109]], ""type"": ""MultiPoint""}"
16603,2019:9000946918,2019-05-24T11:00:00,KING ST E,BRIGHT ST,,2,Non-Fatal Injury,At Intersection,Stop Sign,Cyclist Collision (internal code),Clear,Daylight,Dry,Major Arterial,FALSE,-79.35890642,43.65518788,2,Bicycle,East,2,57,Major,Helmet,,,,,Going Ahead,,"Driver turns right at non-signalized intersection (e.g. stop, yield, no control, driveway) and hits cyclist",Driving Properly,Normal,cyclist,,Toronto Centre (13),51 Division,Moss Park,TRUE,FALSE,TRUE,FALSE,FALSE,FALSE,FALSE,FALSE,FALSE,FALSE,"{""coordinates"": [[-79.35890642281588, 43.655187883221785]], ""type"": ""MultiPoint""}"
16604,2019:9000969517,2019-05-26T09:10:00,SIMCOE ST,PEARL ST,,2,Non-Fatal Injury,At Intersection,No Control,Cyclist Collision (internal code),Clear,Daylight,Dry,Collector,FALSE,-79.38633416,43.64793619,1,Automobile or Station Wagon,South,1,,None,Use Unknown,Failed to yield right-of-way,Inattentive,,,Turning Right,,,,,driver,,Spadina-Fort York (10),52 Division,Yonge-Bay Corridor,TRUE,TRUE,TRUE,FALSE,FALSE,FALSE,FALSE,FALSE,FALSE,FALSE,"{""coordinates"": [[-79.38633416051229, 43.6479361857125]], ""type"": ""MultiPoint""}"
16605,2019:9000963732,2019-05-26T17:57:00,CARLTON ST,BERKELEY ST,1 m West of,3,Non-Fatal Injury,At Intersection,Stop Sign,Cyclist Collision (internal code),Clear,Daylight,Dry,Minor Arterial,TRUE,-79.36928241,43.66399222,3,Bicycle,East,3,31,Major,Helmet,,,,,Going Ahead,,Driver loses control and hits cyclist,Driving Properly,Normal,cyclist,,Toronto Centre (13),51 Division,Moss Park,TRUE,TRUE,TRUE,FALSE,FALSE,FALSE,FALSE,FALSE,FALSE,FALSE,"{""coordinates"": [[-79.36928240635628, 43.66399221811015]], ""type"": ""MultiPoint""}"
16606,2019:9000963732,2019-05-26T17:57:00,CARLTON ST,BERKELEY ST,1 m West of,3,Non-Fatal Injury,At Intersection,Stop Sign,Cyclist Collision (internal code),Clear,Daylight,Dry,Minor Arterial,TRUE,-79.36928241,43.66399222,2,Automobile or Station Wagon,West,2,63,None,Lap and Shoulder Belt,Driving properly,Normal,,,Going Ahead,,,,,driver,,Toronto Centre (13),51 Division,Moss Park,TRUE,TRUE,TRUE,FALSE,FALSE,FALSE,FALSE,FALSE,FALSE,FALSE,"{""coordinates"": [[-79.36928240635628, 43.66399221811015]], ""type"": ""MultiPoint""}"
16607,2019:9000964152,2019-05-26T19:14:00,NORTH QUEEN ST,INDEX RD,100 m West of,4,Non-Fatal Injury,At Intersection,Traffic Signal,Pedestrian Collision (internal code),Clear,Daylight,Dry,Minor Arterial,FALSE,-79.55370816,43.6194025,1,,,2,38,None,Use Unknown,,,,,,,,,,passenger,,Etobicoke-Lakeshore (3),22 Division,Etobicoke City Centre,TRUE,TRUE,FALSE,FALSE,FALSE,TRUE,TRUE,FALSE,TRUE,FALSE,"{""coordinates"": [[-79.55370816402335, 43.61940250087581]], ""type"": ""MultiPoint""}"
16608,2019:9000964152,2019-05-26T19:14:00,NORTH QUEEN ST,INDEX RD,100 m West of,4,Non-Fatal Injury,At Intersection,Traffic Signal,Pedestrian Collision (internal code),Clear,Daylight,Dry,Minor Arterial,FALSE,-79.55370816,43.6194025,1,,,3,6,None,Use Unknown,,,,,,,,,,passenger,,Etobicoke-Lakeshore (3),22 Division,Etobicoke City Centre,TRUE,TRUE,FALSE,FALSE,FALSE,TRUE,TRUE,FALSE,TRUE,FALSE,"{""coordinates"": [[-79.55370816402335, 43.61940250087581]], ""type"": ""MultiPoint""}"
16609,2019:9001006697,2019-06-01T15:15:00,BLOOR ST W,KEELE ST,,2,Non-Fatal Injury,At Intersection,Traffic Signal,Cyclist Collision (internal code),Clear,Daylight,Dry,Major Arterial,FALSE,-79.46000373,43.6546349,1,Automobile or Station Wagon,East,1,63,None,Lap and Shoulder Belt,Failed to yield right-of-way,Normal,,,Turning Left,,,,,driver,,Parkdale-High Park (4),11 Division,High Park-Swansea,TRUE,FALSE,TRUE,FALSE,FALSE,FALSE,FALSE,FALSE,FALSE,FALSE,"{""coordinates"": [[-79.46000372700776, 43.65463490099475]], ""type"": ""MultiPoint""}"
16610,2019:9001007644,2019-06-01T18:27:00,DUNDAS ST W,ANNETTE ST,,2,Non-Fatal Injury,At Intersection,Traffic Signal,Cyclist Collision (internal code),Clear,Daylight,Dry,Major Arterial,FALSE,-79.45873723,43.66441196,1,Bicycle,North,1,15,Major,Helmet,,,,,Turning Left,,Cyclist turns left into path of driver,Improper Turn,Normal,cyclist,,Parkdale-High Park (4),11 Division,Junction Area,FALSE,FALSE,TRUE,FALSE,FALSE,FALSE,FALSE,FALSE,TRUE,FALSE,"{""coordinates"": [[-79.45873722813225, 43.664411964345334]], ""type"": ""MultiPoint""}"
16611,2019:9001012160,2019-06-02T12:47:00,MCLEVIN AVE,HUPFIELD TRL,,2,Non-Fatal Injury,At Intersection,Traffic Signal,Pedestrian Collision (internal code),Clear,Daylight,Dry,Minor Arterial,FALSE,-79.21999,43.8102666,1,Pickup Truck,South,2,60,None,Lap and Shoulder Belt,Failed to yield right-of-way,Normal,,,Turning Left,,,,,driver,,Scarborough-Rouge Park (25),42 Division,Malvern East,TRUE,FALSE,FALSE,FALSE,FALSE,TRUE,TRUE,FALSE,FALSE,FALSE,"{""coordinates"": [[-79.21998999755807, 43.81026660051578]], ""type"": ""MultiPoint""}"
16612,2019:9001020471,2019-06-03T15:24:00,MIDLAND AVE,LOCKIE AVE,5 m  of,4,Non-Fatal Injury,Intersection-Related,Traffic Signal,Pedestrian Collision (internal code),Clear,Daylight,Dry,Major Arterial,FALSE,-79.28000292,43.78886239,1,Automobile or Station Wagon,South,1,64,None,Lap and Shoulder Belt,Driving properly,Normal,,,Going Ahead,,,,,driver,,Scarborough North (23),42 Division,Agincourt South-Malvern West,FALSE,FALSE,FALSE,FALSE,FALSE,FALSE,TRUE,FALSE,TRUE,FALSE,"{""coordinates"": [[-79.28000291951248, 43.788862394788936]], ""type"": ""MultiPoint""}"
16613,2019:9001020471,2019-06-03T15:24:00,MIDLAND AVE,LOCKIE AVE,5 m  of,4,Non-Fatal Injury,Intersection-Related,Traffic Signal,Pedestrian Collision (internal code),Clear,Daylight,Dry,Major Arterial,FALSE,-79.28000292,43.78886239,1,,West,4,13,Major,No Equipment Available,,,Running onto roadway,Normal,,Driver going straight hits pedestrian crossing without right-of-way (at intersection),,,,pedestrian,,Scarborough North (23),42 Division,Agincourt South-Malvern West,FALSE,FALSE,FALSE,FALSE,FALSE,FALSE,TRUE,FALSE,TRUE,FALSE,"{""coordinates"": [[-79.28000291951248, 43.788862394788936]], ""type"": ""MultiPoint""}"
16614,2019:9001020911,2019-06-03T16:24:00,STEELES AVE E,BESTVIEW DR,12 m West of,4,Non-Fatal Injury,Intersection-Related,No Control,Pedestrian Collision (internal code),Clear,Daylight,Dry,Major Arterial,FALSE,-79.38335085,43.80602102,1,Automobile or Station Wagon,West,1,45,None,Lap and Shoulder Belt,Driving properly,Normal,,,Going Ahead,,,,,driver,,Don Valley North (17),33 Division,Bayview Woods-Steeles,FALSE,FALSE,FALSE,FALSE,FALSE,FALSE,TRUE,FALSE,TRUE,FALSE,"{""coordinates"": [[-79.38335084670129, 43.80602102451146]], ""type"": ""MultiPoint""}"
16615,2019:9001020911,2019-06-03T16:24:00,STEELES AVE E,BESTVIEW DR,12 m West of,4,Non-Fatal Injury,Intersection-Related,No Control,Pedestrian Collision (internal code),Clear,Daylight,Dry,Major Arterial,FALSE,-79.38335085,43.80602102,1,,North,4,48,Major,No Equipment Available,,,Crossing - no traffic control,Normal,,Driver hits pedestrian at midblock,,,,pedestrian,,Don Valley North (17),33 Division,Bayview Woods-Steeles,FALSE,FALSE,FALSE,FALSE,FALSE,FALSE,TRUE,FALSE,TRUE,FALSE,"{""coordinates"": [[-79.38335084670129, 43.80602102451146]], ""type"": ""MultiPoint""}"
16616,2019:9001022166,2019-06-03T19:36:00,LAKE SHORE BLVD W,NEWFOUNDLAND RD,,2,Non-Fatal Injury,At Intersection,Traffic Signal,Cyclist Collision (internal code),Clear,Daylight,Dry,Major Arterial,FALSE,-79.41085511,43.63237989,2,Bicycle,East,2,29,Major,Lap and Shoulder Belt,,,,,Going Ahead,,Driver turns right on green or amber at signalized intersection and hits cyclist,Driving Properly,Normal,cyclist,,Spadina-Fort York (10),14 Division,Fort York-Liberty Village,TRUE,FALSE,TRUE,FALSE,FALSE,FALSE,FALSE,FALSE,FALSE,FALSE,"{""coordinates"": [[-79.41085510751725, 43.63237989113189]], ""type"": ""MultiPoint""}"
16617,2019:9001042474,2019-06-06T15:50:00,3 DREWRY AVE,,25 m West of YONGE ST,2,Non-Fatal Injury,At/Near Private Drive,No Control,Pedestrian Collision (internal code),Clear,Daylight,Dry,Minor Arterial,FALSE,-79.41732462,43.78699717,1,,South,2,71,Major,Use Unknown,,,Crossing - no traffic control,Inattentive,,Driver hits pedestrian at midblock,,,,pedestrian,,Willowdale (18),32 Division,Newtonbrook East,FALSE,TRUE,FALSE,FALSE,FALSE,TRUE,TRUE,FALSE,FALSE,FALSE,"{""coordinates"": [[-79.41732461546952, 43.7869971707679]], ""type"": ""MultiPoint""}"
16618,2019:9001051544,2019-06-07T19:25:00,DANFORTH AVE,COXWELL AVE,60 m North of,3,Non-Fatal Injury,Non-Intersection,No Control,Pedestrian Collision (internal code),Clear,Daylight with Artificial Lighting,Dry,Major Arterial,FALSE,-79.32253699,43.68347762,1,,,2,39,None,Lap Belt Only,,,,,,,,,,passenger,,Beaches-East York (19),55 Division,Woodbine Corridor,FALSE,FALSE,FALSE,FALSE,FALSE,FALSE,TRUE,FALSE,FALSE,FALSE,"{""coordinates"": [[-79.32253698992274, 43.6834776223583]], ""type"": ""MultiPoint""}"
16619,2019:9001051544,2019-06-07T19:25:00,DANFORTH AVE,COXWELL AVE,60 m North of,3,Non-Fatal Injury,Non-Intersection,No Control,Pedestrian Collision (internal code),Clear,Daylight with Artificial Lighting,Dry,Major Arterial,FALSE,-79.32253699,43.68347762,1,,North,3,55,Major,Lap and Shoulder Belt,,,Crossing - no traffic control,Normal,,Driver hits pedestrian at midblock,,,,pedestrian,,Beaches-East York (19),55 Division,Woodbine Corridor,FALSE,FALSE,FALSE,FALSE,FALSE,FALSE,TRUE,FALSE,FALSE,FALSE,"{""coordinates"": [[-79.32253698992274, 43.6834776223583]], ""type"": ""MultiPoint""}"
16620,2019:9001051786,2019-06-07T20:18:00,FINCH AVE W,MILVAN DR,,2,Non-Fatal Injury,At Intersection,Traffic Signal,Pedestrian Collision (internal code),Clear,Dusk,Dry,Major Arterial,TRUE,-79.55227359,43.7498727,1,Automobile or Station Wagon,North,1,,None,Use Unknown,Failed to yield right-of-way,Unknown,,,Turning Right,,,,,driver,,Humber River-Black Creek (7),31 Division,Humbermede,TRUE,FALSE,FALSE,FALSE,FALSE,FALSE,TRUE,FALSE,FALSE,FALSE,"{""coordinates"": [[-79.55227359236004, 43.74987270257165]], ""type"": ""MultiPoint""}"
16621,2019:9001076374,2019-06-11T13:05:00,ST CLAIR AVE E,NORTH WOODROW BLVD,,3,Non-Fatal Injury,At Intersection,No Control,Pedestrian Collision (internal code),Clear,Daylight,Dry,Major Arterial,FALSE,-79.26670494,43.71518531,1,Automobile or Station Wagon,West,1,59,None,Lap and Shoulder Belt,Failed to yield right-of-way,Normal,,,Going Ahead,,,,,driver,,Scarborough Southwest (20),41 Division,Clairlea-Birchmount,TRUE,FALSE,FALSE,FALSE,FALSE,FALSE,TRUE,FALSE,FALSE,FALSE,"{""coordinates"": [[-79.26670493809564, 43.71518530918747]], ""type"": ""MultiPoint""}"
16622,2019:9001080301,2019-06-11T23:13:00,ST CLAIR AVE W,OLD WESTON RD,,2,Non-Fatal Injury,At Intersection,Traffic Signal,Pedestrian Collision (internal code),Clear,Dark with Artificial Lighting,Dry,Major Arterial,FALSE,-79.46300968,43.67346424,1,Automobile or Station Wagon,West,1,23,None,Lap and Shoulder Belt,Lost control,Normal,,,Going Ahead,,,,,driver,,Davenport (9),11 Division,Weston-Pelham Park,FALSE,FALSE,FALSE,FALSE,FALSE,TRUE,TRUE,FALSE,FALSE,FALSE,"{""coordinates"": [[-79.46300968155897, 43.67346424344845]], ""type"": ""MultiPoint""}"
16623,2019:9001086071,2019-06-12T17:50:00,BLOOR ST W,JOPLING AVE N,26 m East of,3,Non-Fatal Injury,At/Near Private Drive,No Control,Pedestrian Collision (internal code),Clear,Daylight,Dry,Major Arterial,FALSE,-79.53951743,43.640822,1,Automobile or Station Wagon,North,1,58,None,Lap and Shoulder Belt,Failed to yield right-of-way,Normal,,,Turning Left,,,,,driver,,Etobicoke-Lakeshore (3),22 Division,Islington,TRUE,FALSE,FALSE,FALSE,FALSE,FALSE,TRUE,FALSE,FALSE,FALSE,"{""coordinates"": [[-79.5395174315859, 43.64082199664064]], ""type"": ""MultiPoint""}"
16624,2019:9001093833,2019-06-13T19:17:00,EGLINTON AVE W,HARTLEY AVE,20 m West of,2,Non-Fatal Injury,Intersection-Related,No Control,Pedestrian Collision (internal code),Clear,Daylight,Dry,Major Arterial,FALSE,-79.45391539,43.69480364,1,Automobile or Station Wagon,West,2,28,None,Lap and Shoulder Belt,Improper passing,Ability Impaired - Alcohol,,,Going Ahead,,,,,driver,,Davenport (9),13 Division,Caledonia-Fairbank,TRUE,FALSE,FALSE,FALSE,FALSE,TRUE,TRUE,FALSE,FALSE,FALSE,"{""coordinates"": [[-79.45391538940589, 43.69480363872128]], ""type"": ""MultiPoint""}"
16625,2019:9001103097,2019-06-15T00:48:00,QUEEN ST W,DUFFERIN ST,,2,Non-Fatal Injury,At Intersection,Traffic Signal,Cyclist Collision (internal code),Clear,Dark with Artificial Lighting,Dry,Major Arterial,FALSE,-79.4286011,43.6421341,2,Bicycle,East,2,47,Major,No Equipment Available,,,,,Going Ahead,,Driver turns left into path of cyclist,Driving Properly,Normal,cyclist,,Spadina-Fort York (10),14 Division,South Parkdale,TRUE,FALSE,TRUE,FALSE,FALSE,FALSE,FALSE,FALSE,FALSE,FALSE,"{""coordinates"": [[-79.42860109868772, 43.64213409597288]], ""type"": ""MultiPoint""}"
16626,2019:9001113942,2019-06-16T17:10:00,EVANS AVE,HORNER AVE,,2,Non-Fatal Injury,At Intersection,Traffic Signal,Cyclist Collision (internal code),Clear,Daylight,Dry,Major Arterial,FALSE,-79.51880364,43.6169229,1,Bicycle,East,1,51,Major,No Equipment Available,,,,,Going Ahead,,"Cyclist without right-of-way rides into path of driver (at intersection, laneway, or driveway)",Disobeyed Traffic Control,Normal,cyclist,,Etobicoke-Lakeshore (3),22 Division,Mimico-Queensway,FALSE,FALSE,TRUE,FALSE,FALSE,TRUE,FALSE,FALSE,FALSE,FALSE,"{""coordinates"": [[-79.51880364265449, 43.61692290499631]], ""type"": ""MultiPoint""}"
16627,2019:9001133946,2019-06-19T09:25:00,BIRCHMOUNT RD,FOXRIDGE DR,,3,Non-Fatal Injury,At Intersection,Traffic Signal,Cyclist Collision (internal code),Clear,Daylight,Dry,Minor Arterial,FALSE,-79.27447167,43.72175423,2,Automobile or Station Wagon,North,2,25,None,Lap and Shoulder Belt,Driving properly,Normal,,,Going Ahead,,,,,driver,,Scarborough Southwest (20),41 Division,Kennedy Park,FALSE,FALSE,TRUE,FALSE,FALSE,FALSE,FALSE,FALSE,FALSE,FALSE,"{""coordinates"": [[-79.27447166741979, 43.721754228427336]], ""type"": ""MultiPoint""}"