_id,collision_id,accdate,stname1,stname2,stname3,per_inv,acclass,accloc,traffictl,impactype,visible,light,rdsfcond,road_class,failtorem,longitude,latitude,veh_no,vehtype,initdir,per_no,invage,injury,safequip,drivact,drivcond,pedact,pedcond,manoeuvre,pedtype,cyclistype,cycact,cyccond,road_user,fatal_no,wardname,division,neighbourhood,aggressive,distracted,cyclist,motorcyclist,other_micromobility,older_adult,pedestrian,red_light,school_child,heavy_truck,geometry
16628,2008:1053428,2008-08-15T18:31:00,HORSHAM AVE,YONGE ST,,6,Non-Fatal Injury,,No Control,Pedestrian Collision (internal code),Clear,Daylight,Wet,Major Arterial,FALSE,-79.41439075,43.7751442,1,,,1,,,Other Safety Equipment Used,,,,,,,,,,owner,,Willowdale (18),32 Division,Willowdale West,FALSE,TRUE,FALSE,FALSE,FALSE,FALSE,TRUE,FALSE,TRUE,FALSE,"{""coordinates"": [[-79.41439074937365, 43.775144196232496]], ""type"": ""MultiPoint""}"
16630,2019:9001146932,2019-06-20T22:04:00,ST CLAIR AVE E,BIRCHMOUNT RD,2 m East of,2,Non-Fatal Injury,At Intersection,Traffic Signal,Pedestrian Collision (internal code),Rain,Dark with Artificial Lighting,Wet,Major Arterial,FALSE,-79.27108422,43.71408668,1,Automobile or Station Wagon,East,1,,None,Use Unknown,Failed to yield right-of-way,Unknown,,,Turning Right,,,,,driver,,Scarborough Southwest (20),41 Division,Clairlea-Birchmount,TRUE,FALSE,FALSE,FALSE,FALSE,FALSE,TRUE,FALSE,FALSE,FALSE,"{""coordinates"": [[-79.27108421963798, 43.714086682173345]], ""type"": ""MultiPoint""}"
16631,2019:9001180401,2019-06-25T16:09:00,NORTHLAND AVE,WESTON RD,,2,Non-Fatal Injury,At Intersection,Traffic Signal,Cyclist Collision (internal code),Clear,Daylight,Dry,Major Arterial,FALSE,-79.47403417,43.67882772,2,Bicycle,West,2,11,Major,Equipment Not Used But Available,,,,,Going Ahead,,"Cyclist without right-of-way rides into path of driver (at intersection, laneway, or driveway)",Other,Normal,cyclist,,York South-Weston (5),12 Division,Junction Area,FALSE,FALSE,TRUE,FALSE,FALSE,FALSE,FALSE,FALSE,TRUE,FALSE,"{""coordinates"": [[-79.47403416802648, 43.67882772116806]], ""type"": ""MultiPoint""}"
16632,2019:9001182119,2019-06-25T20:02:00,MIDLAND AVE,MIDWEST RD,,8,Non-Fatal Injury,Non-Intersection,No Control,Pedestrian Collision (internal code),Clear,Daylight,Dry,Major Arterial,FALSE,-79.2661632,43.7546598,4,,Unknown,4,37,Major,No Equipment Available,,,Other,Normal,,Driver hits pedestrian at midblock,,,,pedestrian,,Scarborough Centre (21),41 Division,Bendale-Glen Andrew,FALSE,FALSE,FALSE,FALSE,FALSE,FALSE,TRUE,FALSE,FALSE,FALSE,"{""coordinates"": [[-79.2661632040766, 43.75465979813465]], ""type"": ""MultiPoint""}"
16633,2019:9001182119,2019-06-25T20:02:00,MIDLAND AVE,MIDWEST RD,,8,Non-Fatal Injury,Non-Intersection,No Control,Pedestrian Collision (internal code),Clear,Daylight,Dry,Major Arterial,FALSE,-79.2661632,43.7546598,1,Automobile or Station Wagon,North,1,21,None,Use Unknown,Other,Unknown,,,Going Ahead,,,,,driver,,Scarborough Centre (21),41 Division,Bendale-Glen Andrew,FALSE,FALSE,FALSE,FALSE,FALSE,FALSE,TRUE,FALSE,FALSE,FALSE,"{""coordinates"": [[-79.2661632040766, 43.75465979813465]], ""type"": ""MultiPoint""}"
16634,2019:9001182119,2019-06-25T20:02:00,MIDLAND AVE,MIDWEST RD,,8,Non-Fatal Injury,Non-Intersection,No Control,Pedestrian Collision (internal code),Clear,Daylight,Dry,Major Arterial,FALSE,-79.2661632,43.7546598,1,,,8,21,None,Use Unknown,,,,,,,,,,passenger,,Scarborough Centre (21),41 Division,Bendale-Glen Andrew,FALSE,FALSE,FALSE,FALSE,FALSE,FALSE,TRUE,FALSE,FALSE,FALSE,"{""coordinates"": [[-79.2661632040766, 43.75465979813465]], ""type"": ""MultiPoint""}"
16636,2019:9001196370,2019-06-27T18:50:00,LAKE SHORE BLVD W,TENTH ST,6 m West of,2,Non-Fatal Injury,At Intersection,Traffic Signal,Pedestrian Collision (internal code),Clear,Daylight,Dry,Major Arterial,FALSE,-79.50859553,43.59994368,1,Pickup Truck,North,1,40,None,Lap and Shoulder Belt,Failed to yield right-of-way,Inattentive,,,Turning Left,,,,,driver,,Etobicoke-Lakeshore (3),22 Division,New Toronto,TRUE,TRUE,FALSE,FALSE,FALSE,TRUE,TRUE,FALSE,FALSE,FALSE,"{""coordinates"": [[-79.50859553063408, 43.599943683158976]], ""type"": ""MultiPoint""}"
16637,2019:9001201240,2019-06-28T12:22:00,ADELAIDE ST E,BERKELEY ST,1 m West of,4,Non-Fatal Injury,At Intersection,Traffic Signal,Cyclist Collision (internal code),Clear,Daylight,Dry,Major Arterial,FALSE,-79.36474292,43.65291433,2,Automobile or Station Wagon,East,2,28,None,Lap and Shoulder Belt,Driving properly,Normal,,,Going Ahead,,,,,driver,,Toronto Centre (13),51 Division,Moss Park,FALSE,FALSE,TRUE,FALSE,FALSE,FALSE,FALSE,FALSE,FALSE,FALSE,"{""coordinates"": [[-79.3647429243081, 43.652914332610464]], ""type"": ""MultiPoint""}"
16638,2019:9001201240,2019-06-28T12:22:00,ADELAIDE ST E,BERKELEY ST,1 m West of,4,Non-Fatal Injury,At Intersection,Traffic Signal,Cyclist Collision (internal code),Clear,Daylight,Dry,Major Arterial,FALSE,-79.36474292,43.65291433,2,,,3,28,None,Lap and Shoulder Belt,,,,,,,,,,passenger,,Toronto Centre (13),51 Division,Moss Park,FALSE,FALSE,TRUE,FALSE,FALSE,FALSE,FALSE,FALSE,FALSE,FALSE,"{""coordinates"": [[-79.3647429243081, 43.652914332610464]], ""type"": ""MultiPoint""}"
16639,2019:9001220436,2019-07-01T07:19:00,ST CLAIR AVE W,OAKWOOD AVE,,2,Non-Fatal Injury,At Intersection,Traffic Signal,Pedestrian Collision (internal code),Clear,Daylight,Dry,Major Arterial,FALSE,-79.43568113,43.67958298,1,,South,2,61,Major,Use Unknown,,,Crossing without right-of-way (intersection),Inattentive,,Driver going straight hits pedestrian crossing without right-of-way (at intersection),,,,pedestrian,,Davenport (9),13 Division,Wychwood,FALSE,TRUE,FALSE,FALSE,FALSE,FALSE,TRUE,FALSE,FALSE,FALSE,"{""coordinates"": [[-79.43568112842624, 43.679582976722266]], ""type"": ""MultiPoint""}"
16640,2019:9001234049,2019-07-03T07:35:00,DAVENPORT RD,HECTOR AVE,,2,Non-Fatal Injury,At Intersection,No Control,Cyclist Collision (internal code),Clear,Daylight with Artificial Lighting,Dry,Minor Arterial,FALSE,-79.42403866,43.67524947,2,Bicycle,East,2,49,Major,Use Unknown,,,,,Going Ahead,,Driver turns left into path of cyclist,Driving Properly,Normal,cyclist,,Toronto-St. Paul's (12),13 Division,Wychwood,TRUE,TRUE,TRUE,FALSE,FALSE,FALSE,FALSE,FALSE,FALSE,FALSE,"{""coordinates"": [[-79.42403865757309, 43.67524946553627]], ""type"": ""MultiPoint""}"
16641,2019:9001234628,2019-07-03T09:20:00,LAWRENCE AVE W,KEELE ST,10 m East of,2,Non-Fatal Injury,Non-Intersection,No Control,Pedestrian Collision (internal code),Clear,Daylight,Dry,Major Arterial,FALSE,-79.4780243,43.70858617,1,Automobile or Station Wagon,West,1,45,Minimal,Lap and Shoulder Belt,Driving properly,Normal,,,Going Ahead,,,,,driver,,York South-Weston (5),12 Division,Brookhaven-Amesbury,FALSE,TRUE,FALSE,FALSE,FALSE,FALSE,TRUE,FALSE,FALSE,FALSE,"{""coordinates"": [[-79.47802429579424, 43.70858616705522]], ""type"": ""MultiPoint""}"
16642,2019:9001268275,2019-07-07T20:10:00,SHEPPARD AVE E,NEILSON RD,,2,Non-Fatal Injury,At Intersection,Traffic Signal,Pedestrian Collision (internal code),Clear,Daylight,Dry,Major Arterial,FALSE,-79.21763252,43.79804812,1,Automobile or Station Wagon,North,2,24,None,Lap and Shoulder Belt,Improper turn,Normal,,,Turning Left,,,,,driver,,Scarborough-Rouge Park (25),42 Division,Malvern East,FALSE,FALSE,FALSE,FALSE,FALSE,FALSE,TRUE,FALSE,FALSE,FALSE,"{""coordinates"": [[-79.21763252068887, 43.79804812051536]], ""type"": ""MultiPoint""}"
16643,2019:9001270000,2019-07-08T02:51:00,PARKSIDE DR,CONSTANCE ST,,3,Non-Fatal Injury,At Intersection,No Control,Pedestrian Collision (internal code),Clear,Dark with Artificial Lighting,Dry,Major Arterial,FALSE,-79.45762336,43.64821095,1,,West,3,40,Major,Use Unknown,,,Crossing - no traffic control,Had Been Drinking,,Driver going straight hits pedestrian crossing without right-of-way (at intersection),,,,pedestrian,,Parkdale-High Park (4),11 Division,High Park-Swansea,FALSE,FALSE,FALSE,FALSE,FALSE,FALSE,TRUE,FALSE,FALSE,FALSE,"{""coordinates"": [[-79.45762336237546, 43.64821094982799]], ""type"": ""MultiPoint""}"
16644,2019:9001270000,2019-07-08T02:51:00,PARKSIDE DR,CONSTANCE ST,,3,Non-Fatal Injury,At Intersection,No Control,Pedestrian Collision (internal code),Clear,Dark with Artificial Lighting,Dry,Major Arterial,FALSE,-79.45762336,43.64821095,1,,,2,34,None,Lap and Shoulder Belt,,,,,,,,,,passenger,,Parkdale-High Park (4),11 Division,High Park-Swansea,FALSE,FALSE,FALSE,FALSE,FALSE,FALSE,TRUE,FALSE,FALSE,FALSE,"{""coordinates"": [[-79.45762336237546, 43.64821094982799]], ""type"": ""MultiPoint""}"
16646,2019:9001303685,2019-07-12T14:15:00,DUFFERIN ST,GERRY FITZGERALD DR,,2,Non-Fatal Injury,At Intersection,Traffic Signal,Pedestrian Collision (internal code),Clear,Daylight,Dry,Major Arterial,FALSE,-79.47010486,43.78377,1,Automobile or Station Wagon,South,1,81,None,Lap and Shoulder Belt,Failed to yield right-of-way,Normal,,,Going Ahead,,,,,driver,,York Centre (6),32 Division,Bathurst Manor,TRUE,FALSE,FALSE,FALSE,FALSE,TRUE,TRUE,FALSE,FALSE,FALSE,"{""coordinates"": [[-79.4701048561709, 43.783770000256]], ""type"": ""MultiPoint""}"
16648,2007:950372,2007-01-17T15:59:00,EGLINTON AVE E,HOLLY ST,,3,Non-Fatal Injury,,No Control,Pedestrian Collision (internal code),Snow,Daylight,Packed Snow,Major Arterial,FALSE,-79.39619081,43.70714419,1,,,1,,,Other Safety Equipment Used,,,,,,,,,,owner,,Toronto-St. Paul's (12),53 Division,South Eglinton-Davisville,FALSE,FALSE,FALSE,FALSE,FALSE,FALSE,TRUE,FALSE,FALSE,TRUE,"{""coordinates"": [[-79.39619081349257, 43.70714418714947]], ""type"": ""MultiPoint""}"
16649,2019:9001359532,2019-07-20T01:10:00,AVENUE RD,BERNARD AVE,5 m South of,2,Non-Fatal Injury,Intersection-Related,No Control,Pedestrian Collision (internal code),Clear,Dark with Artificial Lighting,Dry,Major Arterial,FALSE,-79.39626761,43.67392954,1,,East,2,54,Major,No Equipment Available,,,Crossing - no traffic control,Inattentive,,Driver going straight hits pedestrian crossing without right-of-way (at intersection),,,,pedestrian,,University-Rosedale (11),53 Division,Annex,FALSE,TRUE,FALSE,FALSE,FALSE,FALSE,TRUE,FALSE,FALSE,FALSE,"{""coordinates"": [[-79.39626761110296, 43.67392954113015]], ""type"": ""MultiPoint""}"
16650,2019:9001359659,2019-07-20T01:35:00,BLOOR ST W,BALMUTO ST,28 m West of,2,Non-Fatal Injury,Non-Intersection,No Control,Cyclist Collision (internal code),Clear,Dark with Artificial Lighting,Dry,Major Arterial,FALSE,-79.38839407,43.66980203,1,Automobile or Station Wagon,West,1,35,None,Lap and Shoulder Belt,Driving properly,Normal,,,Going Ahead,,,,,driver,,University-Rosedale (11),52 Division,Bay-Cloverhill,FALSE,FALSE,TRUE,FALSE,FALSE,FALSE,FALSE,FALSE,FALSE,FALSE,"{""coordinates"": [[-79.38839406736827, 43.669802028361495]], ""type"": ""MultiPoint""}"
16651,2019:9001365685,2019-07-20T22:15:00,PHARMACY AVE,EGLINTON AVE E,,5,Non-Fatal Injury,At Intersection,Traffic Signal,Pedestrian Collision (internal code),Rain,Dark with Artificial Lighting,Wet,Major Arterial,FALSE,-79.29748196,43.72557659,1,,,2,43,None,Lap and Shoulder Belt,,,,,,,,,,passenger,,Scarborough Southwest (20),41 Division,Clairlea-Birchmount,TRUE,FALSE,FALSE,FALSE,FALSE,FALSE,TRUE,FALSE,TRUE,FALSE,"{""coordinates"": [[-79.29748195692842, 43.7255765852145]], ""type"": ""MultiPoint""}"
16652,2019:9001365685,2019-07-20T22:15:00,PHARMACY AVE,EGLINTON AVE E,,5,Non-Fatal Injury,At Intersection,Traffic Signal,Pedestrian Collision (internal code),Rain,Dark with Artificial Lighting,Wet,Major Arterial,FALSE,-79.29748196,43.72557659,1,,,3,12,None,Lap and Shoulder Belt,,,,,,,,,,passenger,,Scarborough Southwest (20),41 Division,Clairlea-Birchmount,TRUE,FALSE,FALSE,FALSE,FALSE,FALSE,TRUE,FALSE,TRUE,FALSE,"{""coordinates"": [[-79.29748195692842, 43.7255765852145]], ""type"": ""MultiPoint""}"
16653,2019:9001365685,2019-07-20T22:15:00,PHARMACY AVE,EGLINTON AVE E,,5,Non-Fatal Injury,At Intersection,Traffic Signal,Pedestrian Collision (internal code),Rain,Dark with Artificial Lighting,Wet,Major Arterial,FALSE,-79.29748196,43.72557659,1,,North,5,43,Major,No Equipment Available,,,Crossing with right-of-way (intersection),Normal,,Driver turns right into pedestrian crossing with right-of-way (at intersection),,,,pedestrian,,Scarborough Southwest (20),41 Division,Clairlea-Birchmount,TRUE,FALSE,FALSE,FALSE,FALSE,FALSE,TRUE,FALSE,TRUE,FALSE,"{""coordinates"": [[-79.29748195692842, 43.7255765852145]], ""type"": ""MultiPoint""}"
16654,2019:9001407311,2019-07-26T14:36:00,THE QUEENSWAY,VIBE RD,20 m West of,3,Non-Fatal Injury,At Intersection,No Control,Cyclist Collision (internal code),Clear,Daylight,Dry,Major Arterial,FALSE,-79.52343468,43.62160354,1,Bicycle,West,1,52,Major,Helmet,,,,,Turning Left,,Cyclist turns left into path of driver,Improper Turn,Normal,cyclist,,Etobicoke-Lakeshore (3),22 Division,Etobicoke City Centre,FALSE,FALSE,TRUE,FALSE,FALSE,FALSE,FALSE,FALSE,FALSE,FALSE,"{""coordinates"": [[-79.52343468258594, 43.62160354200373]], ""type"": ""MultiPoint""}"
16656,2019:9001429449,2019-07-29T19:37:00,GERRARD ST E,CARLAW AVE,,3,Non-Fatal Injury,At Intersection,Traffic Signal,Cyclist Collision (internal code),Clear,Daylight,Dry,Minor Arterial,FALSE,-79.3427702,43.66762377,2,,,3,16,None,Lap and Shoulder Belt,,,,,,,,,,passenger,,Toronto-Danforth (14),55 Division,South Riverdale,FALSE,TRUE,TRUE,FALSE,FALSE,FALSE,FALSE,FALSE,TRUE,FALSE,"{""coordinates"": [[-79.34277020444942, 43.667623771005374]], ""type"": ""MultiPoint""}"
16657,2019:9001429449,2019-07-29T19:37:00,GERRARD ST E,CARLAW AVE,,3,Non-Fatal Injury,At Intersection,Traffic Signal,Cyclist Collision (internal code),Clear,Daylight,Dry,Minor Arterial,FALSE,-79.3427702,43.66762377,2,Automobile or Station Wagon,South,2,38,None,Lap and Shoulder Belt,Driving properly,Normal,,,Going Ahead,,,,,driver,,Toronto-Danforth (14),55 Division,South Riverdale,FALSE,TRUE,TRUE,FALSE,FALSE,FALSE,FALSE,FALSE,TRUE,FALSE,"{""coordinates"": [[-79.34277020444942, 43.667623771005374]], ""type"": ""MultiPoint""}"
16658,2019:9001431003,2019-07-30T00:39:00,GERRARD ST W,LA PLANTE AVE,63 m East of,2,Non-Fatal Injury,Intersection-Related,No Control,Pedestrian Collision (internal code),Rain,Dark with Artificial Lighting,Wet,Minor Arterial,FALSE,-79.38558646,43.65825112,1,Automobile or Station Wagon,East,1,31,None,Use Unknown,Failed to yield right-of-way,Ability Impaired - Alcohol Over .08,,,Going Ahead,,,,,driver,,University-Rosedale (11),52 Division,Yonge-Bay Corridor,TRUE,FALSE,FALSE,FALSE,FALSE,FALSE,TRUE,FALSE,FALSE,FALSE,"{""coordinates"": [[-79.38558646263333, 43.65825112365508]], ""type"": ""MultiPoint""}"
16659,2019:9001437273,2019-07-30T21:53:00,TRETHEWEY DR,BLACK CREEK DR,,3,Non-Fatal Injury,At Intersection,Traffic Signal,Pedestrian Collision (internal code),Clear,Dark with Artificial Lighting,Dry,Major Arterial,FALSE,-79.48606572,43.69454047,1,,East,3,49,Major,No Equipment Available,,,Crossing without right-of-way (intersection),Other Condition,,Driver turns right into pedestrian crossing without right-of-way (at intersection),,,,pedestrian,,York South-Weston (5),12 Division,Beechborough-Greenbrook,FALSE,FALSE,FALSE,FALSE,FALSE,FALSE,TRUE,FALSE,TRUE,FALSE,"{""coordinates"": [[-79.48606571738685, 43.69454046905528]], ""type"": ""MultiPoint""}"
16660,2019:9001437273,2019-07-30T21:53:00,TRETHEWEY DR,BLACK CREEK DR,,3,Non-Fatal Injury,At Intersection,Traffic Signal,Pedestrian Collision (internal code),Clear,Dark with Artificial Lighting,Dry,Major Arterial,FALSE,-79.48606572,43.69454047,1,,,2,8,None,Lap and Shoulder Belt,,,,,,,,,,passenger,,York South-Weston (5),12 Division,Beechborough-Greenbrook,FALSE,FALSE,FALSE,FALSE,FALSE,FALSE,TRUE,FALSE,TRUE,FALSE,"{""coordinates"": [[-79.48606571738685, 43.69454046905528]], ""type"": ""MultiPoint""}"
16661,2019:9001442933,2019-07-31T17:48:00,220 DOVERCOURT RD,,,4,Non-Fatal Injury,Intersection-Related,No Control,Cyclist Collision (internal code),Clear,Daylight,Dry,Collector,FALSE,-79.42408448,43.64773788,1,Pickup Truck,South,1,31,None,Lap and Shoulder Belt,Improper passing,Inattentive,,,Overtaking,,,,,driver,,Davenport (9),14 Division,Little Portugal,TRUE,TRUE,TRUE,FALSE,FALSE,FALSE,FALSE,FALSE,TRUE,FALSE,"{""coordinates"": [[-79.42408447908616, 43.64773787761902]], ""type"": ""MultiPoint""}"
16662,2019:9001442933,2019-07-31T17:48:00,220 DOVERCOURT RD,,,4,Non-Fatal Injury,Intersection-Related,No Control,Cyclist Collision (internal code),Clear,Daylight,Dry,Collector,FALSE,-79.42408448,43.64773788,1,,,4,29,None,Lap and Shoulder Belt,,,,,,,,,,passenger,,Davenport (9),14 Division,Little Portugal,TRUE,TRUE,TRUE,FALSE,FALSE,FALSE,FALSE,FALSE,TRUE,FALSE,"{""coordinates"": [[-79.42408447908616, 43.64773787761902]], ""type"": ""MultiPoint""}"
16663,2019:9001444522,2019-07-31T21:47:00,QUEEN ST W,GLADSTONE AVE,51 m East of,4,Non-Fatal Injury,Non-Intersection,No Control,Pedestrian Collision (internal code),Clear,Dark with Artificial Lighting,Dry,Major Arterial,FALSE,-79.42648775,43.64257278,2,Automobile or Station Wagon,East,2,34,None,Lap and Shoulder Belt,,,,,,,,,,other,,Davenport (9),14 Division,Little Portugal,FALSE,FALSE,FALSE,FALSE,FALSE,FALSE,TRUE,FALSE,FALSE,TRUE,"{""coordinates"": [[-79.42648775148842, 43.64257278275987]], ""type"": ""MultiPoint""}"
16664,2019:9001464095,2019-08-03T14:35:00,2929 DUFFERIN ST,,20 m North of,2,Non-Fatal Injury,At/Near Private Drive,No Control,Cyclist Collision (internal code),Clear,Daylight with Artificial Lighting,Dry,Major Arterial,FALSE,-79.45365597,43.70899812,2,Automobile or Station Wagon,North,2,49,Minimal,Lap and Shoulder Belt,Driving properly,Normal,,,Going Ahead,,,,,driver,,Eglinton-Lawrence (8),13 Division,Yorkdale-Glen Park,FALSE,FALSE,TRUE,FALSE,FALSE,FALSE,FALSE,FALSE,FALSE,FALSE,"{""coordinates"": [[-79.45365596516795, 43.70899812139025]], ""type"": ""MultiPoint""}"
16665,2019:9001464192,2019-08-03T15:00:00,55 KING ST W,,100 m West of,4,Non-Fatal Injury,Non-Intersection,No Control,Pedestrian Collision (internal code),Clear,Daylight,Dry,Major Arterial,FALSE,-79.3812072,43.64835961,1,,Unknown,2,18,Major,Use Unknown,,,On sidewalk or shoulder,Normal,,Driver hits pedestrian on sidewalk or shoulder,,,,pedestrian,,Spadina-Fort York (10),52 Division,Yonge-Bay Corridor,FALSE,FALSE,FALSE,FALSE,FALSE,FALSE,TRUE,FALSE,TRUE,FALSE,"{""coordinates"": [[-79.38120719671137, 43.64835960939553]], ""type"": ""MultiPoint""}"
16666,2019:9001464192,2019-08-03T15:00:00,55 KING ST W,,100 m West of,4,Non-Fatal Injury,Non-Intersection,No Control,Pedestrian Collision (internal code),Clear,Daylight,Dry,Major Arterial,FALSE,-79.3812072,43.64835961,1,,Unknown,3,18,Minor,Use Unknown,,,On sidewalk or shoulder,Unknown,,Driver hits pedestrian on sidewalk or shoulder,,,,pedestrian,,Spadina-Fort York (10),52 Division,Yonge-Bay Corridor,FALSE,FALSE,FALSE,FALSE,FALSE,FALSE,TRUE,FALSE,TRUE,FALSE,"{""coordinates"": [[-79.38120719671137, 43.64835960939553]], ""type"": ""MultiPoint""}"
16667,2019:9001468146,2019-08-04T02:57:00,BATHURST ST,HERRICK ST,233 m South of,3,Non-Fatal Injury,Non-Intersection,No Control,Pedestrian Collision (internal code),Clear,Daylight,Dry,Major Arterial,FALSE,-79.41036678,43.66295468,2,Automobile or Station Wagon,North,2,33,Minimal,Lap and Shoulder Belt,Driving properly,Normal,,,Going Ahead,,,,,driver,,University-Rosedale (11),14 Division,Palmerston-Little Italy,FALSE,FALSE,FALSE,FALSE,FALSE,FALSE,TRUE,FALSE,FALSE,FALSE,"{""coordinates"": [[-79.41036677642859, 43.662954680274716]], ""type"": ""MultiPoint""}"
16668,2019:9001468146,2019-08-04T02:57:00,BATHURST ST,HERRICK ST,233 m South of,3,Non-Fatal Injury,Non-Intersection,No Control,Pedestrian Collision (internal code),Clear,Daylight,Dry,Major Arterial,FALSE,-79.41036678,43.66295468,1,,Unknown,3,28,Major,Use Unknown,,,On sidewalk or shoulder,Normal,,Driver hits pedestrian on sidewalk or shoulder,,,,pedestrian,,University-Rosedale (11),14 Division,Palmerston-Little Italy,FALSE,FALSE,FALSE,FALSE,FALSE,FALSE,TRUE,FALSE,FALSE,FALSE,"{""coordinates"": [[-79.41036677642859, 43.662954680274716]], ""type"": ""MultiPoint""}"
16670,2019:9001526087,2019-08-12T10:44:00,RICHMOND ST W,UNIVERSITY AVE,,2,Non-Fatal Injury,At Intersection,Traffic Signal,Cyclist Collision (internal code),Clear,Daylight,Dry,Major Arterial,FALSE,-79.38625023,43.65001138,1,Delivery Van,West,1,23,None,Lap and Shoulder Belt,Failed to yield right-of-way,Inattentive,,,Turning Right,,,,,driver,,Spadina-Fort York (10),52 Division,Yonge-Bay Corridor,TRUE,TRUE,TRUE,FALSE,FALSE,FALSE,FALSE,FALSE,FALSE,TRUE,"{""coordinates"": [[-79.38625023386278, 43.65001138041262]], ""type"": ""MultiPoint""}"
16671,2019:9001536611,2019-08-13T17:48:00,QUEEN ST E,VICTORIA PARK AVE,,5,Non-Fatal Injury,At Intersection,No Control,Cyclist Collision (internal code),Clear,Daylight,Dry,Minor Arterial,FALSE,-79.28017089,43.67420022,2,Bicycle,West,2,48,Major,No Equipment Available,,,,,Going Ahead,,Driver turns left into path of cyclist,Driving Properly,Normal,cyclist,,Scarborough Southwest (20),41 Division,Birchcliffe-Cliffside,TRUE,TRUE,TRUE,FALSE,FALSE,TRUE,FALSE,FALSE,FALSE,FALSE,"{""coordinates"": [[-79.28017089456262, 43.67420021898617]], ""type"": ""MultiPoint""}"
16672,2019:9001536611,2019-08-13T17:48:00,QUEEN ST E,VICTORIA PARK AVE,,5,Non-Fatal Injury,At Intersection,No Control,Cyclist Collision (internal code),Clear,Daylight,Dry,Minor Arterial,FALSE,-79.28017089,43.67420022,1,,,3,83,None,Lap and Shoulder Belt,,,,,,,,,,passenger,,Scarborough Southwest (20),41 Division,Birchcliffe-Cliffside,TRUE,TRUE,TRUE,FALSE,FALSE,TRUE,FALSE,FALSE,FALSE,FALSE,"{""coordinates"": [[-79.28017089456262, 43.67420021898617]], ""type"": ""MultiPoint""}"
16673,2019:9001536611,2019-08-13T17:48:00,QUEEN ST E,VICTORIA PARK AVE,,5,Non-Fatal Injury,At Intersection,No Control,Cyclist Collision (internal code),Clear,Daylight,Dry,Minor Arterial,FALSE,-79.28017089,43.67420022,1,,,5,63,None,Lap and Shoulder Belt,,,,,,,,,,passenger,,Scarborough Southwest (20),41 Division,Birchcliffe-Cliffside,TRUE,TRUE,TRUE,FALSE,FALSE,TRUE,FALSE,FALSE,FALSE,FALSE,"{""coordinates"": [[-79.28017089456262, 43.67420021898617]], ""type"": ""MultiPoint""}"
16674,2019:9001547206,2019-08-15T06:48:00,QUEEN ST W,ST PATRICK ST,7 m North of,3,Non-Fatal Injury,At Intersection,Traffic Signal,Pedestrian Collision (internal code),Clear,Daylight,Dry,Major Arterial,FALSE,-79.38860772,43.65034708,1,Automobile or Station Wagon,East,1,34,None,Lap and Shoulder Belt,Disobeyed traffic control,Normal,,,Going Ahead,,,,,driver,,Spadina-Fort York (10),52 Division,Wellington Place,TRUE,FALSE,FALSE,FALSE,FALSE,FALSE,TRUE,TRUE,FALSE,FALSE,"{""coordinates"": [[-79.38860772085661, 43.65034707722871]], ""type"": ""MultiPoint""}"
16675,2019:9001563776,2019-08-17T12:35:00,GODSTONE RD,FAIRVIEW MALL DR,,3,Non-Fatal Injury,At Intersection,Traffic Signal,Pedestrian Collision (internal code),Clear,Daylight,Dry,Minor Arterial,FALSE,-79.34569212,43.77956224,1,Automobile or Station Wagon,South,1,78,None,Lap and Shoulder Belt,Lost control,Inattentive,,,Going Ahead,,,,,driver,,Don Valley North (17),33 Division,Don Valley Village,FALSE,TRUE,FALSE,FALSE,FALSE,TRUE,TRUE,FALSE,FALSE,FALSE,"{""coordinates"": [[-79.34569212168249, 43.77956224064068]], ""type"": ""MultiPoint""}"
16676,2019:9001567652,2019-08-17T23:05:00,FINCH AVE E,MCCOWAN RD,,2,Non-Fatal Injury,At Intersection,Traffic Signal,Pedestrian Collision (internal code),Clear,Dark with Artificial Lighting,Dry,Major Arterial,FALSE,-79.26646834,43.80795494,1,Automobile or Station Wagon,West,1,26,None,Lap and Shoulder Belt,Driving properly,Normal,,,Going Ahead,,,,,driver,,Scarborough North (23),42 Division,Agincourt North,FALSE,FALSE,FALSE,FALSE,FALSE,FALSE,TRUE,FALSE,FALSE,FALSE,"{""coordinates"": [[-79.26646833584054, 43.80795494107821]], ""type"": ""MultiPoint""}"
16677,2019:9001585918,2019-08-20T15:15:00,SHEPPARD AVE E,MARKHAM RD,,2,Non-Fatal Injury,At Intersection,Traffic Signal,Pedestrian Collision (internal code),Clear,Daylight,Dry,Major Arterial,FALSE,-79.2387202,43.79379475,1,Automobile or Station Wagon,East,1,26,None,Lap and Shoulder Belt,Failed to yield right-of-way,Inattentive,,,Turning Left,,,,,driver,,Scarborough North (23),42 Division,Malvern East,TRUE,TRUE,FALSE,FALSE,FALSE,TRUE,TRUE,FALSE,FALSE,FALSE,"{""coordinates"": [[-79.23872019831028, 43.79379475258886]], ""type"": ""MultiPoint""}"