_id,collision_id,accdate,stname1,stname2,stname3,per_inv,acclass,accloc,traffictl,impactype,visible,light,rdsfcond,road_class,failtorem,longitude,latitude,veh_no,vehtype,initdir,per_no,invage,injury,safequip,drivact,drivcond,pedact,pedcond,manoeuvre,pedtype,cyclistype,cycact,cyccond,road_user,fatal_no,wardname,division,neighbourhood,aggressive,distracted,cyclist,motorcyclist,other_micromobility,older_adult,pedestrian,red_light,school_child,heavy_truck,geometry
16786,2019:9002501134,2019-12-28T17:40:00,MARTIN GROVE RD,DIXON RD,,3,Non-Fatal Injury,At Intersection,Traffic Signal,Pedestrian Collision (internal code),Clear,Dark,Dry,Major Arterial,FALSE,-79.57079789,43.69151933,1,Automobile or Station Wagon,North,1,20,None,Lap and Shoulder Belt,Driving properly,Normal,,,Turning Left,,,,,driver,,Etobicoke Centre (2),23 Division,West Humber-Clairville,FALSE,TRUE,FALSE,FALSE,FALSE,FALSE,TRUE,FALSE,TRUE,FALSE,"{""coordinates"": [[-79.57079789493078, 43.69151933270728]], ""type"": ""MultiPoint""}"
16787,2020:0000025301,2020-01-04T18:50:00,EGLINTON AVE E,BAYVIEW AVE,9 m North of,2,Non-Fatal Injury,Non-Intersection,No Control,Pedestrian Collision (internal code),Rain,Dark,Wet,Major Arterial,FALSE,-79.37711774,43.7109664,1,,East,2,65,Major,Use Unknown,,,Crossing - no traffic control,Medical or Physical Disability,,Driver hits pedestrian at midblock,,,,pedestrian,,Don Valley West (15),53 Division,Leaside-Bennington,FALSE,FALSE,FALSE,FALSE,FALSE,TRUE,TRUE,FALSE,FALSE,FALSE,"{""coordinates"": [[-79.3771177386491, 43.71096640181437]], ""type"": ""MultiPoint""}"
16789,2020:0000037330,2020-01-06T15:55:00,DUNDAS ST W,SHERIDAN AVE,6 m South of,2,Non-Fatal Injury,At Intersection,Traffic Signal,Pedestrian Collision (internal code),Clear,Dawn with Artificial Lighting,Dry,Minor Arterial,FALSE,-79.43365176,43.64969865,1,Automobile or Station Wagon,West,1,54,None,Lap and Shoulder Belt,Failed to yield right-of-way,Normal,,,Going Ahead,,,,,driver,,Davenport (9),11 Division,Little Portugal,TRUE,FALSE,FALSE,FALSE,FALSE,TRUE,TRUE,FALSE,FALSE,FALSE,"{""coordinates"": [[-79.43365175529841, 43.649698645587335]], ""type"": ""MultiPoint""}"
16790,2020:0000066893,2020-01-10T17:21:00,CRUIKSHANK AVE,CARLAW AVE,,2,Non-Fatal Injury,At Intersection,Stop Sign,Pedestrian Collision (internal code),Rain,Dark with Artificial Lighting,Wet,Collector,FALSE,-79.34817944,43.68069293,1,Automobile or Station Wagon,West,1,58,None,Lap and Shoulder Belt,Failed to yield right-of-way,Inattentive,,,Turning Left,,,,,driver,,Toronto-Danforth (14),55 Division,Playter Estates-Danforth,TRUE,TRUE,FALSE,FALSE,FALSE,FALSE,TRUE,FALSE,FALSE,FALSE,"{""coordinates"": [[-79.3481794367554, 43.68069292976733]], ""type"": ""MultiPoint""}"
16791,2020:0000073153,2020-01-11T16:25:00,FORT YORK BLVD,DAN LECKIE WAY,,2,Non-Fatal Injury,At Intersection,Traffic Signal,Pedestrian Collision (internal code),Rain,Dark,Wet,Local,TRUE,-79.39796139,43.63933025,1,Automobile or Station Wagon,East,1,,None,Use Unknown,Improper turn,Unknown,,,Making U-Turn,,,,,driver,,Spadina-Fort York (10),14 Division,Harbourfront-CityPlace,FALSE,FALSE,FALSE,FALSE,FALSE,FALSE,TRUE,FALSE,FALSE,FALSE,"{""coordinates"": [[-79.39796139409907, 43.639330248209326]], ""type"": ""MultiPoint""}"
16792,2020:0000074293,2020-01-11T19:38:00,WESTON RD,DORA SPENCER RD,,2,Non-Fatal Injury,At Intersection,No Control,Pedestrian Collision (internal code),Rain,Dark with Artificial Lighting,Wet,Minor Arterial,FALSE,-79.50273598,43.69198083,1,Automobile or Station Wagon,North,1,41,None,Lap and Shoulder Belt,Failed to yield right-of-way,Normal,,,Turning Left,,,,,driver,,York South-Weston (5),12 Division,Mount Dennis,TRUE,FALSE,FALSE,FALSE,FALSE,TRUE,TRUE,FALSE,FALSE,FALSE,"{""coordinates"": [[-79.5027359782882, 43.69198083084409]], ""type"": ""MultiPoint""}"
16793,2020:0000075272,2020-01-11T22:57:00,ST CLAIR AVE W,GLENHOLME AVE,,5,Non-Fatal Injury,At Intersection,Traffic Signal,Pedestrian Collision (internal code),Rain,Dark with Artificial Lighting,Wet,Major Arterial,FALSE,-79.43858793,43.67893448,1,Automobile or Station Wagon,West,1,22,None,Lap and Shoulder Belt,Driving properly,Normal,,,Going Ahead,,,,,driver,,Davenport (9),13 Division,Corso Italia-Davenport,FALSE,FALSE,FALSE,FALSE,FALSE,FALSE,TRUE,FALSE,TRUE,FALSE,"{""coordinates"": [[-79.438587934267, 43.678934482558894]], ""type"": ""MultiPoint""}"
16794,2020:0000075272,2020-01-11T22:57:00,ST CLAIR AVE W,GLENHOLME AVE,,5,Non-Fatal Injury,At Intersection,Traffic Signal,Pedestrian Collision (internal code),Rain,Dark with Artificial Lighting,Wet,Major Arterial,FALSE,-79.43858793,43.67893448,1,,,4,14,None,Lap and Shoulder Belt,,,,,,,,,,passenger,,Davenport (9),13 Division,Corso Italia-Davenport,FALSE,FALSE,FALSE,FALSE,FALSE,FALSE,TRUE,FALSE,TRUE,FALSE,"{""coordinates"": [[-79.438587934267, 43.678934482558894]], ""type"": ""MultiPoint""}"
16795,2020:0000076304,2020-01-12T03:30:00,FRONT ST W,JOHN ST,17 m West of,2,Non-Fatal Injury,Non-Intersection,No Control,Pedestrian Collision (internal code),Rain,Dark with Artificial Lighting,Wet,Minor Arterial,FALSE,-79.3886764,43.64389643,1,Automobile or Station Wagon,West,1,33,Minor,Lap and Shoulder Belt,Driving properly,Normal,,,Going Ahead,,,,,driver,,Spadina-Fort York (10),52 Division,Harbourfront-CityPlace,FALSE,FALSE,FALSE,FALSE,FALSE,FALSE,TRUE,FALSE,FALSE,FALSE,"{""coordinates"": [[-79.38867639543308, 43.64389642574354]], ""type"": ""MultiPoint""}"
16796,2020:0000095001,2020-01-14T18:12:00,MCLEVIN AVE,TAPSCOTT RD,,2,Non-Fatal Injury,At Intersection,Traffic Signal,Pedestrian Collision (internal code),Rain,Dark,Wet,Minor Arterial,FALSE,-79.22665047,43.80510914,1,Automobile or Station Wagon,North,1,28,None,Lap and Shoulder Belt,Failed to yield right-of-way,Normal,,,Turning Left,,,,,driver,,Scarborough North (23),42 Division,Malvern West,TRUE,FALSE,FALSE,FALSE,FALSE,FALSE,TRUE,FALSE,FALSE,FALSE,"{""coordinates"": [[-79.2266504715439, 43.80510913514636]], ""type"": ""MultiPoint""}"
16797,2020:0000105298,2020-01-16T05:40:00,DANZIG ST,MORNINGSIDE AVE,,2,Non-Fatal Injury,At Intersection,Traffic Signal,Pedestrian Collision (internal code),Rain,Dark with Artificial Lighting,Wet,Minor Arterial,FALSE,-79.18484899,43.76479536,1,,West,2,69,Major,Use Unknown,,,Crossing with right-of-way (intersection),Normal,,Driver turns left into pedestrian crossing with right-of-way (at intersection),,,,pedestrian,,Scarborough-Rouge Park (25),43 Division,West Hill,TRUE,FALSE,FALSE,FALSE,FALSE,TRUE,TRUE,FALSE,FALSE,FALSE,"{""coordinates"": [[-79.1848489918024, 43.764795364708945]], ""type"": ""MultiPoint""}"
16798,2020:0000136270,2020-01-20T16:58:00,ISLINGTON AVE,BROMLEY CRES,,2,Non-Fatal Injury,Intersection-Related,No Control,Pedestrian Collision (internal code),Clear,Daylight,Loose Snow,Major Arterial,FALSE,-79.53122423,43.66255812,1,Municipal Transit Bus (TTC),North,1,49,None,Use Unknown,Driving properly,Normal,,,Going Ahead,,,,,driver,,Etobicoke Centre (2),22 Division,Edenbridge-Humber Valley,FALSE,TRUE,FALSE,FALSE,FALSE,FALSE,TRUE,FALSE,TRUE,TRUE,"{""coordinates"": [[-79.53122422860089, 43.66255811988323]], ""type"": ""MultiPoint""}"
16800,2020:0000180484,2020-01-26T19:32:00,KINGSTON RD,WEST HILL DR,15 m East of,3,Non-Fatal Injury,Intersection-Related,No Control,Pedestrian Collision (internal code),Rain,Dark with Artificial Lighting,Wet,Major Arterial,FALSE,-79.18172093,43.77424055,1,,South,3,76,Major,Use Unknown,,,Crossing - no traffic control,Normal,,Driver hits pedestrian at midblock,,,,pedestrian,,Scarborough-Rouge Park (25),43 Division,West Hill,FALSE,FALSE,FALSE,FALSE,FALSE,TRUE,TRUE,FALSE,FALSE,FALSE,"{""coordinates"": [[-79.18172092926066, 43.77424055440613]], ""type"": ""MultiPoint""}"
16801,2020:0000187607,2020-01-27T18:17:00,MORNINGSIDE AVE,401 C E MORNINGSIDE AVE S RAMP,61 m North of,2,Non-Fatal Injury,Non-Intersection,No Control,Pedestrian Collision (internal code),Clear,Dark with Artificial Lighting,Dry,Major Arterial,FALSE,-79.19659825,43.79534729,1,Automobile or Station Wagon,South,1,54,None,Lap and Shoulder Belt,Driving properly,Normal,,,Going Ahead,,,,,driver,,Scarborough-Rouge Park (25),43 Division,Highland Creek,FALSE,TRUE,FALSE,FALSE,FALSE,FALSE,TRUE,FALSE,FALSE,FALSE,"{""coordinates"": [[-79.19659825397527, 43.79534729393206]], ""type"": ""MultiPoint""}"
16804,2020:0000212688,2020-01-31T04:15:00,SHEPPARD AVE W,WILLIAM R ALLEN RD,,2,Non-Fatal Injury,At Intersection,Traffic Signal,Pedestrian Collision (internal code),Clear,Dark with Artificial Lighting,Dry,Major Arterial,FALSE,-79.46334524,43.75017777,1,Truck - Tank,East,1,28,None,Lap and Shoulder Belt,Driving properly,Normal,,,Turning Right,,,,,driver,,York Centre (6),32 Division,Downsview,FALSE,FALSE,FALSE,FALSE,FALSE,FALSE,TRUE,FALSE,FALSE,TRUE,"{""coordinates"": [[-79.46334524192652, 43.75017777465668]], ""type"": ""MultiPoint""}"
16805,2020:0000214205,2020-01-31T10:14:00,DANFORTH AVE,PAPE AVE,9 m South of,5,Non-Fatal Injury,At Intersection,Traffic Signal,Pedestrian Collision (internal code),Clear,Daylight,Dry,Major Arterial,FALSE,-79.34480724,43.67888094,1,Automobile or Station Wagon,East,1,41,None,Lap and Shoulder Belt,Failed to yield right-of-way,Normal,,,Slowing or Stopping,,,,,driver,,Toronto-Danforth (14),55 Division,Blake-Jones,TRUE,FALSE,FALSE,FALSE,FALSE,TRUE,TRUE,FALSE,FALSE,FALSE,"{""coordinates"": [[-79.34480724061686, 43.6788809440491]], ""type"": ""MultiPoint""}"
16806,2020:0000214205,2020-01-31T10:14:00,DANFORTH AVE,PAPE AVE,9 m South of,5,Non-Fatal Injury,At Intersection,Traffic Signal,Pedestrian Collision (internal code),Clear,Daylight,Dry,Major Arterial,FALSE,-79.34480724,43.67888094,1,,,4,3,None,Lap and Shoulder Belt,,,,,,,,,,passenger,,Toronto-Danforth (14),55 Division,Blake-Jones,TRUE,FALSE,FALSE,FALSE,FALSE,TRUE,TRUE,FALSE,FALSE,FALSE,"{""coordinates"": [[-79.34480724061686, 43.6788809440491]], ""type"": ""MultiPoint""}"
16807,2020:0000220239,2020-02-01T02:31:00,YONGE ST,KING ST W,,2,Non-Fatal Injury,At Intersection,Traffic Signal,Pedestrian Collision (internal code),Clear,Dark with Artificial Lighting,Dry,Major Arterial,TRUE,-79.37788077,43.64907677,1,Automobile or Station Wagon,South,1,37,Minimal,Use Unknown,Driving properly,Inattentive,,,Going Ahead,,,,,driver,,Toronto Centre (13),51 Division,Downtown Yonge East,FALSE,TRUE,FALSE,FALSE,FALSE,FALSE,TRUE,FALSE,FALSE,FALSE,"{""coordinates"": [[-79.37788077310572, 43.64907676740139]], ""type"": ""MultiPoint""}"
16808,2020:0000270261,2020-02-07T19:15:00,JANE ST,BEVERLY HILLS DR,,2,Non-Fatal Injury,At Intersection,Traffic Signal,Pedestrian Collision (internal code),Clear,Dark with Artificial Lighting,Wet,Major Arterial,FALSE,-79.50811466,43.71900795,1,,West,2,53,Major,Use Unknown,,,Crossing without right-of-way (intersection),Normal,,Driver going straight hits pedestrian crossing without right-of-way (at intersection),,,,pedestrian,,York Centre (6),31 Division,Oakdale-Beverley Heights,FALSE,FALSE,FALSE,FALSE,FALSE,FALSE,TRUE,FALSE,FALSE,FALSE,"{""coordinates"": [[-79.50811465840937, 43.719007953666456]], ""type"": ""MultiPoint""}"
16809,2020:0000296685,2020-02-11T13:55:00,BATHURST ST,STORMONT AVE,2 m  of,3,Non-Fatal Injury,At Intersection,No Control,Pedestrian Collision (internal code),Clear,Daylight,Dry,Major Arterial,FALSE,-79.42955465,43.71835172,1,,East,2,14,Major,No Equipment Available,,,Crossing - no traffic control,Normal,,Driver going straight hits pedestrian crossing without right-of-way (at intersection),,,,pedestrian,,Eglinton-Lawrence (8),53 Division,Bedford Park-Nortown,FALSE,FALSE,FALSE,FALSE,FALSE,FALSE,TRUE,FALSE,TRUE,FALSE,"{""coordinates"": [[-79.4295546490093, 43.71835172358389]], ""type"": ""MultiPoint""}"
16810,2020:0000296685,2020-02-11T13:55:00,BATHURST ST,STORMONT AVE,2 m  of,3,Non-Fatal Injury,At Intersection,No Control,Pedestrian Collision (internal code),Clear,Daylight,Dry,Major Arterial,FALSE,-79.42955465,43.71835172,0,,East,3,14,None,No Equipment Available,,,Crossing - no traffic control,Normal,,Driver going straight hits pedestrian crossing without right-of-way (at intersection),,,,pedestrian,,Eglinton-Lawrence (8),53 Division,Bedford Park-Nortown,FALSE,FALSE,FALSE,FALSE,FALSE,FALSE,TRUE,FALSE,TRUE,FALSE,"{""coordinates"": [[-79.4295546490093, 43.71835172358389]], ""type"": ""MultiPoint""}"
16811,2020:0000316011,2020-02-13T23:45:00,BAY ST,LAKE SHORE BLVD W,30 m North of,2,Non-Fatal Injury,Non-Intersection,No Control,Pedestrian Collision (internal code),Clear,Dark with Artificial Lighting,Dry,Major Arterial,FALSE,-79.3777816,43.64293129,1,,West,2,30,Major,Use Unknown,,,Crossing - no traffic control,Normal,,Driver hits pedestrian at midblock,,,,pedestrian,,Spadina-Fort York (10),52 Division,St Lawrence-East Bayfront-The Islands,FALSE,FALSE,FALSE,FALSE,FALSE,FALSE,TRUE,FALSE,FALSE,FALSE,"{""coordinates"": [[-79.37778160010303, 43.64293129124004]], ""type"": ""MultiPoint""}"
16812,2020:0000342262,2020-02-17T19:49:00,LAKE SHORE BLVD W,THIRTY NINTH ST,15 m South of,5,Non-Fatal Injury,Intersection-Related,No Control,Pedestrian Collision (internal code),Clear,Dark with Artificial Lighting,Dry,Major Arterial,FALSE,-79.54055512,43.59276828,0,,Unknown,5,30,Major,No Equipment Available,,,Coming from behind parked vehicle or object,Normal,,Driver hits pedestrian walking or running out from between parked vehicles (at midblock),,,,pedestrian,,Etobicoke-Lakeshore (3),22 Division,Long Branch,FALSE,FALSE,FALSE,FALSE,FALSE,FALSE,TRUE,FALSE,FALSE,FALSE,"{""coordinates"": [[-79.54055512007476, 43.592768282422895]], ""type"": ""MultiPoint""}"
16813,2020:0000342262,2020-02-17T19:49:00,LAKE SHORE BLVD W,THIRTY NINTH ST,15 m South of,5,Non-Fatal Injury,Intersection-Related,No Control,Pedestrian Collision (internal code),Clear,Dark with Artificial Lighting,Dry,Major Arterial,FALSE,-79.54055512,43.59276828,1,,,3,22,None,Use Unknown,,,,,,,,,,passenger,,Etobicoke-Lakeshore (3),22 Division,Long Branch,FALSE,FALSE,FALSE,FALSE,FALSE,FALSE,TRUE,FALSE,FALSE,FALSE,"{""coordinates"": [[-79.54055512007476, 43.592768282422895]], ""type"": ""MultiPoint""}"
16814,2020:0000342262,2020-02-17T19:49:00,LAKE SHORE BLVD W,THIRTY NINTH ST,15 m South of,5,Non-Fatal Injury,Intersection-Related,No Control,Pedestrian Collision (internal code),Clear,Dark with Artificial Lighting,Dry,Major Arterial,FALSE,-79.54055512,43.59276828,2,Automobile or Station Wagon,East,2,33,None,Use Unknown,Driving properly,Normal,,,Going Ahead,,,,,driver,,Etobicoke-Lakeshore (3),22 Division,Long Branch,FALSE,FALSE,FALSE,FALSE,FALSE,FALSE,TRUE,FALSE,FALSE,FALSE,"{""coordinates"": [[-79.54055512007476, 43.592768282422895]], ""type"": ""MultiPoint""}"
16816,2021:1000349866,2021-02-24T11:25:00,1260 ST CLAIR AVE W,,,4,Non-Fatal Injury,Non-Intersection,No Control,Pedestrian Collision (internal code),Clear,Daylight,Wet,Major Arterial,FALSE,-79.44653015,43.6771187,1,,Unknown,3,3,Minor,Use Unknown,,,Other,Normal,,Driver reversing hits pedestrian,,,,pedestrian,,Davenport (9),13 Division,Corso Italia-Davenport,FALSE,FALSE,FALSE,FALSE,FALSE,TRUE,TRUE,FALSE,FALSE,FALSE,"{""coordinates"": [[-79.44653015196457, 43.677118698568684]], ""type"": ""MultiPoint""}"
16817,2020:0000348999,2020-02-18T18:18:00,4673 JANE ST,,,2,Non-Fatal Injury,Non-Intersection,No Control,Pedestrian Collision (internal code),Clear,Dark with Artificial Lighting,Wet,Major Arterial,FALSE,-79.52069546,43.7702584,1,Automobile or Station Wagon,North,1,79,Minimal,Lap and Shoulder Belt,Driving properly,Normal,,,Going Ahead,,,,,driver,,Humber River-Black Creek (7),31 Division,Black Creek,FALSE,TRUE,FALSE,FALSE,FALSE,TRUE,TRUE,FALSE,FALSE,FALSE,"{""coordinates"": [[-79.52069546256124, 43.77025840404801]], ""type"": ""MultiPoint""}"
16820,2020:0000401654,2020-02-25T21:05:00,ST CLAIR AVE W,OLD WESTON RD,,2,Non-Fatal Injury,At Intersection,Traffic Signal,Pedestrian Collision (internal code),Clear,Dark with Artificial Lighting,Dry,Major Arterial,FALSE,-79.46300968,43.67346424,1,Automobile or Station Wagon,West,1,55,None,Lap and Shoulder Belt,Driving properly,Normal,,,Going Ahead,,,,,driver,,Davenport (9),11 Division,Weston-Pelham Park,FALSE,TRUE,FALSE,FALSE,FALSE,TRUE,TRUE,FALSE,FALSE,FALSE,"{""coordinates"": [[-79.46300968155897, 43.67346424344845]], ""type"": ""MultiPoint""}"
16821,2020:0000418177,2020-02-28T06:50:00,KING ST E,SHERBOURNE ST,,2,Non-Fatal Injury,At Intersection,Traffic Signal,Pedestrian Collision (internal code),Clear,Dawn,Dry,Major Arterial,FALSE,-79.36822194,43.65120535,1,Automobile or Station Wagon,West,1,49,None,Lap and Shoulder Belt,Driving properly,Normal,,,Going Ahead,,,,,driver,,Toronto Centre (13),51 Division,Moss Park,FALSE,TRUE,FALSE,FALSE,FALSE,FALSE,TRUE,FALSE,FALSE,FALSE,"{""coordinates"": [[-79.36822193752559, 43.65120535366394]], ""type"": ""MultiPoint""}"
16822,2020:0000418513,2020-02-28T08:10:00,YONGE ST,EMPRESS AVE,,5,Non-Fatal Injury,At Intersection,Traffic Signal,Pedestrian Collision (internal code),Clear,Daylight,Wet,Major Arterial,FALSE,-79.41286143,43.7692016,1,,Unknown,5,28,Major,Use Unknown,,,On sidewalk or shoulder,Normal,,Driver hits pedestrian on sidewalk or shoulder,,,,pedestrian,,Willowdale (18),32 Division,Yonge-Doris,TRUE,TRUE,FALSE,FALSE,FALSE,FALSE,TRUE,FALSE,FALSE,FALSE,"{""coordinates"": [[-79.41286143214195, 43.76920160474715]], ""type"": ""MultiPoint""}"
16823,2020:0000418513,2020-02-28T08:10:00,YONGE ST,EMPRESS AVE,,5,Non-Fatal Injury,At Intersection,Traffic Signal,Pedestrian Collision (internal code),Clear,Daylight,Wet,Major Arterial,FALSE,-79.41286143,43.7692016,2,,Unknown,3,30,Major,Use Unknown,,,On sidewalk or shoulder,Normal,,Driver hits pedestrian on sidewalk or shoulder,,,,pedestrian,,Willowdale (18),32 Division,Yonge-Doris,TRUE,TRUE,FALSE,FALSE,FALSE,FALSE,TRUE,FALSE,FALSE,FALSE,"{""coordinates"": [[-79.41286143214195, 43.76920160474715]], ""type"": ""MultiPoint""}"
16824,2020:0000418513,2020-02-28T08:10:00,YONGE ST,EMPRESS AVE,,5,Non-Fatal Injury,At Intersection,Traffic Signal,Pedestrian Collision (internal code),Clear,Daylight,Wet,Major Arterial,FALSE,-79.41286143,43.7692016,2,Automobile or Station Wagon,North,2,36,None,Use Unknown,Driving properly,Normal,,,Going Ahead,,,,,driver,,Willowdale (18),32 Division,Yonge-Doris,TRUE,TRUE,FALSE,FALSE,FALSE,FALSE,TRUE,FALSE,FALSE,FALSE,"{""coordinates"": [[-79.41286143214195, 43.76920160474715]], ""type"": ""MultiPoint""}"
16825,2020:0000429600,2020-02-29T17:16:00,FINCH AVE W,SILVERSTONE DR,,3,Non-Fatal Injury,At Intersection,Traffic Signal,Pedestrian Collision (internal code),Clear,Daylight,Dry,Major Arterial,FALSE,-79.59491436,43.7359453,1,Automobile or Station Wagon,West,1,57,None,Use Unknown,Disobeyed traffic control,Inattentive,,,Going Ahead,,,,,driver,,Etobicoke North (1),23 Division,West Humber-Clairville,TRUE,TRUE,FALSE,FALSE,FALSE,FALSE,TRUE,TRUE,FALSE,FALSE,"{""coordinates"": [[-79.59491435805246, 43.73594529844745]], ""type"": ""MultiPoint""}"
16826,2020:0000442335,2020-03-02T14:10:00,GERRARD ST E,BLANTYRE AVE,3 m West of,2,Non-Fatal Injury,At Intersection,Pedestrian Crossover,Pedestrian Collision (internal code),Rain,Daylight,Wet,Minor Arterial,FALSE,-79.28393218,43.68738,1,,North,2,63,Major,No Equipment Available,,,Crossing - pedestrian crossover,Normal,,Driver hits pedestrian at PXO/pedestrian midblock signal,,,,pedestrian,,Scarborough Southwest (20),41 Division,Birchcliffe-Cliffside,TRUE,TRUE,FALSE,FALSE,FALSE,FALSE,TRUE,FALSE,FALSE,FALSE,"{""coordinates"": [[-79.283932176579, 43.687380003467865]], ""type"": ""MultiPoint""}"
16827,2020:0000444225,2020-03-02T18:15:00,KEELE ST,ST REGIS CRES,,2,Non-Fatal Injury,At Intersection,Traffic Signal,Pedestrian Collision (internal code),Clear,Dark,Wet,Major Arterial,FALSE,-79.48872065,43.75443882,1,Passenger Van,West,1,59,None,Lap and Shoulder Belt,Failed to yield right-of-way,Inattentive,,,Turning Left,,,,,driver,,York Centre (6),31 Division,York University Heights,TRUE,TRUE,FALSE,FALSE,FALSE,FALSE,TRUE,FALSE,FALSE,FALSE,"{""coordinates"": [[-79.4887206456006, 43.754438822254784]], ""type"": ""MultiPoint""}"
16828,2020:0000450742,2020-03-03T15:20:00,GERRARD ST E,NORWOOD RD,,2,Non-Fatal Injury,At Intersection,Pedestrian Crossover,Pedestrian Collision (internal code),Rain,Daylight,Wet,Minor Arterial,FALSE,-79.30280734,43.6832983,1,Automobile or Station Wagon,West,1,55,None,Lap and Shoulder Belt,Failed to yield right-of-way,Inattentive,,,Going Ahead,,,,,driver,,Beaches-East York (19),55 Division,East End-Danforth,TRUE,TRUE,FALSE,FALSE,FALSE,FALSE,TRUE,FALSE,TRUE,FALSE,"{""coordinates"": [[-79.30280733904549, 43.683298303851856]], ""type"": ""MultiPoint""}"
16829,2020:0000450834,2020-03-03T15:32:00,BLOOR ST W,BRENTWOOD RD S,,3,Non-Fatal Injury,At Intersection,Stop Sign,Pedestrian Collision (internal code),Rain,Daylight,Wet,Major Arterial,FALSE,-79.51354693,43.64680341,1,,,2,6,None,Use Unknown,,,,,,,,,,passenger,,Etobicoke-Lakeshore (3),22 Division,Stonegate-Queensway,FALSE,TRUE,FALSE,FALSE,FALSE,FALSE,TRUE,FALSE,TRUE,FALSE,"{""coordinates"": [[-79.51354692761385, 43.64680340684313]], ""type"": ""MultiPoint""}"
16830,2009:1119631,2009-07-01T21:20:00,BAYVIEW AVE,BAYVIEW MEWS LANE,,6,Non-Fatal Injury,At Intersection,Traffic Signal,Pedestrian Collision (internal code),Clear,Dark,Dry,Major Arterial,FALSE,-79.38869071,43.76934417,2,,,3,22,Minimal,Lap and Shoulder Belt,,,,,,,,,,passenger,,Willowdale (18),32 Division,East Willowdale,TRUE,FALSE,FALSE,FALSE,FALSE,TRUE,TRUE,TRUE,FALSE,FALSE,"{""coordinates"": [[-79.38869071338704, 43.76934416559722]], ""type"": ""MultiPoint""}"
16831,2020:0000450834,2020-03-03T15:32:00,BLOOR ST W,BRENTWOOD RD S,,3,Non-Fatal Injury,At Intersection,Stop Sign,Pedestrian Collision (internal code),Rain,Daylight,Wet,Major Arterial,FALSE,-79.51354693,43.64680341,1,,South,3,27,Major,No Equipment Available,,,Crossing without right-of-way (intersection),Inattentive,,Driver turns left into pedestrian crossing without right-of-way (at intersection),,,,pedestrian,,Etobicoke-Lakeshore (3),22 Division,Stonegate-Queensway,FALSE,TRUE,FALSE,FALSE,FALSE,FALSE,TRUE,FALSE,TRUE,FALSE,"{""coordinates"": [[-79.51354692761385, 43.64680340684313]], ""type"": ""MultiPoint""}"
16832,2020:0000474338,2020-03-06T13:52:00,GERRARD ST E,MAIN ST,,2,Non-Fatal Injury,At Intersection,Traffic Signal,Pedestrian Collision (internal code),Clear,Daylight,Dry,Minor Arterial,FALSE,-79.30012179,43.68387813,1,,West,2,36,Major,No Equipment Available,,,Crossing with right-of-way (intersection),Normal,,Driver turns right into pedestrian crossing with right-of-way (at intersection),,,,pedestrian,,Beaches-East York (19),55 Division,East End-Danforth,TRUE,TRUE,FALSE,FALSE,FALSE,FALSE,TRUE,FALSE,FALSE,TRUE,"{""coordinates"": [[-79.30012178637803, 43.68387813406189]], ""type"": ""MultiPoint""}"
16833,2020:0000500879,2020-03-10T06:32:00,ST CLAIR AVE W,CHRISTIE ST,,2,Non-Fatal Injury,At Intersection,Traffic Signal,Pedestrian Collision (internal code),Rain,Dark with Artificial Lighting,Wet,Major Arterial,FALSE,-79.42567897,43.68163908,1,,North,2,22,Major,No Equipment Available,,,Crossing without right-of-way (intersection),Inattentive,,Driver going straight hits pedestrian crossing without right-of-way (at intersection),,,,pedestrian,,Toronto-St. Paul's (12),13 Division,Wychwood,FALSE,TRUE,FALSE,FALSE,FALSE,FALSE,TRUE,FALSE,FALSE,FALSE,"{""coordinates"": [[-79.42567896998504, 43.68163908372332]], ""type"": ""MultiPoint""}"
16834,2020:0000500922,2020-03-10T06:44:00,FRONT ST E,PARLIAMENT ST,7 m West of,2,Non-Fatal Injury,At Intersection,Traffic Signal,Pedestrian Collision (internal code),Rain,Dark,Wet,Minor Arterial,FALSE,-79.36269824,43.65149526,1,Automobile or Station Wagon,West,1,35,None,Lap and Shoulder Belt,Failed to yield right-of-way,Normal,,,Turning Left,,,,,driver,,Toronto Centre (13),51 Division,St Lawrence-East Bayfront-The Islands,TRUE,FALSE,FALSE,FALSE,FALSE,FALSE,TRUE,FALSE,FALSE,FALSE,"{""coordinates"": [[-79.36269824471266, 43.65149526244038]], ""type"": ""MultiPoint""}"
16835,2020:0000522896,2020-03-13T00:27:00,QUEEN ST E,BROADVIEW AVE,,3,Non-Fatal Injury,At Intersection,Traffic Signal,Pedestrian Collision (internal code),Clear,Dark with Artificial Lighting,Dry,Major Arterial,FALSE,-79.34981216,43.6588042,1,,North,2,22,Minimal,Use Unknown,,,Crossing without right-of-way (intersection),Normal,,Driver turns left into pedestrian crossing without right-of-way (at intersection),,,,pedestrian,,Toronto-Danforth (14),55 Division,South Riverdale,TRUE,FALSE,FALSE,FALSE,FALSE,FALSE,TRUE,FALSE,FALSE,FALSE,"{""coordinates"": [[-79.3498121616594, 43.658804202328184]], ""type"": ""MultiPoint""}"