_id,collision_id,accdate,stname1,stname2,stname3,per_inv,acclass,accloc,traffictl,impactype,visible,light,rdsfcond,road_class,failtorem,longitude,latitude,veh_no,vehtype,initdir,per_no,invage,injury,safequip,drivact,drivcond,pedact,pedcond,manoeuvre,pedtype,cyclistype,cycact,cyccond,road_user,fatal_no,wardname,division,neighbourhood,aggressive,distracted,cyclist,motorcyclist,other_micromobility,older_adult,pedestrian,red_light,school_child,heavy_truck,geometry
16883,2020:0001417758,2020-07-30T09:53:00,746 OSSINGTON AVE,,3 m East of,2,Non-Fatal Injury,At/Near Private Drive,No Control,Pedestrian Collision (internal code),Clear,Daylight,Dry,Minor Arterial,FALSE,-79.425885,43.66253127,1,,East,2,70,Major,No Equipment Available,,,Crossing - no traffic control,Normal,,Transit vehicle driver hits pedestrian anywhere along roadway,,,,pedestrian,,University-Rosedale (11),14 Division,Dovercourt Village,FALSE,FALSE,FALSE,FALSE,FALSE,TRUE,TRUE,FALSE,FALSE,TRUE,"{""coordinates"": [[-79.42588499543574, 43.6625312715482]], ""type"": ""MultiPoint""}"
16884,2020:0001419288,2020-07-30T13:40:00,SPADINA AVE,COLLEGE ST,,2,Non-Fatal Injury,At Intersection,Traffic Signal,Cyclist Collision (internal code),Clear,Daylight,Dry,Major Arterial,FALSE,-79.40001368,43.65787349,2,Pickup Truck,North,2,45,None,Use Unknown,Driving properly,Normal,,,Going Ahead,,,,,driver,,University-Rosedale (11),52 Division,Kensington-Chinatown,FALSE,TRUE,TRUE,FALSE,FALSE,FALSE,FALSE,FALSE,FALSE,FALSE,"{""coordinates"": [[-79.40001367612587, 43.657873489864386]], ""type"": ""MultiPoint""}"
16885,2020:0001468565,2020-08-06T15:57:00,941 PROGRESS AVE,,40 m East of,2,Non-Fatal Injury,Non-Intersection,No Control,Pedestrian Collision (internal code),Clear,Daylight,Dry,Minor Arterial,FALSE,-79.23180034,43.78311359,1,,South,2,53,Major,No Equipment Available,,,Crossing - no traffic control,Inattentive,,Driver hits pedestrian at midblock,,,,pedestrian,,Scarborough-Guildwood (24),43 Division,Woburn North,FALSE,TRUE,FALSE,FALSE,FALSE,FALSE,TRUE,FALSE,FALSE,FALSE,"{""coordinates"": [[-79.23180033653134, 43.78311359162372]], ""type"": ""MultiPoint""}"
16886,2020:0001487545,2020-08-09T11:06:00,YONGE ST,ELM ST,13 m South of,2,Non-Fatal Injury,Intersection-Related,No Control,Pedestrian Collision (internal code),Clear,Daylight,Dry,Major Arterial,FALSE,-79.3814971,43.65772469,1,,Unknown,2,34,Major,Use Unknown,,,Crossing - no traffic control,Inattentive,,Transit vehicle driver hits pedestrian anywhere along roadway,,,,pedestrian,,Toronto Centre (13),51 Division,Downtown Yonge East,FALSE,TRUE,FALSE,FALSE,FALSE,FALSE,TRUE,FALSE,FALSE,TRUE,"{""coordinates"": [[-79.38149710002664, 43.65772468958597]], ""type"": ""MultiPoint""}"
16887,2020:0001492582,2020-08-10T05:51:00,MARKHAM RD,FINCH AVE E,,4,Non-Fatal Injury,At Intersection,Traffic Signal,Pedestrian Collision (internal code),Clear,Dark with Artificial Lighting,Dry,Major Arterial,FALSE,-79.24303843,43.81289876,1,,,2,24,None,Lap and Shoulder Belt,,,,,,,,,,passenger,,Scarborough North (23),42 Division,Malvern West,TRUE,FALSE,FALSE,FALSE,FALSE,FALSE,TRUE,FALSE,FALSE,FALSE,"{""coordinates"": [[-79.2430384262501, 43.812898763901515]], ""type"": ""MultiPoint""}"
16888,2020:0001492582,2020-08-10T05:51:00,MARKHAM RD,FINCH AVE E,,4,Non-Fatal Injury,At Intersection,Traffic Signal,Pedestrian Collision (internal code),Clear,Dark with Artificial Lighting,Dry,Major Arterial,FALSE,-79.24303843,43.81289876,1,,,3,26,None,Lap and Shoulder Belt,,,,,,,,,,passenger,,Scarborough North (23),42 Division,Malvern West,TRUE,FALSE,FALSE,FALSE,FALSE,FALSE,TRUE,FALSE,FALSE,FALSE,"{""coordinates"": [[-79.2430384262501, 43.812898763901515]], ""type"": ""MultiPoint""}"
16889,2020:0001494344,2020-08-10T11:17:00,OAKWOOD AVE,JESMOND AVE,25 m South of,2,Non-Fatal Injury,At Intersection,Traffic Signal,Cyclist Collision (internal code),Clear,Daylight,Dry,Minor Arterial,FALSE,-79.43948819,43.68945542,2,Automobile or Station Wagon,North,2,66,None,Lap and Shoulder Belt,Driving properly,Normal,,,Going Ahead,,,,,driver,,Toronto-St. Paul's (12),13 Division,Oakwood Village,FALSE,FALSE,TRUE,FALSE,FALSE,TRUE,FALSE,FALSE,TRUE,FALSE,"{""coordinates"": [[-79.43948818680227, 43.689455415122474]], ""type"": ""MultiPoint""}"
16895,2020:0001551312,2020-08-18T12:35:00,HILDA AVE,MOORE PARK AVE,,2,Non-Fatal Injury,At Intersection,Stop Sign,Cyclist Collision (internal code),Clear,Daylight,Dry,Collector,FALSE,-79.42683085,43.79204784,2,Automobile or Station Wagon,South,2,81,None,Lap and Shoulder Belt,Driving properly,Normal,,,Going Ahead,,,,,driver,,Willowdale (18),32 Division,Newtonbrook West,FALSE,TRUE,TRUE,FALSE,FALSE,TRUE,FALSE,FALSE,TRUE,FALSE,"{""coordinates"": [[-79.42683085072788, 43.79204784058407]], ""type"": ""MultiPoint""}"
16896,2020:0001566873,2020-08-20T15:35:00,SHEPPARD AVE W,KEELE ST,,6,Non-Fatal Injury,At Intersection,Traffic Signal,Pedestrian Collision (internal code),Clear,Daylight,Dry,Major Arterial,FALSE,-79.48640895,43.74470372,2,,,4,49,Minimal,Lap and Shoulder Belt,,,,,,,,,,passenger,,York Centre (6),31 Division,Downsview,TRUE,FALSE,FALSE,FALSE,FALSE,FALSE,TRUE,TRUE,FALSE,TRUE,"{""coordinates"": [[-79.48640895029743, 43.744703715366335]], ""type"": ""MultiPoint""}"
16897,2020:0001566873,2020-08-20T15:35:00,SHEPPARD AVE W,KEELE ST,,6,Non-Fatal Injury,At Intersection,Traffic Signal,Pedestrian Collision (internal code),Clear,Daylight,Dry,Major Arterial,FALSE,-79.48640895,43.74470372,1,Automobile or Station Wagon,East,1,43,Minor,Lap and Shoulder Belt,Disobeyed traffic control,Normal,,,Turning Right,,,,,driver,,York Centre (6),31 Division,Downsview,TRUE,FALSE,FALSE,FALSE,FALSE,FALSE,TRUE,TRUE,FALSE,TRUE,"{""coordinates"": [[-79.48640895029743, 43.744703715366335]], ""type"": ""MultiPoint""}"
16898,2020:0001567749,2020-08-20T17:43:00,1602 BATHURST ST,,50 m South of,2,Non-Fatal Injury,Non-Intersection,No Control,Pedestrian Collision (internal code),Clear,Daylight,Dry,Major Arterial,FALSE,-79.42053674,43.68866575,1,,West,2,34,Major,No Equipment Available,,,Crossing - no traffic control,Normal,,Driver hits pedestrian at midblock,,,,pedestrian,,Toronto-St. Paul's (12),13 Division,Forest Hill South,FALSE,FALSE,FALSE,FALSE,FALSE,FALSE,TRUE,FALSE,FALSE,FALSE,"{""coordinates"": [[-79.42053673703207, 43.68866574670986]], ""type"": ""MultiPoint""}"
16899,2020:0001584883,2020-08-23T04:21:00,ST CLAIR AVE E,KENNEDY RD,,2,Non-Fatal Injury,At Intersection,Traffic Signal,Cyclist Collision (internal code),Clear,Dark with Artificial Lighting,Dry,Major Arterial,TRUE,-79.26130332,43.71645178,2,Bicycle,North,2,44,Major,Helmet,,,,,Going Ahead,,"Driver without right-of-way drives into path of cyclist (at intersection, laneway, or driveway)",Driving Properly,Normal,cyclist,,Scarborough Southwest (20),41 Division,Clairlea-Birchmount,FALSE,FALSE,TRUE,FALSE,FALSE,FALSE,FALSE,FALSE,FALSE,FALSE,"{""coordinates"": [[-79.26130331556092, 43.71645178157624]], ""type"": ""MultiPoint""}"
16900,2020:0001600299,2020-08-25T10:11:00,ROYAL YORK RD,SIMPSON AVE,,2,Non-Fatal Injury,At Intersection,No Control,Cyclist Collision (internal code),Clear,Daylight,Dry,Minor Arterial,FALSE,-79.49925711,43.61830761,2,Bicycle,South,2,51,Major,Lap and Shoulder Belt,,,,,Going Ahead,,Rear end with cyclist and driver travelling in same direction,Driving Properly,Had Been Drinking,cyclist,,Etobicoke-Lakeshore (3),22 Division,Mimico-Queensway,FALSE,FALSE,TRUE,FALSE,FALSE,FALSE,FALSE,FALSE,FALSE,FALSE,"{""coordinates"": [[-79.49925710500689, 43.61830761452119]], ""type"": ""MultiPoint""}"
16901,2020:0001603307,2020-08-25T17:36:00,HOWARD ST,EDGEDALE RD,,2,Non-Fatal Injury,At Intersection,Stop Sign,Cyclist Collision (internal code),Clear,Daylight,Dry,Local,FALSE,-79.3732268,43.67126304,1,Bicycle,East,1,33,Major,Helmet,,,,,Going Ahead,,"Cyclist without right-of-way rides into path of driver (at intersection, laneway, or driveway)",Wrong Way on One Way Road,Normal,cyclist,,Toronto Centre (13),51 Division,North St.James Town,FALSE,FALSE,TRUE,FALSE,FALSE,FALSE,FALSE,FALSE,FALSE,FALSE,"{""coordinates"": [[-79.37322680001905, 43.67126303538483]], ""type"": ""MultiPoint""}"
16902,2020:0001636966,2020-08-30T13:40:00,BRIMLEY RD,BARKDENE HILLS,50 m South of,2,Non-Fatal Injury,Non-Intersection,No Control,Cyclist Collision (internal code),Clear,Daylight,Dry,Collector,TRUE,-79.23892627,43.71479236,2,Bicycle,North,2,29,Major,Helmet,,,,,Going Ahead,,Rear end with cyclist and driver travelling in same direction,Driving Properly,Normal,cyclist,,Scarborough Southwest (20),41 Division,Cliffcrest,TRUE,FALSE,TRUE,FALSE,FALSE,FALSE,FALSE,FALSE,FALSE,FALSE,"{""coordinates"": [[-79.23892626647023, 43.71479236085203]], ""type"": ""MultiPoint""}"
16903,2020:0001650875,2020-09-01T12:38:00,BLOOR ST W,GLADSTONE AVE,9 m South of,2,Non-Fatal Injury,At Intersection,No Control,Cyclist Collision (internal code),Clear,Daylight,Dry,Major Arterial,FALSE,-79.43382721,43.6601738,1,Automobile or Station Wagon,East,1,53,None,Lap and Shoulder Belt,Improper lane change,Normal,,,Slowing or Stopping,,,,,driver,,Davenport (9),14 Division,Dufferin Grove,FALSE,FALSE,TRUE,FALSE,FALSE,FALSE,FALSE,FALSE,FALSE,FALSE,"{""coordinates"": [[-79.43382721432282, 43.66017380099111]], ""type"": ""MultiPoint""}"
16906,2020:0001675722,2020-09-04T20:30:00,WILSON AVE,AVENUE RD,,5,Non-Fatal Injury,Intersection-Related,Traffic Signal,Pedestrian Collision (internal code),Clear,Daylight,Dry,Major Arterial,TRUE,-79.42160477,43.73979793,1,,North,5,80,Major,No Equipment Available,,,Crossing with right-of-way (intersection),Normal,,Driver going straight hits pedestrian crossing with right-of-way (at intersection),,,,pedestrian,,Eglinton-Lawrence (8),32 Division,Bedford Park-Nortown,FALSE,FALSE,FALSE,FALSE,FALSE,TRUE,TRUE,FALSE,FALSE,TRUE,"{""coordinates"": [[-79.42160477086638, 43.73979793438975]], ""type"": ""MultiPoint""}"
16907,2020:0001675722,2020-09-04T20:30:00,WILSON AVE,AVENUE RD,,5,Non-Fatal Injury,Intersection-Related,Traffic Signal,Pedestrian Collision (internal code),Clear,Daylight,Dry,Major Arterial,TRUE,-79.42160477,43.73979793,3,Automobile or Station Wagon,South,3,30,None,Lap and Shoulder Belt,Driving properly,Normal,,,Going Ahead,,,,,driver,,Eglinton-Lawrence (8),32 Division,Bedford Park-Nortown,FALSE,FALSE,FALSE,FALSE,FALSE,TRUE,TRUE,FALSE,FALSE,TRUE,"{""coordinates"": [[-79.42160477086638, 43.73979793438975]], ""type"": ""MultiPoint""}"
16908,2020:0001675722,2020-09-04T20:30:00,WILSON AVE,AVENUE RD,,5,Non-Fatal Injury,Intersection-Related,Traffic Signal,Pedestrian Collision (internal code),Clear,Daylight,Dry,Major Arterial,TRUE,-79.42160477,43.73979793,2,Automobile or Station Wagon,West,2,,None,Use Unknown,Other,Unknown,,,Going Ahead,,,,,driver,,Eglinton-Lawrence (8),32 Division,Bedford Park-Nortown,FALSE,FALSE,FALSE,FALSE,FALSE,TRUE,TRUE,FALSE,FALSE,TRUE,"{""coordinates"": [[-79.42160477086638, 43.73979793438975]], ""type"": ""MultiPoint""}"
16909,2020:0001676594,2020-09-04T23:14:00,LAWRENCE AVE E,MORNINGSIDE AVE,53 m West of,2,Non-Fatal Injury,Non-Intersection,No Control,Pedestrian Collision (internal code),Clear,Dark with Artificial Lighting,Dry,Major Arterial,FALSE,-79.18707678,43.76813323,1,,West,2,26,Major,Use Unknown,,,Pushing or working on vehicle,Ability Impaired - Alcohol,,Driver hits pedestrian at midblock,,,,pedestrian,,Scarborough-Guildwood (24),43 Division,West Hill,FALSE,FALSE,FALSE,FALSE,FALSE,FALSE,TRUE,FALSE,FALSE,FALSE,"{""coordinates"": [[-79.18707677578404, 43.76813322785672]], ""type"": ""MultiPoint""}"
16910,2020:0001684477,2020-09-06T04:33:00,WESTON RD,TORYORK DR,16 m South of,2,Non-Fatal Injury,Intersection-Related,Traffic Signal,Pedestrian Collision (internal code),Clear,Dark with Artificial Lighting,Dry,Major Arterial,TRUE,-79.54266817,43.75326396,1,,Unknown,2,29,Major,No Equipment Available,,,On sidewalk or shoulder,Normal,,Driver hits pedestrian on sidewalk or shoulder,,,,pedestrian,,Humber River-Black Creek (7),31 Division,Humber Summit,FALSE,FALSE,FALSE,FALSE,FALSE,FALSE,TRUE,FALSE,FALSE,FALSE,"{""coordinates"": [[-79.54266816814905, 43.753263956763995]], ""type"": ""MultiPoint""}"
16911,2020:0001725469,2020-09-12T02:56:00,DUNDAS ST E,PARLIAMENT ST,,2,Non-Fatal Injury,Intersection-Related,Traffic Signal,Pedestrian Collision (internal code),Clear,Dark with Artificial Lighting,Dry,Major Arterial,TRUE,-79.36597888,43.6593688,1,Automobile or Station Wagon,East,1,25,None,Use Unknown,Disobeyed traffic control,Unknown,,,Going Ahead,,,,,driver,,Toronto Centre (13),51 Division,Regent Park,TRUE,FALSE,FALSE,FALSE,FALSE,FALSE,TRUE,TRUE,FALSE,FALSE,"{""coordinates"": [[-79.3659788790624, 43.65936880106088]], ""type"": ""MultiPoint""}"
16912,2020:0001740995,2020-09-14T12:00:00,VICTORIA ST,SHUTER ST,84 m North of,2,Non-Fatal Injury,Non-Intersection,No Control,Pedestrian Collision (internal code),Clear,Daylight,Dry,Collector,FALSE,-79.37908621,43.65510399,1,,Unknown,2,38,Major,No Equipment Available,,,Other,Normal,,Other,,,,pedestrian,,Toronto Centre (13),51 Division,Downtown Yonge East,FALSE,TRUE,FALSE,FALSE,FALSE,FALSE,TRUE,FALSE,FALSE,FALSE,"{""coordinates"": [[-79.37908621063264, 43.65510398961157]], ""type"": ""MultiPoint""}"
16913,2020:0002343661,2020-12-12T18:11:00,BURNHAMTHORPE RD,RENFORTH DR,4 m East of,6,Non-Fatal Injury,At Intersection,Traffic Signal,Pedestrian Collision (internal code),Clear,Dusk with Artificial Lighting,Dry,Major Arterial,FALSE,-79.57244594,43.64326726,1,,,5,6,None,Lap and Shoulder Belt,,,,,,,,,,passenger,,Etobicoke Centre (2),22 Division,Etobicoke West Mall,TRUE,FALSE,FALSE,FALSE,FALSE,TRUE,TRUE,FALSE,TRUE,FALSE,"{""coordinates"": [[-79.5724459368039, 43.643267256764105]], ""type"": ""MultiPoint""}"
16914,2020:0001743037,2020-09-14T17:22:00,LAKE SHORE BLVD E,LESLIE ST,,2,Non-Fatal Injury,Intersection-Related,Traffic Signal,Pedestrian Collision (internal code),Clear,Daylight,Dry,Major Arterial,FALSE,-79.32841167,43.65916275,1,,South,2,,Major,Use Unknown,,,Crossing with right-of-way (intersection),Normal,,Driver turns right into pedestrian crossing with right-of-way (at intersection),,,,pedestrian,,Toronto-Danforth (14),55 Division,South Riverdale,TRUE,FALSE,FALSE,FALSE,FALSE,FALSE,TRUE,FALSE,FALSE,FALSE,"{""coordinates"": [[-79.32841166811316, 43.65916275250733]], ""type"": ""MultiPoint""}"
16915,2020:0001764344,2020-09-17T15:44:00,BELFIELD RD,MARTIN GROVE RD,,2,Non-Fatal Injury,At Intersection,Traffic Signal,Pedestrian Collision (internal code),Clear,Daylight,Dry,Major Arterial,FALSE,-79.57558914,43.70187624,1,,East,2,51,Major,No Equipment Available,,,Crossing with right-of-way (intersection),Normal,,Driver turns left into pedestrian crossing with right-of-way (at intersection),,,,pedestrian,,Etobicoke North (1),23 Division,West Humber-Clairville,TRUE,FALSE,FALSE,FALSE,FALSE,FALSE,TRUE,FALSE,FALSE,FALSE,"{""coordinates"": [[-79.57558914141431, 43.701876235302855]], ""type"": ""MultiPoint""}"
16916,2021:1000349866,2021-02-24T11:25:00,1260 ST CLAIR AVE W,,,4,Non-Fatal Injury,Non-Intersection,No Control,Pedestrian Collision (internal code),Clear,Daylight,Wet,Major Arterial,FALSE,-79.44653015,43.6771187,1,,Unknown,2,28,Major,Use Unknown,,,Other,Normal,,Driver reversing hits pedestrian,,,,pedestrian,,Davenport (9),13 Division,Corso Italia-Davenport,FALSE,FALSE,FALSE,FALSE,FALSE,TRUE,TRUE,FALSE,FALSE,FALSE,"{""coordinates"": [[-79.44653015196457, 43.677118698568684]], ""type"": ""MultiPoint""}"
16917,2020:0001766011,2020-09-17T20:00:00,QUEEN ST E,CARROLL ST,3 m West of,2,Non-Fatal Injury,At Intersection,Pedestrian Crossover,Pedestrian Collision (internal code),Clear,Dark with Artificial Lighting,Dry,Major Arterial,FALSE,-79.35220017,43.6582587,1,Automobile or Station Wagon,West,1,56,None,Lap and Shoulder Belt,Other,Had Been Drinking,,,Going Ahead,,,,,driver,,Toronto-Danforth (14),55 Division,South Riverdale,FALSE,TRUE,FALSE,FALSE,FALSE,FALSE,TRUE,FALSE,FALSE,FALSE,"{""coordinates"": [[-79.3522001675609, 43.65825870420109]], ""type"": ""MultiPoint""}"
16918,2020:0001772544,2020-09-18T18:18:00,MUTUAL ST,CARLTON ST,,2,Non-Fatal Injury,Non-Intersection,No Control,Pedestrian Collision (internal code),Clear,Dusk with Artificial Lighting,Dry,Local,TRUE,-79.37814015,43.66239006,1,,West,2,60,Major,No Equipment Available,,,Crossing - no traffic control,Had Been Drinking,,Driver hits pedestrian at midblock,,,,pedestrian,,Toronto Centre (13),51 Division,Church-Wellesley,FALSE,FALSE,FALSE,FALSE,FALSE,FALSE,TRUE,FALSE,FALSE,FALSE,"{""coordinates"": [[-79.37814015287209, 43.66239005838972]], ""type"": ""MultiPoint""}"
16920,2020:0001780907,2020-09-19T21:25:00,ST CLAIR AVE W,HARVIE AVE,,2,Non-Fatal Injury,Intersection-Related,No Control,Pedestrian Collision (internal code),Clear,Dark with Artificial Lighting,Dry,Local,FALSE,-79.44978791,43.67639391,1,Municipal Transit Bus (TTC),West,1,32,None,Lap and Shoulder Belt,Lost control,Inattentive,,,Going Ahead,,,,,driver,,Davenport (9),13 Division,Corso Italia-Davenport,FALSE,TRUE,FALSE,FALSE,FALSE,FALSE,TRUE,FALSE,FALSE,TRUE,"{""coordinates"": [[-79.44978791073518, 43.676393910965736]], ""type"": ""MultiPoint""}"
16921,2020:0001784235,2020-09-20T11:01:00,4400 DUFFERIN ST,STANSTEAD DR,,3,Non-Fatal Injury,Intersection-Related,Traffic Signal,Pedestrian Collision (internal code),Clear,Daylight,Dry,Major Arterial,FALSE,-79.46613759,43.76537934,1,,,2,45,None,Lap and Shoulder Belt,,,,,,,,,,passenger,,York Centre (6),32 Division,Bathurst Manor,FALSE,FALSE,FALSE,FALSE,FALSE,FALSE,TRUE,FALSE,FALSE,FALSE,"{""coordinates"": [[-79.46613758670489, 43.76537934370251]], ""type"": ""MultiPoint""}"
16922,2020:0001784235,2020-09-20T11:01:00,4400 DUFFERIN ST,STANSTEAD DR,,3,Non-Fatal Injury,Intersection-Related,Traffic Signal,Pedestrian Collision (internal code),Clear,Daylight,Dry,Major Arterial,FALSE,-79.46613759,43.76537934,1,,West,3,49,Major,No Equipment Available,,,Crossing without right-of-way (intersection),Normal,,Driver going straight hits pedestrian crossing without right-of-way (at intersection),,,,pedestrian,,York Centre (6),32 Division,Bathurst Manor,FALSE,FALSE,FALSE,FALSE,FALSE,FALSE,TRUE,FALSE,FALSE,FALSE,"{""coordinates"": [[-79.46613758670489, 43.76537934370251]], ""type"": ""MultiPoint""}"
16924,2020:0001787576,2020-09-20T20:58:00,SEWELLS RD,KENGATE DR,,2,Non-Fatal Injury,Intersection-Related,No Control,Pedestrian Collision (internal code),Clear,Dark with Artificial Lighting,Dry,Local,FALSE,-79.20297642,43.81918916,1,,East,2,23,Major,Use Unknown,,,Crossing with right-of-way (intersection),Normal,,Driver turns left into pedestrian crossing with right-of-way (at intersection),,,,pedestrian,,Scarborough-Rouge Park (25),42 Division,Morningside Heights,FALSE,TRUE,FALSE,FALSE,FALSE,FALSE,TRUE,FALSE,FALSE,FALSE,"{""coordinates"": [[-79.20297641922774, 43.81918916326384]], ""type"": ""MultiPoint""}"
16925,2020:0001789627,2020-09-21T06:15:00,LAWRENCE AVE E,CROCKFORD BLVD,,2,Non-Fatal Injury,Intersection-Related,Traffic Signal,Pedestrian Collision (internal code),Clear,Dark,Dry,Major Arterial,FALSE,-79.29123345,43.74602717,1,,North,2,58,Major,No Equipment Available,,,Crossing with right-of-way (intersection),Normal,,Driver turns left into pedestrian crossing with right-of-way (at intersection),,,,pedestrian,,Scarborough Centre (21),41 Division,Wexford/Maryvale,TRUE,FALSE,FALSE,FALSE,FALSE,FALSE,TRUE,FALSE,FALSE,TRUE,"{""coordinates"": [[-79.29123344572547, 43.74602716898425]], ""type"": ""MultiPoint""}"
16926,2020:0001844601,2020-09-28T16:25:00,2301 BRIMLEY RD,HUNTINGWOOD DR,12 m West of,2,Non-Fatal Injury,At/Near Private Drive,Traffic Signal,Pedestrian Collision (internal code),Clear,Daylight,Dry,Major Arterial,FALSE,-79.27266342,43.79685799,1,Automobile or Station Wagon,West,1,72,None,Use Unknown,Failed to yield right-of-way,Inattentive,,,Turning Left,,,,,driver,,Scarborough North (23),42 Division,Agincourt North,TRUE,TRUE,FALSE,FALSE,FALSE,TRUE,TRUE,FALSE,FALSE,FALSE,"{""coordinates"": [[-79.27266342340383, 43.79685799246728]], ""type"": ""MultiPoint""}"
16927,2020:0001886672,2020-10-04T19:06:00,FINCH AVE W,DUFFERIN ST,,2,Non-Fatal Injury,At Intersection,Traffic Signal,Pedestrian Collision (internal code),Rain,Dark with Artificial Lighting,Wet,Major Arterial,FALSE,-79.46688526,43.76878205,1,Automobile or Station Wagon,West,1,20,None,Lap and Shoulder Belt,Improper turn,Normal,,,Turning Left,,,,,driver,,York Centre (6),32 Division,Bathurst Manor,FALSE,FALSE,FALSE,FALSE,FALSE,TRUE,TRUE,FALSE,FALSE,FALSE,"{""coordinates"": [[-79.46688526453674, 43.76878205393239]], ""type"": ""MultiPoint""}"
16928,2020:0001887920,2020-10-05T00:01:00,73 QUEENS PARK CRES E,,5 m North of,3,Non-Fatal Injury,At Intersection,Traffic Signal,Pedestrian Collision (internal code),Clear,Dark with Artificial Lighting,Wet,Major Arterial,FALSE,-79.39185783,43.66585001,1,Automobile or Station Wagon,North,1,27,None,Lap and Shoulder Belt,Driving properly,Normal,,,Going Ahead,,,,,driver,,University-Rosedale (11),52 Division,Bay-Cloverhill,FALSE,TRUE,FALSE,FALSE,FALSE,FALSE,TRUE,FALSE,FALSE,FALSE,"{""coordinates"": [[-79.39185782528364, 43.66585000799311]], ""type"": ""MultiPoint""}"
16929,2020:0001888884,2020-10-05T07:12:00,JANE ST,GRANDRAVINE DR,,2,Non-Fatal Injury,At Intersection,Traffic Signal,Pedestrian Collision (internal code),Clear,Daylight,Dry,Major Arterial,FALSE,-79.51508788,43.74702308,1,,West,2,62,Major,Use Unknown,,,Crossing without right-of-way (intersection),Inattentive,,Driver going straight hits pedestrian crossing without right-of-way (at intersection),,,,pedestrian,,Humber River-Black Creek (7),31 Division,Glenfield-Jane Heights,FALSE,TRUE,FALSE,FALSE,FALSE,FALSE,TRUE,FALSE,FALSE,FALSE,"{""coordinates"": [[-79.51508788206057, 43.74702308411172]], ""type"": ""MultiPoint""}"
16930,2020:0001892662,2020-10-05T16:40:00,BATHURST ST,SHEPPARD AVE W,80 m North of,2,Non-Fatal Injury,Non-Intersection,No Control,Pedestrian Collision (internal code),Clear,Daylight,Dry,Major Arterial,FALSE,-79.4386107,43.75609052,1,Passenger Van,South,1,34,None,Lap and Shoulder Belt,Driving properly,Normal,,,Going Ahead,,,,,driver,,York Centre (6),32 Division,Bathurst Manor,FALSE,TRUE,FALSE,FALSE,FALSE,FALSE,TRUE,FALSE,TRUE,FALSE,"{""coordinates"": [[-79.43861069638919, 43.75609052363328]], ""type"": ""MultiPoint""}"
16931,2020:0001894720,2020-10-05T23:12:00,UNIVERSITY AVE,COLLEGE ST,4 m North of,2,Non-Fatal Injury,At Intersection,Traffic Signal,Pedestrian Collision (internal code),Clear,Dusk with Artificial Lighting,Dry,Major Arterial,FALSE,-79.39045402,43.65978464,1,Automobile or Station Wagon,West,1,59,None,Lap and Shoulder Belt,Failed to yield right-of-way,Normal,,,Turning Right,,,,,driver,,University-Rosedale (11),52 Division,Yonge-Bay Corridor,TRUE,FALSE,FALSE,FALSE,FALSE,TRUE,TRUE,FALSE,FALSE,FALSE,"{""coordinates"": [[-79.39045402337518, 43.65978463871155]], ""type"": ""MultiPoint""}"
16932,2020:0001912366,2020-10-08T14:10:00,LAWRENCE AVE W,BATHURST ST,3 m South of,2,Non-Fatal Injury,At Intersection,Traffic Signal,Pedestrian Collision (internal code),Rain,Daylight,Wet,Major Arterial,TRUE,-79.4297759,43.71918714,1,Automobile or Station Wagon,East,1,,None,Use Unknown,Improper turn,Unknown,,,Turning Right,,,,,driver,,Eglinton-Lawrence (8),53 Division,Bedford Park-Nortown,FALSE,FALSE,FALSE,FALSE,FALSE,TRUE,TRUE,FALSE,FALSE,FALSE,"{""coordinates"": [[-79.42977590052126, 43.71918714230097]], ""type"": ""MultiPoint""}"
16933,2020:0001931088,2020-10-11T11:20:00,WOODBINE AVE,KINGSTON RD,,2,Non-Fatal Injury,At Intersection,Traffic Signal,Cyclist Collision (internal code),Clear,Daylight,Dry,Major Arterial,FALSE,-79.30788854,43.67385694,2,Bicycle,North,2,40,Major,Use Unknown,,,,,Going Ahead,,Driver turns left into path of cyclist,Driving Properly,Normal,cyclist,,Beaches-East York (19),55 Division,The Beaches,TRUE,TRUE,TRUE,FALSE,FALSE,FALSE,FALSE,FALSE,FALSE,FALSE,"{""coordinates"": [[-79.307888537826, 43.673856935732786]], ""type"": ""MultiPoint""}"
16934,2020:0001934074,2020-10-11T20:30:00,Kingston Road,Glen Everest Road,,2,Non-Fatal Injury,At Intersection,Traffic Signal,Cyclist Collision (internal code),Clear,Dusk with Artificial Lighting,Dry,Major Arterial,FALSE,-79.25675621,43.69754232,2,Motorcycle,West,2,31,Minimal,Helmet,Driving properly,Normal,,,Going Ahead,,,,,motorcyclist,,Scarborough Southwest (20),41 Division,Birchcliffe-Cliffside,FALSE,TRUE,TRUE,TRUE,FALSE,FALSE,FALSE,FALSE,TRUE,FALSE,"{""coordinates"": [[-79.25675621080673, 43.69754231977486]], ""type"": ""MultiPoint""}"