_id,collision_id,accdate,stname1,stname2,stname3,per_inv,acclass,accloc,traffictl,impactype,visible,light,rdsfcond,road_class,failtorem,longitude,latitude,veh_no,vehtype,initdir,per_no,invage,injury,safequip,drivact,drivcond,pedact,pedcond,manoeuvre,pedtype,cyclistype,cycact,cyccond,road_user,fatal_no,wardname,division,neighbourhood,aggressive,distracted,cyclist,motorcyclist,other_micromobility,older_adult,pedestrian,red_light,school_child,heavy_truck,geometry
17413,2026:6001483277,2026-07-17T12:24:00,BIRCHMOUNT RD,MCNICOLL AV,,3,Non-Fatal Injury,Intersection-Related,Traffic Signal,Angle,Clear,Daylight,Dry,,FALSE,-79.31113055,43.80863807,1,Automobile or Station Wagon,South,1,47,Minimal,Lap and Shoulder Belt,Disobeyed traffic control,Normal,,,Going Ahead,,,,,driver,,Scarborough-Agincourt (22),42 Division,Steeles,TRUE,FALSE,FALSE,FALSE,FALSE,TRUE,FALSE,TRUE,FALSE,FALSE,"{""coordinates"": [[-79.31113054932395, 43.80863807343152]], ""type"": ""MultiPoint""}"
17414,2026:6001496780,2026-07-19T09:37:00,WESTON RD,HUMBERVIEW CRES,,2,Non-Fatal Injury,T Intersection,Stop Sign,Rear End,Clear,Daylight,Dry,,TRUE,-79.53300904,43.70671737,2,Motorcycle,North,2,66,Major,Helmet,Driving properly,Normal,,,Going Ahead,,,,,motorcyclist,,York South-Weston (5),12 Division,Weston,TRUE,FALSE,FALSE,TRUE,FALSE,TRUE,FALSE,FALSE,FALSE,FALSE,"{""coordinates"": [[-79.53300904339177, 43.70671736563837]], ""type"": ""MultiPoint""}"
17415,2026:6001502994,2026-07-20T07:39:00,700 KING ST W,BATHURST ST,73 m West of,2,Non-Fatal Injury,Non-Intersection,No Control,SMV Other,Clear,Daylight,Dry,,FALSE,-79.40402693,43.64366021,1,,,2,27,Major,Use Unknown,,,Unknown,Unknown,,,,,,pedestrian,,Spadina-Fort York (10),14 Division,West Queen West,FALSE,TRUE,FALSE,FALSE,FALSE,FALSE,TRUE,FALSE,FALSE,FALSE,"{""coordinates"": [[-79.40402692808485, 43.64366021488141]], ""type"": ""MultiPoint""}"
17417,2006:885782,2006-01-04T19:40:00,DUFFERIN ST,SYLVAN AVE,,2,Non-Fatal Injury,At Intersection,Traffic Signal,Pedestrian Collision (internal code),Rain,Dark,Wet,Major Arterial,FALSE,-79.43359097,43.65514426,2,,East,2,77,Major,Other Safety Equipment Used,,,Crossing without right-of-way (intersection),Normal,,Driver going straight hits pedestrian crossing without right-of-way (at intersection),,,,pedestrian,,Davenport (9),11 Division,Dufferin Grove,FALSE,FALSE,FALSE,FALSE,FALSE,TRUE,TRUE,FALSE,FALSE,FALSE,"{""coordinates"": [[-79.43359096732753, 43.65514425525131]], ""type"": ""MultiPoint""}"
17418,2006:882079,2006-01-06T22:10:00,DON MILLS RD,LEITH HILL RD,,2,Non-Fatal Injury,At Intersection,Traffic Signal,Pedestrian Collision (internal code),Clear,Dark with Artificial Lighting,Dry,Major Arterial,FALSE,-79.34785864,43.77705512,1,Automobile or Station Wagon,South,1,54,None,Lap and Shoulder Belt,Driving properly,Normal,,,Going Ahead,,,,,driver,,Don Valley North (17),33 Division,Don Valley Village,FALSE,TRUE,FALSE,FALSE,FALSE,FALSE,TRUE,FALSE,FALSE,FALSE,"{""coordinates"": [[-79.34785863838832, 43.77705511584983]], ""type"": ""MultiPoint""}"
17424,2006:886039,2006-01-09T18:20:00,FINCH AVE E,MIDDLEFIELD RD,,3,Non-Fatal Injury,At Intersection,Traffic Signal,Pedestrian Collision (internal code),Clear,Dark with Artificial Lighting,Dry,Major Arterial,FALSE,-79.25766346,43.80981601,1,,,1,,,Other Safety Equipment Used,,,,,,,,,,other,,Scarborough North (23),42 Division,Agincourt North,FALSE,TRUE,FALSE,FALSE,FALSE,FALSE,TRUE,FALSE,FALSE,TRUE,"{""coordinates"": [[-79.25766346401835, 43.80981601199663]], ""type"": ""MultiPoint""}"
17425,2006:882912,2006-01-14T09:04:00,WESTON RD,CORONADO CRT,,3,Non-Fatal Injury,,Pedestrian Crossover,Pedestrian Collision (internal code),Strong Wind,Daylight,Ice,Major Arterial,FALSE,-79.53989099,43.74104436,1,,,1,,,Other Safety Equipment Used,,,,,,,,,,owner,,Humber River-Black Creek (7),31 Division,Humbermede,TRUE,FALSE,FALSE,FALSE,FALSE,TRUE,TRUE,FALSE,FALSE,FALSE,"{""coordinates"": [[-79.53989098828116, 43.741044355050235]], ""type"": ""MultiPoint""}"
17426,2006:886573,2006-01-14T20:58:00,EGLINTON AVE W,BRAEMAR AVE,,2,Non-Fatal Injury,,No Control,Pedestrian Collision (internal code),Clear,Dark,Dry,Major Arterial,FALSE,-79.40959084,43.70434421,2,,North,2,26,Major,Other Safety Equipment Used,,,Crossing - no traffic control,Normal,,Driver going straight hits pedestrian crossing without right-of-way (at intersection),,,,pedestrian,,Toronto-St. Paul's (12),53 Division,Yonge-Eglinton,FALSE,FALSE,FALSE,FALSE,FALSE,FALSE,TRUE,FALSE,FALSE,FALSE,"{""coordinates"": [[-79.40959084211386, 43.70434420602721]], ""type"": ""MultiPoint""}"
17427,2006:886552,2006-01-15T18:12:00,3367 DUNDAS ST W,,,2,Non-Fatal Injury,,No Control,Pedestrian Collision (internal code),Clear,Dark,Dry,Major Arterial,FALSE,-79.48289104,43.66554432,2,,,2,52,Major,Other Safety Equipment Used,,,Crossing without right-of-way (intersection),Medical or Physical Disability,,Driver hits pedestrian at midblock,,,,pedestrian,,Parkdale-High Park (4),11 Division,Runnymede-Bloor West Village,FALSE,FALSE,FALSE,FALSE,FALSE,FALSE,TRUE,FALSE,FALSE,FALSE,"{""coordinates"": [[-79.48289104440687, 43.66554432302919]], ""type"": ""MultiPoint""}"
17428,2006:887039,2006-01-17T19:40:00,SHEPPARD AVE W,SENLAC RD,,2,Non-Fatal Injury,At Intersection,Traffic Signal,Pedestrian Collision (internal code),Rain,Dark,Wet,Major Arterial,FALSE,-79.42259078,43.75894421,2,,South,1,59,Major,Other Safety Equipment Used,,,Crossing without right-of-way (intersection),Normal,,Driver going straight hits pedestrian crossing without right-of-way (at intersection),,,,pedestrian,,Willowdale (18),32 Division,Lansing-Westgate,FALSE,FALSE,FALSE,FALSE,FALSE,FALSE,TRUE,FALSE,FALSE,FALSE,"{""coordinates"": [[-79.42259078104102, 43.75894420820678]], ""type"": ""MultiPoint""}"
17429,2006:886747,2006-01-17T22:00:00,LAWRENCE AVE E,COLLINSGROVE RD,,2,Non-Fatal Injury,At Intersection,Traffic Signal,Pedestrian Collision (internal code),Rain,Dark,Wet,Minor Arterial,FALSE,-79.18279039,43.76914393,2,,South,2,63,Major,Other Safety Equipment Used,,,Crossing with right-of-way (intersection),Medical or Physical Disability,,Driver turns left into pedestrian crossing with right-of-way (at intersection),,,,pedestrian,,Scarborough-Rouge Park (25),43 Division,West Hill,TRUE,FALSE,FALSE,FALSE,FALSE,FALSE,TRUE,FALSE,FALSE,FALSE,"{""coordinates"": [[-79.18279039219308, 43.7691439294109]], ""type"": ""MultiPoint""}"
17430,2006:892999,2006-01-17T23:50:00,KING EDWARD AVE,BURRELL AVE,,3,Non-Fatal Injury,,No Control,Pedestrian Collision (internal code),Rain,Dark,Wet,Local,FALSE,-79.31139068,43.69044407,2,,,3,40,Major,Other Safety Equipment Used,,,Other,Unknown,,Other,,,,pedestrian,,Beaches-East York (19),55 Division,Woodbine-Lumsden,FALSE,FALSE,FALSE,FALSE,FALSE,FALSE,TRUE,FALSE,FALSE,FALSE,"{""coordinates"": [[-79.31139068293851, 43.690444073619354]], ""type"": ""MultiPoint""}"
17431,2006:892999,2006-01-17T23:50:00,KING EDWARD AVE,BURRELL AVE,,3,Non-Fatal Injury,,No Control,Pedestrian Collision (internal code),Rain,Dark,Wet,Local,FALSE,-79.31139068,43.69044407,1,Automobile or Station Wagon,North,2,37,None,Other Safety Equipment Used,Other,Unknown,,,Other,,,,,driver,,Beaches-East York (19),55 Division,Woodbine-Lumsden,FALSE,FALSE,FALSE,FALSE,FALSE,FALSE,TRUE,FALSE,FALSE,FALSE,"{""coordinates"": [[-79.31139068293851, 43.690444073619354]], ""type"": ""MultiPoint""}"
17433,2006:884310,2006-01-22T02:30:00,460 CORONATION DR,,,3,Non-Fatal Injury,,No Control,Pedestrian Collision (internal code),Clear,Dark,Dry,Collector,FALSE,-79.17039038,43.76504392,1,,,2,,,Other Safety Equipment Used,,,,,,,,,,owner,,Scarborough-Rouge Park (25),43 Division,West Hill,FALSE,FALSE,FALSE,FALSE,FALSE,FALSE,TRUE,FALSE,FALSE,FALSE,"{""coordinates"": [[-79.17039037784096, 43.765043915922895]], ""type"": ""MultiPoint""}"
17434,2006:884310,2006-01-22T02:30:00,460 CORONATION DR,,,3,Non-Fatal Injury,,No Control,Pedestrian Collision (internal code),Clear,Dark,Dry,Collector,FALSE,-79.17039038,43.76504392,1,Automobile or Station Wagon,East,3,34,None,Other Safety Equipment Used,Other,Had Been Drinking,,,Going Ahead,,,,,driver,,Scarborough-Rouge Park (25),43 Division,West Hill,FALSE,FALSE,FALSE,FALSE,FALSE,FALSE,TRUE,FALSE,FALSE,FALSE,"{""coordinates"": [[-79.17039037784096, 43.765043915922895]], ""type"": ""MultiPoint""}"
17435,2006:884326,2006-01-22T18:00:00,YONGE ST,CUMBERLAND ST,,3,Non-Fatal Injury,At Intersection,No Control,Pedestrian Collision (internal code),Clear,Dark,Dry,Major Arterial,FALSE,-79.38719085,43.67114418,1,Automobile or Station Wagon,South,3,50,None,Lap and Shoulder Belt,Driving properly,Normal,,,Going Ahead,,,,,driver,,University-Rosedale (11),53 Division,Annex,FALSE,FALSE,FALSE,FALSE,FALSE,TRUE,TRUE,FALSE,FALSE,FALSE,"{""coordinates"": [[-79.3871908526157, 43.67114418332301]], ""type"": ""MultiPoint""}"
17436,2006:884326,2006-01-22T18:00:00,YONGE ST,CUMBERLAND ST,,3,Non-Fatal Injury,At Intersection,No Control,Pedestrian Collision (internal code),Clear,Dark,Dry,Major Arterial,FALSE,-79.38719085,43.67114418,1,,,2,,,Other Safety Equipment Used,,,,,,,,,,owner,,University-Rosedale (11),53 Division,Annex,FALSE,FALSE,FALSE,FALSE,FALSE,TRUE,TRUE,FALSE,FALSE,FALSE,"{""coordinates"": [[-79.3871908526157, 43.67114418332301]], ""type"": ""MultiPoint""}"
17439,2006:887237,2006-01-27T20:46:00,BLOOR ST W,CHRISTIE ST,,5,Non-Fatal Injury,At Intersection,No Control,Pedestrian Collision (internal code),Clear,Dark,Dry,Major Arterial,FALSE,-79.41839092,43.66354423,2,Automobile or Station Wagon,West,3,23,None,Other Safety Equipment Used,Driving properly,Normal,,,Changing Lanes,,,,,driver,,University-Rosedale (11),14 Division,Palmerston-Little Italy,TRUE,FALSE,FALSE,FALSE,FALSE,FALSE,TRUE,FALSE,FALSE,FALSE,"{""coordinates"": [[-79.41839092418797, 43.6635442303494]], ""type"": ""MultiPoint""}"
17440,2006:887237,2006-01-27T20:46:00,BLOOR ST W,CHRISTIE ST,,5,Non-Fatal Injury,At Intersection,No Control,Pedestrian Collision (internal code),Clear,Dark,Dry,Major Arterial,FALSE,-79.41839092,43.66354423,1,Automobile or Station Wagon,East,2,23,None,Other Safety Equipment Used,Driving properly,Normal,,,Changing Lanes,,,,,driver,,University-Rosedale (11),14 Division,Palmerston-Little Italy,TRUE,FALSE,FALSE,FALSE,FALSE,FALSE,TRUE,FALSE,FALSE,FALSE,"{""coordinates"": [[-79.41839092418797, 43.6635442303494]], ""type"": ""MultiPoint""}"
17441,2006:887237,2006-01-27T20:46:00,BLOOR ST W,CHRISTIE ST,,5,Non-Fatal Injury,At Intersection,No Control,Pedestrian Collision (internal code),Clear,Dark,Dry,Major Arterial,FALSE,-79.41839092,43.66354423,3,,South,5,20,Major,Other Safety Equipment Used,,,Crossing - no traffic control,Normal,,Driver going straight hits pedestrian crossing without right-of-way (at intersection),,,,pedestrian,,University-Rosedale (11),14 Division,Palmerston-Little Italy,TRUE,FALSE,FALSE,FALSE,FALSE,FALSE,TRUE,FALSE,FALSE,FALSE,"{""coordinates"": [[-79.41839092418797, 43.6635442303494]], ""type"": ""MultiPoint""}"
17443,2006:889323,2006-01-29T21:30:00,ST CLAIR AVE W,SPADINA RD,,2,Non-Fatal Injury,At Intersection,Traffic Signal,Pedestrian Collision (internal code),Rain,Dark,Wet,Major Arterial,FALSE,-79.41119088,43.68464421,2,,North,2,68,Major,Other Safety Equipment Used,,,Crossing with right-of-way (intersection),Normal,,Driver turns left into pedestrian crossing with right-of-way (at intersection),,,,pedestrian,,Toronto-St. Paul's (12),13 Division,Casa Loma,TRUE,FALSE,FALSE,FALSE,FALSE,TRUE,TRUE,FALSE,FALSE,FALSE,"{""coordinates"": [[-79.411190876567, 43.68464421384892]], ""type"": ""MultiPoint""}"
17445,2006:889954,2006-02-03T07:58:00,BIRCHMOUNT RD,L AMOREAUX DR,,2,Non-Fatal Injury,At Intersection,Traffic Signal,Pedestrian Collision (internal code),Rain,Daylight,Wet,Major Arterial,FALSE,-79.30709055,43.80064407,1,Automobile or Station Wagon,East,1,74,None,Lap and Shoulder Belt,Failed to yield right-of-way,Normal,,,Turning Left,,,,,driver,,Scarborough-Agincourt (22),42 Division,East L'Amoreaux,TRUE,FALSE,FALSE,FALSE,FALSE,TRUE,TRUE,FALSE,TRUE,FALSE,"{""coordinates"": [[-79.30709055022268, 43.800644068257945]], ""type"": ""MultiPoint""}"
17446,2006:894953,2006-03-16T17:10:00,DUNDAS ST E,PEMBROKE ST,,2,Non-Fatal Injury,,Pedestrian Crossover,Pedestrian Collision (internal code),Clear,Daylight,Dry,Major Arterial,FALSE,-79.37239084,43.65814416,1,Automobile or Station Wagon,West,1,28,None,Other Safety Equipment Used,Failed to yield right-of-way,Normal,,,Going Ahead,,,,,driver,,Toronto Centre (13),51 Division,Moss Park,TRUE,FALSE,FALSE,FALSE,FALSE,FALSE,TRUE,FALSE,FALSE,FALSE,"{""coordinates"": [[-79.37239084397616, 43.65814416466749]], ""type"": ""MultiPoint""}"
17447,2006:890013,2006-02-03T09:57:00,ELLESMERE RD,BIRCHMOUNT RD,,2,Non-Fatal Injury,At Intersection,Traffic Signal,Pedestrian Collision (internal code),Rain,Daylight,Wet,Major Arterial,FALSE,-79.29139056,43.76344405,2,,South,2,65,Major,Other Safety Equipment Used,,,Running onto roadway,Normal,,Driver turns left into pedestrian crossing without right-of-way (at intersection),,,,pedestrian,,Scarborough Centre (21),41 Division,Wexford/Maryvale,TRUE,FALSE,FALSE,FALSE,FALSE,TRUE,TRUE,FALSE,FALSE,FALSE,"{""coordinates"": [[-79.291390557974, 43.76344404657234]], ""type"": ""MultiPoint""}"
17448,2006:887427,2006-02-07T13:30:00,JANE ST,BRADLEY AVE,,2,Non-Fatal Injury,,Pedestrian Crossover,Pedestrian Collision (internal code),Clear,Daylight,Dry,Major Arterial,FALSE,-79.49039106,43.66374433,2,,East,2,83,Major,Other Safety Equipment Used,,,Crossing - pedestrian crossover,Normal,,Driver hits pedestrian at PXO/pedestrian midblock signal,,,,pedestrian,,Parkdale-High Park (4),11 Division,Runnymede-Bloor West Village,FALSE,TRUE,FALSE,FALSE,FALSE,TRUE,TRUE,FALSE,FALSE,FALSE,"{""coordinates"": [[-79.49039106203028, 43.66374433472431]], ""type"": ""MultiPoint""}"
17449,2006:890583,2006-02-08T07:45:00,WOODSIDE AVE,RUNNYMEDE RD,,2,Non-Fatal Injury,At Intersection,Stop Sign,Pedestrian Collision (internal code),Clear,Daylight,Dry,Minor Arterial,FALSE,-79.47909105,43.65784432,1,Automobile or Station Wagon,West,1,32,None,Lap and Shoulder Belt,Failed to yield right-of-way,Normal,,,Turning Right,,,,,driver,,Parkdale-High Park (4),11 Division,High Park North,TRUE,FALSE,FALSE,FALSE,FALSE,FALSE,TRUE,FALSE,FALSE,FALSE,"{""coordinates"": [[-79.47909105087608, 43.65784432095762]], ""type"": ""MultiPoint""}"
17450,2006:887637,2006-02-08T15:00:00,CARLINGVIEW DR,DIXON RD,,2,Non-Fatal Injury,,Traffic Signal,Pedestrian Collision (internal code),Clear,Daylight,Dry,Major Arterial,FALSE,-79.59559116,43.68674445,1,Automobile or Station Wagon,North,1,54,None,Lap and Shoulder Belt,Driving properly,Normal,,,Turning Left,,,,,driver,,Etobicoke North (1),23 Division,West Humber-Clairville,FALSE,FALSE,FALSE,FALSE,FALSE,TRUE,TRUE,FALSE,FALSE,FALSE,"{""coordinates"": [[-79.59559116080902, 43.68674445011845]], ""type"": ""MultiPoint""}"
17451,2006:891027,2006-02-11T18:04:00,UNDERHILL DR,CASSANDRA BLVD,,2,Non-Fatal Injury,At Intersection,No Control,Cyclist Collision (internal code),Clear,Dark,Dry,Collector,FALSE,-79.32639063,43.75274409,1,Automobile or Station Wagon,North,1,68,None,Lap and Shoulder Belt,Improper turn,Inattentive,,,Turning Left,,,,,driver,,Don Valley East (16),33 Division,Parkwoods-O'Connor Hills,FALSE,TRUE,TRUE,FALSE,FALSE,TRUE,FALSE,FALSE,FALSE,FALSE,"{""coordinates"": [[-79.32639062624881, 43.75274408918833]], ""type"": ""MultiPoint""}"
17452,2006:888231,2006-02-13T09:25:00,GLENBURN AVE,TIAGO AVE,,3,Non-Fatal Injury,At Intersection,Stop Sign,Pedestrian Collision (internal code),Clear,Daylight,Dry,Local,FALSE,-79.30039063,43.71254406,2,Automobile or Station Wagon,South,3,71,None,Other Safety Equipment Used,Failed to yield right-of-way,Inattentive,,,Turning Left,,,,,driver,,Beaches-East York (19),55 Division,O'Connor-Parkview,TRUE,TRUE,FALSE,FALSE,FALSE,TRUE,TRUE,FALSE,FALSE,FALSE,"{""coordinates"": [[-79.30039063381352, 43.712544057697954]], ""type"": ""MultiPoint""}"
17453,2006:888231,2006-02-13T09:25:00,GLENBURN AVE,TIAGO AVE,,3,Non-Fatal Injury,At Intersection,Stop Sign,Pedestrian Collision (internal code),Clear,Daylight,Dry,Local,FALSE,-79.30039063,43.71254406,2,,,2,,None,Other Safety Equipment Used,,,,,,,,,,owner,,Beaches-East York (19),55 Division,O'Connor-Parkview,TRUE,TRUE,FALSE,FALSE,FALSE,TRUE,TRUE,FALSE,FALSE,FALSE,"{""coordinates"": [[-79.30039063381352, 43.712544057697954]], ""type"": ""MultiPoint""}"
17456,2006:891641,2006-02-16T21:59:00,DOVERCOURT RD,NORTHUMBERLAND ST,,3,Non-Fatal Injury,,No Control,Pedestrian Collision (internal code),Rain,Dark,Wet,Minor Arterial,FALSE,-79.42979095,43.66254425,1,Automobile or Station Wagon,South,2,54,None,Lap and Shoulder Belt,Failed to yield right-of-way,Had Been Drinking,,,Other,,,,,driver,,Davenport (9),14 Division,Dovercourt Village,TRUE,FALSE,FALSE,FALSE,FALSE,FALSE,TRUE,FALSE,FALSE,FALSE,"{""coordinates"": [[-79.42979094772252, 43.66254424722048]], ""type"": ""MultiPoint""}"
17457,2006:891641,2006-02-16T21:59:00,DOVERCOURT RD,NORTHUMBERLAND ST,,3,Non-Fatal Injury,,No Control,Pedestrian Collision (internal code),Rain,Dark,Wet,Minor Arterial,FALSE,-79.42979095,43.66254425,2,,West,3,44,Major,Other Safety Equipment Used,,,Coming from behind parked vehicle or object,Ability Impaired - Alcohol,,Driver hits pedestrian walking or running out from between parked vehicles (at midblock),,,,pedestrian,,Davenport (9),14 Division,Dovercourt Village,TRUE,FALSE,FALSE,FALSE,FALSE,FALSE,TRUE,FALSE,FALSE,FALSE,"{""coordinates"": [[-79.42979094772252, 43.66254424722048]], ""type"": ""MultiPoint""}"
17458,2006:893071,2006-02-19T15:08:00,EGLINTON AVE E,SUTHERLAND DR,,2,Non-Fatal Injury,At Intersection,Traffic Signal,Pedestrian Collision (internal code),Clear,Daylight,Dry,Major Arterial,FALSE,-79.36719075,43.71304415,1,Automobile or Station Wagon,West,2,45,None,Lap and Shoulder Belt,Driving properly,Normal,,,Going Ahead,,,,,driver,,Don Valley West (15),53 Division,Leaside-Bennington,FALSE,TRUE,FALSE,FALSE,FALSE,FALSE,TRUE,FALSE,FALSE,FALSE,"{""coordinates"": [[-79.36719075247986, 43.71304414692139]], ""type"": ""MultiPoint""}"
17461,2006:890516,2006-02-21T18:46:00,BATHURST ST,ALLINGHAM GDNS,,2,Non-Fatal Injury,At Intersection,Stop Sign,Pedestrian Collision (internal code),Clear,Dark,Dry,Major Arterial,FALSE,-79.43479083,43.74054423,1,Automobile or Station Wagon,West,1,57,None,Other Safety Equipment Used,Failed to yield right-of-way,Normal,,,Turning Left,,,,,driver,,York Centre (6),32 Division,Lansing-Westgate,TRUE,FALSE,FALSE,FALSE,FALSE,TRUE,TRUE,FALSE,FALSE,FALSE,"{""coordinates"": [[-79.43479082742621, 43.740544227829915]], ""type"": ""MultiPoint""}"
17462,2006:912231,2006-05-24T19:15:00,30 CARLTON ST,,,3,Non-Fatal Injury,,No Control,Cyclist Collision (internal code),Clear,Daylight,Dry,Major Arterial,FALSE,-79.38179086,43.66134418,1,Automobile or Station Wagon,West,2,52,None,Other Safety Equipment Used,Other,Normal,,,Parked,,,,,driver,,Toronto Centre (13),51 Division,Downtown Yonge East,FALSE,FALSE,TRUE,FALSE,FALSE,FALSE,FALSE,FALSE,FALSE,FALSE,"{""coordinates"": [[-79.38179085728362, 43.661344177725105]], ""type"": ""MultiPoint""}"
17463,2006:893539,2006-02-23T13:50:00,ARDMORE RD,BATHURST ST,,2,Non-Fatal Injury,At Intersection,Stop Sign,Pedestrian Collision (internal code),Clear,Daylight,Dry,Major Arterial,FALSE,-79.42259088,43.69374423,2,Automobile or Station Wagon,West,2,41,None,Lap and Shoulder Belt,Failed to yield right-of-way,Inattentive,,,Going Ahead,,,,,driver,,Toronto-St. Paul's (12),13 Division,Forest Hill South,TRUE,TRUE,FALSE,FALSE,FALSE,TRUE,TRUE,FALSE,FALSE,FALSE,"{""coordinates"": [[-79.42259088294482, 43.693744226978815]], ""type"": ""MultiPoint""}"
17464,2006:917855,2006-07-13T13:10:00,SPADINA AVE,RICHMOND ST W,,3,Non-Fatal Injury,,Traffic Signal,Pedestrian Collision (internal code),Clear,Daylight,Dry,Major Arterial,FALSE,-79.39599091,43.6478442,1,,,2,,,Other Safety Equipment Used,,,,,,,,,,owner,,Spadina-Fort York (10),14 Division,Wellington Place,FALSE,TRUE,FALSE,FALSE,FALSE,FALSE,TRUE,FALSE,FALSE,TRUE,"{""coordinates"": [[-79.39599090569808, 43.64784420179751]], ""type"": ""MultiPoint""}"
17465,2006:890040,2006-02-24T08:37:00,EGLINTON AVE W,RENFORTH DR,,3,Non-Fatal Injury,At Intersection,Traffic Signal,Pedestrian Collision (internal code),Clear,Daylight,Dry,Major Arterial,FALSE,-79.58769119,43.66604445,2,,South,2,41,Major,Other Safety Equipment Used,,,Crossing without right-of-way (intersection),Normal,,Driver going straight hits pedestrian crossing without right-of-way (at intersection),,,,pedestrian,,Etobicoke Centre (2),22 Division,Eringate-Centennial-West Deane,FALSE,FALSE,FALSE,FALSE,FALSE,FALSE,TRUE,FALSE,FALSE,FALSE,"{""coordinates"": [[-79.58769118967643, 43.66604445314588]], ""type"": ""MultiPoint""}"
17466,2006:890040,2006-02-24T08:37:00,EGLINTON AVE W,RENFORTH DR,,3,Non-Fatal Injury,At Intersection,Traffic Signal,Pedestrian Collision (internal code),Clear,Daylight,Dry,Major Arterial,FALSE,-79.58769119,43.66604445,1,,,3,,None,Other Safety Equipment Used,,,,,,,,,,owner,,Etobicoke Centre (2),22 Division,Eringate-Centennial-West Deane,FALSE,FALSE,FALSE,FALSE,FALSE,FALSE,TRUE,FALSE,FALSE,FALSE,"{""coordinates"": [[-79.58769118967643, 43.66604445314588]], ""type"": ""MultiPoint""}"
17467,2006:890213,2006-02-25T15:29:00,AVENUE RD,ELGIN AVE,,3,Non-Fatal Injury,At Intersection,Traffic Signal,Pedestrian Collision (internal code),Clear,Daylight,Dry,Major Arterial,FALSE,-79.39539087,43.67184419,2,,East,3,56,Major,Other Safety Equipment Used,,,Crossing with right-of-way (intersection),Unknown,,Driver turns left into pedestrian crossing with right-of-way (at intersection),,,,pedestrian,,University-Rosedale (11),53 Division,Annex,TRUE,FALSE,FALSE,FALSE,FALSE,FALSE,TRUE,FALSE,FALSE,FALSE,"{""coordinates"": [[-79.39539086709635, 43.671844194900885]], ""type"": ""MultiPoint""}"
17468,2006:890213,2006-02-25T15:29:00,AVENUE RD,ELGIN AVE,,3,Non-Fatal Injury,At Intersection,Traffic Signal,Pedestrian Collision (internal code),Clear,Daylight,Dry,Major Arterial,FALSE,-79.39539087,43.67184419,1,Automobile or Station Wagon,West,2,50,None,Other Safety Equipment Used,Failed to yield right-of-way,Normal,,,Turning Left,,,,,driver,,University-Rosedale (11),53 Division,Annex,TRUE,FALSE,FALSE,FALSE,FALSE,FALSE,TRUE,FALSE,FALSE,FALSE,"{""coordinates"": [[-79.39539086709635, 43.671844194900885]], ""type"": ""MultiPoint""}"
17470,2006:894467,2006-02-27T17:23:00,QUEEN ST E,BOULTON AVE,,2,Non-Fatal Injury,At Intersection,Pedestrian Crossover,Pedestrian Collision (internal code),Clear,Daylight,Dry,Minor Arterial,FALSE,-79.34669079,43.65954413,2,,South,2,60,Major,Other Safety Equipment Used,,,Crossing - pedestrian crossover,Normal,,Driver hits pedestrian at PXO/pedestrian midblock signal,,,,pedestrian,,Toronto-Danforth (14),55 Division,South Riverdale,TRUE,TRUE,FALSE,FALSE,FALSE,FALSE,TRUE,FALSE,FALSE,FALSE,"{""coordinates"": [[-79.34669079227129, 43.65954412686347]], ""type"": ""MultiPoint""}"
17471,2006:893580,2006-02-27T19:55:00,MORNINGSIDE AVE,KINGSTON RD,,3,Non-Fatal Injury,,Traffic Signal,Cyclist Collision (internal code),Clear,Dark,Wet,Major Arterial,FALSE,-79.1868904,43.77064393,1,,,1,,,Other Safety Equipment Used,,,,,,,,,,owner,,Scarborough-Guildwood (24),43 Division,West Hill,TRUE,TRUE,TRUE,FALSE,FALSE,FALSE,FALSE,FALSE,FALSE,TRUE,"{""coordinates"": [[-79.18689039679847, 43.77064393387659]], ""type"": ""MultiPoint""}"
17472,2006:892432,2006-02-28T23:34:00,DANFORTH RD,EGLINTON AVE E,,4,Non-Fatal Injury,,Traffic Signal,Pedestrian Collision (internal code),Clear,Dark,Dry,Major Arterial,TRUE,-79.24619051,43.73704399,2,,,3,,Minor,Other Safety Equipment Used,,,,,Other,Unknown,,,,pedestrian,,Scarborough Southwest (20),43 Division,Eglinton East,FALSE,FALSE,FALSE,FALSE,FALSE,FALSE,TRUE,FALSE,FALSE,FALSE,"{""coordinates"": [[-79.24619050960092, 43.737043988451205]], ""type"": ""MultiPoint""}"
17473,2006:892432,2006-02-28T23:34:00,DANFORTH RD,EGLINTON AVE E,,4,Non-Fatal Injury,,Traffic Signal,Pedestrian Collision (internal code),Clear,Dark,Dry,Major Arterial,TRUE,-79.24619051,43.73704399,1,Automobile or Station Wagon,West,2,,None,Other Safety Equipment Used,,,,,Going Ahead,,,,,driver,,Scarborough Southwest (20),43 Division,Eglinton East,FALSE,FALSE,FALSE,FALSE,FALSE,FALSE,TRUE,FALSE,FALSE,FALSE,"{""coordinates"": [[-79.24619050960092, 43.737043988451205]], ""type"": ""MultiPoint""}"