_id,collision_id,accdate,stname1,stname2,stname3,per_inv,acclass,accloc,traffictl,impactype,visible,light,rdsfcond,road_class,failtorem,longitude,latitude,veh_no,vehtype,initdir,per_no,invage,injury,safequip,drivact,drivcond,pedact,pedcond,manoeuvre,pedtype,cyclistype,cycact,cyccond,road_user,fatal_no,wardname,division,neighbourhood,aggressive,distracted,cyclist,motorcyclist,other_micromobility,older_adult,pedestrian,red_light,school_child,heavy_truck,geometry
17531,2006:905457,2006-05-26T22:14:00,BATHURST ST,DAVENPORT RD,,1,Non-Fatal Injury,At Intersection,Traffic Signal,Cyclist Collision (internal code),Clear,Dark,Dry,Major Arterial,FALSE,-79.4157909,43.67674422,1,Bicycle,South,1,43,Major,Other Safety Equipment Used,,,,,Going Ahead,,Cyclist loses control and hits object (e.g. pole or TTC track),Lost control,Had Been Drinking,cyclist,,Toronto-St. Paul's (12),13 Division,Casa Loma,FALSE,FALSE,TRUE,FALSE,FALSE,FALSE,FALSE,FALSE,FALSE,FALSE,"{""coordinates"": [[-79.41579089788839, 43.67674422264869]], ""type"": ""MultiPoint""}"
17533,2006:906410,2006-06-03T18:15:00,ST CLAIR AVE W,WINONA DR,,3,Non-Fatal Injury,At Intersection,Traffic Signal,Pedestrian Collision (internal code),Rain,Daylight,Wet,Major Arterial,FALSE,-79.43249092,43.68024425,1,,,1,,None,Other Safety Equipment Used,,,,,,,,,,owner,,Toronto-St. Paul's (12),13 Division,Wychwood,TRUE,FALSE,FALSE,FALSE,FALSE,TRUE,TRUE,FALSE,FALSE,FALSE,"{""coordinates"": [[-79.43249092354314, 43.68024424518989]], ""type"": ""MultiPoint""}"
17535,2006:907009,2006-06-06T15:15:00,SPADINA AVE,CECIL ST,,3,Non-Fatal Injury,,No Control,Pedestrian Collision (internal code),Clear,Daylight,Dry,Major Arterial,FALSE,-79.3993909,43.6563442,1,,,1,,,Other Safety Equipment Used,,,,,,,,,,owner,,University-Rosedale (11),52 Division,Kensington-Chinatown,FALSE,FALSE,FALSE,FALSE,FALSE,FALSE,TRUE,FALSE,FALSE,TRUE,"{""coordinates"": [[-79.39939089902211, 43.65634420464936]], ""type"": ""MultiPoint""}"
17536,2006:911791,2006-06-06T15:30:00,YONGE ST,DAVENPORT RD,,2,Non-Fatal Injury,At Intersection,No Control,Cyclist Collision (internal code),Clear,Daylight,Dry,Major Arterial,FALSE,-79.38809085,43.67334418,1,Bicycle,North,2,42,Major,Helmet,,,,,Going Ahead,,"Driver turns right at non-signalized intersection (e.g. stop, yield, no control, driveway) and hits cyclist",Driving Properly,Unknown,cyclist,,University-Rosedale (11),53 Division,Annex,FALSE,FALSE,TRUE,FALSE,FALSE,FALSE,FALSE,FALSE,FALSE,FALSE,"{""coordinates"": [[-79.3880908509375, 43.67334418409992]], ""type"": ""MultiPoint""}"
17537,2006:910277,2006-06-09T17:04:00,CREEKWOOD DR,SILVERSAND PL,,3,Non-Fatal Injury,,No Control,Pedestrian Collision (internal code),Clear,Dark,Dry,Local,FALSE,-79.21999043,43.78654397,2,,Unknown,2,71,Minor,Other Safety Equipment Used,,,Crossing - no traffic control,Normal,,Driver reversing hits pedestrian,,,,pedestrian,,Scarborough-Guildwood (24),43 Division,Morningside,TRUE,FALSE,FALSE,FALSE,FALSE,TRUE,TRUE,FALSE,FALSE,FALSE,"{""coordinates"": [[-79.21999043032167, 43.786543970099814]], ""type"": ""MultiPoint""}"
17538,2006:910277,2006-06-09T17:04:00,CREEKWOOD DR,SILVERSAND PL,,3,Non-Fatal Injury,,No Control,Pedestrian Collision (internal code),Clear,Dark,Dry,Local,FALSE,-79.21999043,43.78654397,1,,,3,,,Other Safety Equipment Used,,,,,,,,,,owner,,Scarborough-Guildwood (24),43 Division,Morningside,TRUE,FALSE,FALSE,FALSE,FALSE,TRUE,TRUE,FALSE,FALSE,FALSE,"{""coordinates"": [[-79.21999043032167, 43.786543970099814]], ""type"": ""MultiPoint""}"
17539,2006:926382,2006-06-10T16:46:00,OSSINGTON AVE,DUPONT ST,,3,Non-Fatal Injury,At Intersection,Traffic Signal,Cyclist Collision (internal code),Clear,Daylight,Dry,Major Arterial,FALSE,-79.42898993,43.67004224,2,Bicycle,East,3,35,Major,Other Safety Equipment Used,,,,,Going Ahead,,"Cyclist without right-of-way rides into path of driver (at intersection, laneway, or driveway)",Disobeyed Traffic Control,Normal,cyclist,,University-Rosedale (11),14 Division,Dovercourt Village,FALSE,FALSE,TRUE,FALSE,FALSE,FALSE,FALSE,FALSE,FALSE,TRUE,"{""coordinates"": [[-79.42898993381219, 43.67004224359501]], ""type"": ""MultiPoint""}"
17540,2006:926382,2006-06-10T16:46:00,OSSINGTON AVE,DUPONT ST,,3,Non-Fatal Injury,At Intersection,Traffic Signal,Cyclist Collision (internal code),Clear,Daylight,Dry,Major Arterial,FALSE,-79.42898993,43.67004224,1,Municipal Transit Bus (TTC),South,2,60,None,Lap and Shoulder Belt,Driving properly,Normal,,,Going Ahead,,,,,driver,,University-Rosedale (11),14 Division,Dovercourt Village,FALSE,FALSE,TRUE,FALSE,FALSE,FALSE,FALSE,FALSE,FALSE,TRUE,"{""coordinates"": [[-79.42898993381219, 43.67004224359501]], ""type"": ""MultiPoint""}"
17541,2006:910951,2006-06-13T21:24:00,SILVERSTONE DR,ALBION RD,,2,Non-Fatal Injury,At Intersection,Traffic Signal,Pedestrian Collision (internal code),Clear,Dark,Dry,Major Arterial,FALSE,-79.60009106,43.74294442,1,Automobile or Station Wagon,North,1,33,None,Lap and Shoulder Belt,Failed to yield right-of-way,Normal,,,Turning Left,,,,,driver,,Etobicoke North (1),23 Division,West Humber-Clairville,TRUE,FALSE,FALSE,FALSE,FALSE,FALSE,TRUE,FALSE,FALSE,FALSE,"{""coordinates"": [[-79.600091060339, 43.74294442107829]], ""type"": ""MultiPoint""}"
17542,2006:911012,2006-06-14T14:40:00,KIPLING AVE,BETHRIDGE RD,,2,Non-Fatal Injury,At Intersection,Traffic Signal,Pedestrian Collision (internal code),Clear,Daylight,Dry,Major Arterial,FALSE,-79.56549108,43.7091444,1,Automobile or Station Wagon,South,2,26,None,Lap and Shoulder Belt,Driving properly,Unknown,,,Going Ahead,,,,,driver,,Etobicoke North (1),23 Division,West Humber-Clairville,FALSE,TRUE,FALSE,FALSE,FALSE,FALSE,TRUE,FALSE,FALSE,FALSE,"{""coordinates"": [[-79.56549108021325, 43.709144401820325]], ""type"": ""MultiPoint""}"
17543,2006:908674,2006-06-15T09:41:00,EGLINTON AVE E,REDPATH AVE,,2,Non-Fatal Injury,At Intersection,Traffic Signal,Pedestrian Collision (internal code),Clear,Daylight,Dry,Major Arterial,FALSE,-79.39279081,43.70784418,2,,North,1,82,Major,Other Safety Equipment Used,,,Crossing with right-of-way (intersection),Normal,,Driver turns left into pedestrian crossing with right-of-way (at intersection),,,,pedestrian,,Toronto-St. Paul's (12),53 Division,South Eglinton-Davisville,TRUE,FALSE,FALSE,FALSE,FALSE,TRUE,TRUE,FALSE,FALSE,FALSE,"{""coordinates"": [[-79.39279080627881, 43.7078441823899]], ""type"": ""MultiPoint""}"
17544,2006:911355,2006-06-17T13:25:00,SHUTER ST,BERKELEY ST,,2,Non-Fatal Injury,At Intersection,No Control,Cyclist Collision (internal code),Clear,Daylight,Dry,Minor Arterial,FALSE,-79.36629083,43.65664416,2,Bicycle,North,2,28,Major,Helmet,,,,,Turning Right,,Cyclist turns right into path of driver,Failed to Yield Right of Way,Normal,cyclist,,Toronto Centre (13),51 Division,Moss Park,FALSE,FALSE,TRUE,FALSE,FALSE,FALSE,FALSE,FALSE,FALSE,FALSE,"{""coordinates"": [[-79.36629083439986, 43.65664415601386]], ""type"": ""MultiPoint""}"
17545,2006:911964,2006-06-17T17:55:00,FINCH AVE E,YONGE ST,,3,Non-Fatal Injury,,No Control,Pedestrian Collision (internal code),Clear,Daylight,Dry,Major Arterial,FALSE,-79.41399074,43.7800442,1,,,1,,,Other Safety Equipment Used,,,,,,,,,,owner,,Willowdale (18),32 Division,Yonge-Doris,FALSE,FALSE,FALSE,FALSE,FALSE,FALSE,TRUE,FALSE,FALSE,FALSE,"{""coordinates"": [[-79.41399074328498, 43.780044195194016]], ""type"": ""MultiPoint""}"
17546,2006:911839,2006-06-18T02:15:00,WOODBINE AVE,DANFORTH AVE,,2,Non-Fatal Injury,At Intersection,Traffic Signal,Cyclist Collision (internal code),Clear,Dark,Dry,Major Arterial,FALSE,-79.31279069,43.68564408,2,Bicycle,North,1,18,Major,Helmet,,,,,Going Ahead,,Driver turns left into path of cyclist,,,cyclist,,Beaches-East York (19),55 Division,Woodbine Corridor,TRUE,FALSE,TRUE,FALSE,FALSE,FALSE,FALSE,FALSE,TRUE,FALSE,"{""coordinates"": [[-79.3127906919415, 43.685644075842404]], ""type"": ""MultiPoint""}"
17547,2006:911972,2006-06-18T21:05:00,BLOOR ST W,AVENUE RD,,3,Non-Fatal Injury,,No Control,Cyclist Collision (internal code),Clear,Dusk with Artificial Lighting,Dry,Major Arterial,FALSE,-79.39369087,43.66884419,2,Automobile or Station Wagon,East,2,49,None,Lap and Shoulder Belt,Improper passing,Inattentive,,,Overtaking,,,,,driver,,University-Rosedale (11),53 Division,Annex,TRUE,TRUE,TRUE,FALSE,FALSE,TRUE,FALSE,FALSE,FALSE,FALSE,"{""coordinates"": [[-79.39369086853553, 43.66884419320572]], ""type"": ""MultiPoint""}"
17548,2006:911972,2006-06-18T21:05:00,BLOOR ST W,AVENUE RD,,3,Non-Fatal Injury,,No Control,Cyclist Collision (internal code),Clear,Dusk with Artificial Lighting,Dry,Major Arterial,FALSE,-79.39369087,43.66884419,3,Bicycle,East,3,65,Major,No Equipment Available,,,,,Going Ahead,,Sideswipe with cyclist and driver travelling in same direction,Driving Properly,Normal,cyclist,,University-Rosedale (11),53 Division,Annex,TRUE,TRUE,TRUE,FALSE,FALSE,TRUE,FALSE,FALSE,FALSE,FALSE,"{""coordinates"": [[-79.39369086853553, 43.66884419320572]], ""type"": ""MultiPoint""}"
17549,2006:911524,2006-06-18T22:10:00,ST CLAIR AVE E,WESTBOURNE AVE,,3,Non-Fatal Injury,At Intersection,Traffic Signal,Cyclist Collision (internal code),Clear,Dark,Dry,Major Arterial,FALSE,-79.29289062,43.70934405,2,Bicycle,West,3,16,Major,Equipment Not Used But Available,,,,,Going Ahead,,Driver turns right on red at signalized intersection and hits cyclist,Driving Properly,Normal,cyclist,,Scarborough Southwest (20),41 Division,Clairlea-Birchmount,TRUE,FALSE,TRUE,FALSE,FALSE,FALSE,FALSE,TRUE,TRUE,FALSE,"{""coordinates"": [[-79.29289062451349, 43.70934404770813]], ""type"": ""MultiPoint""}"
17550,2006:911524,2006-06-18T22:10:00,ST CLAIR AVE E,WESTBOURNE AVE,,3,Non-Fatal Injury,At Intersection,Traffic Signal,Cyclist Collision (internal code),Clear,Dark,Dry,Major Arterial,FALSE,-79.29289062,43.70934405,1,Automobile or Station Wagon,North,2,36,None,Lap and Shoulder Belt,Disobeyed traffic control,Normal,,,Turning Right,,,,,driver,,Scarborough Southwest (20),41 Division,Clairlea-Birchmount,TRUE,FALSE,TRUE,FALSE,FALSE,FALSE,FALSE,TRUE,TRUE,FALSE,"{""coordinates"": [[-79.29289062451349, 43.70934404770813]], ""type"": ""MultiPoint""}"
17552,2006:911973,2006-06-19T17:00:00,SHEPPARD AVE W,FAYWOOD BLVD,,2,Non-Fatal Injury,,Traffic Signal,Pedestrian Collision (internal code),Clear,Daylight,Dry,Major Arterial,FALSE,-79.45189084,43.75264425,1,Automobile or Station Wagon,North,1,51,None,Lap and Shoulder Belt,Driving properly,Normal,,,Turning Right,,,,,driver,,York Centre (6),32 Division,Clanton Park,FALSE,FALSE,FALSE,FALSE,FALSE,FALSE,TRUE,FALSE,FALSE,FALSE,"{""coordinates"": [[-79.45189083740188, 43.752644245506815]], ""type"": ""MultiPoint""}"
17553,2006:918059,2006-06-21T08:00:00,DANFORTH AVE,WOODBINE AVE,,3,Non-Fatal Injury,At Intersection,Traffic Signal,Pedestrian Collision (internal code),Clear,Daylight,Dry,Major Arterial,FALSE,-79.31279069,43.68564408,1,,South,2,6,None,Other Safety Equipment Used,,,Crossing with right-of-way (intersection),Normal,,Driver going straight hits pedestrian crossing with right-of-way (at intersection),,,,pedestrian,,Beaches-East York (19),55 Division,Woodbine Corridor,FALSE,FALSE,TRUE,FALSE,FALSE,FALSE,TRUE,FALSE,TRUE,FALSE,"{""coordinates"": [[-79.3127906919415, 43.685644075842404]], ""type"": ""MultiPoint""}"
17554,2006:918059,2006-06-21T08:00:00,DANFORTH AVE,WOODBINE AVE,,3,Non-Fatal Injury,At Intersection,Traffic Signal,Pedestrian Collision (internal code),Clear,Daylight,Dry,Major Arterial,FALSE,-79.31279069,43.68564408,1,Bicycle,West,3,20,None,Use Unknown,,,,,Going Ahead,,Cyclist hits pedestrian,Disobeyed Traffic Control,Normal,cyclist,,Beaches-East York (19),55 Division,Woodbine Corridor,FALSE,FALSE,TRUE,FALSE,FALSE,FALSE,TRUE,FALSE,TRUE,FALSE,"{""coordinates"": [[-79.3127906919415, 43.685644075842404]], ""type"": ""MultiPoint""}"
17555,2006:916584,2006-06-21T08:50:00,WELLINGTON ST W,YORK ST,,2,Non-Fatal Injury,At Intersection,Traffic Signal,Cyclist Collision (internal code),Clear,Daylight,Dry,Minor Arterial,FALSE,-79.38299088,43.64654418,1,Bicycle,West,2,54,Major,Helmet,,,,,Going Ahead,,Driver turns right on green or amber at signalized intersection and hits cyclist,,,cyclist,,Spadina-Fort York (10),52 Division,Yonge-Bay Corridor,FALSE,FALSE,TRUE,FALSE,FALSE,FALSE,FALSE,FALSE,FALSE,FALSE,"{""coordinates"": [[-79.3829908821784, 43.64654418274837]], ""type"": ""MultiPoint""}"
17556,2006:909745,2006-06-22T22:10:00,UNIVERSITY AVE,DUNDAS ST W,,2,Non-Fatal Injury,At Intersection,No Control,Pedestrian Collision (internal code),Clear,Dark,Dry,Major Arterial,FALSE,-79.38849088,43.65514419,2,,West,1,31,Major,Other Safety Equipment Used,,,Running onto roadway,Had Been Drinking,,Driver hits pedestrian at midblock,,,,pedestrian,,University-Rosedale (11),52 Division,Kensington-Chinatown,FALSE,FALSE,FALSE,FALSE,FALSE,FALSE,TRUE,FALSE,FALSE,FALSE,"{""coordinates"": [[-79.3884908797369, 43.655144188932425]], ""type"": ""MultiPoint""}"
17557,2006:913254,2006-06-24T03:10:00,QUEEN ST W,DOWLING AVE,,3,Non-Fatal Injury,At Intersection,Stop Sign,Cyclist Collision (internal code),Clear,Dark,Dry,Major Arterial,FALSE,-79.43989101,43.63994427,1,Automobile or Station Wagon,East,2,48,None,Lap and Shoulder Belt,Driving properly,Normal,,,Going Ahead,,,,,driver,,Parkdale-High Park (4),14 Division,South Parkdale,FALSE,FALSE,TRUE,FALSE,FALSE,FALSE,FALSE,FALSE,FALSE,FALSE,"{""coordinates"": [[-79.4398910050871, 43.63994426989026]], ""type"": ""MultiPoint""}"
17558,2006:913254,2006-06-24T03:10:00,QUEEN ST W,DOWLING AVE,,3,Non-Fatal Injury,At Intersection,Stop Sign,Cyclist Collision (internal code),Clear,Dark,Dry,Major Arterial,FALSE,-79.43989101,43.63994427,2,Bicycle,North,3,29,Major,No Equipment Available,,,,,Turning Left,,Cyclist turns left into path of driver,,,cyclist,,Parkdale-High Park (4),14 Division,South Parkdale,FALSE,FALSE,TRUE,FALSE,FALSE,FALSE,FALSE,FALSE,FALSE,FALSE,"{""coordinates"": [[-79.4398910050871, 43.63994426989026]], ""type"": ""MultiPoint""}"
17559,2006:913288,2006-06-25T12:26:00,PAPE AVE,WESTWOOD AVE,,2,Non-Fatal Injury,At Intersection,No Control,Cyclist Collision (internal code),Clear,Daylight,Dry,Major Arterial,FALSE,-79.34779076,43.68664412,2,Automobile or Station Wagon,South,2,73,None,Lap and Shoulder Belt,Improper turn,Normal,,,Turning Right,,,,,driver,,Toronto-Danforth (14),55 Division,Broadview North,FALSE,FALSE,TRUE,FALSE,FALSE,TRUE,FALSE,FALSE,FALSE,FALSE,"{""coordinates"": [[-79.34779075561019, 43.68664412468851]], ""type"": ""MultiPoint""}"
17560,2006:911336,2006-06-28T10:00:00,BIRCHMOUNT RD,MODERN RD,,3,Non-Fatal Injury,,Stop Sign,Cyclist Collision (internal code),Clear,Daylight,Dry,Major Arterial,FALSE,-79.28349056,43.74404404,2,Bicycle,East,3,33,Major,Other Safety Equipment Used,,,,,Turning Right,,Cyclist turns right into path of driver,Failed to Yield Right of Way,Inattentive,cyclist,,Scarborough Centre (21),41 Division,Wexford/Maryvale,FALSE,TRUE,TRUE,FALSE,FALSE,FALSE,FALSE,FALSE,FALSE,FALSE,"{""coordinates"": [[-79.28349056397771, 43.744044035414476]], ""type"": ""MultiPoint""}"
17561,2006:911336,2006-06-28T10:00:00,BIRCHMOUNT RD,MODERN RD,,3,Non-Fatal Injury,,Stop Sign,Cyclist Collision (internal code),Clear,Daylight,Dry,Major Arterial,FALSE,-79.28349056,43.74404404,1,Automobile or Station Wagon,South,2,45,None,Other Safety Equipment Used,Driving properly,Normal,,,Going Ahead,,,,,driver,,Scarborough Centre (21),41 Division,Wexford/Maryvale,FALSE,TRUE,TRUE,FALSE,FALSE,FALSE,FALSE,FALSE,FALSE,FALSE,"{""coordinates"": [[-79.28349056397771, 43.744044035414476]], ""type"": ""MultiPoint""}"
17562,2006:915319,2006-06-28T13:57:00,KING ST W,YORK ST,,3,Non-Fatal Injury,,No Control,Pedestrian Collision (internal code),Clear,Daylight,Dry,Major Arterial,FALSE,-79.38089088,43.64854418,1,,South,1,38,Major,No Equipment Available,,,Crossing - no traffic control,Unknown,,Transit vehicle driver hits pedestrian anywhere along roadway,,,,pedestrian,,Spadina-Fort York (10),52 Division,Yonge-Bay Corridor,FALSE,FALSE,FALSE,FALSE,FALSE,FALSE,TRUE,FALSE,FALSE,TRUE,"{""coordinates"": [[-79.38089087501065, 43.648544179185436]], ""type"": ""MultiPoint""}"
17563,2006:911521,2006-06-29T09:54:00,WESTON RD,JASPER AVE,,3,Non-Fatal Injury,,No Control,Cyclist Collision (internal code),Clear,Daylight,Dry,Minor Arterial,FALSE,-79.48249101,43.68374431,1,,,1,,,Other Safety Equipment Used,,,,,,,,,,owner,,York South-Weston (5),12 Division,Rockcliffe-Smythe,FALSE,TRUE,TRUE,FALSE,FALSE,TRUE,FALSE,FALSE,FALSE,FALSE,"{""coordinates"": [[-79.48249101099131, 43.68374431421276]], ""type"": ""MultiPoint""}"
17564,2006:916566,2006-07-07T14:14:00,YONGE ST,PLEASANT AVE,,3,Non-Fatal Injury,,No Control,Pedestrian Collision (internal code),Clear,Daylight,Dry,Major Arterial,FALSE,-79.39389084,43.68764419,2,,East,3,75,Major,Other Safety Equipment Used,,,Running onto roadway,Other Condition,,Transit vehicle driver hits pedestrian anywhere along roadway,,,,pedestrian,,Toronto-St. Paul's (12),53 Division,Rosedale-Moore Park,FALSE,FALSE,FALSE,FALSE,FALSE,TRUE,TRUE,FALSE,FALSE,TRUE,"{""coordinates"": [[-79.39389083967652, 43.68764418885575]], ""type"": ""MultiPoint""}"
17565,2006:916566,2006-07-07T14:14:00,YONGE ST,PLEASANT AVE,,3,Non-Fatal Injury,,No Control,Pedestrian Collision (internal code),Clear,Daylight,Dry,Major Arterial,FALSE,-79.39389084,43.68764419,1,Municipal Transit Bus (TTC),North,2,39,None,Use Unknown,Driving properly,Normal,,,Going Ahead,,,,,driver,,Toronto-St. Paul's (12),53 Division,Rosedale-Moore Park,FALSE,FALSE,FALSE,FALSE,FALSE,TRUE,TRUE,FALSE,FALSE,TRUE,"{""coordinates"": [[-79.39389083967652, 43.68764418885575]], ""type"": ""MultiPoint""}"
17566,2006:913040,2006-07-10T17:58:00,QUEEN ST E,NEVILLE BLVD,,2,Non-Fatal Injury,,Stop Sign,Pedestrian Collision (internal code),Clear,Daylight,Dry,Minor Arterial,FALSE,-79.28189065,43.67384403,1,Automobile or Station Wagon,East,1,85,None,Lap and Shoulder Belt,Driving properly,Normal,,,Going Ahead,,,,,driver,,Beaches-East York (19),55 Division,The Beaches,FALSE,TRUE,FALSE,FALSE,FALSE,TRUE,TRUE,FALSE,FALSE,FALSE,"{""coordinates"": [[-79.28189064926092, 43.673844032434]], ""type"": ""MultiPoint""}"
17567,2006:917567,2006-07-11T08:25:00,MEADOWVALE RD,ROTARY DR,,2,Non-Fatal Injury,,No Control,Pedestrian Collision (internal code),Clear,Daylight,Dry,Minor Arterial,FALSE,-79.17039035,43.80744393,2,,North,2,35,Major,Other Safety Equipment Used,,,On sidewalk or shoulder,Normal,,Driver hits pedestrian on sidewalk or shoulder,,,,pedestrian,,Scarborough-Rouge Park (25),42 Division,West Rouge,TRUE,TRUE,FALSE,FALSE,FALSE,FALSE,TRUE,FALSE,FALSE,FALSE,"{""coordinates"": [[-79.17039034991546, 43.807443927072505]], ""type"": ""MultiPoint""}"
17568,2006:917568,2006-07-11T18:15:00,WINNETT AVE,HURSTING AVE,,2,Non-Fatal Injury,,No Control,Cyclist Collision (internal code),Clear,Daylight,Dry,Local,FALSE,-79.43189091,43.68624424,2,Bicycle,West,2,7,Major,No Equipment Available,,,,,Going Ahead,,"Cyclist without right-of-way rides into path of driver (at intersection, laneway, or driveway)",Failed to Yield Right of Way,Inattentive,cyclist,,Toronto-St. Paul's (12),13 Division,Oakwood Village,FALSE,TRUE,TRUE,FALSE,FALSE,FALSE,FALSE,FALSE,TRUE,FALSE,"{""coordinates"": [[-79.43189091247243, 43.68624424233251]], ""type"": ""MultiPoint""}"
17569,2006:917731,2006-07-12T16:00:00,BRIMLEY RD,DORCOT AVE,,2,Non-Fatal Injury,At Intersection,Traffic Signal,Pedestrian Collision (internal code),Other,Daylight,Other,Major Arterial,FALSE,-79.2570905,43.758944,1,,West,2,51,Major,Other Safety Equipment Used,,,Crossing with right-of-way (intersection),Unknown,,Driver going straight hits pedestrian crossing with right-of-way (at intersection),,,,pedestrian,,Scarborough Centre (21),43 Division,Bendale-Glen Andrew,FALSE,FALSE,FALSE,FALSE,FALSE,FALSE,TRUE,FALSE,FALSE,FALSE,"{""coordinates"": [[-79.25709050465454, 43.75894400379912]], ""type"": ""MultiPoint""}"
17570,2006:917847,2006-07-13T11:00:00,QUEENS PR S WELLESLEY RAMP E,WELLESLEY ST W,,2,Non-Fatal Injury,,Stop Sign,Cyclist Collision (internal code),Clear,Daylight,Dry,Minor Arterial,FALSE,-79.39269088,43.66314419,2,Bicycle,West,2,21,Major,No Equipment Available,,,,,Going Ahead,,"Cyclist without right-of-way rides into path of driver (at intersection, laneway, or driveway)",Other,Inattentive,cyclist,,University-Rosedale (11),52 Division,Bay-Cloverhill,FALSE,TRUE,TRUE,FALSE,FALSE,FALSE,FALSE,FALSE,FALSE,FALSE,"{""coordinates"": [[-79.39269087547717, 43.663144193157294]], ""type"": ""MultiPoint""}"
17571,2006:917855,2006-07-13T13:10:00,SPADINA AVE,RICHMOND ST W,,3,Non-Fatal Injury,,Traffic Signal,Pedestrian Collision (internal code),Clear,Daylight,Dry,Major Arterial,FALSE,-79.39599091,43.6478442,1,Municipal Transit Bus (TTC),South,3,42,None,Lap and Shoulder Belt,Driving properly,Unknown,,,Going Ahead,,,,,driver,,Spadina-Fort York (10),14 Division,Wellington Place,FALSE,TRUE,FALSE,FALSE,FALSE,FALSE,TRUE,FALSE,FALSE,TRUE,"{""coordinates"": [[-79.39599090569808, 43.64784420179751]], ""type"": ""MultiPoint""}"
17572,2006:918102,2006-07-14T09:20:00,DUFFERIN ST,DUNDAS ST W,,3,Non-Fatal Injury,At Intersection,Traffic Signal,Cyclist Collision (internal code),Clear,Daylight,Dry,Minor Arterial,FALSE,-79.43139097,43.64964425,2,Bicycle,East,3,29,Major,Helmet,,,,,Going Ahead,,"Driver without right-of-way drives into path of cyclist (at intersection, laneway, or driveway)",Driving Properly,Normal,cyclist,,Davenport (9),14 Division,Little Portugal,TRUE,TRUE,TRUE,FALSE,FALSE,FALSE,FALSE,TRUE,FALSE,FALSE,"{""coordinates"": [[-79.43139097216459, 43.64964425385244]], ""type"": ""MultiPoint""}"
17573,2006:918102,2006-07-14T09:20:00,DUFFERIN ST,DUNDAS ST W,,3,Non-Fatal Injury,At Intersection,Traffic Signal,Cyclist Collision (internal code),Clear,Daylight,Dry,Minor Arterial,FALSE,-79.43139097,43.64964425,1,Automobile or Station Wagon,South,2,23,None,Other Safety Equipment Used,Disobeyed traffic control,Inattentive,,,Going Ahead,,,,,driver,,Davenport (9),14 Division,Little Portugal,TRUE,TRUE,TRUE,FALSE,FALSE,FALSE,FALSE,TRUE,FALSE,FALSE,"{""coordinates"": [[-79.43139097216459, 43.64964425385244]], ""type"": ""MultiPoint""}"
17574,2006:918124,2006-07-14T13:10:00,BURNHAMTHORPE RD,OLD BURNHAMTHORPE RD,,3,Non-Fatal Injury,At Intersection,No Control,Pedestrian Collision (internal code),Clear,Daylight,Dry,Major Arterial,FALSE,-79.57469122,43.64284445,2,,North,3,60,Major,Other Safety Equipment Used,,,Other,Had Been Drinking,,Transit vehicle driver hits pedestrian anywhere along roadway,,,,pedestrian,,Etobicoke Centre (2),22 Division,Eringate-Centennial-West Deane,FALSE,FALSE,FALSE,FALSE,FALSE,FALSE,TRUE,FALSE,FALSE,TRUE,"{""coordinates"": [[-79.57469121642774, 43.642844450974415]], ""type"": ""MultiPoint""}"
17575,2006:920424,2006-08-03T18:31:00,SHEPPARD AVE E,DORIS AVE,,4,Non-Fatal Injury,,Traffic Signal,Pedestrian Collision (internal code),Clear,Daylight,Dry,Major Arterial,FALSE,-79.40829075,43.76204419,3,Automobile or Station Wagon,South,2,40,None,Lap and Shoulder Belt,Driving properly,Normal,,,Stopped,,,,,driver,,Willowdale (18),32 Division,Avondale,TRUE,FALSE,FALSE,FALSE,FALSE,FALSE,TRUE,FALSE,FALSE,FALSE,"{""coordinates"": [[-79.40829075375578, 43.76204419022314]], ""type"": ""MultiPoint""}"
17576,2006:918124,2006-07-14T13:10:00,BURNHAMTHORPE RD,OLD BURNHAMTHORPE RD,,3,Non-Fatal Injury,At Intersection,No Control,Pedestrian Collision (internal code),Clear,Daylight,Dry,Major Arterial,FALSE,-79.57469122,43.64284445,1,Municipal Transit Bus (TTC),East,2,39,None,Lap and Shoulder Belt,Driving properly,Normal,,,Going Ahead,,,,,driver,,Etobicoke Centre (2),22 Division,Eringate-Centennial-West Deane,FALSE,FALSE,FALSE,FALSE,FALSE,FALSE,TRUE,FALSE,FALSE,TRUE,"{""coordinates"": [[-79.57469121642774, 43.642844450974415]], ""type"": ""MultiPoint""}"
17578,2006:922819,2006-07-20T16:24:00,70 MILNER AVE,,,3,Non-Fatal Injury,,No Control,Pedestrian Collision (internal code),Clear,Daylight,Dry,Minor Arterial,FALSE,-79.25269048,43.784044,1,,,1,,,Other Safety Equipment Used,,,,,,,,,,owner,,Scarborough North (23),42 Division,Agincourt South-Malvern West,FALSE,TRUE,FALSE,FALSE,FALSE,FALSE,TRUE,FALSE,FALSE,FALSE,"{""coordinates"": [[-79.25269047701711, 43.78404400226819]], ""type"": ""MultiPoint""}"