_id,collision_id,accdate,stname1,stname2,stname3,per_inv,acclass,accloc,traffictl,impactype,visible,light,rdsfcond,road_class,failtorem,longitude,latitude,veh_no,vehtype,initdir,per_no,invage,injury,safequip,drivact,drivcond,pedact,pedcond,manoeuvre,pedtype,cyclistype,cycact,cyccond,road_user,fatal_no,wardname,division,neighbourhood,aggressive,distracted,cyclist,motorcyclist,other_micromobility,older_adult,pedestrian,red_light,school_child,heavy_truck,geometry
17633,2006:920395,2006-08-24T21:30:00,MCCOWAN RD,STEELES AVE E,,2,Non-Fatal Injury,At Intersection,Traffic Signal,Pedestrian Collision (internal code),Clear,Dark,Dry,Major Arterial,FALSE,-79.27519047,43.83104403,1,Automobile or Station Wagon,South,1,,None,Other Safety Equipment Used,,,,,Going Ahead,,,,,driver,,Scarborough North (23),42 Division,Milliken,FALSE,FALSE,FALSE,FALSE,FALSE,FALSE,TRUE,FALSE,FALSE,FALSE,"{""coordinates"": [[-79.27519047357922, 43.831044034663286]], ""type"": ""MultiPoint""}"
17634,2006:924041,2006-08-26T15:36:00,OSLER ST,DAVENPORT RD,,2,Non-Fatal Injury,,No Control,Pedestrian Collision (internal code),Clear,Daylight,Dry,Local,FALSE,-79.45999099,43.67104429,2,,West,2,4,Major,Other Safety Equipment Used,,,Running onto roadway,Inattentive,,Driver hits pedestrian at midblock,,,,pedestrian,,Davenport (9),11 Division,Weston-Pelham Park,FALSE,TRUE,FALSE,FALSE,FALSE,FALSE,TRUE,FALSE,TRUE,FALSE,"{""coordinates"": [[-79.45999099103983, 43.671044287706835]], ""type"": ""MultiPoint""}"
17635,2006:924064,2006-08-26T20:56:00,DUPONT ST,EDWIN AVE,,2,Non-Fatal Injury,,No Control,Pedestrian Collision (internal code),Rain,Dark,Wet,Major Arterial,FALSE,-79.45459099,43.66504428,1,Automobile or Station Wagon,East,1,55,None,Lap and Shoulder Belt,Driving properly,Normal,,,Slowing or Stopping,,,,,driver,,Davenport (9),11 Division,Junction-Wallace Emerson,FALSE,FALSE,FALSE,FALSE,FALSE,TRUE,TRUE,FALSE,FALSE,FALSE,"{""coordinates"": [[-79.45459099109635, 43.66504428229248]], ""type"": ""MultiPoint""}"
17636,2006:921084,2006-08-29T09:21:00,3680 KEELE ST,,,2,Non-Fatal Injury,,No Control,Pedestrian Collision (internal code),Clear,Daylight,Dry,Major Arterial,FALSE,-79.4884909,43.75334429,1,Automobile or Station Wagon,South,2,45,None,Lap and Shoulder Belt,Other,Unknown,,,Going Ahead,,,,,driver,,Humber River-Black Creek (7),31 Division,York University Heights,FALSE,TRUE,FALSE,FALSE,FALSE,TRUE,TRUE,FALSE,FALSE,FALSE,"{""coordinates"": [[-79.48849089808036, 43.75334429092923]], ""type"": ""MultiPoint""}"
17637,2006:925202,2006-08-29T17:00:00,LESLIE ST,LAWRENCE AVE E,,2,Non-Fatal Injury,At Intersection,Traffic Signal,Pedestrian Collision (internal code),Clear,Daylight,Dry,Major Arterial,FALSE,-79.3559907,43.73454413,2,,East,1,64,Major,Other Safety Equipment Used,,,Crossing without right-of-way (intersection),Unknown,,Driver going straight hits pedestrian crossing without right-of-way (at intersection),,,,pedestrian,,Don Valley West (15),33 Division,Banbury-Don Mills,FALSE,FALSE,FALSE,FALSE,FALSE,FALSE,TRUE,FALSE,FALSE,FALSE,"{""coordinates"": [[-79.35599070122967, 43.73454412854962]], ""type"": ""MultiPoint""}"
17638,2006:925966,2006-08-31T01:17:00,YONGE ST,BREADALBANE ST,,2,Non-Fatal Injury,At Intersection,Stop Sign,Cyclist Collision (internal code),Clear,Dark,Dry,Major Arterial,FALSE,-79.38419086,43.66384418,1,Automobile or Station Wagon,North,1,25,None,Lap and Shoulder Belt,Driving properly,Normal,,,Going Ahead,,,,,driver,,Toronto Centre (13),52 Division,Bay-Cloverhill,FALSE,FALSE,TRUE,FALSE,FALSE,FALSE,FALSE,FALSE,FALSE,FALSE,"{""coordinates"": [[-79.38419085808168, 43.66384418065933]], ""type"": ""MultiPoint""}"
17639,2006:925968,2006-08-31T07:40:00,SHEPPARD AVE E,REAN DR,,2,Non-Fatal Injury,At Intersection,Traffic Signal,Pedestrian Collision (internal code),Clear,Daylight,Dry,Major Arterial,FALSE,-79.38309071,43.76774416,1,Automobile or Station Wagon,East,1,30,None,Lap and Shoulder Belt,Driving properly,Normal,,,Going Ahead,,,,,driver,,Don Valley North (17),33 Division,Bayview Village,FALSE,FALSE,FALSE,FALSE,FALSE,TRUE,TRUE,FALSE,FALSE,FALSE,"{""coordinates"": [[-79.38309070582534, 43.767744158876674]], ""type"": ""MultiPoint""}"
17640,2006:925963,2006-08-31T20:05:00,VALENTINE DR,SHAMOKIN DR,,2,Non-Fatal Injury,At Intersection,Stop Sign,Cyclist Collision (internal code),Clear,Dark,Dry,Local,FALSE,-79.34459065,43.76164411,1,Automobile or Station Wagon,North,1,55,None,Lap and Shoulder Belt,Driving properly,Normal,,,Going Ahead,,,,,driver,,Don Valley East (16),33 Division,Parkwoods-O'Connor Hills,FALSE,FALSE,TRUE,FALSE,FALSE,FALSE,FALSE,FALSE,TRUE,FALSE,"{""coordinates"": [[-79.34459064813574, 43.76164411187599]], ""type"": ""MultiPoint""}"
17641,2006:927513,2006-09-04T12:10:00,70 HUMBERLINE DR,,,4,Non-Fatal Injury,,No Control,Pedestrian Collision (internal code),Clear,Daylight,Dry,Collector,FALSE,-79.6164911,43.73184445,2,,North,4,17,Major,Other Safety Equipment Used,,,Running onto roadway,Inattentive,,Driver hits pedestrian at midblock,,,,pedestrian,,Etobicoke North (1),23 Division,West Humber-Clairville,FALSE,TRUE,FALSE,FALSE,FALSE,FALSE,TRUE,FALSE,TRUE,FALSE,"{""coordinates"": [[-79.61649110200673, 43.73184444634459]], ""type"": ""MultiPoint""}"
17642,2006:927513,2006-09-04T12:10:00,70 HUMBERLINE DR,,,4,Non-Fatal Injury,,No Control,Pedestrian Collision (internal code),Clear,Daylight,Dry,Collector,FALSE,-79.6164911,43.73184445,1,,,1,10,Major,Lap and Shoulder Belt,,,,,,,,,,passenger,,Etobicoke North (1),23 Division,West Humber-Clairville,FALSE,TRUE,FALSE,FALSE,FALSE,FALSE,TRUE,FALSE,TRUE,FALSE,"{""coordinates"": [[-79.61649110200673, 43.73184444634459]], ""type"": ""MultiPoint""}"
17644,2006:922913,2006-09-08T10:25:00,NEILSON RD,ELLESMERE RD,,4,Non-Fatal Injury,At Intersection,Traffic Signal,Pedestrian Collision (internal code),Clear,Daylight,Dry,Major Arterial,FALSE,-79.20499041,43.78254395,2,,South,4,76,Major,Other Safety Equipment Used,,,Crossing without right-of-way (intersection),Normal,,Transit vehicle driver hits pedestrian anywhere along roadway,,,,pedestrian,,Scarborough-Guildwood (24),43 Division,Morningside,FALSE,FALSE,FALSE,FALSE,FALSE,TRUE,TRUE,FALSE,FALSE,TRUE,"{""coordinates"": [[-79.20499041305419, 43.7825439545526]], ""type"": ""MultiPoint""}"
17645,2006:922947,2006-09-09T00:19:00,DANFORTH AVE,GILLARD AVE,,5,Non-Fatal Injury,At Intersection,No Control,Pedestrian Collision (internal code),Rain,Dark,Wet,Major Arterial,FALSE,-79.32829073,43.6823441,2,,South,2,52,Major,Other Safety Equipment Used,,,Crossing - no traffic control,Unknown,,Driver going straight hits pedestrian crossing without right-of-way (at intersection),,,,pedestrian,,Toronto-Danforth (14),55 Division,Greenwood-Coxwell,FALSE,FALSE,FALSE,FALSE,FALSE,FALSE,TRUE,FALSE,FALSE,FALSE,"{""coordinates"": [[-79.32829072532094, 43.68234409784691]], ""type"": ""MultiPoint""}"
17647,2006:923894,2006-09-12T22:08:00,F G GARDINER XY W,DOWLING AVE,,9,Non-Fatal Injury,,No Control,Pedestrian Collision (internal code),Rain,Dark,Wet,Local,FALSE,-79.43769101,43.63434427,4,Automobile or Station Wagon,West,5,59,None,Other Safety Equipment Used,Driving properly,Normal,,,Going Ahead,,,,,driver,,Parkdale-High Park (4),14 Division,South Parkdale,FALSE,FALSE,FALSE,FALSE,FALSE,FALSE,TRUE,FALSE,FALSE,FALSE,"{""coordinates"": [[-79.43769101009475, 43.63434426852904]], ""type"": ""MultiPoint""}"
17648,2006:923894,2006-09-12T22:08:00,F G GARDINER XY W,DOWLING AVE,,9,Non-Fatal Injury,,No Control,Pedestrian Collision (internal code),Rain,Dark,Wet,Local,FALSE,-79.43769101,43.63434427,1,,,2,47,None,Other Safety Equipment Used,,,,,,,,,,passenger,,Parkdale-High Park (4),14 Division,South Parkdale,FALSE,FALSE,FALSE,FALSE,FALSE,FALSE,TRUE,FALSE,FALSE,FALSE,"{""coordinates"": [[-79.43769101009475, 43.63434426852904]], ""type"": ""MultiPoint""}"
17649,2006:923894,2006-09-12T22:08:00,F G GARDINER XY W,DOWLING AVE,,9,Non-Fatal Injury,,No Control,Pedestrian Collision (internal code),Rain,Dark,Wet,Local,FALSE,-79.43769101,43.63434427,4,,,3,25,None,Other Safety Equipment Used,,,,,,,,,,passenger,,Parkdale-High Park (4),14 Division,South Parkdale,FALSE,FALSE,FALSE,FALSE,FALSE,FALSE,TRUE,FALSE,FALSE,FALSE,"{""coordinates"": [[-79.43769101009475, 43.63434426852904]], ""type"": ""MultiPoint""}"
17650,2006:923894,2006-09-12T22:08:00,F G GARDINER XY W,DOWLING AVE,,9,Non-Fatal Injury,,No Control,Pedestrian Collision (internal code),Rain,Dark,Wet,Local,FALSE,-79.43769101,43.63434427,5,,North,6,22,Major,Other Safety Equipment Used,,,Other,Unknown,,Driver hits pedestrian at midblock,,,,pedestrian,,Parkdale-High Park (4),14 Division,South Parkdale,FALSE,FALSE,FALSE,FALSE,FALSE,FALSE,TRUE,FALSE,FALSE,FALSE,"{""coordinates"": [[-79.43769101009475, 43.63434426852904]], ""type"": ""MultiPoint""}"
17651,2006:923894,2006-09-12T22:08:00,F G GARDINER XY W,DOWLING AVE,,9,Non-Fatal Injury,,No Control,Pedestrian Collision (internal code),Rain,Dark,Wet,Local,FALSE,-79.43769101,43.63434427,3,Automobile or Station Wagon,West,9,63,None,Other Safety Equipment Used,Driving properly,Normal,,,Going Ahead,,,,,driver,,Parkdale-High Park (4),14 Division,South Parkdale,FALSE,FALSE,FALSE,FALSE,FALSE,FALSE,TRUE,FALSE,FALSE,FALSE,"{""coordinates"": [[-79.43769101009475, 43.63434426852904]], ""type"": ""MultiPoint""}"
17652,2006:923894,2006-09-12T22:08:00,F G GARDINER XY W,DOWLING AVE,,9,Non-Fatal Injury,,No Control,Pedestrian Collision (internal code),Rain,Dark,Wet,Local,FALSE,-79.43769101,43.63434427,1,Automobile or Station Wagon,West,7,49,None,Other Safety Equipment Used,Driving properly,Normal,,,Going Ahead,,,,,driver,,Parkdale-High Park (4),14 Division,South Parkdale,FALSE,FALSE,FALSE,FALSE,FALSE,FALSE,TRUE,FALSE,FALSE,FALSE,"{""coordinates"": [[-79.43769101009475, 43.63434426852904]], ""type"": ""MultiPoint""}"
17653,2006:941100,2006-09-12T22:40:00,CHURCH ST,BLOOR ST E,,2,Non-Fatal Injury,,Traffic Signal,Pedestrian Collision (internal code),Rain,Dusk,Wet,Major Arterial,FALSE,-79.38319085,43.67104418,1,,,1,33,Major,Other Safety Equipment Used,,,Crossing with right-of-way (intersection),Unknown,,Driver turns right into pedestrian crossing with right-of-way (at intersection),,,,pedestrian,,University-Rosedale (11),51 Division,Rosedale-Moore Park,TRUE,FALSE,FALSE,FALSE,FALSE,FALSE,TRUE,FALSE,FALSE,FALSE,"{""coordinates"": [[-79.38319084517215, 43.671044177612]], ""type"": ""MultiPoint""}"
17654,2006:928690,2006-09-15T21:59:00,DUFFERIN ST,GIBSON ST,,2,Non-Fatal Injury,,No Control,Pedestrian Collision (internal code),Clear,Dark,Dry,Major Arterial,FALSE,-79.44809094,43.69034426,1,Automobile or Station Wagon,South,1,47,None,Lap and Shoulder Belt,Driving properly,Normal,,,Going Ahead,,,,,driver,,Davenport (9),13 Division,Caledonia-Fairbank,FALSE,FALSE,FALSE,FALSE,FALSE,FALSE,TRUE,FALSE,FALSE,FALSE,"{""coordinates"": [[-79.44809093560283, 43.69034426345532]], ""type"": ""MultiPoint""}"
17655,2006:929165,2006-09-17T00:01:00,LAWRENCE AVE W,HICKORY TREE RD,,2,Non-Fatal Injury,,No Control,Pedestrian Collision (internal code),Clear,Dark,Dry,Major Arterial,FALSE,-79.51709104,43.69994435,2,Automobile or Station Wagon,West,2,52,None,Lap and Shoulder Belt,Driving properly,Normal,,,Going Ahead,,,,,driver,,York South-Weston (5),12 Division,Weston,FALSE,FALSE,FALSE,FALSE,FALSE,FALSE,TRUE,FALSE,FALSE,FALSE,"{""coordinates"": [[-79.51709103564595, 43.69994435070637]], ""type"": ""MultiPoint""}"
17656,2006:929168,2006-09-17T20:19:00,QUEEN ST E,KENILWORTH AVE,,3,Non-Fatal Injury,,No Control,Cyclist Collision (internal code),Clear,Daylight,Dry,Minor Arterial,FALSE,-79.30149069,43.66964406,1,,,1,,,Other Safety Equipment Used,,,,,,,,,,owner,,Beaches-East York (19),55 Division,The Beaches,FALSE,TRUE,TRUE,FALSE,FALSE,FALSE,FALSE,FALSE,FALSE,FALSE,"{""coordinates"": [[-79.30149069182686, 43.669644060537564]], ""type"": ""MultiPoint""}"
17657,2006:929484,2006-09-19T09:50:00,WALMER RD,DAVENPORT RD,,2,Non-Fatal Injury,At Intersection,Traffic Signal,Cyclist Collision (internal code),Clear,Daylight,Dry,Minor Arterial,FALSE,-79.41039089,43.67684421,1,Automobile or Station Wagon,South,1,26,None,Lap and Shoulder Belt,Failed to yield right-of-way,Inattentive,,,Going Ahead,,,,,driver,,Toronto-St. Paul's (12),13 Division,Casa Loma,TRUE,TRUE,TRUE,FALSE,FALSE,FALSE,FALSE,FALSE,FALSE,FALSE,"{""coordinates"": [[-79.41039088755501, 43.6768442149507]], ""type"": ""MultiPoint""}"
17658,2006:929596,2006-09-20T13:15:00,2440 DUNDAS ST W,,,4,Non-Fatal Injury,,No Control,Pedestrian Collision (internal code),Clear,Daylight,Dry,Minor Arterial,FALSE,-79.453091,43.65854428,3,Automobile or Station Wagon,East,4,81,None,Lap and Shoulder Belt,Lost control,Normal,,,Reversing,,,,,driver,,Parkdale-High Park (4),11 Division,High Park North,FALSE,FALSE,FALSE,FALSE,FALSE,TRUE,TRUE,FALSE,FALSE,TRUE,"{""coordinates"": [[-79.45309099936911, 43.658544282619175]], ""type"": ""MultiPoint""}"
17659,2006:929596,2006-09-20T13:15:00,2440 DUNDAS ST W,,,4,Non-Fatal Injury,,No Control,Pedestrian Collision (internal code),Clear,Daylight,Dry,Minor Arterial,FALSE,-79.453091,43.65854428,1,Truck - Open (Flatbed),North,1,39,None,Lap and Shoulder Belt,Driving properly,Normal,,,Going Ahead,,,,,driver,,Parkdale-High Park (4),11 Division,High Park North,FALSE,FALSE,FALSE,FALSE,FALSE,TRUE,TRUE,FALSE,FALSE,TRUE,"{""coordinates"": [[-79.45309099936911, 43.658544282619175]], ""type"": ""MultiPoint""}"
17660,2006:925612,2006-09-21T14:08:00,STEELES AVE W,BLACK HAWKWAY,,3,Non-Fatal Injury,At Intersection,Traffic Signal,Pedestrian Collision (internal code),Clear,Daylight,Dry,Major Arterial,FALSE,-79.4575908,43.78984425,1,Delivery Van,East,2,58,None,Other Safety Equipment Used,Driving properly,Normal,,,Going Ahead,,,,,driver,,York Centre (6),32 Division,Westminster-Branson,FALSE,FALSE,FALSE,FALSE,FALSE,FALSE,TRUE,FALSE,FALSE,TRUE,"{""coordinates"": [[-79.45759080272308, 43.7898442456881]], ""type"": ""MultiPoint""}"
17661,2006:925612,2006-09-21T14:08:00,STEELES AVE W,BLACK HAWKWAY,,3,Non-Fatal Injury,At Intersection,Traffic Signal,Pedestrian Collision (internal code),Clear,Daylight,Dry,Major Arterial,FALSE,-79.4575908,43.78984425,2,,South,3,52,Major,Other Safety Equipment Used,,,Crossing without right-of-way (intersection),Unknown,,Driver going straight hits pedestrian crossing without right-of-way (at intersection),,,,pedestrian,,York Centre (6),32 Division,Westminster-Branson,FALSE,FALSE,FALSE,FALSE,FALSE,FALSE,TRUE,FALSE,FALSE,TRUE,"{""coordinates"": [[-79.45759080272308, 43.7898442456881]], ""type"": ""MultiPoint""}"
17662,2006:930125,2006-09-21T15:00:00,27 SELLMAR RD,,,3,Non-Fatal Injury,,No Control,Pedestrian Collision (internal code),Clear,Daylight,Dry,Local,FALSE,-79.53389108,43.68714438,3,,Unknown,3,89,Major,Other Safety Equipment Used,,,Playing or working on highway,Normal,,Driver reversing hits pedestrian,,,,pedestrian,,Etobicoke Centre (2),23 Division,Willowridge-Martingrove-Richview,FALSE,FALSE,FALSE,FALSE,FALSE,TRUE,TRUE,FALSE,FALSE,FALSE,"{""coordinates"": [[-79.53389108087836, 43.68714437709569]], ""type"": ""MultiPoint""}"
17663,2006:930125,2006-09-21T15:00:00,27 SELLMAR RD,,,3,Non-Fatal Injury,,No Control,Pedestrian Collision (internal code),Clear,Daylight,Dry,Local,FALSE,-79.53389108,43.68714438,2,Automobile or Station Wagon,East,2,37,None,Lap and Shoulder Belt,Driving properly,Normal,,,Reversing,,,,,driver,,Etobicoke Centre (2),23 Division,Willowridge-Martingrove-Richview,FALSE,FALSE,FALSE,FALSE,FALSE,TRUE,TRUE,FALSE,FALSE,FALSE,"{""coordinates"": [[-79.53389108087836, 43.68714437709569]], ""type"": ""MultiPoint""}"
17664,2006:929816,2006-09-22T01:27:00,DANFORTH AVE,BROADVIEW AVE,,3,Non-Fatal Injury,,Traffic Signal,Cyclist Collision (internal code),Clear,Dark,Wet,Major Arterial,FALSE,-79.35889079,43.67614414,1,Truck - Open (Flatbed),East,2,34,None,Lap and Shoulder Belt,Improper turn,Normal,,,Turning Right,,,,,driver,,Toronto-Danforth (14),55 Division,North Riverdale,FALSE,FALSE,TRUE,FALSE,FALSE,FALSE,FALSE,FALSE,FALSE,TRUE,"{""coordinates"": [[-79.35889079156733, 43.676144141934124]], ""type"": ""MultiPoint""}"
17665,2006:929816,2006-09-22T01:27:00,DANFORTH AVE,BROADVIEW AVE,,3,Non-Fatal Injury,,Traffic Signal,Cyclist Collision (internal code),Clear,Dark,Wet,Major Arterial,FALSE,-79.35889079,43.67614414,2,Bicycle,East,3,29,Major,No Equipment Available,,,,,Going Ahead,,Driver turns right on green or amber at signalized intersection and hits cyclist,Driving Properly,Normal,cyclist,,Toronto-Danforth (14),55 Division,North Riverdale,FALSE,FALSE,TRUE,FALSE,FALSE,FALSE,FALSE,FALSE,FALSE,TRUE,"{""coordinates"": [[-79.35889079156733, 43.676144141934124]], ""type"": ""MultiPoint""}"
17666,2006:932578,2006-09-25T08:05:00,THE WEST MALL,BURNHAMTHORPE RD,,2,Non-Fatal Injury,At Intersection,Traffic Signal,Pedestrian Collision (internal code),Clear,Daylight,Dry,Major Arterial,FALSE,-79.5671912,43.64454444,2,,North,2,36,Major,Other Safety Equipment Used,,,Crossing with right-of-way (intersection),Normal,,Driver turns left into pedestrian crossing with right-of-way (at intersection),,,,pedestrian,,Etobicoke Centre (2),22 Division,Etobicoke West Mall,TRUE,TRUE,FALSE,FALSE,FALSE,FALSE,TRUE,FALSE,FALSE,FALSE,"{""coordinates"": [[-79.56719120345335, 43.64454444076301]], ""type"": ""MultiPoint""}"
17667,2006:926129,2006-09-25T12:42:00,BRENTCLIFFE RD,WICKSTEED AVE,,3,Non-Fatal Injury,At Intersection,Traffic Signal,Pedestrian Collision (internal code),Clear,Daylight,Dry,Minor Arterial,FALSE,-79.35849074,43.71144414,1,Truck - Open (Flatbed),South,2,30,None,Lap and Shoulder Belt,Failed to yield right-of-way,Normal,,,Turning Left,,,,,driver,,Don Valley West (15),53 Division,Thorncliffe Park,TRUE,FALSE,FALSE,FALSE,FALSE,TRUE,TRUE,FALSE,FALSE,TRUE,"{""coordinates"": [[-79.3584907392759, 43.7114441355621]], ""type"": ""MultiPoint""}"
17668,2006:926129,2006-09-25T12:42:00,BRENTCLIFFE RD,WICKSTEED AVE,,3,Non-Fatal Injury,At Intersection,Traffic Signal,Pedestrian Collision (internal code),Clear,Daylight,Dry,Minor Arterial,FALSE,-79.35849074,43.71144414,2,,South,3,83,Major,Other Safety Equipment Used,,,Crossing with right-of-way (intersection),Normal,,Driver turns left into pedestrian crossing with right-of-way (at intersection),,,,pedestrian,,Don Valley West (15),53 Division,Thorncliffe Park,TRUE,FALSE,FALSE,FALSE,FALSE,TRUE,TRUE,FALSE,FALSE,TRUE,"{""coordinates"": [[-79.3584907392759, 43.7114441355621]], ""type"": ""MultiPoint""}"
17669,2006:930469,2006-09-26T14:43:00,EGLINTON AVE W,FAIRBANK AVE,,2,Non-Fatal Injury,,No Control,Pedestrian Collision (internal code),Clear,Daylight,Dry,Major Arterial,FALSE,-79.45279094,43.69514427,2,,West,2,79,Major,Other Safety Equipment Used,,,Crossing with right-of-way (intersection),Normal,,Driver turns left into pedestrian crossing with right-of-way (at intersection),,,,pedestrian,,Davenport (9),13 Division,Caledonia-Fairbank,TRUE,TRUE,FALSE,FALSE,FALSE,TRUE,TRUE,FALSE,FALSE,FALSE,"{""coordinates"": [[-79.45279093605832, 43.69514426814078]], ""type"": ""MultiPoint""}"
17670,2006:926656,2006-09-28T08:00:00,LAWRENCE AVE E,MCCOWAN RD,,2,Non-Fatal Injury,,No Control,Pedestrian Collision (internal code),Clear,Daylight,Dry,Major Arterial,FALSE,-79.24349049,43.75594399,2,,,2,12,Major,Other Safety Equipment Used,,,Running onto roadway,Inattentive,,Driver hits pedestrian at midblock,,,,pedestrian,,Scarborough Centre (21),43 Division,Bendale South,FALSE,TRUE,FALSE,FALSE,FALSE,FALSE,TRUE,FALSE,TRUE,FALSE,"{""coordinates"": [[-79.24349048611545, 43.75594398793601]], ""type"": ""MultiPoint""}"
17671,2006:930555,2006-09-28T14:53:00,BATHURST ST,FAIRHOLME AVE,,4,Non-Fatal Injury,,No Control,Pedestrian Collision (internal code),Clear,Daylight,Dry,Major Arterial,FALSE,-79.42969085,43.71894423,2,,,2,,,Other Safety Equipment Used,,,,,,,,,,owner,,Eglinton-Lawrence (8),53 Division,Bedford Park-Nortown,FALSE,FALSE,FALSE,FALSE,FALSE,FALSE,TRUE,FALSE,FALSE,FALSE,"{""coordinates"": [[-79.42969085437198, 43.7189442284687]], ""type"": ""MultiPoint""}"
17672,2006:930555,2006-09-28T14:53:00,BATHURST ST,FAIRHOLME AVE,,4,Non-Fatal Injury,,No Control,Pedestrian Collision (internal code),Clear,Daylight,Dry,Major Arterial,FALSE,-79.42969085,43.71894423,2,,,3,39,Minimal,Other Safety Equipment Used,,,On sidewalk or shoulder,Unknown,,Driver hits pedestrian on sidewalk or shoulder,,,,pedestrian,,Eglinton-Lawrence (8),53 Division,Bedford Park-Nortown,FALSE,FALSE,FALSE,FALSE,FALSE,FALSE,TRUE,FALSE,FALSE,FALSE,"{""coordinates"": [[-79.42969085437198, 43.7189442284687]], ""type"": ""MultiPoint""}"
17673,2006:944296,2006-09-30T05:10:00,DUNDAS ST W,LAKEVIEW AVE,,3,Non-Fatal Injury,,No Control,Pedestrian Collision (internal code),Clear,Dark,Dry,Minor Arterial,FALSE,-79.42159095,43.64934424,1,,,1,,None,Other Safety Equipment Used,,,,,,,,,,other,,Spadina-Fort York (10),14 Division,Trinity-Bellwoods,FALSE,FALSE,FALSE,FALSE,FALSE,FALSE,TRUE,FALSE,FALSE,FALSE,"{""coordinates"": [[-79.4215909534754, 43.649344239409714]], ""type"": ""MultiPoint""}"
17674,2006:927010,2006-09-30T08:05:00,RONCESVALLES AVE,MARION ST,,2,Non-Fatal Injury,At Intersection,Pedestrian Crossover,Pedestrian Collision (internal code),Clear,Daylight,Dry,Minor Arterial,FALSE,-79.44699102,43.64104428,1,,East,2,66,Major,Other Safety Equipment Used,,,Crossing - pedestrian crossover,Normal,,Driver hits pedestrian at PXO/pedestrian midblock signal,,,,pedestrian,,Parkdale-High Park (4),11 Division,Roncesvalles,TRUE,FALSE,FALSE,FALSE,FALSE,TRUE,TRUE,FALSE,FALSE,FALSE,"{""coordinates"": [[-79.4469910172988, 43.64104428017443]], ""type"": ""MultiPoint""}"
17675,2006:929097,2006-09-30T19:04:00,GATEWAY BLVD,SUNNY GLENWAY,,3,Non-Fatal Injury,,Pedestrian Crossover,Pedestrian Collision (internal code),Rain,Dark,Wet,Minor Arterial,FALSE,-79.33119069,43.7107441,2,,North,3,27,Major,Other Safety Equipment Used,,,Crossing - pedestrian crossover,Normal,,Driver hits pedestrian at PXO/pedestrian midblock signal,,,,pedestrian,,Don Valley East (16),55 Division,Flemingdon Park,TRUE,TRUE,FALSE,FALSE,FALSE,FALSE,TRUE,FALSE,FALSE,FALSE,"{""coordinates"": [[-79.33119069136555, 43.710744099061166]], ""type"": ""MultiPoint""}"
17676,2006:929097,2006-09-30T19:04:00,GATEWAY BLVD,SUNNY GLENWAY,,3,Non-Fatal Injury,,Pedestrian Crossover,Pedestrian Collision (internal code),Rain,Dark,Wet,Minor Arterial,FALSE,-79.33119069,43.7107441,1,Automobile or Station Wagon,West,2,43,None,Other Safety Equipment Used,Failed to yield right-of-way,Inattentive,,,Going Ahead,,,,,driver,,Don Valley East (16),55 Division,Flemingdon Park,TRUE,TRUE,FALSE,FALSE,FALSE,FALSE,TRUE,FALSE,FALSE,FALSE,"{""coordinates"": [[-79.33119069136555, 43.710744099061166]], ""type"": ""MultiPoint""}"
17677,2006:930768,2006-09-30T19:10:00,MARTIN GROVE RD,ALBION RD,,2,Non-Fatal Injury,At Intersection,Traffic Signal,Pedestrian Collision (internal code),Rain,Daylight,Wet,Major Arterial,FALSE,-79.59419105,43.74194442,2,,South,2,76,Major,Other Safety Equipment Used,,,Crossing with right-of-way (intersection),Normal,,Driver turns left into pedestrian crossing with right-of-way (at intersection),,,,pedestrian,,Etobicoke North (1),23 Division,Mount Olive-Silverstone-Jamestown,FALSE,FALSE,FALSE,FALSE,FALSE,TRUE,TRUE,FALSE,FALSE,FALSE,"{""coordinates"": [[-79.59419105481793, 43.741944415110765]], ""type"": ""MultiPoint""}"
17678,2006:927841,2006-10-02T09:29:00,SKYMARK DR,DON MILLS RD,,2,Non-Fatal Injury,,Pedestrian Crossover,Pedestrian Collision (internal code),Clear,Daylight,Dry,Collector,FALSE,-79.35249063,43.79394412,2,,West,2,87,Major,Other Safety Equipment Used,,,Crossing - pedestrian crossover,Medical or Physical Disability,,Driver hits pedestrian at PXO/pedestrian midblock signal,,,,pedestrian,,Don Valley North (17),33 Division,Hillcrest Village,TRUE,TRUE,FALSE,FALSE,FALSE,TRUE,TRUE,FALSE,FALSE,FALSE,"{""coordinates"": [[-79.35249062917667, 43.79394412124827]], ""type"": ""MultiPoint""}"
17679,2006:931113,2006-10-03T10:55:00,KIPLING AVE,PENLEA AVE,,2,Non-Fatal Injury,,Pedestrian Crossover,Pedestrian Collision (internal code),Clear,Daylight,Wet,Major Arterial,FALSE,-79.58109104,43.7412444,2,,West,2,75,Major,Other Safety Equipment Used,,,Crossing - pedestrian crossover,Normal,,Driver hits pedestrian at PXO/pedestrian midblock signal,,,,pedestrian,,Etobicoke North (1),23 Division,Thistletown-Beaumond Heights,TRUE,TRUE,FALSE,FALSE,FALSE,TRUE,TRUE,FALSE,FALSE,FALSE,"{""coordinates"": [[-79.58109103967853, 43.741244400915896]], ""type"": ""MultiPoint""}"