_id,collision_id,accdate,stname1,stname2,stname3,per_inv,acclass,accloc,traffictl,impactype,visible,light,rdsfcond,road_class,failtorem,longitude,latitude,veh_no,vehtype,initdir,per_no,invage,injury,safequip,drivact,drivcond,pedact,pedcond,manoeuvre,pedtype,cyclistype,cycact,cyccond,road_user,fatal_no,wardname,division,neighbourhood,aggressive,distracted,cyclist,motorcyclist,other_micromobility,older_adult,pedestrian,red_light,school_child,heavy_truck,geometry
17680,2006:931108,2006-10-03T17:28:00,STEELES AVE W,KEELE ST,,2,Non-Fatal Injury,,No Control,Pedestrian Collision (internal code),Clear,Daylight,Dry,Major Arterial,FALSE,-79.49399087,43.78164429,2,,South,2,33,Major,Other Safety Equipment Used,,,Crossing without right-of-way (intersection),Inattentive,,Driver hits pedestrian at midblock,,,,pedestrian,,York Centre (6),31 Division,York University Heights,FALSE,TRUE,FALSE,FALSE,FALSE,FALSE,TRUE,FALSE,FALSE,FALSE,"{""coordinates"": [[-79.49399087172996, 43.78164429079336]], ""type"": ""MultiPoint""}"
17681,2006:939968,2006-10-04T12:30:00,BLOOR ST W,OSSINGTON AVE,,3,Non-Fatal Injury,,No Control,Pedestrian Collision (internal code),Rain,Daylight,Wet,Major Arterial,FALSE,-79.42569094,43.66194424,1,,North,1,36,Major,Lap and Shoulder Belt,,,Crossing - no traffic control,Had Been Drinking,,Driver going straight hits pedestrian crossing without right-of-way (at intersection),,,,pedestrian,,Davenport (9),14 Division,Palmerston-Little Italy,FALSE,FALSE,FALSE,FALSE,FALSE,FALSE,TRUE,FALSE,FALSE,TRUE,"{""coordinates"": [[-79.42569094082602, 43.66194424145438]], ""type"": ""MultiPoint""}"
17682,2006:937408,2006-10-04T12:50:00,WARDEN AVE,BRIDLETOWNE CRCL,,6,Non-Fatal Injury,At Intersection,Traffic Signal,Pedestrian Collision (internal code),Rain,Daylight,Wet,Major Arterial,FALSE,-79.31389057,43.79214408,2,,,4,15,Major,Other Safety Equipment Used,,,On sidewalk or shoulder,Unknown,,Driver hits pedestrian on sidewalk or shoulder,,,,pedestrian,,Scarborough-Agincourt (22),42 Division,L'Amoreaux West,FALSE,FALSE,FALSE,FALSE,FALSE,TRUE,TRUE,FALSE,TRUE,FALSE,"{""coordinates"": [[-79.31389056889033, 43.79214407572908]], ""type"": ""MultiPoint""}"
17683,2006:932486,2006-10-15T19:12:00,2650 FINCH AVE W,,,2,Non-Fatal Injury,,No Control,Cyclist Collision (internal code),Clear,Dark,Dry,Major Arterial,FALSE,-79.56669101,43.74664438,2,Automobile or Station Wagon,South,2,44,None,Lap and Shoulder Belt,Failed to yield right-of-way,Normal,,,Turning Right,,,,,driver,,Humber River-Black Creek (7),31 Division,Humbermede,TRUE,FALSE,TRUE,FALSE,FALSE,FALSE,FALSE,FALSE,FALSE,FALSE,"{""coordinates"": [[-79.56669101146467, 43.74664438175926]], ""type"": ""MultiPoint""}"
17684,2006:937408,2006-10-04T12:50:00,WARDEN AVE,BRIDLETOWNE CRCL,,6,Non-Fatal Injury,At Intersection,Traffic Signal,Pedestrian Collision (internal code),Rain,Daylight,Wet,Major Arterial,FALSE,-79.31389057,43.79214408,1,Automobile or Station Wagon,North,1,67,Minimal,Lap and Shoulder Belt,Lost control,Medical or Physical Disability,,,Going Ahead,,,,,driver,,Scarborough-Agincourt (22),42 Division,L'Amoreaux West,FALSE,FALSE,FALSE,FALSE,FALSE,TRUE,TRUE,FALSE,TRUE,FALSE,"{""coordinates"": [[-79.31389056889033, 43.79214407572908]], ""type"": ""MultiPoint""}"
17685,2006:935003,2006-10-04T15:00:00,ROGERS RD,KEELE ST,,2,Non-Fatal Injury,At Intersection,Traffic Signal,Pedestrian Collision (internal code),Clear,Daylight,Dry,Major Arterial,FALSE,-79.47159099,43.6821443,1,Automobile or Station Wagon,East,1,17,None,Lap and Shoulder Belt,Disobeyed traffic control,Unknown,,,Slowing or Stopping,,,,,driver,,York South-Weston (5),12 Division,Keelesdale-Eglinton West,TRUE,FALSE,FALSE,FALSE,FALSE,FALSE,TRUE,TRUE,TRUE,FALSE,"{""coordinates"": [[-79.47159099348494, 43.682144299592764]], ""type"": ""MultiPoint""}"
17686,2006:931768,2006-10-05T15:00:00,ADELAIDE ST W,UNIVERSITY AVE,,2,Non-Fatal Injury,At Intersection,Traffic Signal,Pedestrian Collision (internal code),Clear,Daylight,Dry,Major Arterial,FALSE,-79.38559088,43.64884419,1,Automobile or Station Wagon,South,1,58,None,Lap and Shoulder Belt,Driving properly,Normal,,,Turning Left,,,,,driver,,Spadina-Fort York (10),52 Division,Yonge-Bay Corridor,FALSE,TRUE,FALSE,FALSE,FALSE,FALSE,TRUE,FALSE,FALSE,FALSE,"{""coordinates"": [[-79.38559088376238, 43.648844186100604]], ""type"": ""MultiPoint""}"
17687,2006:931773,2006-10-05T19:40:00,QUEEN ST E,LOGAN AVE,,5,Non-Fatal Injury,At Intersection,Traffic Signal,Cyclist Collision (internal code),Clear,Dark,Dry,Minor Arterial,FALSE,-79.34249078,43.66054412,2,,,2,37,Minimal,Lap and Shoulder Belt,,,,,,,,,,passenger,,Toronto-Danforth (14),55 Division,South Riverdale,TRUE,TRUE,TRUE,FALSE,FALSE,FALSE,FALSE,TRUE,FALSE,FALSE,"{""coordinates"": [[-79.34249078274716, 43.660544120603184]], ""type"": ""MultiPoint""}"
17688,2006:931773,2006-10-05T19:40:00,QUEEN ST E,LOGAN AVE,,5,Non-Fatal Injury,At Intersection,Traffic Signal,Cyclist Collision (internal code),Clear,Dark,Dry,Minor Arterial,FALSE,-79.34249078,43.66054412,2,,,3,,,Other Safety Equipment Used,,,,,,,,,,owner,,Toronto-Danforth (14),55 Division,South Riverdale,TRUE,TRUE,TRUE,FALSE,FALSE,FALSE,FALSE,TRUE,FALSE,FALSE,"{""coordinates"": [[-79.34249078274716, 43.660544120603184]], ""type"": ""MultiPoint""}"
17689,2006:931773,2006-10-05T19:40:00,QUEEN ST E,LOGAN AVE,,5,Non-Fatal Injury,At Intersection,Traffic Signal,Cyclist Collision (internal code),Clear,Dark,Dry,Minor Arterial,FALSE,-79.34249078,43.66054412,3,Bicycle,North,5,31,Major,No Equipment Available,,,,,Going Ahead,,"Driver without right-of-way drives into path of cyclist (at intersection, laneway, or driveway)",Driving Properly,Normal,cyclist,,Toronto-Danforth (14),55 Division,South Riverdale,TRUE,TRUE,TRUE,FALSE,FALSE,FALSE,FALSE,TRUE,FALSE,FALSE,"{""coordinates"": [[-79.34249078274716, 43.660544120603184]], ""type"": ""MultiPoint""}"
17690,2006:933527,2006-10-06T18:30:00,ROGERS RD,GLENHOLME AVE,,2,Non-Fatal Injury,At Intersection,Traffic Signal,Cyclist Collision (internal code),Clear,Dusk with Artificial Lighting,Dry,Minor Arterial,FALSE,-79.44159293,43.68654426,2,Bicycle,South,2,44,Major,No Equipment Available,,,,,Going Ahead,,"Cyclist without right-of-way rides into path of driver (at intersection, laneway, or driveway)",Disobeyed Traffic Control,Normal,cyclist,,Toronto-St. Paul's (12),13 Division,Oakwood Village,FALSE,FALSE,TRUE,FALSE,FALSE,TRUE,FALSE,FALSE,FALSE,FALSE,"{""coordinates"": [[-79.44159292999727, 43.68654425579053]], ""type"": ""MultiPoint""}"
17691,2006:940240,2006-12-05T18:21:00,VICTORIA PARK Ave,MCNICOLL Ave,,5,Non-Fatal Injury,,No Control,Pedestrian Collision (internal code),Clear,Dark,Dry,Major Arterial,TRUE,-79.33659059,43.8047441,1,Automobile or Station Wagon,South,2,35,None,Lap and Shoulder Belt,Driving properly,Normal,,,Going Ahead,,,,,driver,,Scarborough-Agincourt (22),42 Division,Steeles,FALSE,FALSE,FALSE,FALSE,FALSE,FALSE,TRUE,FALSE,FALSE,FALSE,"{""coordinates"": [[-79.33659059324235, 43.8047441027072]], ""type"": ""MultiPoint""}"
17692,2006:932028,2006-10-09T10:02:00,PARLIAMENT ST,GERRARD ST E,,2,Non-Fatal Injury,At Intersection,Traffic Signal,Cyclist Collision (internal code),Clear,Daylight,Dry,Minor Arterial,FALSE,-79.36699083,43.66194416,2,Bicycle,East,2,39,Major,No Equipment Available,,,,,Turning Left,,Cyclist turns left into path of driver,Improper Turn,Normal,cyclist,,Toronto Centre (13),51 Division,Regent Park,FALSE,FALSE,TRUE,FALSE,FALSE,FALSE,FALSE,FALSE,FALSE,FALSE,"{""coordinates"": [[-79.36699082789733, 43.66194415606473]], ""type"": ""MultiPoint""}"
17693,2006:932038,2006-10-09T19:12:00,YONGE ST,CHURCH AVE,,2,Non-Fatal Injury,At Intersection,Traffic Signal,Pedestrian Collision (internal code),Clear,Dark,Dry,Major Arterial,FALSE,-79.41399075,43.7737442,2,,,2,29,Major,Other Safety Equipment Used,,,On sidewalk or shoulder,Normal,,Driver hits pedestrian on sidewalk or shoulder,,,,pedestrian,,Willowdale (18),32 Division,Yonge-Doris,TRUE,FALSE,FALSE,FALSE,FALSE,FALSE,TRUE,TRUE,FALSE,FALSE,"{""coordinates"": [[-79.4139907502699, 43.77374419590791]], ""type"": ""MultiPoint""}"
17694,2006:932044,2006-10-10T07:43:00,CARSLAKE CRES,DANFORTH RD,,2,Non-Fatal Injury,At Intersection,Stop Sign,Cyclist Collision (internal code),Clear,Daylight,Dry,Major Arterial,FALSE,-79.2445905,43.74714399,1,Automobile or Station Wagon,West,1,52,None,Lap and Shoulder Belt,Failed to yield right-of-way,Normal,,,Turning Right,,,,,driver,,Scarborough Centre (21),43 Division,Bendale South,TRUE,FALSE,TRUE,FALSE,FALSE,FALSE,FALSE,FALSE,TRUE,FALSE,"{""coordinates"": [[-79.24459049565722, 43.74714398777616]], ""type"": ""MultiPoint""}"
17695,2006:932096,2006-10-11T14:06:00,SPADINA AVE,BALDWIN ST,,4,Non-Fatal Injury,,No Control,Pedestrian Collision (internal code),Rain,Daylight,Wet,Major Arterial,FALSE,-79.3990909,43.6555442,1,,,3,,,Other Safety Equipment Used,,,,,,,,,,owner,,University-Rosedale (11),52 Division,Kensington-Chinatown,FALSE,FALSE,FALSE,FALSE,FALSE,FALSE,TRUE,FALSE,FALSE,TRUE,"{""coordinates"": [[-79.39909089969588, 43.65554420441607]], ""type"": ""MultiPoint""}"
17696,2006:932096,2006-10-11T14:06:00,SPADINA AVE,BALDWIN ST,,4,Non-Fatal Injury,,No Control,Pedestrian Collision (internal code),Rain,Daylight,Wet,Major Arterial,FALSE,-79.3990909,43.6555442,1,,,2,48,Major,Other Safety Equipment Used,,,Other,Had Been Drinking,,Transit vehicle driver hits pedestrian anywhere along roadway,,,,pedestrian,,University-Rosedale (11),52 Division,Kensington-Chinatown,FALSE,FALSE,FALSE,FALSE,FALSE,FALSE,TRUE,FALSE,FALSE,TRUE,"{""coordinates"": [[-79.39909089969588, 43.65554420441607]], ""type"": ""MultiPoint""}"
17697,2006:930421,2006-10-11T22:55:00,STEELES AVE W,KEELE ST,,2,Non-Fatal Injury,At Intersection,Traffic Signal,Pedestrian Collision (internal code),Rain,Dark,Wet,Major Arterial,TRUE,-79.49449087,43.78154429,1,Automobile or Station Wagon,,1,,None,Other Safety Equipment Used,,,,,Unknown,,,,,driver,,,31 Division,York University Heights,FALSE,FALSE,FALSE,FALSE,FALSE,FALSE,TRUE,FALSE,FALSE,FALSE,"{""coordinates"": [[-79.49449087266969, 43.78154429141674]], ""type"": ""MultiPoint""}"
17698,2006:929542,2006-10-12T12:10:00,LAKE SHORE BLVD W,LEGION RD,,2,Non-Fatal Injury,,No Control,Pedestrian Collision (internal code),Clear,Daylight,Dry,Major Arterial,FALSE,-79.48379113,43.62024434,1,Truck - Open (Flatbed),East,1,36,None,Lap and Shoulder Belt,Driving properly,Normal,,,Going Ahead,,,,,driver,,Etobicoke-Lakeshore (3),22 Division,Humber Bay Shores,FALSE,FALSE,FALSE,FALSE,FALSE,FALSE,TRUE,FALSE,FALSE,TRUE,"{""coordinates"": [[-79.48379112755417, 43.62024434497199]], ""type"": ""MultiPoint""}"
17699,2006:935297,2006-10-13T23:25:00,ADELAIDE ST E,YONGE ST,,6,Non-Fatal Injury,At Intersection,Traffic Signal,Cyclist Collision (internal code),Clear,Dark,Dry,Major Arterial,FALSE,-79.37849087,43.65044418,2,Automobile or Station Wagon,North,4,21,Minimal,Lap and Shoulder Belt,Other,Had Been Drinking,,,Going Ahead,,,,,driver,,Toronto Centre (13),52 Division,Yonge-Bay Corridor,TRUE,TRUE,TRUE,FALSE,FALSE,FALSE,FALSE,FALSE,FALSE,FALSE,"{""coordinates"": [[-79.37849086743054, 43.65044417521876]], ""type"": ""MultiPoint""}"
17700,2006:935297,2006-10-13T23:25:00,ADELAIDE ST E,YONGE ST,,6,Non-Fatal Injury,At Intersection,Traffic Signal,Cyclist Collision (internal code),Clear,Dark,Dry,Major Arterial,FALSE,-79.37849087,43.65044418,1,,,1,,,Other Safety Equipment Used,,,,,,,,,,owner,,Toronto Centre (13),52 Division,Yonge-Bay Corridor,TRUE,TRUE,TRUE,FALSE,FALSE,FALSE,FALSE,FALSE,FALSE,FALSE,"{""coordinates"": [[-79.37849086743054, 43.65044417521876]], ""type"": ""MultiPoint""}"
17701,2006:941113,2006-10-14T22:04:00,DUFFERIN St,CASTLEFIELD Ave,,2,Non-Fatal Injury,,Traffic Signal,Pedestrian Collision (internal code),Clear,Daylight,Dry,Major Arterial,FALSE,-79.45179092,43.70074426,2,,West,2,20,Major,Other Safety Equipment Used,,,Crossing with right-of-way (intersection),Normal,,Driver turns left into pedestrian crossing with right-of-way (at intersection),,,,pedestrian,,Eglinton-Lawrence (8),13 Division,Briar Hill-Belgravia,TRUE,FALSE,FALSE,FALSE,FALSE,FALSE,TRUE,FALSE,FALSE,FALSE,"{""coordinates"": [[-79.45179092464082, 43.70074426462815]], ""type"": ""MultiPoint""}"
17702,2006:932574,2006-10-16T07:45:00,CUMMER AVE,WILLOWDALE AVE,,2,Non-Fatal Injury,,No Control,Pedestrian Collision (internal code),Clear,Daylight,Dry,Minor Arterial,FALSE,-79.40909073,43.78884419,1,Automobile or Station Wagon,East,1,41,None,Other Safety Equipment Used,Improper passing,Normal,,,Going Ahead,,,,,driver,,Willowdale (18),32 Division,Newtonbrook East,TRUE,FALSE,FALSE,FALSE,FALSE,TRUE,TRUE,FALSE,FALSE,FALSE,"{""coordinates"": [[-79.40909072561806, 43.788844188389064]], ""type"": ""MultiPoint""}"
17703,2006:930606,2006-10-17T20:28:00,WILSON AVE,GARRATT BLVD,,3,Non-Fatal Injury,At Intersection,Traffic Signal,Pedestrian Collision (internal code),Rain,Dark,Wet,Major Arterial,FALSE,-79.4680909,43.73034427,2,,South,3,78,Major,Other Safety Equipment Used,,,Crossing without right-of-way (intersection),Normal,,Driver going straight hits pedestrian crossing without right-of-way (at intersection),,,,pedestrian,,York Centre (6),32 Division,Downsview,FALSE,FALSE,FALSE,FALSE,FALSE,TRUE,TRUE,FALSE,FALSE,FALSE,"{""coordinates"": [[-79.46809090234291, 43.730344274462205]], ""type"": ""MultiPoint""}"
17704,2006:930606,2006-10-17T20:28:00,WILSON AVE,GARRATT BLVD,,3,Non-Fatal Injury,At Intersection,Traffic Signal,Pedestrian Collision (internal code),Rain,Dark,Wet,Major Arterial,FALSE,-79.4680909,43.73034427,1,Automobile or Station Wagon,West,2,34,None,Other Safety Equipment Used,Driving properly,Normal,,,Slowing or Stopping,,,,,driver,,York Centre (6),32 Division,Downsview,FALSE,FALSE,FALSE,FALSE,FALSE,TRUE,TRUE,FALSE,FALSE,FALSE,"{""coordinates"": [[-79.46809090234291, 43.730344274462205]], ""type"": ""MultiPoint""}"
17705,2006:935384,2006-10-18T06:37:00,MCCOWAN RD,BUSHBY DR,,5,Non-Fatal Injury,At Intersection,Traffic Signal,Pedestrian Collision (internal code),Clear,Dawn,Dry,Major Arterial,FALSE,-79.25219048,43.774544,2,Automobile or Station Wagon,North,4,27,Minor,Lap and Shoulder Belt,Lost control,Inattentive,,,Going Ahead,,,,,driver,,Scarborough-Guildwood (24),43 Division,Woburn North,TRUE,TRUE,FALSE,FALSE,FALSE,FALSE,TRUE,FALSE,FALSE,FALSE,"{""coordinates"": [[-79.25219048387588, 43.774544000186246]], ""type"": ""MultiPoint""}"
17706,2006:935384,2006-10-18T06:37:00,MCCOWAN RD,BUSHBY DR,,5,Non-Fatal Injury,At Intersection,Traffic Signal,Pedestrian Collision (internal code),Clear,Dawn,Dry,Major Arterial,FALSE,-79.25219048,43.774544,1,,,1,,,Other Safety Equipment Used,,,,,,,,,,owner,,Scarborough-Guildwood (24),43 Division,Woburn North,TRUE,TRUE,FALSE,FALSE,FALSE,FALSE,TRUE,FALSE,FALSE,FALSE,"{""coordinates"": [[-79.25219048387588, 43.774544000186246]], ""type"": ""MultiPoint""}"
17707,2006:931507,2006-10-21T19:16:00,DANFORTH AVE,SIBLEY AVE,,3,Non-Fatal Injury,At Intersection,Stop Sign,Pedestrian Collision (internal code),Clear,Dark,Dry,Major Arterial,FALSE,-79.29269065,43.69024405,1,,,1,16,None,Other Safety Equipment Used,,,,,,,,,,passenger,,Beaches-East York (19),55 Division,Taylor-Massey,FALSE,FALSE,FALSE,FALSE,FALSE,FALSE,TRUE,FALSE,TRUE,FALSE,"{""coordinates"": [[-79.2926906486549, 43.69024404765797]], ""type"": ""MultiPoint""}"
17708,2006:933951,2006-10-26T02:25:00,SHERBOURNE ST,QUEEN ST E,,2,Non-Fatal Injury,At Intersection,Traffic Signal,Pedestrian Collision (internal code),Clear,Dark,Dry,Major Arterial,FALSE,-79.36949084,43.65454416,1,Automobile or Station Wagon,East,1,40,None,Lap and Shoulder Belt,Driving properly,Normal,,,Turning Left,,,,,driver,,Toronto Centre (13),51 Division,Moss Park,FALSE,TRUE,FALSE,FALSE,FALSE,FALSE,TRUE,FALSE,FALSE,FALSE,"{""coordinates"": [[-79.36949084372996, 43.6545441611072]], ""type"": ""MultiPoint""}"
17709,2006:936387,2006-10-27T22:15:00,RICHMOND ST E,BERTI ST,,3,Non-Fatal Injury,,No Control,Pedestrian Collision (internal code),Rain,Dark,Wet,Major Arterial,FALSE,-79.37639086,43.65224417,1,,,2,,None,Other Safety Equipment Used,,,,,,,,,,owner,,Toronto Centre (13),51 Division,Downtown Yonge East,FALSE,FALSE,FALSE,FALSE,FALSE,FALSE,TRUE,FALSE,FALSE,FALSE,"{""coordinates"": [[-79.37639086061071, 43.65224417173699]], ""type"": ""MultiPoint""}"
17710,2006:936387,2006-10-27T22:15:00,RICHMOND ST E,BERTI ST,,3,Non-Fatal Injury,,No Control,Pedestrian Collision (internal code),Rain,Dark,Wet,Major Arterial,FALSE,-79.37639086,43.65224417,1,Automobile or Station Wagon,West,3,45,None,Lap and Shoulder Belt,Driving properly,Normal,,,Going Ahead,,,,,driver,,Toronto Centre (13),51 Division,Downtown Yonge East,FALSE,FALSE,FALSE,FALSE,FALSE,FALSE,TRUE,FALSE,FALSE,FALSE,"{""coordinates"": [[-79.37639086061071, 43.65224417173699]], ""type"": ""MultiPoint""}"
17711,2006:933152,2006-10-28T20:30:00,EGLINTON AVE E,BRENTCLIFFE RD,,2,Non-Fatal Injury,,No Control,Pedestrian Collision (internal code),Rain,Dark,Wet,Major Arterial,FALSE,-79.35889074,43.71474414,1,Automobile or Station Wagon,West,1,30,None,Other Safety Equipment Used,Driving properly,Normal,,,Going Ahead,,,,,driver,,Don Valley West (15),53 Division,Thorncliffe Park,FALSE,FALSE,FALSE,FALSE,FALSE,FALSE,TRUE,FALSE,FALSE,FALSE,"{""coordinates"": [[-79.35889073517059, 43.71474413555236]], ""type"": ""MultiPoint""}"
17712,2006:936669,2006-10-28T22:41:00,FINCH AVE W,WESTMORE DR,,3,Non-Fatal Injury,At Intersection,Traffic Signal,Pedestrian Collision (internal code),Rain,Dark,Wet,Major Arterial,FALSE,-79.60099108,43.73464443,1,,,1,,None,Other Safety Equipment Used,,,,,,,,,,owner,,Etobicoke North (1),23 Division,West Humber-Clairville,FALSE,FALSE,FALSE,FALSE,FALSE,FALSE,TRUE,FALSE,FALSE,FALSE,"{""coordinates"": [[-79.60099107716387, 43.73464442716268]], ""type"": ""MultiPoint""}"
17714,2006:934047,2006-10-29T02:28:00,QUEEN ST W,YORK ST,,2,Non-Fatal Injury,At Intersection,Traffic Signal,Pedestrian Collision (internal code),Rain,Dark,Wet,Major Arterial,FALSE,-79.38499088,43.65124418,1,,South,1,21,Major,Other Safety Equipment Used,,,Crossing with right-of-way (intersection),Normal,,Driver going straight hits pedestrian crossing with right-of-way (at intersection),,,,pedestrian,,Spadina-Fort York (10),52 Division,Yonge-Bay Corridor,TRUE,FALSE,FALSE,FALSE,FALSE,FALSE,TRUE,TRUE,FALSE,FALSE,"{""coordinates"": [[-79.38499087891168, 43.651244184667135]], ""type"": ""MultiPoint""}"
17715,2006:933963,2006-10-30T13:20:00,SHEPPARD AVE E,KENNEDY RD,,3,Non-Fatal Injury,At Intersection,Traffic Signal,Pedestrian Collision (internal code),Clear,Daylight,Dry,Major Arterial,FALSE,-79.28829054,43.78324404,1,,,1,,,Other Safety Equipment Used,,,,,,,,,,owner,,Scarborough-Agincourt (22),42 Division,Tam O'Shanter-Sullivan,TRUE,FALSE,FALSE,FALSE,FALSE,TRUE,TRUE,FALSE,FALSE,FALSE,"{""coordinates"": [[-79.28829053550513, 43.783244044671235]], ""type"": ""MultiPoint""}"
17716,2006:937526,2006-11-02T16:00:00,EMPRESS AVE,BAYVIEW AVE,,3,Non-Fatal Injury,At Intersection,Traffic Signal,Pedestrian Collision (internal code),Clear,Daylight,Dry,Major Arterial,FALSE,-79.38979071,43.77434417,1,Automobile or Station Wagon,East,2,33,None,Lap and Shoulder Belt,Failed to yield right-of-way,Inattentive,,,Turning Right,,,,,driver,,Willowdale (18),32 Division,East Willowdale,TRUE,TRUE,FALSE,FALSE,FALSE,FALSE,TRUE,FALSE,TRUE,FALSE,"{""coordinates"": [[-79.38979070988448, 43.77434416657183]], ""type"": ""MultiPoint""}"
17717,2006:937526,2006-11-02T16:00:00,EMPRESS AVE,BAYVIEW AVE,,3,Non-Fatal Injury,At Intersection,Traffic Signal,Pedestrian Collision (internal code),Clear,Daylight,Dry,Major Arterial,FALSE,-79.38979071,43.77434417,2,,North,3,15,Major,Other Safety Equipment Used,,,Crossing with right-of-way (intersection),Normal,,Driver turns right into pedestrian crossing with right-of-way (at intersection),,,,pedestrian,,Willowdale (18),32 Division,East Willowdale,TRUE,TRUE,FALSE,FALSE,FALSE,FALSE,TRUE,FALSE,TRUE,FALSE,"{""coordinates"": [[-79.38979070988448, 43.77434416657183]], ""type"": ""MultiPoint""}"
17718,2006:934337,2006-11-03T10:53:00,STEELES AVE E,TOWNSEND RD,,3,Non-Fatal Injury,,Traffic Signal,Pedestrian Collision (internal code),Clear,Daylight,Dry,Major Arterial,FALSE,-79.35749062,43.81194413,3,,,3,64,Major,Other Safety Equipment Used,,,On sidewalk or shoulder,Normal,,Driver hits pedestrian on sidewalk or shoulder,,,,pedestrian,,,,,FALSE,FALSE,FALSE,FALSE,FALSE,FALSE,TRUE,FALSE,FALSE,FALSE,"{""coordinates"": [[-79.35749061913775, 43.81194412678737]], ""type"": ""MultiPoint""}"
17719,2006:934337,2006-11-03T10:53:00,STEELES AVE E,TOWNSEND RD,,3,Non-Fatal Injury,,Traffic Signal,Pedestrian Collision (internal code),Clear,Daylight,Dry,Major Arterial,FALSE,-79.35749062,43.81194413,2,Automobile or Station Wagon,West,2,42,None,Other Safety Equipment Used,Improper lane change,Normal,,,Changing Lanes,,,,,driver,,,,,FALSE,FALSE,FALSE,FALSE,FALSE,FALSE,TRUE,FALSE,FALSE,FALSE,"{""coordinates"": [[-79.35749061913775, 43.81194412678737]], ""type"": ""MultiPoint""}"
17720,2006:935641,2006-11-10T19:06:00,ROGERS RD,CHAMBERS AVE,,2,Non-Fatal Injury,At Intersection,Stop Sign,Pedestrian Collision (internal code),Clear,Dark,Dry,Minor Arterial,FALSE,-79.46549098,43.68234429,1,,,1,49,Major,Other Safety Equipment Used,,,Crossing without right-of-way (intersection),Inattentive,,Driver going straight hits pedestrian crossing without right-of-way (at intersection),,,,pedestrian,,York South-Weston (5),12 Division,Keelesdale-Eglinton West,FALSE,TRUE,FALSE,FALSE,FALSE,TRUE,TRUE,FALSE,FALSE,FALSE,"{""coordinates"": [[-79.46549098173182, 43.68234429092301]], ""type"": ""MultiPoint""}"
17721,2006:938714,2006-11-10T20:18:00,COMMISSIONERS ST,CHERRY ST,,2,Non-Fatal Injury,At Intersection,Stop Sign,Pedestrian Collision (internal code),Clear,Dark,Dry,Collector,FALSE,-79.35249082,43.64534414,2,,,2,23,Major,Other Safety Equipment Used,,,Crossing - no traffic control,Normal,Other,Driver going straight hits pedestrian crossing with right-of-way (at intersection),,,,pedestrian,,Toronto-Danforth (14),51 Division,South Riverdale,TRUE,FALSE,FALSE,FALSE,FALSE,FALSE,TRUE,FALSE,FALSE,FALSE,"{""coordinates"": [[-79.35249082396918, 43.64534413746942]], ""type"": ""MultiPoint""}"
17722,2006:935844,2006-11-12T20:00:00,LAWRENCE AVE E,WEXFORD BLVD,,2,Non-Fatal Injury,,No Control,Pedestrian Collision (internal code),Clear,Dark,Dry,Major Arterial,FALSE,-79.3017906,43.74384406,2,,South,2,55,Major,No Equipment Available,,,Crossing - no traffic control,Inattentive,,Driver hits pedestrian at midblock,,,,pedestrian,,Scarborough Centre (21),41 Division,Wexford/Maryvale,FALSE,TRUE,FALSE,FALSE,FALSE,FALSE,TRUE,FALSE,FALSE,FALSE,"{""coordinates"": [[-79.30179059539867, 43.74384405854931]], ""type"": ""MultiPoint""}"
17723,2006:940240,2006-12-05T18:21:00,VICTORIA PARK Ave,MCNICOLL Ave,,5,Non-Fatal Injury,,No Control,Pedestrian Collision (internal code),Clear,Dark,Dry,Major Arterial,TRUE,-79.33659059,43.8047441,2,,,5,47,Major,Other Safety Equipment Used,,,Crossing without right-of-way (intersection),Normal,,Driver hits pedestrian at midblock,,,,pedestrian,,Scarborough-Agincourt (22),42 Division,Steeles,FALSE,FALSE,FALSE,FALSE,FALSE,FALSE,TRUE,FALSE,FALSE,FALSE,"{""coordinates"": [[-79.33659059324235, 43.8047441027072]], ""type"": ""MultiPoint""}"
17724,2006:936726,2006-11-17T02:03:00,KENNEDY RD,EGLINTON AVE E,,2,Non-Fatal Injury,At Intersection,Traffic Signal,Pedestrian Collision (internal code),Rain,Dark,Wet,Major Arterial,FALSE,-79.26789055,43.73214402,2,,West,2,46,Major,Other Safety Equipment Used,,,Crossing without right-of-way (intersection),Normal,,Driver going straight hits pedestrian crossing without right-of-way (at intersection),,,,pedestrian,,Scarborough Southwest (20),41 Division,Kennedy Park,FALSE,FALSE,FALSE,FALSE,FALSE,FALSE,TRUE,FALSE,FALSE,FALSE,"{""coordinates"": [[-79.26789055188546, 43.73214401514884]], ""type"": ""MultiPoint""}"