_id,collision_id,accdate,stname1,stname2,stname3,per_inv,acclass,accloc,traffictl,impactype,visible,light,rdsfcond,road_class,failtorem,longitude,latitude,veh_no,vehtype,initdir,per_no,invage,injury,safequip,drivact,drivcond,pedact,pedcond,manoeuvre,pedtype,cyclistype,cycact,cyccond,road_user,fatal_no,wardname,division,neighbourhood,aggressive,distracted,cyclist,motorcyclist,other_micromobility,older_adult,pedestrian,red_light,school_child,heavy_truck,geometry
18040,2008:1062444,2008-10-02T20:38:00,FINCH Ave W,DUFFERIN St,,4,Non-Fatal Injury,,No Control,Pedestrian Collision (internal code),Rain,Dark,Wet,Major Arterial,FALSE,-79.46989085,43.76814426,1,,,2,18,None,Other Safety Equipment Used,,,,,,,,,,passenger,,York Centre (6),32 Division,York University Heights,FALSE,FALSE,FALSE,FALSE,FALSE,TRUE,TRUE,FALSE,TRUE,FALSE,"{""coordinates"": [[-79.46989084887454, 43.76814426472697]], ""type"": ""MultiPoint""}"
18041,2007:1009774,2007-11-28T08:45:00,ST CLAIR Aven W,FRENCH Aven,,2,Non-Fatal Injury,,No Control,Pedestrian Collision (internal code),Clear,Daylight,Dry,Major Arterial,FALSE,-79.49059106,43.66744433,1,Automobile or Station Wagon,West,1,50,None,Lap and Shoulder Belt,Driving properly,Normal,,,Going Ahead,,,,,driver,,York South-Weston (5),12 Division,Rockcliffe-Smythe,FALSE,TRUE,FALSE,FALSE,FALSE,FALSE,TRUE,FALSE,TRUE,FALSE,"{""coordinates"": [[-79.49059105569573, 43.667444333270005]], ""type"": ""MultiPoint""}"
18042,2007:1005315,2007-11-28T15:10:00,YONGE St,WELLINGTON St E,,2,Non-Fatal Injury,At Intersection,Traffic Signal,Pedestrian Collision (internal code),Clear,Daylight,Dry,Major Arterial,FALSE,-79.37739087,43.64784417,2,,,2,70,Major,Other Safety Equipment Used,,,Crossing with right-of-way (intersection),Normal,,Driver turns left into pedestrian crossing with right-of-way (at intersection),,,,pedestrian,,Toronto Centre (13),52 Division,Yonge-Bay Corridor,TRUE,FALSE,FALSE,FALSE,FALSE,TRUE,TRUE,FALSE,FALSE,FALSE,"{""coordinates"": [[-79.37739086920855, 43.64784417413088]], ""type"": ""MultiPoint""}"
18043,2007:1007992,2007-11-29T17:42:00,BRIMLEY Road,ST CLAIR Aven E,,2,Non-Fatal Injury,At Intersection,Traffic Signal,Pedestrian Collision (internal code),Clear,Dark,Dry,Minor Arterial,FALSE,-79.24149052,43.72084398,1,Automobile or Station Wagon,South,1,63,None,Lap and Shoulder Belt,Failed to yield right-of-way,Inattentive,,,Turning Left,,,,,driver,,Scarborough Southwest (20),41 Division,Cliffcrest,TRUE,TRUE,FALSE,FALSE,FALSE,FALSE,TRUE,FALSE,FALSE,FALSE,"{""coordinates"": [[-79.24149052126563, 43.72084398174446]], ""type"": ""MultiPoint""}"
18044,2007:1005791,2007-11-29T23:57:00,GERRARD ST E,PARLIAMENT ST,,2,Non-Fatal Injury,At Intersection,Traffic Signal,Pedestrian Collision (internal code),Clear,Dark,Dry,Minor Arterial,TRUE,-79.36699083,43.66194416,2,,North,2,60,Major,Other Safety Equipment Used,,,Crossing without right-of-way (intersection),Normal,,Driver going straight hits pedestrian crossing without right-of-way (at intersection),,,,pedestrian,,Toronto Centre (13),51 Division,Regent Park,FALSE,FALSE,FALSE,FALSE,FALSE,FALSE,TRUE,FALSE,FALSE,FALSE,"{""coordinates"": [[-79.36699082789733, 43.66194415606473]], ""type"": ""MultiPoint""}"
18045,2007:1009854,2007-12-02T02:58:00,267 DAVENPORT Rd,,,3,Non-Fatal Injury,,No Control,Pedestrian Collision (internal code),Snow,Dark,Packed Snow,Major Arterial,FALSE,-79.39819087,43.6743442,1,Automobile or Station Wagon,West,1,37,None,Use Unknown,Speed too fast for conditions,Ability Impaired - Alcohol,,,Changing Lanes,,,,,driver,,University-Rosedale (11),53 Division,Annex,TRUE,FALSE,FALSE,FALSE,FALSE,FALSE,TRUE,FALSE,FALSE,FALSE,"{""coordinates"": [[-79.39819086849114, 43.67434419826786]], ""type"": ""MultiPoint""}"
18046,2007:1006590,2007-12-04T07:30:00,ISLINGTON Ave,STANMILLS Rd,,3,Non-Fatal Injury,At Intersection,Stop Sign,Pedestrian Collision (internal code),Strong Wind,Daylight,Wet,Major Arterial,FALSE,-79.51519117,43.62464439,1,Automobile or Station Wagon,North,2,50,None,Other Safety Equipment Used,Driving properly,Normal,,,Going Ahead,,,,,driver,,Etobicoke-Lakeshore (3),22 Division,Stonegate-Queensway,FALSE,TRUE,FALSE,FALSE,FALSE,FALSE,TRUE,FALSE,FALSE,FALSE,"{""coordinates"": [[-79.51519117241975, 43.62464438698895]], ""type"": ""MultiPoint""}"
18047,2007:1006590,2007-12-04T07:30:00,ISLINGTON Ave,STANMILLS Rd,,3,Non-Fatal Injury,At Intersection,Stop Sign,Pedestrian Collision (internal code),Strong Wind,Daylight,Wet,Major Arterial,FALSE,-79.51519117,43.62464439,2,,East,3,45,Major,Other Safety Equipment Used,,,Crossing without right-of-way (intersection),Inattentive,,Driver going straight hits pedestrian crossing without right-of-way (at intersection),,,,pedestrian,,Etobicoke-Lakeshore (3),22 Division,Stonegate-Queensway,FALSE,TRUE,FALSE,FALSE,FALSE,FALSE,TRUE,FALSE,FALSE,FALSE,"{""coordinates"": [[-79.51519117241975, 43.62464438698895]], ""type"": ""MultiPoint""}"
18048,2007:1010140,2007-12-04T12:50:00,YONGE ST,CHURCH ST,,3,Non-Fatal Injury,At Intersection,Traffic Signal,Pedestrian Collision (internal code),Clear,Daylight,Dry,Major Arterial,FALSE,-79.38789085,43.67284418,1,Truck - Open (Flatbed),West,2,36,None,Lap and Shoulder Belt,Driving properly,Normal,,,Turning Right,,,,,driver,,University-Rosedale (11),53 Division,Annex,FALSE,FALSE,FALSE,FALSE,FALSE,FALSE,TRUE,FALSE,TRUE,TRUE,"{""coordinates"": [[-79.38789085132845, 43.67284418393065]], ""type"": ""MultiPoint""}"
18049,2007:1010140,2007-12-04T12:50:00,YONGE ST,CHURCH ST,,3,Non-Fatal Injury,At Intersection,Traffic Signal,Pedestrian Collision (internal code),Clear,Daylight,Dry,Major Arterial,FALSE,-79.38789085,43.67284418,2,,Unknown,3,17,Major,Other Safety Equipment Used,,,On sidewalk or shoulder,Normal,,Other,,,,pedestrian,,University-Rosedale (11),53 Division,Annex,FALSE,FALSE,FALSE,FALSE,FALSE,FALSE,TRUE,FALSE,TRUE,TRUE,"{""coordinates"": [[-79.38789085132845, 43.67284418393065]], ""type"": ""MultiPoint""}"
18051,2007:1007205,2007-12-06T17:55:00,RONCESVALLES Aven,CONSTANCE Stre,,2,Non-Fatal Injury,At Intersection,No Control,Pedestrian Collision (internal code),Clear,Dark,Dry,Minor Arterial,TRUE,-79.45039101,43.64964428,1,Automobile or Station Wagon,North,2,,None,Other Safety Equipment Used,Failed to yield right-of-way,Inattentive,,,Turning Left,,,,,driver,,Parkdale-High Park (4),11 Division,High Park-Swansea,TRUE,TRUE,FALSE,FALSE,FALSE,TRUE,TRUE,FALSE,FALSE,FALSE,"{""coordinates"": [[-79.45039100934675, 43.649644282034565]], ""type"": ""MultiPoint""}"
18052,2007:1007918,2007-12-10T18:06:00,MARTIN GROVE Road,ROYALCREST Road,,2,Non-Fatal Injury,,No Control,Pedestrian Collision (internal code),Clear,Dark,Wet,Minor Arterial,FALSE,-79.59929104,43.75224442,2,,West,2,86,Major,Other Safety Equipment Used,,,Crossing - no traffic control,Inattentive,,Driver going straight hits pedestrian crossing without right-of-way (at intersection),,,,pedestrian,,Etobicoke North (1),23 Division,West Humber-Clairville,FALSE,TRUE,FALSE,FALSE,FALSE,TRUE,TRUE,FALSE,FALSE,FALSE,"{""coordinates"": [[-79.59929104298473, 43.75224441501721]], ""type"": ""MultiPoint""}"
18053,2007:1009323,2007-12-11T06:30:00,ISLINGTON Aven,SUMMITCREST Driv,,2,Non-Fatal Injury,At Intersection,Traffic Signal,Pedestrian Collision (internal code),Clear,Dark,Wet,Major Arterial,FALSE,-79.5404911,43.68314439,2,,East,2,54,Major,Other Safety Equipment Used,,,Crossing with right-of-way (intersection),Normal,,Driver turns left into pedestrian crossing with right-of-way (at intersection),,,,pedestrian,,Etobicoke Centre (2),23 Division,Willowridge-Martingrove-Richview,TRUE,TRUE,FALSE,FALSE,FALSE,FALSE,TRUE,FALSE,FALSE,FALSE,"{""coordinates"": [[-79.54049109679204, 43.68314438704505]], ""type"": ""MultiPoint""}"
18054,2007:1012088,2007-12-13T09:35:00,VICTORIA PARK Aven,ST CLAIR Aven E,,2,Non-Fatal Injury,,No Control,Pedestrian Collision (internal code),Clear,Daylight,Wet,Major Arterial,FALSE,-79.29619063,43.70934405,2,,East,2,28,Major,Other Safety Equipment Used,,,Crossing without right-of-way (intersection),Normal,,Other,,,,pedestrian,,Scarborough Southwest (20),41 Division,Clairlea-Birchmount,FALSE,FALSE,FALSE,FALSE,FALSE,FALSE,TRUE,FALSE,FALSE,FALSE,"{""coordinates"": [[-79.29619063044083, 43.709344052144985]], ""type"": ""MultiPoint""}"
18055,2007:1011331,2007-12-14T20:57:00,QUEEN ST W,DUNN AVE,,2,Non-Fatal Injury,At Intersection,Traffic Signal,Pedestrian Collision (internal code),Clear,Dark,Dry,Major Arterial,FALSE,-79.43449099,43.64104426,1,Automobile or Station Wagon,West,1,65,None,Lap and Shoulder Belt,Driving properly,Normal,,,Going Ahead,,,,,driver,,Parkdale-High Park (4),11 Division,Roncesvalles,FALSE,FALSE,FALSE,FALSE,FALSE,TRUE,TRUE,FALSE,FALSE,FALSE,"{""coordinates"": [[-79.43449099254732, 43.641044261383676]], ""type"": ""MultiPoint""}"
18058,2007:1013128,2007-12-20T04:55:00,YORK ST,BREMNER BLVD,,2,Non-Fatal Injury,,No Control,Pedestrian Collision (internal code),Clear,Dark,Dry,Major Arterial,FALSE,-79.38219088,43.64454418,2,,West,2,23,Major,Other Safety Equipment Used,,,Crossing - no traffic control,Unknown,,Driver hits pedestrian at midblock,,,,pedestrian,,Spadina-Fort York (10),52 Division,Harbourfront-CityPlace,FALSE,FALSE,FALSE,FALSE,FALSE,FALSE,TRUE,FALSE,FALSE,FALSE,"{""coordinates"": [[-79.38219088365378, 43.64454418199497]], ""type"": ""MultiPoint""}"
18059,2007:1023759,2007-12-20T18:20:00,DUFFERIN ST,BRIAR HILL AVE,,2,Non-Fatal Injury,At Intersection,Traffic Signal,Pedestrian Collision (internal code),Clear,Dark,Dry,Major Arterial,FALSE,-79.45209092,43.70234426,2,,West,2,50,Major,Other Safety Equipment Used,,,Crossing without right-of-way (intersection),Inattentive,,Driver turns left into pedestrian crossing without right-of-way (at intersection),,,,pedestrian,,Eglinton-Lawrence (8),13 Division,Briar Hill-Belgravia,FALSE,TRUE,FALSE,FALSE,FALSE,FALSE,TRUE,FALSE,FALSE,FALSE,"{""coordinates"": [[-79.4520909224473, 43.70234426442635]], ""type"": ""MultiPoint""}"
18060,2007:1011018,2007-12-23T01:35:00,3003 DANFORTH AVE,,,2,Non-Fatal Injury,,Traffic Signal,Pedestrian Collision (internal code),Clear,Dark,Wet,Major Arterial,TRUE,-79.29209065,43.69034405,1,Automobile or Station Wagon,,1,,None,Other Safety Equipment Used,,,,,Unknown,,,,,driver,,Beaches-East York (19),55 Division,Taylor-Massey,FALSE,FALSE,FALSE,FALSE,FALSE,FALSE,TRUE,FALSE,FALSE,FALSE,"{""coordinates"": [[-79.29209064741822, 43.690344046823625]], ""type"": ""MultiPoint""}"
18061,2007:1011055,2007-12-23T19:05:00,JARVIS ST,CARLTON ST,,2,Non-Fatal Injury,,No Control,Pedestrian Collision (internal code),Clear,Dark,Dry,Major Arterial,FALSE,-79.37689085,43.66294417,1,Automobile or Station Wagon,North,1,19,None,Other Safety Equipment Used,Driving properly,Normal,,,Going Ahead,,,,,driver,,Toronto Centre (13),51 Division,Cabbagetown-South St.James Town,FALSE,FALSE,FALSE,FALSE,FALSE,FALSE,TRUE,FALSE,TRUE,FALSE,"{""coordinates"": [[-79.37689084543368, 43.662944170258875]], ""type"": ""MultiPoint""}"
18063,2007:1011434,2007-12-27T09:04:00,3495 LAWRENCE Aven E,,,2,Non-Fatal Injury,,Traffic Signal,Pedestrian Collision (internal code),Clear,Daylight,Dry,Major Arterial,FALSE,-79.22839046,43.75904397,1,Automobile or Station Wagon,East,1,57,None,Other Safety Equipment Used,,,,,Going Ahead,,,,,driver,,Scarborough-Guildwood (24),43 Division,Golfdale-Cedarbrae-Woburn,FALSE,FALSE,FALSE,FALSE,FALSE,TRUE,TRUE,FALSE,FALSE,FALSE,"{""coordinates"": [[-79.22839046261905, 43.75904397314886]], ""type"": ""MultiPoint""}"
18064,2007:1013702,2007-12-29T21:58:00,DANFORTH AVE,CEDARVALE AVE,,2,Non-Fatal Injury,,No Control,Pedestrian Collision (internal code),Clear,Dark,Dry,Major Arterial,FALSE,-79.31069069,43.68614407,2,,,2,,Major,Other Safety Equipment Used,,,,,Other,,,,,pedestrian,,Beaches-East York (19),55 Division,East End-Danforth,FALSE,FALSE,FALSE,FALSE,FALSE,FALSE,TRUE,FALSE,FALSE,FALSE,"{""coordinates"": [[-79.31069068736988, 43.68614407287662]], ""type"": ""MultiPoint""}"
18068,2008:1015331,2008-01-07T17:30:00,BELGREEN AVE,TAMORA CRT,,2,Non-Fatal Injury,At Intersection,Stop Sign,Pedestrian Collision (internal code),Clear,Dark,Wet,Local,FALSE,-79.29049053,43.79494405,2,,South,2,12,Major,Other Safety Equipment Used,,,Crossing with right-of-way (intersection),Normal,,Driver turns left into pedestrian crossing with right-of-way (at intersection),,,,pedestrian,,Scarborough-Agincourt (22),42 Division,Tam O'Shanter-Sullivan,TRUE,FALSE,FALSE,FALSE,FALSE,TRUE,TRUE,FALSE,TRUE,FALSE,"{""coordinates"": [[-79.2904905287984, 43.79494404838178]], ""type"": ""MultiPoint""}"
18069,2008:1015320,2008-01-07T18:03:00,ST DENNIS DR,DEAUVILLE LANE,,2,Non-Fatal Injury,,Traffic Signal,Pedestrian Collision (internal code),Rain,Dark,Wet,Collector,FALSE,-79.33139068,43.7183441,2,,East,2,10,Major,Other Safety Equipment Used,,,Crossing with right-of-way (intersection),Normal,,Driver turns left into pedestrian crossing with right-of-way (at intersection),,,,pedestrian,,Don Valley East (16),55 Division,Flemingdon Park,TRUE,FALSE,FALSE,FALSE,FALSE,FALSE,TRUE,FALSE,TRUE,FALSE,"{""coordinates"": [[-79.3313906811829, 43.7183440985587]], ""type"": ""MultiPoint""}"
18070,2008:1014167,2008-01-11T08:20:00,LONEY AVE,DALLNER RD,,2,Non-Fatal Injury,At Intersection,Stop Sign,Pedestrian Collision (internal code),Clear,Daylight,Wet,Local,FALSE,-79.51489099,43.72234434,1,Automobile or Station Wagon,West,1,66,None,Other Safety Equipment Used,Failed to yield right-of-way,Normal,,,Turning Left,,,,,driver,,Humber River-Black Creek (7),31 Division,Oakdale-Beverley Heights,TRUE,TRUE,FALSE,FALSE,FALSE,TRUE,TRUE,FALSE,FALSE,FALSE,"{""coordinates"": [[-79.51489099143132, 43.72234433670095]], ""type"": ""MultiPoint""}"
18071,2008:1015680,2008-01-11T09:44:00,FINCH AVE E,CHEROKEE BLVD,,2,Non-Fatal Injury,,Traffic Signal,Pedestrian Collision (internal code),Clear,Daylight,Dry,Major Arterial,FALSE,-79.3369906,43.7935441,2,,North,2,42,Major,No Equipment Available,,,Crossing without right-of-way (intersection),Normal,,Driver turns left into pedestrian crossing without right-of-way (at intersection),,,,pedestrian,,Don Valley North (17),33 Division,Pleasant View,FALSE,FALSE,FALSE,FALSE,FALSE,TRUE,TRUE,FALSE,FALSE,FALSE,"{""coordinates"": [[-79.33699060468791, 43.79354410300252]], ""type"": ""MultiPoint""}"
18072,2008:1015704,2008-01-11T18:40:00,MALVERN ST,MAMMOTH HALL TRL,,3,Non-Fatal Injury,At Intersection,Stop Sign,Pedestrian Collision (internal code),Clear,Dark,Dry,Collector,FALSE,-79.23579044,43.79674399,1,,,1,,,Other Safety Equipment Used,,,,,,,,,,owner,,Scarborough North (23),42 Division,Malvern West,TRUE,TRUE,FALSE,FALSE,FALSE,FALSE,TRUE,FALSE,FALSE,FALSE,"{""coordinates"": [[-79.23579044361955, 43.79674398737627]], ""type"": ""MultiPoint""}"
18073,2008:1014871,2008-01-15T06:52:00,ROGERS RD,BICKNELL AVE,,1,Non-Fatal Injury,At Intersection,No Control,Pedestrian Collision (internal code),Snow,Dusk with Artificial Lighting,Slush,Minor Arterial,FALSE,-79.47199099,43.6820443,2,,South,2,89,Major,Other Safety Equipment Used,,,Crossing - no traffic control,Normal,,Driver hits pedestrian at midblock,,,,pedestrian,,York South-Weston (5),12 Division,Keelesdale-Eglinton West,FALSE,FALSE,FALSE,FALSE,FALSE,TRUE,TRUE,FALSE,FALSE,FALSE,"{""coordinates"": [[-79.47199099440928, 43.682044300198676]], ""type"": ""MultiPoint""}"
18074,2008:1018105,2008-01-15T07:20:00,FINCH AVE W,RUMIKE RD,,2,Non-Fatal Injury,,No Control,Pedestrian Collision (internal code),Snow,Daylight,Loose Snow,Major Arterial,FALSE,-79.54969098,43.75054436,1,,East,2,42,Major,No Equipment Available,,,On sidewalk or shoulder,Normal,,Driver hits pedestrian on sidewalk or shoulder,,,,pedestrian,,Humber River-Black Creek (7),31 Division,Humber Summit,TRUE,TRUE,FALSE,FALSE,FALSE,FALSE,TRUE,FALSE,FALSE,FALSE,"{""coordinates"": [[-79.54969098317781, 43.75054436087126]], ""type"": ""MultiPoint""}"
18075,2008:1015577,2008-01-17T17:50:00,FINCH AVE E,WILFRED AVE,,3,Non-Fatal Injury,At Intersection,No Control,Pedestrian Collision (internal code),Snow,Dark,Wet,Major Arterial,FALSE,-79.40149072,43.78284418,1,Automobile or Station Wagon,West,1,32,None,Other Safety Equipment Used,Driving properly,Normal,,,Going Ahead,,,,,driver,,Willowdale (18),32 Division,East Willowdale,FALSE,FALSE,FALSE,FALSE,FALSE,TRUE,TRUE,FALSE,FALSE,FALSE,"{""coordinates"": [[-79.40149071986181, 43.782844179936]], ""type"": ""MultiPoint""}"
18076,2008:1016912,2008-01-17T18:10:00,FINCH AVE E,VICTORIA PARK AVE,,2,Non-Fatal Injury,,Traffic Signal,Pedestrian Collision (internal code),Clear,Dark,Dry,Major Arterial,FALSE,-79.3313906,43.7931441,1,Automobile or Station Wagon,East,1,38,None,Lap and Shoulder Belt,Driving properly,Normal,,,Going Ahead,,,,,driver,,Scarborough-Agincourt (22),42 Division,L'Amoreaux West,FALSE,FALSE,FALSE,FALSE,FALSE,FALSE,TRUE,FALSE,FALSE,FALSE,"{""coordinates"": [[-79.33139059607865, 43.7931440963992]], ""type"": ""MultiPoint""}"
18077,2008:1017679,2008-01-21T19:40:00,EVANS AVE,SHERWAY GT,,2,Non-Fatal Injury,,Traffic Signal,Pedestrian Collision (internal code),Clear,Dark,Dry,Major Arterial,FALSE,-79.55639126,43.60894445,1,Automobile or Station Wagon,North,1,67,None,Lap and Shoulder Belt,Improper turn,Inattentive,,,Turning Left,,,,,driver,,Etobicoke-Lakeshore (3),22 Division,Etobicoke City Centre,FALSE,TRUE,FALSE,FALSE,FALSE,TRUE,TRUE,FALSE,FALSE,FALSE,"{""coordinates"": [[-79.5563912559014, 43.60894444740866]], ""type"": ""MultiPoint""}"
18078,2008:1016775,2008-01-23T06:45:00,MARTIN GROVE RD,STEELES AVE W,,2,Non-Fatal Injury,At Intersection,Traffic Signal,Pedestrian Collision (internal code),Clear,Dark,Dry,Major Arterial,FALSE,-79.60339104,43.75784442,2,,West,2,54,Major,Other Safety Equipment Used,,,Crossing - marked crosswalk without right-of-way,Inattentive,,Driver going straight hits pedestrian crossing without right-of-way (at intersection),,,,pedestrian,,Etobicoke North (1),23 Division,West Humber-Clairville,FALSE,TRUE,FALSE,FALSE,FALSE,FALSE,TRUE,FALSE,FALSE,FALSE,"{""coordinates"": [[-79.60339104057387, 43.757844417351926]], ""type"": ""MultiPoint""}"
18079,2008:1020139,2008-01-23T10:00:00,LOCKSLEY AVE,BRIAR HILL AVE,,2,Non-Fatal Injury,,Stop Sign,Pedestrian Collision (internal code),Clear,Daylight,Wet,Local,TRUE,-79.44899092,43.70324426,1,,East,2,83,Major,Other Safety Equipment Used,,,Crossing with right-of-way (intersection),Normal,,Driver going straight hits pedestrian crossing with right-of-way (at intersection),,,,pedestrian,,Eglinton-Lawrence (8),13 Division,Briar Hill-Belgravia,TRUE,FALSE,FALSE,FALSE,FALSE,TRUE,TRUE,FALSE,FALSE,FALSE,"{""coordinates"": [[-79.4489909152874, 43.70324425987067]], ""type"": ""MultiPoint""}"
18080,2008:1025421,2008-01-26T14:15:00,79 BLOOR ST W,,,2,Non-Fatal Injury,,No Control,Pedestrian Collision (internal code),Clear,Daylight,Dry,Major Arterial,TRUE,-79.38998786,43.66954219,1,Bicycle,East,1,,None,Other Safety Equipment Used,,,,,Going Ahead,,Cyclist hits pedestrian,Failed to Yield Right of Way,Inattentive,cyclist,,University-Rosedale (11),52 Division,Bay-Cloverhill,FALSE,TRUE,TRUE,FALSE,FALSE,TRUE,TRUE,FALSE,FALSE,FALSE,"{""coordinates"": [[-79.38998786040213, 43.66954218771258]], ""type"": ""MultiPoint""}"
18081,2008:1022016,2008-01-27T10:15:00,2450 LAWRENCE AVE E,,,2,Non-Fatal Injury,At Intersection,Stop Sign,Pedestrian Collision (internal code),Clear,Daylight,Wet,Major Arterial,FALSE,-79.26719053,43.75104402,1,Automobile or Station Wagon,North,1,26,None,Other Safety Equipment Used,Failed to yield right-of-way,Inattentive,,,Slowing or Stopping,,,,,driver,,Scarborough Centre (21),41 Division,Dorset Park,TRUE,TRUE,FALSE,FALSE,FALSE,TRUE,TRUE,FALSE,FALSE,FALSE,"{""coordinates"": [[-79.26719052812085, 43.751044015235884]], ""type"": ""MultiPoint""}"
18082,2008:1017587,2008-01-28T08:17:00,MCNICOLL AVE,LA PEER BLVD,,2,Non-Fatal Injury,,Stop Sign,Pedestrian Collision (internal code),Clear,Daylight,Dry,Minor Arterial,FALSE,-79.31549056,43.80754408,1,Automobile or Station Wagon,North,1,58,None,Other Safety Equipment Used,Failed to yield right-of-way,Inattentive,,,Turning Left,,,,,driver,,Scarborough-Agincourt (22),42 Division,Steeles,TRUE,TRUE,FALSE,FALSE,FALSE,TRUE,TRUE,FALSE,FALSE,FALSE,"{""coordinates"": [[-79.31549055721398, 43.80754407839978]], ""type"": ""MultiPoint""}"
18083,2008:1019552,2008-01-29T17:54:00,SHUTER ST,MUTUAL ST,,2,Non-Fatal Injury,At Intersection,No Control,Pedestrian Collision (internal code),Clear,Dark,Wet,Minor Arterial,FALSE,-79.37459085,43.65524417,1,Automobile or Station Wagon,East,1,51,None,Other Safety Equipment Used,Driving properly,Inattentive,,,Slowing or Stopping,,,,,driver,,Toronto Centre (13),51 Division,Downtown Yonge East,FALSE,TRUE,FALSE,FALSE,FALSE,TRUE,TRUE,FALSE,FALSE,FALSE,"{""coordinates"": [[-79.37459085259079, 43.655244168472514]], ""type"": ""MultiPoint""}"
18084,2008:1020344,2008-01-29T19:55:00,HAMILTON ST,GERRARD ST E,,2,Non-Fatal Injury,,No Control,Pedestrian Collision (internal code),Rain,Dark,Wet,Minor Arterial,FALSE,-79.3534908,43.66524414,2,,West,2,69,Major,Other Safety Equipment Used,,,Crossing with right-of-way (intersection),Normal,,Driver turns left into pedestrian crossing with right-of-way (at intersection),,,,pedestrian,,Toronto-Danforth (14),55 Division,South Riverdale,TRUE,FALSE,FALSE,FALSE,FALSE,TRUE,TRUE,FALSE,FALSE,FALSE,"{""coordinates"": [[-79.35349079715215, 43.665244135922386]], ""type"": ""MultiPoint""}"
18085,2008:1025489,2008-01-29T21:29:00,BROADVIEW AVE,ALLEN AVE,,2,Non-Fatal Injury,,Pedestrian Crossover,Pedestrian Collision (internal code),Rain,Dark,Wet,Minor Arterial,FALSE,-79.3518908,43.66364413,1,Automobile or Station Wagon,North,1,56,None,Lap and Shoulder Belt,Failed to yield right-of-way,Normal,,,Going Ahead,,,,,driver,,Toronto-Danforth (14),55 Division,South Riverdale,TRUE,FALSE,FALSE,FALSE,FALSE,FALSE,TRUE,FALSE,FALSE,FALSE,"{""coordinates"": [[-79.35189079639576, 43.66364413384567]], ""type"": ""MultiPoint""}"
18086,2008:1021038,2008-01-30T10:49:00,DUFFERIN ST,SYLVAN AVE,,2,Non-Fatal Injury,,Traffic Signal,Pedestrian Collision (internal code),Clear,Daylight,Dry,Major Arterial,FALSE,-79.43359097,43.65524426,1,Automobile or Station Wagon,North,1,26,None,Lap and Shoulder Belt,Driving properly,Normal,,,Going Ahead,,,,,driver,,Davenport (9),11 Division,Dufferin Grove,FALSE,TRUE,FALSE,FALSE,FALSE,FALSE,TRUE,FALSE,FALSE,FALSE,"{""coordinates"": [[-79.43359096716131, 43.65524425521742]], ""type"": ""MultiPoint""}"
18089,2008:1024139,2008-02-11T12:39:00,OAKWOOD AVE,ST CLAIR AVE W,,2,Non-Fatal Injury,,No Control,Pedestrian Collision (internal code),Clear,Daylight,Wet,Minor Arterial,FALSE,-79.43579093,43.67994425,2,,,2,41,Major,Other Safety Equipment Used,,,Running onto roadway,Inattentive,,Driver hits pedestrian at midblock,,,,pedestrian,,Davenport (9),13 Division,Wychwood,FALSE,TRUE,FALSE,FALSE,FALSE,TRUE,TRUE,FALSE,FALSE,FALSE,"{""coordinates"": [[-79.43579093022959, 43.67994424995318]], ""type"": ""MultiPoint""}"
18090,2008:1024408,2008-02-15T19:00:00,WARDEN AVE,BOWATER DR,,2,Non-Fatal Injury,,No Control,Pedestrian Collision (internal code),Clear,Dark,Dry,Major Arterial,TRUE,-79.30899057,43.78094407,1,Automobile or Station Wagon,South,1,,None,Other Safety Equipment Used,Driving properly,Unknown,,,Going Ahead,,,,,driver,,Scarborough-Agincourt (22),42 Division,Tam O'Shanter-Sullivan,FALSE,FALSE,FALSE,FALSE,FALSE,FALSE,TRUE,FALSE,FALSE,FALSE,"{""coordinates"": [[-79.30899057123793, 43.78094406925741]], ""type"": ""MultiPoint""}"
18091,2008:1021860,2008-02-17T02:15:00,1601 LAKE SHORE BLVD W,,,7,Non-Fatal Injury,,No Control,Pedestrian Collision (internal code),Clear,Dark,Dry,Major Arterial,TRUE,-79.44689102,43.63694428,3,,,4,,,Other Safety Equipment Used,,,,,,,,,,owner,,Parkdale-High Park (4),11 Division,South Parkdale,FALSE,TRUE,FALSE,FALSE,FALSE,FALSE,TRUE,FALSE,FALSE,FALSE,"{""coordinates"": [[-79.44689102406288, 43.636944281540615]], ""type"": ""MultiPoint""}"
18092,2008:1021860,2008-02-17T02:15:00,1601 LAKE SHORE BLVD W,,,7,Non-Fatal Injury,,No Control,Pedestrian Collision (internal code),Clear,Dark,Dry,Major Arterial,TRUE,-79.44689102,43.63694428,1,,,1,,,Other Safety Equipment Used,,,,,,,,,,owner,,Parkdale-High Park (4),11 Division,South Parkdale,FALSE,TRUE,FALSE,FALSE,FALSE,FALSE,TRUE,FALSE,FALSE,FALSE,"{""coordinates"": [[-79.44689102406288, 43.636944281540615]], ""type"": ""MultiPoint""}"