_id,collision_id,accdate,stname1,stname2,stname3,per_inv,acclass,accloc,traffictl,impactype,visible,light,rdsfcond,road_class,failtorem,longitude,latitude,veh_no,vehtype,initdir,per_no,invage,injury,safequip,drivact,drivcond,pedact,pedcond,manoeuvre,pedtype,cyclistype,cycact,cyccond,road_user,fatal_no,wardname,division,neighbourhood,aggressive,distracted,cyclist,motorcyclist,other_micromobility,older_adult,pedestrian,red_light,school_child,heavy_truck,geometry
18145,2008:1042286,2008-05-15T19:20:00,WOBURN AVE,GREY RD,,2,Non-Fatal Injury,At Intersection,Stop Sign,Cyclist Collision (internal code),Clear,Daylight,Dry,Collector,FALSE,-79.41979083,43.72484421,2,Bicycle,North,2,39,Major,No Equipment Available,,,,,Going Ahead,,"Cyclist without right-of-way rides into path of driver (at intersection, laneway, or driveway)",Failed to Yield Right of Way,Normal,cyclist,,Eglinton-Lawrence (8),32 Division,Bedford Park-Nortown,FALSE,FALSE,TRUE,FALSE,FALSE,FALSE,FALSE,FALSE,FALSE,FALSE,"{""coordinates"": [[-79.41979082725797, 43.72484421356842]], ""type"": ""MultiPoint""}"
18148,2008:1041835,2008-05-23T12:44:00,KIPLING AVE,SNARESBROOK DR,,3,Non-Fatal Injury,At Intersection,Traffic Signal,Pedestrian Collision (internal code),Clear,Daylight,Dry,Major Arterial,FALSE,-79.57149106,43.7216444,2,,West,3,11,Major,Other Safety Equipment Used,,,Crossing without right-of-way (intersection),Inattentive,,Driver going straight hits pedestrian crossing without right-of-way (at intersection),,,,pedestrian,,Etobicoke North (1),23 Division,West Humber-Clairville,FALSE,TRUE,FALSE,FALSE,FALSE,FALSE,TRUE,FALSE,TRUE,FALSE,"{""coordinates"": [[-79.57149106439277, 43.72164440152321]], ""type"": ""MultiPoint""}"
18149,2008:1041835,2008-05-23T12:44:00,KIPLING AVE,SNARESBROOK DR,,3,Non-Fatal Injury,At Intersection,Traffic Signal,Pedestrian Collision (internal code),Clear,Daylight,Dry,Major Arterial,FALSE,-79.57149106,43.7216444,1,Automobile or Station Wagon,North,2,35,None,Other Safety Equipment Used,Driving properly,Normal,,,Going Ahead,,,,,driver,,Etobicoke North (1),23 Division,West Humber-Clairville,FALSE,TRUE,FALSE,FALSE,FALSE,FALSE,TRUE,FALSE,TRUE,FALSE,"{""coordinates"": [[-79.57149106439277, 43.72164440152321]], ""type"": ""MultiPoint""}"
18150,2008:1042268,2008-05-24T12:38:00,CHRISTIE ST,LAMBERTLODGE AVE,,2,Non-Fatal Injury,At Intersection,Stop Sign,Cyclist Collision (internal code),Clear,Daylight,Dry,Minor Arterial,TRUE,-79.42239092,43.67384423,2,Bicycle,South,2,37,Major,Helmet,,,,,Going Ahead,,"Driver turns right at non-signalized intersection (e.g. stop, yield, no control, driveway) and hits cyclist",Driving Properly,Normal,cyclist,,Toronto-St. Paul's (12),13 Division,Wychwood,TRUE,TRUE,TRUE,FALSE,FALSE,FALSE,FALSE,FALSE,FALSE,FALSE,"{""coordinates"": [[-79.42239091505562, 43.67384423293003]], ""type"": ""MultiPoint""}"
18151,2008:1045776,2008-05-25T12:15:00,2300 LAKE SHORE BLVD W,,,2,Non-Fatal Injury,,No Control,Cyclist Collision (internal code),Clear,Daylight,Dry,Major Arterial,FALSE,-79.48669114,43.61854435,1,Automobile or Station Wagon,West,1,20,None,Other Safety Equipment Used,Failed to yield right-of-way,Unknown,,,Stopped,,,,,driver,,Etobicoke-Lakeshore (3),22 Division,Mimico-Queensway,TRUE,FALSE,TRUE,FALSE,FALSE,FALSE,FALSE,FALSE,FALSE,FALSE,"{""coordinates"": [[-79.48669113652792, 43.61854435025773]], ""type"": ""MultiPoint""}"
18152,2008:1045778,2008-05-26T14:10:00,KING ST W,YORK ST,,4,Non-Fatal Injury,At Intersection,No Control,Cyclist Collision (internal code),Clear,Daylight,Dry,Major Arterial,FALSE,-79.38179088,43.64834418,1,,,2,,,Other Safety Equipment Used,,,,,,,,,,owner,,Spadina-Fort York (10),52 Division,Yonge-Bay Corridor,FALSE,FALSE,TRUE,FALSE,FALSE,FALSE,FALSE,FALSE,FALSE,FALSE,"{""coordinates"": [[-79.38179087707914, 43.6483441805664]], ""type"": ""MultiPoint""}"
18153,2008:1045778,2008-05-26T14:10:00,KING ST W,YORK ST,,4,Non-Fatal Injury,At Intersection,No Control,Cyclist Collision (internal code),Clear,Daylight,Dry,Major Arterial,FALSE,-79.38179088,43.64834418,1,Automobile or Station Wagon,West,3,54,None,Other Safety Equipment Used,Other,Normal,,,Turning Left,,,,,driver,,Spadina-Fort York (10),52 Division,Yonge-Bay Corridor,FALSE,FALSE,TRUE,FALSE,FALSE,FALSE,FALSE,FALSE,FALSE,FALSE,"{""coordinates"": [[-79.38179087707914, 43.6483441805664]], ""type"": ""MultiPoint""}"
18154,2008:1040428,2008-05-28T08:10:00,PARLIAMENT St,LAKE SHORE Blvd E,,2,Non-Fatal Injury,At Intersection,No Control,Cyclist Collision (internal code),Clear,Daylight,Dry,Minor Arterial,FALSE,-79.36149084,43.64864415,2,Bicycle,North,2,23,Major,No Equipment Available,,,,,Changing Lanes,,Sideswipe with cyclist and driver travelling in same direction,Improper Lane Change,Inattentive,cyclist,,Spadina-Fort York (10),51 Division,St Lawrence-East Bayfront-The Islands,FALSE,TRUE,TRUE,FALSE,FALSE,FALSE,FALSE,FALSE,FALSE,FALSE,"{""coordinates"": [[-79.36149083684141, 43.64864415034327]], ""type"": ""MultiPoint""}"
18156,2008:1040898,2008-05-30T11:38:00,331 TRUDELLE St,,,3,Non-Fatal Injury,,No Control,Pedestrian Collision (internal code),Rain,Daylight,Wet,Collector,FALSE,-79.23449049,43.74154398,2,,,2,,Major,Other Safety Equipment Used,,,,,Parked,,,,,other,,Scarborough Centre (21),43 Division,Eglinton East,FALSE,FALSE,FALSE,FALSE,FALSE,FALSE,TRUE,FALSE,TRUE,FALSE,"{""coordinates"": [[-79.23449048759123, 43.741543976656025]], ""type"": ""MultiPoint""}"
18157,2008:1044158,2008-06-01T10:31:00,EGLINTON AVE E,BELLAMY RD N,,6,Non-Fatal Injury,At Intersection,Traffic Signal,Pedestrian Collision (internal code),Clear,Daylight,Dry,Major Arterial,FALSE,-79.23209049,43.74024397,1,Automobile or Station Wagon,South,3,27,Minimal,Lap and Shoulder Belt,Driving properly,Normal,,,Going Ahead,,,,,driver,,Scarborough Southwest (20),43 Division,Eglinton East,TRUE,FALSE,FALSE,FALSE,FALSE,FALSE,TRUE,TRUE,FALSE,FALSE,"{""coordinates"": [[-79.23209048558803, 43.740243973978714]], ""type"": ""MultiPoint""}"
18158,2008:1044158,2008-06-01T10:31:00,EGLINTON AVE E,BELLAMY RD N,,6,Non-Fatal Injury,At Intersection,Traffic Signal,Pedestrian Collision (internal code),Clear,Daylight,Dry,Major Arterial,FALSE,-79.23209049,43.74024397,3,,South,6,28,Major,No Equipment Available,,,Crossing with right-of-way (intersection),Normal,,Driver going straight hits pedestrian crossing with right-of-way (at intersection),,,,pedestrian,,Scarborough Southwest (20),43 Division,Eglinton East,TRUE,FALSE,FALSE,FALSE,FALSE,FALSE,TRUE,TRUE,FALSE,FALSE,"{""coordinates"": [[-79.23209048558803, 43.740243973978714]], ""type"": ""MultiPoint""}"
18159,2008:1044158,2008-06-01T10:31:00,EGLINTON AVE E,BELLAMY RD N,,6,Non-Fatal Injury,At Intersection,Traffic Signal,Pedestrian Collision (internal code),Clear,Daylight,Dry,Major Arterial,FALSE,-79.23209049,43.74024397,3,,South,5,38,Minor,No Equipment Available,,,Crossing with right-of-way (intersection),Normal,,Driver going straight hits pedestrian crossing with right-of-way (at intersection),,,,pedestrian,,Scarborough Southwest (20),43 Division,Eglinton East,TRUE,FALSE,FALSE,FALSE,FALSE,FALSE,TRUE,TRUE,FALSE,FALSE,"{""coordinates"": [[-79.23209048558803, 43.740243973978714]], ""type"": ""MultiPoint""}"
18160,2008:1044477,2008-06-01T11:50:00,DANFORTH AVE,LINNSMORE CRES,,2,Non-Fatal Injury,,Traffic Signal,Pedestrian Collision (internal code),Clear,Daylight,Dry,Major Arterial,FALSE,-79.32979073,43.6820441,1,,South,1,44,None,Lap and Shoulder Belt,Failed to yield right-of-way,Inattentive,,,Turning Left,,,,,driver,,Toronto-Danforth (14),55 Division,Greenwood-Coxwell,TRUE,TRUE,FALSE,FALSE,FALSE,FALSE,TRUE,FALSE,FALSE,FALSE,"{""coordinates"": [[-79.32979072853907, 43.68204409998711]], ""type"": ""MultiPoint""}"
18161,2008:1041453,2008-06-03T12:30:00,SENLAC RD,SHEPPARD AVE W,,2,Non-Fatal Injury,At Intersection,Traffic Signal,Pedestrian Collision (internal code),Rain,Daylight,Wet,Major Arterial,FALSE,-79.42259078,43.75894421,2,Automobile or Station Wagon,East,2,81,None,Other Safety Equipment Used,Failed to yield right-of-way,Inattentive,,,Turning Left,,,,,driver,,Willowdale (18),32 Division,Lansing-Westgate,TRUE,TRUE,FALSE,FALSE,FALSE,TRUE,TRUE,FALSE,FALSE,FALSE,"{""coordinates"": [[-79.42259078104102, 43.75894420820678]], ""type"": ""MultiPoint""}"
18162,2008:1044675,2008-06-03T15:17:00,HILDA AVE,CROSSEN DR,,2,Non-Fatal Injury,,No Control,Pedestrian Collision (internal code),Clear,Daylight,Dry,Collector,FALSE,-79.42739075,43.79324421,1,Automobile or Station Wagon,South,1,41,None,Lap and Shoulder Belt,Driving properly,Normal,,,Going Ahead,,,,,driver,,Willowdale (18),32 Division,Newtonbrook West,FALSE,TRUE,FALSE,FALSE,FALSE,FALSE,TRUE,FALSE,TRUE,FALSE,"{""coordinates"": [[-79.4273907501721, 43.79324420948242]], ""type"": ""MultiPoint""}"
18165,2008:1049415,2008-06-12T08:53:00,KING Stre W,BATHURST Stre,,2,Non-Fatal Injury,At Intersection,Traffic Signal,Cyclist Collision (internal code),Clear,Daylight,Dry,Major Arterial,FALSE,-79.40269093,43.64394421,1,Automobile or Station Wagon,East,1,31,None,Lap and Shoulder Belt,Driving properly,Normal,,,Stopped,,,,,driver,,Spadina-Fort York (10),14 Division,Wellington Place,FALSE,FALSE,TRUE,FALSE,FALSE,FALSE,FALSE,FALSE,FALSE,FALSE,"{""coordinates"": [[-79.40269092500039, 43.64394421280531]], ""type"": ""MultiPoint""}"
18166,2008:1046604,2008-06-12T09:02:00,ST CLAIR AVE W,RUSSELL HILL RD,,2,Non-Fatal Injury,At Intersection,Police Control,Pedestrian Collision (internal code),Clear,Daylight,Dry,Major Arterial,TRUE,-79.40789087,43.68534421,1,Automobile or Station Wagon,West,1,60,None,Lap and Shoulder Belt,Failed to yield right-of-way,Normal,,,Going Ahead,,,,,driver,,Toronto-St. Paul's (12),53 Division,Casa Loma,TRUE,FALSE,FALSE,FALSE,FALSE,FALSE,TRUE,FALSE,FALSE,FALSE,"{""coordinates"": [[-79.40789086930502, 43.685344209027136]], ""type"": ""MultiPoint""}"
18167,2008:1046603,2008-06-12T09:45:00,AVENUE Road,BLOOR Stre W,,2,Non-Fatal Injury,At Intersection,Traffic Signal,Cyclist Collision (internal code),Clear,Daylight,Dry,Major Arterial,FALSE,-79.39409087,43.66874419,1,Automobile or Station Wagon,North,1,38,None,Lap and Shoulder Belt,Driving properly,Normal,,,Going Ahead,,,,,driver,,University-Rosedale (11),53 Division,Annex,FALSE,TRUE,TRUE,FALSE,FALSE,FALSE,FALSE,FALSE,FALSE,FALSE,"{""coordinates"": [[-79.39409086945321, 43.66874419380589]], ""type"": ""MultiPoint""}"
18168,2008:1047995,2008-06-13T14:00:00,COLLEGE St,CRAWFORD St,,3,Non-Fatal Injury,,No Control,Cyclist Collision (internal code),Clear,Daylight,Dry,Major Arterial,FALSE,-79.41899094,43.65514423,2,Bicycle,West,3,52,Major,No Equipment Available,,,,,Going Ahead,,Sideswipe with cyclist and driver travelling in same direction,Driving Properly,Normal,cyclist,,University-Rosedale (11),14 Division,Trinity-Bellwoods,FALSE,FALSE,TRUE,FALSE,FALSE,FALSE,FALSE,FALSE,FALSE,FALSE,"{""coordinates"": [[-79.41899093897226, 43.655144233782224]], ""type"": ""MultiPoint""}"
18169,2008:1047995,2008-06-13T14:00:00,COLLEGE St,CRAWFORD St,,3,Non-Fatal Injury,,No Control,Cyclist Collision (internal code),Clear,Daylight,Dry,Major Arterial,FALSE,-79.41899094,43.65514423,1,Automobile or Station Wagon,West,2,60,None,Equipment Not Used But Available,Improper lane change,Normal,,,Changing Lanes,,,,,driver,,University-Rosedale (11),14 Division,Trinity-Bellwoods,FALSE,FALSE,TRUE,FALSE,FALSE,FALSE,FALSE,FALSE,FALSE,FALSE,"{""coordinates"": [[-79.41899093897226, 43.655144233782224]], ""type"": ""MultiPoint""}"
18170,2008:1043011,2008-06-13T23:21:00,DON MILLS RD,HIGHWAY 401 C Boul W,,2,Non-Fatal Injury,,No Control,Pedestrian Collision (internal code),Rain,Dark,Wet,Major Arterial,FALSE,-79.34659064,43.76914411,2,,,2,29,Major,Other Safety Equipment Used,,,Walking on roadway against traffic,Ability Impaired - Drugs,,Driver hits pedestrian at midblock,,,,pedestrian,,Don Valley North (17),33 Division,Henry Farm,FALSE,FALSE,FALSE,FALSE,FALSE,FALSE,TRUE,FALSE,FALSE,FALSE,"{""coordinates"": [[-79.34659064409165, 43.7691441143298]], ""type"": ""MultiPoint""}"
18173,2008:1047021,2008-06-14T13:40:00,DUFFERIN Stre,SYLVAN Aven,,2,Non-Fatal Injury,,No Control,Cyclist Collision (internal code),Clear,Daylight,Dry,Major Arterial,FALSE,-79.43349097,43.65504426,2,Bicycle,South,2,19,Major,No Equipment Available,,,,,Going Ahead,,Sideswipe with cyclist and driver travelling in same direction,Driving Properly,Normal,cyclist,,Davenport (9),14 Division,Dufferin Grove,TRUE,TRUE,TRUE,FALSE,FALSE,FALSE,FALSE,FALSE,TRUE,FALSE,"{""coordinates"": [[-79.43349096729952, 43.65504425513814]], ""type"": ""MultiPoint""}"
18174,2008:1043101,2008-06-14T18:13:00,BATHURST ST,SULTANA AVE,,5,Non-Fatal Injury,At Intersection,No Control,Pedestrian Collision (internal code),Clear,Daylight,Dry,Major Arterial,FALSE,-79.43199084,43.72874423,1,Automobile or Station Wagon,South,1,77,Major,Lap and Shoulder Belt,Improper lane change,Normal,,,Changing Lanes,,,,,driver,,Eglinton-Lawrence (8),32 Division,Englemount-Lawrence,FALSE,FALSE,FALSE,FALSE,FALSE,TRUE,TRUE,FALSE,FALSE,TRUE,"{""coordinates"": [[-79.4319908421959, 43.72874422822431]], ""type"": ""MultiPoint""}"
18175,2008:1043101,2008-06-14T18:13:00,BATHURST ST,SULTANA AVE,,5,Non-Fatal Injury,At Intersection,No Control,Pedestrian Collision (internal code),Clear,Daylight,Dry,Major Arterial,FALSE,-79.43199084,43.72874423,3,Municipal Transit Bus (TTC),South,4,28,None,Lap Belt Only,Driving properly,Normal,,,Going Ahead,,,,,driver,,Eglinton-Lawrence (8),32 Division,Englemount-Lawrence,FALSE,FALSE,FALSE,FALSE,FALSE,TRUE,TRUE,FALSE,FALSE,TRUE,"{""coordinates"": [[-79.4319908421959, 43.72874422822431]], ""type"": ""MultiPoint""}"
18176,2008:1044518,2008-06-15T02:15:00,DUNDAS ST W,RONCESVALLES AVE,,2,Non-Fatal Injury,,No Control,Cyclist Collision (internal code),Clear,Dark,Dry,Minor Arterial,TRUE,-79.451391,43.65364428,1,Bicycle,West,2,35,Major,Other Safety Equipment Used,,,,,Going Ahead,,Driver loses control and hits cyclist,Driving Properly,Normal,cyclist,,Parkdale-High Park (4),11 Division,Roncesvalles,FALSE,FALSE,TRUE,FALSE,FALSE,FALSE,FALSE,FALSE,FALSE,FALSE,"{""coordinates"": [[-79.45139100446295, 43.653644281996456]], ""type"": ""MultiPoint""}"
18177,2008:1043639,2008-06-16T13:55:00,BATHURST ST N,SOUTHBOURNE AVE,,4,Non-Fatal Injury,,No Control,Pedestrian Collision (internal code),Clear,Daylight,Dry,Major Arterial,FALSE,-79.43439083,43.73884423,2,,East,3,39,Major,Other Safety Equipment Used,,,Crossing - no traffic control,Inattentive,,Driver hits pedestrian at midblock,,,,pedestrian,,York Centre (6),32 Division,Clanton Park,FALSE,TRUE,FALSE,FALSE,FALSE,FALSE,TRUE,FALSE,FALSE,FALSE,"{""coordinates"": [[-79.43439082957084, 43.73884422790053]], ""type"": ""MultiPoint""}"
18178,2008:1043639,2008-06-16T13:55:00,BATHURST ST N,SOUTHBOURNE AVE,,4,Non-Fatal Injury,,No Control,Pedestrian Collision (internal code),Clear,Daylight,Dry,Major Arterial,FALSE,-79.43439083,43.73884423,1,Automobile or Station Wagon,North,2,22,None,Other Safety Equipment Used,Driving properly,Normal,,,Going Ahead,,,,,driver,,York Centre (6),32 Division,Clanton Park,FALSE,TRUE,FALSE,FALSE,FALSE,FALSE,TRUE,FALSE,FALSE,FALSE,"{""coordinates"": [[-79.43439082957084, 43.73884422790053]], ""type"": ""MultiPoint""}"
18179,2008:1047294,2008-06-17T15:40:00,130 THE QUEENSWAY,,,3,Non-Fatal Injury,At Intersection,No Control,Pedestrian Collision (internal code),Clear,Daylight,Dry,Major Arterial,FALSE,-79.4818911,43.63084434,1,,,1,,,Other Safety Equipment Used,,,,,,,,,,owner,,Etobicoke-Lakeshore (3),22 Division,Stonegate-Queensway,FALSE,FALSE,FALSE,FALSE,FALSE,TRUE,TRUE,FALSE,FALSE,FALSE,"{""coordinates"": [[-79.48189110468677, 43.63084433724082]], ""type"": ""MultiPoint""}"
18181,2008:1057630,2008-06-20T10:30:00,SEELEY DR,SHEPPARD AVE W,,2,Non-Fatal Injury,At Intersection,No Control,Pedestrian Collision (internal code),Clear,Daylight,Dry,Major Arterial,TRUE,-79.49419092,43.7430443,1,,West,2,23,Major,Other Safety Equipment Used,,,Crossing with right-of-way (intersection),Normal,,Driver turns left into pedestrian crossing with right-of-way (at intersection),,,,pedestrian,,York Centre (6),31 Division,Downsview,TRUE,FALSE,FALSE,FALSE,FALSE,FALSE,TRUE,FALSE,FALSE,FALSE,"{""coordinates"": [[-79.4941909245632, 43.743044302185815]], ""type"": ""MultiPoint""}"
18182,2008:1048237,2008-06-22T18:05:00,WESTON Road,WALSH Aven,,3,Non-Fatal Injury,At Intersection,Traffic Signal,Cyclist Collision (internal code),Clear,Daylight,Dry,Major Arterial,FALSE,-79.53729103,43.71704437,1,,,1,,,Other Safety Equipment Used,,,,,,,,,,owner,,Humber River-Black Creek (7),31 Division,Pelmo Park-Humberlea,FALSE,FALSE,TRUE,FALSE,FALSE,FALSE,FALSE,FALSE,FALSE,FALSE,"{""coordinates"": [[-79.53729102964208, 43.71704436504243]], ""type"": ""MultiPoint""}"
18183,2008:1048242,2008-06-23T09:50:00,SPADINA Aven,HARBORD Stre,,3,Non-Fatal Injury,At Intersection,Traffic Signal,Pedestrian Collision (internal code),Clear,Daylight,Dry,Major Arterial,FALSE,-79.40209089,43.66304421,1,Municipal Transit Bus (TTC),North,3,42,None,No Equipment Available,Driving properly,Normal,,,Going Ahead,,,,,driver,,University-Rosedale (11),52 Division,University,FALSE,TRUE,FALSE,FALSE,FALSE,FALSE,TRUE,FALSE,FALSE,TRUE,"{""coordinates"": [[-79.40209089368854, 43.66304420683163]], ""type"": ""MultiPoint""}"
18184,2008:1048242,2008-06-23T09:50:00,SPADINA Aven,HARBORD Stre,,3,Non-Fatal Injury,At Intersection,Traffic Signal,Pedestrian Collision (internal code),Clear,Daylight,Dry,Major Arterial,FALSE,-79.40209089,43.66304421,1,,,2,,,Other Safety Equipment Used,,,,,,,,,,owner,,University-Rosedale (11),52 Division,University,FALSE,TRUE,FALSE,FALSE,FALSE,FALSE,TRUE,FALSE,FALSE,TRUE,"{""coordinates"": [[-79.40209089368854, 43.66304420683163]], ""type"": ""MultiPoint""}"
18187,2008:1048611,2008-06-25T07:30:00,MORNINGSIDE AVE,KINGSTON RD,,3,Non-Fatal Injury,At Intersection,Traffic Signal,Pedestrian Collision (internal code),Clear,Daylight,Dry,Major Arterial,FALSE,-79.1868904,43.77064393,1,,,1,,,Other Safety Equipment Used,,,,,,,,,,owner,,Scarborough-Guildwood (24),43 Division,West Hill,FALSE,FALSE,FALSE,FALSE,FALSE,FALSE,TRUE,FALSE,FALSE,FALSE,"{""coordinates"": [[-79.18689039679847, 43.77064393387659]], ""type"": ""MultiPoint""}"
18188,2008:1051990,2008-06-25T18:20:00,AVENUE RD,POPLAR PLAINS CRES,,2,Non-Fatal Injury,At Intersection,No Control,Cyclist Collision (internal code),Clear,Daylight,Dry,Major Arterial,FALSE,-79.39909086,43.6807442,2,Bicycle,South,2,36,Major,Use Unknown,,,,,Going Ahead,,Driver turns left into path of cyclist,Driving Properly,Normal,cyclist,,Toronto-St. Paul's (12),53 Division,Casa Loma,FALSE,TRUE,TRUE,FALSE,FALSE,TRUE,FALSE,FALSE,FALSE,FALSE,"{""coordinates"": [[-79.39909086014885, 43.680744197894974]], ""type"": ""MultiPoint""}"
18189,2008:1045157,2008-06-26T08:15:00,VICTORIA PARK AVE,PEARD RD,,3,Non-Fatal Injury,At Intersection,No Control,Pedestrian Collision (internal code),Clear,Daylight,Dry,Major Arterial,TRUE,-79.29679063,43.71064405,2,,,3,85,Major,Other Safety Equipment Used,,,On sidewalk or shoulder,Normal,Unknown,Driver hits pedestrian on sidewalk or shoulder,,,,pedestrian,,Beaches-East York (19),55 Division,O'Connor-Parkview,TRUE,FALSE,FALSE,FALSE,FALSE,TRUE,TRUE,FALSE,TRUE,FALSE,"{""coordinates"": [[-79.2967906298366, 43.7106440529244]], ""type"": ""MultiPoint""}"
18190,2008:1045157,2008-06-26T08:15:00,VICTORIA PARK AVE,PEARD RD,,3,Non-Fatal Injury,At Intersection,No Control,Pedestrian Collision (internal code),Clear,Daylight,Dry,Major Arterial,TRUE,-79.29679063,43.71064405,2,,,2,22,Minor,Other Safety Equipment Used,,,On sidewalk or shoulder,Normal,Unknown,Driver hits pedestrian on sidewalk or shoulder,,,,pedestrian,,Beaches-East York (19),55 Division,O'Connor-Parkview,TRUE,FALSE,FALSE,FALSE,FALSE,TRUE,TRUE,FALSE,TRUE,FALSE,"{""coordinates"": [[-79.2967906298366, 43.7106440529244]], ""type"": ""MultiPoint""}"
18191,2008:1048845,2008-06-28T16:01:00,COLLEGE ST,SPADINA AVE,,3,Non-Fatal Injury,,No Control,Pedestrian Collision (internal code),Clear,Daylight,Dry,Major Arterial,FALSE,-79.3994909,43.6580442,1,,,1,,,Other Safety Equipment Used,,,,,,,,,,owner,,University-Rosedale (11),52 Division,University,FALSE,FALSE,FALSE,FALSE,FALSE,FALSE,TRUE,FALSE,FALSE,FALSE,"{""coordinates"": [[-79.3994908965463, 43.65804420435463]], ""type"": ""MultiPoint""}"
18192,2008:1045692,2008-06-30T17:33:00,YORK MILLS RD,FENN AVE,,6,Non-Fatal Injury,At Intersection,Traffic Signal,Pedestrian Collision (internal code),Clear,Daylight,Dry,Major Arterial,FALSE,-79.38899074,43.74704417,2,,,4,5,None,Other Safety Equipment Used,,,Crossing with right-of-way (intersection),Normal,Unknown,Driver going straight hits pedestrian crossing with right-of-way (at intersection),,,,pedestrian,,Don Valley West (15),32 Division,St.Andrew-Windfields,TRUE,FALSE,FALSE,FALSE,FALSE,FALSE,TRUE,TRUE,TRUE,FALSE,"{""coordinates"": [[-79.38899073898676, 43.74704416804392]], ""type"": ""MultiPoint""}"
18193,2008:1046411,2008-07-04T17:50:00,EGLINTON AVE W,GABIAN WAY,,2,Non-Fatal Injury,,No Control,Pedestrian Collision (internal code),Clear,Daylight,Dry,Major Arterial,FALSE,-79.46579097,43.69184429,2,,,2,25,Major,Other Safety Equipment Used,,,On sidewalk or shoulder,Normal,,Driver hits pedestrian on sidewalk or shoulder,,,,pedestrian,,York South-Weston (5),12 Division,Keelesdale-Eglinton West,FALSE,TRUE,FALSE,FALSE,FALSE,FALSE,TRUE,FALSE,FALSE,FALSE,"{""coordinates"": [[-79.46579096567724, 43.691844287413964]], ""type"": ""MultiPoint""}"
18194,2008:1047410,2008-07-10T13:48:00,DON VALLEY PARKWAY N,GERRARD ST E,,3,Non-Fatal Injury,,No Control,Pedestrian Collision (internal code),Clear,Daylight,Dry,,FALSE,-79.3570908,43.66914414,1,Automobile or Station Wagon,North,2,25,None,Other Safety Equipment Used,Driving properly,Normal,,,Going Ahead,,,,,driver,,Toronto-Danforth (14),55 Division,North Riverdale,FALSE,FALSE,FALSE,FALSE,FALSE,FALSE,TRUE,FALSE,FALSE,FALSE,"{""coordinates"": [[-79.35709079836671, 43.66914414050314]], ""type"": ""MultiPoint""}"
18195,2008:1047410,2008-07-10T13:48:00,DON VALLEY PARKWAY N,GERRARD ST E,,3,Non-Fatal Injury,,No Control,Pedestrian Collision (internal code),Clear,Daylight,Dry,,FALSE,-79.3570908,43.66914414,2,,West,3,42,Major,Other Safety Equipment Used,,,Running onto roadway,Ability Impaired - Drugs,,Driver hits pedestrian at midblock,,,,pedestrian,,Toronto-Danforth (14),55 Division,North Riverdale,FALSE,FALSE,FALSE,FALSE,FALSE,FALSE,TRUE,FALSE,FALSE,FALSE,"{""coordinates"": [[-79.35709079836671, 43.66914414050314]], ""type"": ""MultiPoint""}"
18196,2008:1050893,2008-07-13T12:20:00,BLOOR Stre W,KEELE Stre,,2,Non-Fatal Injury,,No Control,Cyclist Collision (internal code),Clear,Daylight,Dry,Major Arterial,FALSE,-79.45949102,43.65484429,2,Bicycle,West,2,58,Major,Equipment Not Used But Available,,,,,Going Ahead,,Driver turns left into path of cyclist,Improper Passing,Normal,cyclist,,Parkdale-High Park (4),11 Division,High Park North,FALSE,FALSE,TRUE,FALSE,FALSE,FALSE,FALSE,FALSE,FALSE,FALSE,"{""coordinates"": [[-79.45949101814861, 43.654844293456634]], ""type"": ""MultiPoint""}"
18202,2008:1051205,2008-07-15T19:35:00,DON MILLS RD,GEORGE HENRY BLVD,,2,Non-Fatal Injury,At Intersection,Stop Sign,Pedestrian Collision (internal code),Clear,Dusk,Dry,Major Arterial,FALSE,-79.34649064,43.77344411,1,Automobile or Station Wagon,West,1,26,None,Lap and Shoulder Belt,Failed to yield right-of-way,Normal,,,Going Ahead,,,,,driver,,Don Valley North (17),33 Division,Henry Farm,TRUE,FALSE,FALSE,FALSE,FALSE,FALSE,TRUE,FALSE,FALSE,FALSE,"{""coordinates"": [[-79.34649063969957, 43.77344411420447]], ""type"": ""MultiPoint""}"
18203,2008:1052983,2008-07-18T08:00:00,RIVERDALE Ave,PAPE Ave,,2,Non-Fatal Injury,,No Control,Cyclist Collision (internal code),Clear,Daylight,Dry,Local,FALSE,-79.34119076,43.67134412,2,Bicycle,East,2,57,Major,Equipment Not Used But Available,,,,,Going Ahead,,Driver turns left into path of cyclist,Driving Properly,Normal,cyclist,,Toronto-Danforth (14),55 Division,Blake-Jones,TRUE,FALSE,TRUE,FALSE,FALSE,FALSE,FALSE,FALSE,FALSE,FALSE,"{""coordinates"": [[-79.34119076497674, 43.67134411736664]], ""type"": ""MultiPoint""}"