_id,collision_id,accdate,stname1,stname2,stname3,per_inv,acclass,accloc,traffictl,impactype,visible,light,rdsfcond,road_class,failtorem,longitude,latitude,veh_no,vehtype,initdir,per_no,invage,injury,safequip,drivact,drivcond,pedact,pedcond,manoeuvre,pedtype,cyclistype,cycact,cyccond,road_user,fatal_no,wardname,division,neighbourhood,aggressive,distracted,cyclist,motorcyclist,other_micromobility,older_adult,pedestrian,red_light,school_child,heavy_truck,geometry
18309,2008:1069861,2008-11-14T02:26:00,DOVERCOURT RD,ARGYLE ST,,3,Non-Fatal Injury,,No Control,Cyclist Collision (internal code),Clear,Dark,Dry,Collector,TRUE,-79.42349096,43.64614424,2,Automobile or Station Wagon,West,2,38,None,Other Safety Equipment Used,Other,Unknown,,,Reversing,,,,,driver,,Davenport (9),14 Division,Little Portugal,FALSE,FALSE,TRUE,FALSE,FALSE,FALSE,FALSE,FALSE,FALSE,FALSE,"{""coordinates"": [[-79.4234909624273, 43.64614424323882]], ""type"": ""MultiPoint""}"
18310,2008:1070099,2008-11-15T16:20:00,EGLINTON AVE E,LEBOVIC AVE,,1,Non-Fatal Injury,At Intersection,No Control,Pedestrian Collision (internal code),Rain,Daylight,Wet,Major Arterial,FALSE,-79.2914906,43.72694405,1,,,1,78,Major,Other Safety Equipment Used,,,,,Other,,,,,pedestrian,,Scarborough Southwest (20),41 Division,Clairlea-Birchmount,FALSE,FALSE,FALSE,FALSE,FALSE,TRUE,TRUE,FALSE,FALSE,FALSE,"{""coordinates"": [[-79.29149059947922, 43.726944045673356]], ""type"": ""MultiPoint""}"
18311,2008:1070690,2008-11-18T19:15:00,ELLESMERE RD,DEEP DENE DR,,2,Non-Fatal Injury,At Intersection,Stop Sign,Pedestrian Collision (internal code),Clear,Dark,Other,Minor Arterial,FALSE,-79.17029036,43.79084392,1,,North,1,40,Major,Other Safety Equipment Used,,,Crossing without right-of-way (intersection),Unknown,,Driver going straight hits pedestrian crossing without right-of-way (at intersection),,,,pedestrian,,Scarborough-Rouge Park (25),43 Division,Highland Creek,FALSE,FALSE,FALSE,FALSE,FALSE,TRUE,TRUE,FALSE,FALSE,FALSE,"{""coordinates"": [[-79.170290360715, 43.79084392261005]], ""type"": ""MultiPoint""}"
18312,2008:1075796,2008-11-19T09:20:00,BLOOR ST W,BROCK AVE,,2,Non-Fatal Injury,,No Control,Pedestrian Collision (internal code),Clear,Daylight,Dry,Major Arterial,FALSE,-79.43869097,43.65924426,1,Automobile or Station Wagon,South,1,32,None,Lap and Shoulder Belt,,,,,Turning Left,,,,,driver,,Davenport (9),11 Division,Junction-Wallace Emerson,FALSE,FALSE,FALSE,FALSE,FALSE,FALSE,TRUE,FALSE,FALSE,FALSE,"{""coordinates"": [[-79.43869097036092, 43.659244261312416]], ""type"": ""MultiPoint""}"
18313,2008:1071508,2008-11-21T08:40:00,THE WEST MALL,RATHBURN RD,,2,Non-Fatal Injury,At Intersection,Traffic Signal,Pedestrian Collision (internal code),Clear,Daylight,Dry,Minor Arterial,FALSE,-79.57249119,43.65304444,1,Automobile or Station Wagon,South,1,42,None,Other Safety Equipment Used,Improper turn,Normal,,,Turning Left,,,,,driver,,Etobicoke Centre (2),22 Division,Eringate-Centennial-West Deane,FALSE,FALSE,FALSE,FALSE,FALSE,TRUE,TRUE,FALSE,FALSE,FALSE,"{""coordinates"": [[-79.57249119441244, 43.65304444236169]], ""type"": ""MultiPoint""}"
18314,2008:1075854,2008-11-23T01:45:00,COLLEGE ST,MARKHAM ST,,2,Non-Fatal Injury,At Intersection,Stop Sign,Pedestrian Collision (internal code),Clear,Dark,Dry,Major Arterial,FALSE,-79.40899092,43.65624422,2,,East,2,33,Major,Other Safety Equipment Used,,,Crossing with right-of-way (intersection),Normal,,Driver turns right into pedestrian crossing with right-of-way (at intersection),,,,pedestrian,,University-Rosedale (11),14 Division,Palmerston-Little Italy,TRUE,TRUE,FALSE,FALSE,FALSE,FALSE,TRUE,FALSE,FALSE,FALSE,"{""coordinates"": [[-79.40899091779524, 43.65624421876741]], ""type"": ""MultiPoint""}"
18315,2008:1076123,2008-11-24T17:54:00,RIVER ST,SHUTER ST,,2,Non-Fatal Injury,At Intersection,Traffic Signal,Pedestrian Collision (internal code),Rain,Dark,Wet,Minor Arterial,FALSE,-79.35749081,43.65954414,1,Automobile or Station Wagon,North,2,46,None,Other Safety Equipment Used,Improper turn,Normal,,,Turning Left,,,,,driver,,Toronto Centre (13),51 Division,Regent Park,FALSE,FALSE,FALSE,FALSE,FALSE,FALSE,TRUE,FALSE,FALSE,FALSE,"{""coordinates"": [[-79.35749081311842, 43.65954414263425]], ""type"": ""MultiPoint""}"
18316,2008:1076080,2008-11-25T18:14:00,324 EASTERN AVE,,,2,Non-Fatal Injury,,No Control,Cyclist Collision (internal code),Rain,Dark,Wet,Major Arterial,FALSE,-79.3466908,43.65664413,1,Automobile or Station Wagon,South,1,40,None,Other Safety Equipment Used,Failed to yield right-of-way,Normal,,,Turning Right,,,,,driver,,Toronto-Danforth (14),55 Division,South Riverdale,TRUE,FALSE,TRUE,FALSE,FALSE,FALSE,FALSE,FALSE,FALSE,FALSE,"{""coordinates"": [[-79.34669079641306, 43.65664412726069]], ""type"": ""MultiPoint""}"
18319,2008:1072542,2008-11-26T19:19:00,KIPLING AVE,JOHN GARLAND BLVD,,2,Non-Fatal Injury,At Intersection,No Control,Pedestrian Collision (internal code),Rain,Dark,Wet,Major Arterial,TRUE,-79.57999104,43.7388444,1,Automobile or Station Wagon,North,1,22,None,Lap and Shoulder Belt,Driving properly,Inattentive,,,Merging,,,,,driver,,Etobicoke North (1),23 Division,Mount Olive-Silverstone-Jamestown,FALSE,TRUE,FALSE,FALSE,FALSE,FALSE,TRUE,FALSE,FALSE,FALSE,"{""coordinates"": [[-79.57999104280971, 43.73884440109854]], ""type"": ""MultiPoint""}"
18320,2008:1076502,2008-11-27T09:46:00,MIDLAND AVE,HAVENDALE RD,,2,Non-Fatal Injury,At Intersection,Traffic Signal,Pedestrian Collision (internal code),Clear,Daylight,Dry,Major Arterial,FALSE,-79.28189052,43.79324404,1,Automobile or Station Wagon,East,1,93,None,Other Safety Equipment Used,Failed to yield right-of-way,Inattentive,,,Turning Left,,,,,driver,,Scarborough-Agincourt (22),42 Division,Agincourt South-Malvern West,TRUE,TRUE,FALSE,FALSE,FALSE,TRUE,TRUE,FALSE,FALSE,FALSE,"{""coordinates"": [[-79.28189051647949, 43.79324403809434]], ""type"": ""MultiPoint""}"
18321,2008:1072743,2008-11-28T18:54:00,BLOOR ST E,PARLIAMENT ST,,1,Non-Fatal Injury,At Intersection,Yield Sign,Pedestrian Collision (internal code),Rain,Dark,Wet,Major Arterial,FALSE,-79.37069082,43.67204416,2,,South,2,54,Major,Other Safety Equipment Used,,,Crossing with right-of-way (intersection),Normal,,Driver turns right into pedestrian crossing with right-of-way (at intersection),,,,pedestrian,,Toronto Centre (13),53 Division,Rosedale-Moore Park,TRUE,FALSE,FALSE,FALSE,FALSE,FALSE,TRUE,FALSE,FALSE,FALSE,"{""coordinates"": [[-79.37069081993785, 43.67204415950017]], ""type"": ""MultiPoint""}"
18322,2008:1075887,2008-11-30T19:30:00,BARKWIN DR,ISLINGTON AVE,,2,Non-Fatal Injury,At Intersection,Stop Sign,Cyclist Collision (internal code),Clear,Dark,Dry,Major Arterial,TRUE,-79.56569103,43.73814439,1,Bicycle,South,2,45,Major,No Equipment Available,,,,,Going Ahead,,"Cyclist without right-of-way rides into path of driver (at intersection, laneway, or driveway)",Failed to Yield Right of Way,Inattentive,cyclist,,Etobicoke North (1),23 Division,Thistletown-Beaumond Heights,FALSE,TRUE,TRUE,FALSE,FALSE,FALSE,FALSE,FALSE,FALSE,FALSE,"{""coordinates"": [[-79.5656910261357, 43.73814438550072]], ""type"": ""MultiPoint""}"
18323,2008:1073546,2008-12-02T12:22:00,STEELES AVE W,PETROLIA RD,,2,Non-Fatal Injury,At Intersection,Traffic Signal,Pedestrian Collision (internal code),Clear,Daylight,Dry,Major Arterial,FALSE,-79.49009086,43.78254429,1,,North,1,42,Major,Other Safety Equipment Used,,,Crossing with right-of-way (intersection),Normal,,Driver turns left into pedestrian crossing with right-of-way (at intersection),,,,pedestrian,,York Centre (6),31 Division,York University Heights,TRUE,TRUE,FALSE,FALSE,FALSE,FALSE,TRUE,FALSE,FALSE,FALSE,"{""coordinates"": [[-79.4900908642564, 43.782544285907925]], ""type"": ""MultiPoint""}"
18324,2008:1079532,2008-12-03T11:34:00,EGLINTON AVE E,ST DENNIS EGLINTON E RAMP,,4,Non-Fatal Injury,,No Control,Pedestrian Collision (internal code),Clear,Daylight,Dry,Major Arterial,FALSE,-79.32319066,43.72494409,2,,,3,,None,Other Safety Equipment Used,,,,,Unknown,,,,,other,,Don Valley East (16),55 Division,Flemingdon Park,FALSE,TRUE,FALSE,FALSE,FALSE,FALSE,TRUE,FALSE,FALSE,TRUE,"{""coordinates"": [[-79.32319065764476, 43.72494408716185]], ""type"": ""MultiPoint""}"
18325,2008:1079532,2008-12-03T11:34:00,EGLINTON AVE E,ST DENNIS EGLINTON E RAMP,,4,Non-Fatal Injury,,No Control,Pedestrian Collision (internal code),Clear,Daylight,Dry,Major Arterial,FALSE,-79.32319066,43.72494409,1,Truck - Open (Flatbed),East,2,42,None,Other Safety Equipment Used,Driving properly,Normal,,,Going Ahead,,,,,driver,,Don Valley East (16),55 Division,Flemingdon Park,FALSE,TRUE,FALSE,FALSE,FALSE,FALSE,TRUE,FALSE,FALSE,TRUE,"{""coordinates"": [[-79.32319065764476, 43.72494408716185]], ""type"": ""MultiPoint""}"
18326,2008:1079815,2008-12-03T19:05:00,40 CLUNY DR,CRESCENT Road,,3,Non-Fatal Injury,,No Control,Pedestrian Collision (internal code),Clear,Dark,Dry,Local,FALSE,-79.38629084,43.67694418,1,Automobile or Station Wagon,South,2,42,None,Lap and Shoulder Belt,Driving properly,Normal,,,Going Ahead,,,,,driver,,University-Rosedale (11),53 Division,Rosedale-Moore Park,FALSE,TRUE,FALSE,FALSE,FALSE,FALSE,TRUE,FALSE,FALSE,FALSE,"{""coordinates"": [[-79.38629084200443, 43.67694418070472]], ""type"": ""MultiPoint""}"
18327,2008:1079815,2008-12-03T19:05:00,40 CLUNY DR,CRESCENT Road,,3,Non-Fatal Injury,,No Control,Pedestrian Collision (internal code),Clear,Dark,Dry,Local,FALSE,-79.38629084,43.67694418,2,,East,3,59,Major,Other Safety Equipment Used,,,Crossing - no traffic control,Inattentive,,Driver hits pedestrian at midblock,,,,pedestrian,,University-Rosedale (11),53 Division,Rosedale-Moore Park,FALSE,TRUE,FALSE,FALSE,FALSE,FALSE,TRUE,FALSE,FALSE,FALSE,"{""coordinates"": [[-79.38629084200443, 43.67694418070472]], ""type"": ""MultiPoint""}"
18328,2008:1074035,2008-12-04T07:01:00,HIGHWAY 27 S,ALBION RD,,4,Non-Fatal Injury,,No Control,Pedestrian Collision (internal code),Clear,Dark,Wet,Major Arterial,FALSE,-79.61029106,43.74934443,2,,,3,,,Other Safety Equipment Used,,,,,,,,,,owner,,Etobicoke North (1),23 Division,West Humber-Clairville,FALSE,FALSE,FALSE,FALSE,FALSE,FALSE,TRUE,FALSE,TRUE,TRUE,"{""coordinates"": [[-79.61029106101583, 43.74934442845104]], ""type"": ""MultiPoint""}"
18329,2008:1074035,2008-12-04T07:01:00,HIGHWAY 27 S,ALBION RD,,4,Non-Fatal Injury,,No Control,Pedestrian Collision (internal code),Clear,Dark,Wet,Major Arterial,FALSE,-79.61029106,43.74934443,1,Truck - Open (Flatbed),South,2,59,None,Other Safety Equipment Used,Driving properly,Normal,,,Going Ahead,,,,,driver,,Etobicoke North (1),23 Division,West Humber-Clairville,FALSE,FALSE,FALSE,FALSE,FALSE,FALSE,TRUE,FALSE,TRUE,TRUE,"{""coordinates"": [[-79.61029106101583, 43.74934442845104]], ""type"": ""MultiPoint""}"
18330,2008:1079597,2008-12-04T07:06:00,WILSON AVE,LEXFIELD AVE,,2,Non-Fatal Injury,,No Control,Pedestrian Collision (internal code),Clear,Daylight,Wet,Major Arterial,FALSE,-79.49679097,43.72334432,1,Automobile or Station Wagon,West,1,50,None,Lap and Shoulder Belt,Driving properly,Normal,,,Going Ahead,,,,,driver,,York Centre (6),31 Division,Oakdale-Beverley Heights,FALSE,FALSE,FALSE,FALSE,FALSE,FALSE,TRUE,FALSE,FALSE,FALSE,"{""coordinates"": [[-79.4967909650968, 43.72334431504952]], ""type"": ""MultiPoint""}"
18331,2008:1074265,2008-12-05T14:50:00,KEELE ST,TORO RD W,,4,Non-Fatal Injury,At Intersection,No Control,Pedestrian Collision (internal code),Clear,Daylight,Dry,Major Arterial,FALSE,-79.49089089,43.76284429,2,Automobile or Station Wagon,East,3,73,None,Other Safety Equipment Used,Failed to yield right-of-way,Normal,,,Turning Right,,,,,driver,,Humber River-Black Creek (7),31 Division,York University Heights,TRUE,FALSE,FALSE,FALSE,FALSE,TRUE,TRUE,FALSE,FALSE,FALSE,"{""coordinates"": [[-79.49089089022016, 43.762844291621754]], ""type"": ""MultiPoint""}"
18332,2008:1074265,2008-12-05T14:50:00,KEELE ST,TORO RD W,,4,Non-Fatal Injury,At Intersection,No Control,Pedestrian Collision (internal code),Clear,Daylight,Dry,Major Arterial,FALSE,-79.49089089,43.76284429,2,,,2,,,Other Safety Equipment Used,,,,,,,,,,owner,,Humber River-Black Creek (7),31 Division,York University Heights,TRUE,FALSE,FALSE,FALSE,FALSE,TRUE,TRUE,FALSE,FALSE,FALSE,"{""coordinates"": [[-79.49089089022016, 43.762844291621754]], ""type"": ""MultiPoint""}"
18333,2008:1080622,2008-12-09T18:30:00,MACPHERSON AVE,SPADINA RD,,3,Non-Fatal Injury,At Intersection,No Control,Pedestrian Collision (internal code),Rain,Dark,Wet,Minor Arterial,FALSE,-79.40749088,43.67584421,1,Automobile or Station Wagon,North,2,51,None,Lap and Shoulder Belt,Driving properly,Normal,,,Turning Left,,,,,driver,,Toronto-St. Paul's (12),13 Division,Casa Loma,FALSE,FALSE,FALSE,FALSE,FALSE,FALSE,TRUE,FALSE,FALSE,FALSE,"{""coordinates"": [[-79.40749088368423, 43.675844211110864]], ""type"": ""MultiPoint""}"
18334,2008:1080622,2008-12-09T18:30:00,MACPHERSON AVE,SPADINA RD,,3,Non-Fatal Injury,At Intersection,No Control,Pedestrian Collision (internal code),Rain,Dark,Wet,Minor Arterial,FALSE,-79.40749088,43.67584421,2,,North,3,58,Major,Other Safety Equipment Used,,,Crossing without right-of-way (intersection),Normal,,Driver turns left into pedestrian crossing without right-of-way (at intersection),,,,pedestrian,,Toronto-St. Paul's (12),13 Division,Casa Loma,FALSE,FALSE,FALSE,FALSE,FALSE,FALSE,TRUE,FALSE,FALSE,FALSE,"{""coordinates"": [[-79.40749088368423, 43.675844211110864]], ""type"": ""MultiPoint""}"
18335,2008:1082425,2008-12-14T03:05:00,FINCH AVE W,JANE ST,,2,Non-Fatal Injury,At Intersection,Traffic Signal,Pedestrian Collision (internal code),Freezing Rain or Hail,Dark,Wet,Major Arterial,FALSE,-79.51769093,43.75724432,2,,South,2,30,Major,Other Safety Equipment Used,,,Crossing with right-of-way (intersection),Normal,,Driver going straight hits pedestrian crossing with right-of-way (at intersection),,,,pedestrian,,Humber River-Black Creek (7),31 Division,Black Creek,TRUE,FALSE,FALSE,FALSE,FALSE,FALSE,TRUE,FALSE,FALSE,FALSE,"{""coordinates"": [[-79.51769093452967, 43.75724432364307]], ""type"": ""MultiPoint""}"
18336,2008:1081813,2008-12-15T09:25:00,EGLINTON AVE W,CHAPLIN CRES,,2,Non-Fatal Injury,At Intersection,Traffic Signal,Pedestrian Collision (internal code),Rain,Daylight,Wet,Major Arterial,FALSE,-79.41739086,43.70274422,2,,South,2,34,Major,No Equipment Available,,,Running onto roadway,Normal,,Driver turns left into pedestrian crossing without right-of-way (at intersection),,,,pedestrian,,Eglinton-Lawrence (8),53 Division,Forest Hill North,FALSE,FALSE,FALSE,FALSE,FALSE,FALSE,TRUE,FALSE,FALSE,FALSE,"{""coordinates"": [[-79.41739085881875, 43.70274421708706]], ""type"": ""MultiPoint""}"
18337,2008:1083156,2008-12-17T22:05:00,QUEEN ST W,BAY ST,,2,Non-Fatal Injury,,Traffic Signal,Pedestrian Collision (internal code),Clear,Dark,Dry,Major Arterial,FALSE,-79.38169087,43.65184418,2,,,2,55,Major,Other Safety Equipment Used,,,Crossing without right-of-way (intersection),Ability Impaired - Alcohol,,Driver going straight hits pedestrian crossing without right-of-way (at intersection),,,,pedestrian,,Spadina-Fort York (10),52 Division,Yonge-Bay Corridor,FALSE,FALSE,FALSE,FALSE,FALSE,FALSE,TRUE,FALSE,FALSE,FALSE,"{""coordinates"": [[-79.38169087155447, 43.651844179653615]], ""type"": ""MultiPoint""}"
18338,2008:1083673,2008-12-22T17:10:00,SPADINA AVE,SULLIVAN ST,,3,Non-Fatal Injury,At Intersection,Traffic Signal,Pedestrian Collision (internal code),Snow,Dark,Loose Snow,Major Arterial,FALSE,-79.3971909,43.6508442,1,Municipal Transit Bus (TTC),North,2,45,None,Lap Belt Only,Driving properly,Normal,,,Going Ahead,,,,,driver,,Spadina-Fort York (10),52 Division,Kensington-Chinatown,FALSE,TRUE,FALSE,FALSE,FALSE,FALSE,TRUE,FALSE,FALSE,TRUE,"{""coordinates"": [[-79.39719090335964, 43.650844202819385]], ""type"": ""MultiPoint""}"
18339,2008:1083673,2008-12-22T17:10:00,SPADINA AVE,SULLIVAN ST,,3,Non-Fatal Injury,At Intersection,Traffic Signal,Pedestrian Collision (internal code),Snow,Dark,Loose Snow,Major Arterial,FALSE,-79.3971909,43.6508442,2,,West,3,49,Major,Other Safety Equipment Used,,,Crossing without right-of-way (intersection),Inattentive,,Transit vehicle driver hits pedestrian anywhere along roadway,,,,pedestrian,,Spadina-Fort York (10),52 Division,Kensington-Chinatown,FALSE,TRUE,FALSE,FALSE,FALSE,FALSE,TRUE,FALSE,FALSE,TRUE,"{""coordinates"": [[-79.39719090335964, 43.650844202819385]], ""type"": ""MultiPoint""}"
18340,2008:1077611,2008-12-24T16:50:00,YONGE ST,FINCH AVE W,,2,Non-Fatal Injury,At Intersection,,Pedestrian Collision (internal code),Other,Daylight,Other,Major Arterial,FALSE,-79.41559075,43.7797442,2,,,2,,Major,Other Safety Equipment Used,,,,,Other,,,,,pedestrian,,Willowdale (18),32 Division,Willowdale West,TRUE,FALSE,FALSE,FALSE,FALSE,FALSE,TRUE,FALSE,FALSE,FALSE,"{""coordinates"": [[-79.41559074622765, 43.77974419714869]], ""type"": ""MultiPoint""}"
18341,2008:1084803,2008-12-29T09:20:00,FINCH AVE W,VIRGILWOOD DR,,3,Non-Fatal Injury,At Intersection,Traffic Signal,Pedestrian Collision (internal code),Clear,Daylight,Dry,Major Arterial,FALSE,-79.44819081,43.77284424,1,Automobile or Station Wagon,South,2,40,None,Other Safety Equipment Used,Failed to yield right-of-way,Normal,,,Turning Left,,,,,driver,,York Centre (6),32 Division,Westminster-Branson,TRUE,FALSE,FALSE,FALSE,FALSE,FALSE,TRUE,FALSE,FALSE,FALSE,"{""coordinates"": [[-79.44819080749681, 43.77284423745772]], ""type"": ""MultiPoint""}"
18342,2008:1084803,2008-12-29T09:20:00,FINCH AVE W,VIRGILWOOD DR,,3,Non-Fatal Injury,At Intersection,Traffic Signal,Pedestrian Collision (internal code),Clear,Daylight,Dry,Major Arterial,FALSE,-79.44819081,43.77284424,2,,North,3,54,Major,No Equipment Available,,,Crossing with right-of-way (intersection),Normal,,Driver turns left into pedestrian crossing with right-of-way (at intersection),,,,pedestrian,,York Centre (6),32 Division,Westminster-Branson,TRUE,FALSE,FALSE,FALSE,FALSE,FALSE,TRUE,FALSE,FALSE,FALSE,"{""coordinates"": [[-79.44819080749681, 43.77284423745772]], ""type"": ""MultiPoint""}"
18344,2009:1079383,2009-01-05T12:47:00,VICTORIA PARK AVE,CONSUMERS RD,,6,Non-Fatal Injury,,Traffic Signal,Pedestrian Collision (internal code),Clear,Daylight,Dry,Major Arterial,FALSE,-79.3214906,43.77194408,1,Automobile or Station Wagon,South,1,72,None,Other Safety Equipment Used,Lost control,Normal,,,Changing Lanes,,,,,driver,,Scarborough-Agincourt (22),42 Division,Tam O'Shanter-Sullivan,FALSE,FALSE,FALSE,FALSE,FALSE,TRUE,TRUE,FALSE,FALSE,FALSE,"{""coordinates"": [[-79.32149060002911, 43.771944083870075]], ""type"": ""MultiPoint""}"
18345,2009:1079383,2009-01-05T12:47:00,VICTORIA PARK AVE,CONSUMERS RD,,6,Non-Fatal Injury,,Traffic Signal,Pedestrian Collision (internal code),Clear,Daylight,Dry,Major Arterial,FALSE,-79.3214906,43.77194408,2,,,4,,,Other Safety Equipment Used,,,,,,,,,,owner,,Scarborough-Agincourt (22),42 Division,Tam O'Shanter-Sullivan,FALSE,FALSE,FALSE,FALSE,FALSE,TRUE,TRUE,FALSE,FALSE,FALSE,"{""coordinates"": [[-79.32149060002911, 43.771944083870075]], ""type"": ""MultiPoint""}"
18347,2009:1079931,2009-01-07T16:40:00,2160 EGLINTON AVE W,CALEDONIA Road,,3,Non-Fatal Injury,,No Control,Pedestrian Collision (internal code),Snow,Daylight,Slush,Major Arterial,FALSE,-79.46029095,43.69344428,1,Municipal Transit Bus (TTC),West,2,52,None,Other Safety Equipment Used,Driving properly,Normal,,,Going Ahead,,,,,driver,,Davenport (9),13 Division,Caledonia-Fairbank,FALSE,FALSE,FALSE,FALSE,FALSE,FALSE,TRUE,FALSE,FALSE,TRUE,"{""coordinates"": [[-79.46029095276447, 43.69344427915383]], ""type"": ""MultiPoint""}"
18348,2009:1079931,2009-01-07T16:40:00,2160 EGLINTON AVE W,CALEDONIA Road,,3,Non-Fatal Injury,,No Control,Pedestrian Collision (internal code),Snow,Daylight,Slush,Major Arterial,FALSE,-79.46029095,43.69344428,2,,,3,59,Major,Other Safety Equipment Used,,,Crossing - no traffic control,Medical or Physical Disability,,Transit vehicle driver hits pedestrian anywhere along roadway,,,,pedestrian,,Davenport (9),13 Division,Caledonia-Fairbank,FALSE,FALSE,FALSE,FALSE,FALSE,FALSE,TRUE,FALSE,FALSE,TRUE,"{""coordinates"": [[-79.46029095276447, 43.69344427915383]], ""type"": ""MultiPoint""}"
18349,2009:1080448,2009-01-08T14:45:00,STEELES AVE W,TANGREEN CRT,,4,Non-Fatal Injury,,Stop Sign,Pedestrian Collision (internal code),Clear,Daylight,Slush,Major Arterial,FALSE,-79.42636474,43.79661321,2,,South,4,73,Major,Other Safety Equipment Used,,,Crossing - no traffic control,Normal,,Driver turns left into pedestrian crossing without right-of-way (at intersection),,,,pedestrian,,Willowdale (18),32 Division,Newtonbrook West,FALSE,FALSE,FALSE,FALSE,FALSE,TRUE,TRUE,FALSE,FALSE,FALSE,"{""coordinates"": [[-79.42636474471131, 43.79661320782263]], ""type"": ""MultiPoint""}"
18350,2009:1080448,2009-01-08T14:45:00,STEELES AVE W,TANGREEN CRT,,4,Non-Fatal Injury,,Stop Sign,Pedestrian Collision (internal code),Clear,Daylight,Slush,Major Arterial,FALSE,-79.42636474,43.79661321,1,,,1,,,Other Safety Equipment Used,,,,,,,,,,owner,,Willowdale (18),32 Division,Newtonbrook West,FALSE,FALSE,FALSE,FALSE,FALSE,TRUE,TRUE,FALSE,FALSE,FALSE,"{""coordinates"": [[-79.42636474471131, 43.79661320782263]], ""type"": ""MultiPoint""}"
18351,2009:1087632,2009-01-09T16:40:00,GERRARD ST E,PAPE AVE,,2,Non-Fatal Injury,At Intersection,Traffic Signal,Pedestrian Collision (internal code),Clear,Daylight,Wet,Minor Arterial,FALSE,-79.34039077,43.66814412,1,Automobile or Station Wagon,West,1,65,None,Lap and Shoulder Belt,Failed to yield right-of-way,Normal,,,Turning Left,,,,,driver,,Toronto-Danforth (14),55 Division,South Riverdale,TRUE,FALSE,FALSE,FALSE,FALSE,TRUE,TRUE,FALSE,FALSE,FALSE,"{""coordinates"": [[-79.34039076797387, 43.668144116611835]], ""type"": ""MultiPoint""}"
18352,2009:1088222,2009-01-12T11:16:00,EGLINTON AVE E,SLOANE AVE,,2,Non-Fatal Injury,,Traffic Signal,Pedestrian Collision (internal code),Clear,Daylight,Dry,Major Arterial,FALSE,-79.31349064,43.72604407,1,Automobile or Station Wagon,South,1,52,None,Lap and Shoulder Belt,Failed to yield right-of-way,Inattentive,,,Turning Left,,,,,driver,,Don Valley East (16),33 Division,Victoria Village,TRUE,TRUE,FALSE,FALSE,FALSE,FALSE,TRUE,FALSE,FALSE,FALSE,"{""coordinates"": [[-79.31349063915687, 43.726044074406154]], ""type"": ""MultiPoint""}"
18353,2009:1089553,2009-01-13T09:38:00,LAWRENCE Aven E,MOSSBANK Driv,,2,Non-Fatal Injury,At Intersection,No Control,Pedestrian Collision (internal code),Snow,Daylight,Loose Snow,Major Arterial,FALSE,-79.21169044,43.76264396,2,,,2,12,Major,No Equipment Available,,,Running onto roadway,Inattentive,Other,Driver hits pedestrian at midblock,,,,pedestrian,,Scarborough-Guildwood (24),43 Division,Golfdale-Cedarbrae-Woburn,FALSE,TRUE,FALSE,FALSE,FALSE,TRUE,TRUE,FALSE,TRUE,FALSE,"{""coordinates"": [[-79.21169043670533, 43.76264395697182]], ""type"": ""MultiPoint""}"
18354,2009:1088275,2009-01-14T13:15:00,ISLINGTON Aven,SUMMITCREST Driv,,2,Non-Fatal Injury,At Intersection,Traffic Signal,Pedestrian Collision (internal code),Clear,Daylight,Dry,Major Arterial,FALSE,-79.5404911,43.68314439,2,,West,2,19,Major,Other Safety Equipment Used,,,Crossing with right-of-way (intersection),Normal,,Driver turns left into pedestrian crossing with right-of-way (at intersection),,,,pedestrian,,Etobicoke Centre (2),23 Division,Willowridge-Martingrove-Richview,TRUE,TRUE,FALSE,FALSE,FALSE,FALSE,TRUE,FALSE,TRUE,FALSE,"{""coordinates"": [[-79.54049109679204, 43.68314438704505]], ""type"": ""MultiPoint""}"
18355,2009:1081583,2009-01-14T13:55:00,TAPSCOTT RD,FINCH AVE E,,3,Non-Fatal Injury,At Intersection,Traffic Signal,Pedestrian Collision (internal code),Snow,Daylight,Wet,Minor Arterial,FALSE,-79.23709043,43.81424399,2,,,3,60,Major,Other Safety Equipment Used,,,Crossing with right-of-way (intersection),Normal,,Driver turns left into pedestrian crossing with right-of-way (at intersection),,,,pedestrian,,Scarborough North (23),42 Division,Morningside Heights,TRUE,FALSE,FALSE,FALSE,FALSE,FALSE,TRUE,FALSE,FALSE,FALSE,"{""coordinates"": [[-79.23709043169444, 43.814243991723096]], ""type"": ""MultiPoint""}"
18356,2009:1081583,2009-01-14T13:55:00,TAPSCOTT RD,FINCH AVE E,,3,Non-Fatal Injury,At Intersection,Traffic Signal,Pedestrian Collision (internal code),Snow,Daylight,Wet,Minor Arterial,FALSE,-79.23709043,43.81424399,1,Automobile or Station Wagon,North,2,37,None,Other Safety Equipment Used,Failed to yield right-of-way,Normal,,,Turning Left,,,,,driver,,Scarborough North (23),42 Division,Morningside Heights,TRUE,FALSE,FALSE,FALSE,FALSE,FALSE,TRUE,FALSE,FALSE,FALSE,"{""coordinates"": [[-79.23709043169444, 43.814243991723096]], ""type"": ""MultiPoint""}"