_id,collision_id,accdate,stname1,stname2,stname3,per_inv,acclass,accloc,traffictl,impactype,visible,light,rdsfcond,road_class,failtorem,longitude,latitude,veh_no,vehtype,initdir,per_no,invage,injury,safequip,drivact,drivcond,pedact,pedcond,manoeuvre,pedtype,cyclistype,cycact,cyccond,road_user,fatal_no,wardname,division,neighbourhood,aggressive,distracted,cyclist,motorcyclist,other_micromobility,older_adult,pedestrian,red_light,school_child,heavy_truck,geometry
19312,2012:1298696,2012-04-19T21:27:00,SPADINA RD,LOWTHER AVE,,2,Non-Fatal Injury,At Intersection,Traffic Signal,Cyclist Collision (internal code),Clear,Dark with Artificial Lighting,Dry,Minor Arterial,FALSE,-79.40479089,43.66894421,2,Bicycle,South,2,32,Major,No Equipment Available,,,,,Going Ahead,,Driver turns left into path of cyclist,Driving Properly,Normal,cyclist,,University-Rosedale (11),14 Division,Annex,FALSE,FALSE,TRUE,FALSE,FALSE,FALSE,FALSE,FALSE,FALSE,FALSE,"{""coordinates"": [[-79.40479088952526, 43.668944209147426]], ""type"": ""MultiPoint""}"
19315,2012:1290286,2012-04-22T13:37:00,VICTORIA PARK AVE,ARNCLIFFE CRES,,1,Non-Fatal Injury,,Traffic Signal,Cyclist Collision (internal code),Clear,Daylight,Dry,Major Arterial,FALSE,-79.30559062,43.73184406,1,Automobile or Station Wagon,North,1,67,None,Other Safety Equipment Used,Driving properly,Normal,,,Stopped,,,,,driver,,Scarborough Centre (21),41 Division,Wexford/Maryvale,FALSE,TRUE,TRUE,FALSE,FALSE,TRUE,FALSE,FALSE,FALSE,FALSE,"{""coordinates"": [[-79.305590617681, 43.73184406385093]], ""type"": ""MultiPoint""}"
19316,2012:1290286,2012-04-22T13:37:00,VICTORIA PARK AVE,ARNCLIFFE CRES,,1,Non-Fatal Injury,,Traffic Signal,Cyclist Collision (internal code),Clear,Daylight,Dry,Major Arterial,FALSE,-79.30559062,43.73184406,3,Bicycle,West,4,51,Major,Other Safety Equipment Used,,,,,Going Ahead,,"Driver without right-of-way drives into path of cyclist (at intersection, laneway, or driveway)",Driving Properly,Normal,cyclist,,Scarborough Centre (21),41 Division,Wexford/Maryvale,FALSE,TRUE,TRUE,FALSE,FALSE,TRUE,FALSE,FALSE,FALSE,FALSE,"{""coordinates"": [[-79.305590617681, 43.73184406385093]], ""type"": ""MultiPoint""}"
19317,2012:1299771,2012-04-23T15:30:00,YONGE ST,SHAFTESBURY AVE,,2,Non-Fatal Injury,At Intersection,Traffic Signal,Pedestrian Collision (internal code),Rain,Daylight,Wet,Major Arterial,FALSE,-79.39159084,43.68194419,1,,East,1,32,Major,Other Safety Equipment Used,,,Crossing with right-of-way (intersection),Normal,,Other,,,,pedestrian,,Toronto-St. Paul's (12),53 Division,Yonge-St.Clair,FALSE,FALSE,TRUE,FALSE,FALSE,FALSE,TRUE,FALSE,FALSE,FALSE,"{""coordinates"": [[-79.39159084424095, 43.681944187023014]], ""type"": ""MultiPoint""}"
19318,2012:1300277,2012-04-27T16:44:00,1437 VICTORIA PARK AVE,,,2,Non-Fatal Injury,At Intersection,No Control,Pedestrian Collision (internal code),Clear,Daylight,Dry,Major Arterial,FALSE,-79.30159062,43.72214406,1,Automobile or Station Wagon,West,1,52,None,Other Safety Equipment Used,Failed to yield right-of-way,Normal,,,Turning Left,,,,,driver,,Scarborough Southwest (20),41 Division,Clairlea-Birchmount,TRUE,FALSE,FALSE,FALSE,FALSE,TRUE,TRUE,FALSE,FALSE,FALSE,"{""coordinates"": [[-79.301590623414, 43.722144058993884]], ""type"": ""MultiPoint""}"
19319,2012:1300266,2012-04-28T13:52:00,JARVIS ST,DUNDAS ST E,,2,Non-Fatal Injury,At Intersection,Traffic Signal,Pedestrian Collision (internal code),Clear,Daylight,Dry,Major Arterial,FALSE,-79.37459085,43.65704417,1,Automobile or Station Wagon,South,1,36,None,Lap and Shoulder Belt,Driving properly,Normal,,,Going Ahead,,,,,driver,,Toronto Centre (13),51 Division,Downtown Yonge East,FALSE,FALSE,FALSE,FALSE,FALSE,FALSE,TRUE,FALSE,FALSE,FALSE,"{""coordinates"": [[-79.37459084988477, 43.657044168109216]], ""type"": ""MultiPoint""}"
19320,2012:1291380,2012-04-28T21:08:00,ELLESMERE RD,MCCOWAN RD,,2,Non-Fatal Injury,At Intersection,Traffic Signal,Pedestrian Collision (internal code),Clear,Dark,Dry,Major Arterial,FALSE,-79.25149048,43.772144,2,,Unknown,2,42,Major,Other Safety Equipment Used,,,Crossing without right-of-way (intersection),Had Been Drinking,,Driver going straight hits pedestrian crossing without right-of-way (at intersection),,,,pedestrian,,Scarborough-Guildwood (24),43 Division,Woburn North,FALSE,FALSE,FALSE,FALSE,FALSE,TRUE,TRUE,FALSE,FALSE,FALSE,"{""coordinates"": [[-79.25149048466187, 43.77214399896183]], ""type"": ""MultiPoint""}"
19321,2012:1300648,2012-04-29T13:40:00,GEOFFREY ST,SORAUREN AVE,,3,Non-Fatal Injury,,No Control,Pedestrian Collision (internal code),Clear,Daylight,Dry,Collector,FALSE,-79.444591,43.64904427,1,Automobile or Station Wagon,South,2,36,None,Lap and Shoulder Belt,Other,Normal,,,Reversing,,,,,driver,,Parkdale-High Park (4),11 Division,Roncesvalles,FALSE,FALSE,FALSE,FALSE,FALSE,FALSE,TRUE,FALSE,FALSE,FALSE,"{""coordinates"": [[-79.44459099901152, 43.64904427365032]], ""type"": ""MultiPoint""}"
19322,2012:1300648,2012-04-29T13:40:00,GEOFFREY ST,SORAUREN AVE,,3,Non-Fatal Injury,,No Control,Pedestrian Collision (internal code),Clear,Daylight,Dry,Collector,FALSE,-79.444591,43.64904427,2,,North,3,35,Major,Other Safety Equipment Used,,,Other,Normal,,Driver reversing hits pedestrian,,,,pedestrian,,Parkdale-High Park (4),11 Division,Roncesvalles,FALSE,FALSE,FALSE,FALSE,FALSE,FALSE,TRUE,FALSE,FALSE,FALSE,"{""coordinates"": [[-79.44459099901152, 43.64904427365032]], ""type"": ""MultiPoint""}"
19323,2012:1300754,2012-04-30T15:30:00,DUFFERIN ST,ASCOT AVE,,3,Non-Fatal Injury,At Intersection,Traffic Signal,Pedestrian Collision (internal code),Rain,Daylight,Wet,Major Arterial,FALSE,-79.44399095,43.68014426,1,,,1,,,Other Safety Equipment Used,,,,,,,,,,owner,,Davenport (9),13 Division,Corso Italia-Davenport,TRUE,TRUE,FALSE,FALSE,FALSE,FALSE,TRUE,FALSE,FALSE,FALSE,"{""coordinates"": [[-79.44399094526938, 43.68014426146584]], ""type"": ""MultiPoint""}"
19324,2012:1301166,2012-05-02T17:45:00,ADELAIDE St W,SPADINA Ave,,2,Non-Fatal Injury,,Traffic Signal,Cyclist Collision (internal code),Clear,Daylight,Dry,Major Arterial,FALSE,-79.39559091,43.6467442,2,Bicycle,East,2,25,Major,Helmet,,,,,Going Ahead,,Driver turns right on green or amber at signalized intersection and hits cyclist,Driving Properly,Normal,cyclist,,Spadina-Fort York (10),14 Division,Wellington Place,TRUE,FALSE,TRUE,FALSE,FALSE,FALSE,FALSE,FALSE,FALSE,FALSE,"{""coordinates"": [[-79.39559090662928, 43.64674420147824]], ""type"": ""MultiPoint""}"
19325,2012:1301352,2012-05-04T12:00:00,LOGAN AVE,GOWAN AVE,,2,Non-Fatal Injury,,No Control,Pedestrian Collision (internal code),Clear,Daylight,Dry,Local,FALSE,-79.35289076,43.68754413,2,Automobile or Station Wagon,North,2,54,None,Lap and Shoulder Belt,Other,Normal,,,Reversing,,,,,driver,,Toronto-Danforth (14),55 Division,Broadview North,FALSE,FALSE,FALSE,FALSE,FALSE,FALSE,TRUE,FALSE,FALSE,FALSE,"{""coordinates"": [[-79.35289076378203, 43.68754413167831]], ""type"": ""MultiPoint""}"
19326,2012:1301507,2012-05-05T16:10:00,COLLEGE St,SHAW St,,3,Non-Fatal Injury,At Intersection,Stop Sign,Cyclist Collision (internal code),Clear,Daylight,Dry,Major Arterial,FALSE,-79.42029094,43.65494424,1,Automobile or Station Wagon,South,2,48,None,Other Safety Equipment Used,Failed to yield right-of-way,Normal,,,Turning Left,,,,,driver,,University-Rosedale (11),14 Division,Palmerston-Little Italy,TRUE,FALSE,TRUE,FALSE,FALSE,FALSE,FALSE,FALSE,FALSE,FALSE,"{""coordinates"": [[-79.42029094182233, 43.65494423575547]], ""type"": ""MultiPoint""}"
19327,2012:1301507,2012-05-05T16:10:00,COLLEGE St,SHAW St,,3,Non-Fatal Injury,At Intersection,Stop Sign,Cyclist Collision (internal code),Clear,Daylight,Dry,Major Arterial,FALSE,-79.42029094,43.65494424,2,Bicycle,West,3,24,Major,No Equipment Available,,,,,Going Ahead,,Driver turns left into path of cyclist,Speed too Fast For Condition,Normal,cyclist,,University-Rosedale (11),14 Division,Palmerston-Little Italy,TRUE,FALSE,TRUE,FALSE,FALSE,FALSE,FALSE,FALSE,FALSE,FALSE,"{""coordinates"": [[-79.42029094182233, 43.65494423575547]], ""type"": ""MultiPoint""}"
19330,2012:1302130,2012-05-10T10:15:00,DUNDAS ST W,GORE VALE AVE,,3,Non-Fatal Injury,,No Control,Cyclist Collision (internal code),Clear,Daylight,Dry,Major Arterial,FALSE,-79.41339094,43.65084423,1,Automobile or Station Wagon,East,2,26,None,Other Safety Equipment Used,Improper passing,Normal,,,Going Ahead,,,,,driver,,University-Rosedale (11),14 Division,Trinity-Bellwoods,TRUE,FALSE,TRUE,FALSE,FALSE,TRUE,FALSE,FALSE,FALSE,FALSE,"{""coordinates"": [[-79.41339093500997, 43.650844226803166]], ""type"": ""MultiPoint""}"
19331,2012:1302130,2012-05-10T10:15:00,DUNDAS ST W,GORE VALE AVE,,3,Non-Fatal Injury,,No Control,Cyclist Collision (internal code),Clear,Daylight,Dry,Major Arterial,FALSE,-79.41339094,43.65084423,2,Bicycle,East,3,67,Major,No Equipment Available,,,,,Going Ahead,,Sideswipe with cyclist and driver travelling in same direction,Driving Properly,Normal,cyclist,,University-Rosedale (11),14 Division,Trinity-Bellwoods,TRUE,FALSE,TRUE,FALSE,FALSE,TRUE,FALSE,FALSE,FALSE,FALSE,"{""coordinates"": [[-79.41339093500997, 43.650844226803166]], ""type"": ""MultiPoint""}"
19332,2012:1302089,2012-05-10T18:10:00,PETER ST,ADELAIDE ST W,,2,Non-Fatal Injury,,No Control,Cyclist Collision (internal code),Clear,Dusk,Dry,Major Arterial,FALSE,-79.3927909,43.6472442,1,Automobile or Station Wagon,North,1,49,None,Other Safety Equipment Used,Driving properly,Normal,,,Stopped,,,,,driver,,Spadina-Fort York (10),52 Division,Wellington Place,FALSE,FALSE,TRUE,FALSE,FALSE,FALSE,FALSE,FALSE,FALSE,FALSE,"{""coordinates"": [[-79.39279090035176, 43.647244197184136]], ""type"": ""MultiPoint""}"
19334,2012:1294470,2012-05-15T13:20:00,KIPLING AVE,PRINCE GEORGE DR,,2,Non-Fatal Injury,,Stop Sign,Cyclist Collision (internal code),Clear,Daylight,Dry,Major Arterial,FALSE,-79.54669113,43.6676444,1,Automobile or Station Wagon,East,1,62,None,Other Safety Equipment Used,Failed to yield right-of-way,Inattentive,,,Turning Right,,,,,driver,,Etobicoke Centre (2),22 Division,Princess-Rosethorn,TRUE,TRUE,TRUE,FALSE,FALSE,FALSE,FALSE,FALSE,FALSE,FALSE,"{""coordinates"": [[-79.54669113365455, 43.667644402886694]], ""type"": ""MultiPoint""}"
19336,2012:1294902,2012-05-19T11:41:00,FINCH AVE W,DRIFTWOOD AVE,,2,Non-Fatal Injury,At Intersection,No Control,Cyclist Collision (internal code),Clear,Daylight,Dry,Major Arterial,FALSE,-79.55449099,43.74944437,1,Automobile or Station Wagon,East,1,44,None,Other Safety Equipment Used,Driving properly,Normal,,,Going Ahead,,,,,driver,,Humber River-Black Creek (7),31 Division,Humbermede,FALSE,FALSE,TRUE,FALSE,FALSE,FALSE,FALSE,FALSE,FALSE,FALSE,"{""coordinates"": [[-79.55449099093698, 43.749444366662246]], ""type"": ""MultiPoint""}"
19337,2012:1303942,2012-05-21T06:40:00,GOODWOOD AVE,SELLERS AVE,,3,Non-Fatal Injury,,No Control,Cyclist Collision (internal code),Clear,Daylight,Dry,Local,FALSE,-79.44479095,43.68094426,1,,,1,,,Other Safety Equipment Used,,,,,,,,,,owner,,Davenport (9),13 Division,Corso Italia-Davenport,FALSE,TRUE,TRUE,FALSE,FALSE,FALSE,FALSE,FALSE,TRUE,FALSE,"{""coordinates"": [[-79.44479094541529, 43.68094426230373]], ""type"": ""MultiPoint""}"
19338,2012:1304934,2012-05-24T14:27:00,ROSEDALE VALLEY RD,BAYVIEW S ROSEDALE VL RAMP,,2,Non-Fatal Injury,At Intersection,No Control,Cyclist Collision (internal code),Clear,Daylight,Dry,Minor Arterial,FALSE,-79.36169081,43.67024415,2,Bicycle,East,2,63,Major,Helmet,,,,,Merging,,Sideswipe with cyclist and driver travelling in same direction,Driving Properly,Normal,cyclist,,University-Rosedale (11),51 Division,Cabbagetown-South St.James Town,FALSE,FALSE,TRUE,FALSE,FALSE,FALSE,FALSE,FALSE,FALSE,FALSE,"{""coordinates"": [[-79.36169080551169, 43.67024414692866]], ""type"": ""MultiPoint""}"
19339,2012:1304471,2012-05-24T19:05:00,CHURCH ST,WESTON RD,,2,Non-Fatal Injury,At Intersection,Traffic Signal,Cyclist Collision (internal code),Clear,Daylight,Dry,Minor Arterial,TRUE,-79.52539104,43.70304436,2,Bicycle,South,2,60,Major,Use Unknown,,,,,Stopped,,Driver turns right on red at signalized intersection and hits cyclist,Driving Properly,Normal,cyclist,,York South-Weston (5),12 Division,Weston,FALSE,TRUE,TRUE,FALSE,FALSE,FALSE,FALSE,FALSE,FALSE,FALSE,"{""coordinates"": [[-79.52539104049808, 43.70304435874976]], ""type"": ""MultiPoint""}"
19341,2012:1304816,2012-05-30T09:00:00,VICTORIA PARK AVE,SUNRISE AVE,,2,Non-Fatal Injury,At Intersection,Traffic Signal,Pedestrian Collision (internal code),Clear,Daylight,Dry,Major Arterial,FALSE,-79.30059062,43.71974406,1,Automobile or Station Wagon,East,1,76,None,Other Safety Equipment Used,Failed to yield right-of-way,Inattentive,,,Turning Left,,,,,driver,,Beaches-East York (19),55 Division,Victoria Village,TRUE,TRUE,FALSE,FALSE,FALSE,TRUE,TRUE,FALSE,FALSE,FALSE,"{""coordinates"": [[-79.30059062478199, 43.7197440577507]], ""type"": ""MultiPoint""}"
19342,2012:1304939,2012-05-30T13:15:00,DUNDAS ST W,MANNING AVE,,2,Non-Fatal Injury,At Intersection,Traffic Signal,Cyclist Collision (internal code),Clear,Daylight,Dry,Major Arterial,FALSE,-79.41089093,43.65134422,1,Automobile or Station Wagon,East,1,26,None,Lap and Shoulder Belt,Driving properly,Normal,,,Stopped,,,,,driver,,University-Rosedale (11),14 Division,Trinity-Bellwoods,FALSE,FALSE,TRUE,FALSE,FALSE,FALSE,FALSE,FALSE,FALSE,FALSE,"{""coordinates"": [[-79.4108909293251, 43.65134422295887]], ""type"": ""MultiPoint""}"
19343,2012:1305291,2012-06-02T12:18:00,32 SUNCREST DR,,,2,Non-Fatal Injury,,No Control,Cyclist Collision (internal code),Clear,Daylight,Dry,Local,FALSE,-79.35879072,43.72664413,1,Automobile or Station Wagon,North,1,72,None,Lap and Shoulder Belt,Other,Inattentive,,,Reversing,,,,,driver,,Don Valley West (15),33 Division,Bridle Path-Sunnybrook-York Mills,FALSE,TRUE,TRUE,FALSE,FALSE,TRUE,FALSE,FALSE,FALSE,FALSE,"{""coordinates"": [[-79.35879071760908, 43.72664413345449]], ""type"": ""MultiPoint""}"
19344,2012:1305187,2012-06-03T17:20:00,COLLEGE ST,BORDEN ST,,2,Non-Fatal Injury,At Intersection,No Control,Cyclist Collision (internal code),Clear,Daylight,Dry,Major Arterial,FALSE,-79.40519091,43.65714421,2,Bicycle,East,2,20,Major,Helmet,,,,,Going Ahead,,Dooring,Driving Properly,Normal,cyclist,,University-Rosedale (11),14 Division,University,FALSE,FALSE,TRUE,FALSE,FALSE,FALSE,FALSE,FALSE,FALSE,FALSE,"{""coordinates"": [[-79.40519090899917, 43.65714421294363]], ""type"": ""MultiPoint""}"
19345,2012:1305388,2012-06-04T10:00:00,LOBB AVE,SHAW ST,,2,Non-Fatal Injury,At Intersection,Traffic Signal,Cyclist Collision (internal code),Clear,Daylight,Dry,Collector,FALSE,-79.41709095,43.64694423,2,Bicycle,East,2,34,Major,Helmet,,,,,Going Ahead,,Driver turns left into path of cyclist,Driving Properly,Normal,cyclist,,Spadina-Fort York (10),14 Division,Trinity-Bellwoods,TRUE,FALSE,TRUE,FALSE,FALSE,FALSE,FALSE,FALSE,FALSE,FALSE,"{""coordinates"": [[-79.41709094854819, 43.64694423345334]], ""type"": ""MultiPoint""}"
19346,2012:1305359,2012-06-05T17:25:00,BLOOR ST W,DUFFERIN ST,,5,Non-Fatal Injury,,Traffic Signal,Cyclist Collision (internal code),Clear,Daylight,Dry,Major Arterial,FALSE,-79.43539096,43.65984426,1,,,3,,,Other Safety Equipment Used,,,,,,,,,,owner,,Davenport (9),11 Division,Dufferin Grove,FALSE,FALSE,TRUE,FALSE,FALSE,FALSE,FALSE,FALSE,FALSE,FALSE,"{""coordinates"": [[-79.43539096298804, 43.659844256285375]], ""type"": ""MultiPoint""}"
19347,2012:1305359,2012-06-05T17:25:00,BLOOR ST W,DUFFERIN ST,,5,Non-Fatal Injury,,Traffic Signal,Cyclist Collision (internal code),Clear,Daylight,Dry,Major Arterial,FALSE,-79.43539096,43.65984426,1,,,2,,None,Other Safety Equipment Used,,,,,,,,,,passenger,,Davenport (9),11 Division,Dufferin Grove,FALSE,FALSE,TRUE,FALSE,FALSE,FALSE,FALSE,FALSE,FALSE,FALSE,"{""coordinates"": [[-79.43539096298804, 43.659844256285375]], ""type"": ""MultiPoint""}"
19348,2012:1305359,2012-06-05T17:25:00,BLOOR ST W,DUFFERIN ST,,5,Non-Fatal Injury,,Traffic Signal,Cyclist Collision (internal code),Clear,Daylight,Dry,Major Arterial,FALSE,-79.43539096,43.65984426,2,Bicycle,West,5,36,Major,Helmet,,,,,Going Ahead,,Dooring,Driving Properly,Normal,cyclist,,Davenport (9),11 Division,Dufferin Grove,FALSE,FALSE,TRUE,FALSE,FALSE,FALSE,FALSE,FALSE,FALSE,FALSE,"{""coordinates"": [[-79.43539096298804, 43.659844256285375]], ""type"": ""MultiPoint""}"
19349,2012:1305406,2012-06-05T18:07:00,QUEEN ST W,PETER ST,,4,Non-Fatal Injury,Intersection-Related,Streetcar (Stop for),Pedestrian Collision (internal code),Clear,Daylight,Dry,Major Arterial,FALSE,-79.3936659,43.6492782,2,Bicycle,East,4,20,None,No Equipment Available,,,,,Going Ahead,,Cyclist hits pedestrian,Failed to Yield Right of Way,Inattentive,cyclist,,Spadina-Fort York (10),52 Division,Wellington Place,FALSE,TRUE,TRUE,FALSE,FALSE,FALSE,TRUE,FALSE,FALSE,TRUE,"{""coordinates"": [[-79.39366589890744, 43.649278197986185]], ""type"": ""MultiPoint""}"
19350,2012:1305406,2012-06-05T18:07:00,QUEEN ST W,PETER ST,,4,Non-Fatal Injury,Intersection-Related,Streetcar (Stop for),Pedestrian Collision (internal code),Clear,Daylight,Dry,Major Arterial,FALSE,-79.3936659,43.6492782,1,,,1,,,Other Safety Equipment Used,,,,,,,,,,other,,Spadina-Fort York (10),52 Division,Wellington Place,FALSE,TRUE,TRUE,FALSE,FALSE,FALSE,TRUE,FALSE,FALSE,TRUE,"{""coordinates"": [[-79.39366589890744, 43.649278197986185]], ""type"": ""MultiPoint""}"
19351,2012:1305383,2012-06-05T20:45:00,DUFFERIN ST,BLOOR ST W,,4,Non-Fatal Injury,At Intersection,Traffic Signal,Cyclist Collision (internal code),Clear,Dusk,Dry,Major Arterial,FALSE,-79.43539096,43.65984426,1,Automobile or Station Wagon,North,1,25,None,Lap and Shoulder Belt,Driving properly,Normal,,,Going Ahead,,,,,driver,,Davenport (9),11 Division,Dufferin Grove,FALSE,FALSE,TRUE,FALSE,FALSE,FALSE,FALSE,FALSE,FALSE,FALSE,"{""coordinates"": [[-79.43539096298804, 43.659844256285375]], ""type"": ""MultiPoint""}"
19352,2012:1305383,2012-06-05T20:45:00,DUFFERIN ST,BLOOR ST W,,4,Non-Fatal Injury,At Intersection,Traffic Signal,Cyclist Collision (internal code),Clear,Dusk,Dry,Major Arterial,FALSE,-79.43539096,43.65984426,2,Bicycle,West,4,22,Major,Use Unknown,,,,,Going Ahead,,"Cyclist without right-of-way rides into path of driver (at intersection, laneway, or driveway)",Disobeyed Traffic Control,Unknown,cyclist,,Davenport (9),11 Division,Dufferin Grove,FALSE,FALSE,TRUE,FALSE,FALSE,FALSE,FALSE,FALSE,FALSE,FALSE,"{""coordinates"": [[-79.43539096298804, 43.659844256285375]], ""type"": ""MultiPoint""}"
19353,2012:1305685,2012-06-06T22:31:00,YONGE ST,CARLTON ST,,2,Non-Fatal Injury,,No Control,Pedestrian Collision (internal code),Clear,Dark with Artificial Lighting,Dry,Major Arterial,FALSE,-79.38289086,43.66074418,2,,East,2,18,Major,Other Safety Equipment Used,,,Running onto roadway,Unknown,,Driver hits pedestrian at midblock,,,,pedestrian,,University-Rosedale (11),52 Division,Yonge-Bay Corridor,FALSE,FALSE,FALSE,FALSE,FALSE,FALSE,TRUE,FALSE,TRUE,FALSE,"{""coordinates"": [[-79.382890860317, 43.660744179459456]], ""type"": ""MultiPoint""}"
19354,2012:1305650,2012-06-07T20:00:00,WALLACE AVE,PERTH AVE,,2,Non-Fatal Injury,At Intersection,Stop Sign,Cyclist Collision (internal code),Clear,Dark with Artificial Lighting,Dry,Local,TRUE,-79.45059099,43.66104428,1,Bicycle,East,2,46,Major,No Equipment Available,,,,,Going Ahead,,"Driver without right-of-way drives into path of cyclist (at intersection, laneway, or driveway)",Driving Properly,Had Been Drinking,cyclist,,Davenport (9),11 Division,Junction-Wallace Emerson,TRUE,FALSE,TRUE,FALSE,FALSE,FALSE,FALSE,FALSE,FALSE,FALSE,"{""coordinates"": [[-79.45059099026656, 43.66104427801652]], ""type"": ""MultiPoint""}"
19355,2012:1298136,2012-06-09T10:25:00,STEELES AVE W,FOUNDERS RD,,2,Non-Fatal Injury,At Intersection,No Control,Pedestrian Collision (internal code),Rain,Daylight,Wet,Major Arterial,FALSE,-79.50419089,43.7792443,1,Automobile or Station Wagon,West,1,64,None,Other Safety Equipment Used,Driving properly,Normal,,,Going Ahead,,,,,driver,,Humber River-Black Creek (7),31 Division,York University Heights,FALSE,TRUE,FALSE,FALSE,FALSE,FALSE,TRUE,FALSE,FALSE,FALSE,"{""coordinates"": [[-79.50419088971331, 43.779244303078684]], ""type"": ""MultiPoint""}"
19356,2012:1305919,2012-06-10T19:16:00,BLOOR Stre W,PALMERSTON Boul,,2,Non-Fatal Injury,,Traffic Signal,Cyclist Collision (internal code),Clear,Daylight,Dry,Major Arterial,FALSE,-79.41379091,43.66454422,1,Automobile or Station Wagon,East,1,52,None,Lap and Shoulder Belt,Other,Normal,,,Parked,,,,,driver,,University-Rosedale (11),14 Division,Palmerston-Little Italy,FALSE,FALSE,TRUE,FALSE,FALSE,FALSE,FALSE,FALSE,FALSE,FALSE,"{""coordinates"": [[-79.41379091374927, 43.66454422338204]], ""type"": ""MultiPoint""}"
19357,2012:1298554,2012-06-12T20:32:00,DAVENPORT RD,OSSINGTON AVE,,3,Non-Fatal Injury,At Intersection,Traffic Signal,Pedestrian Collision (internal code),Clear,Dark with Artificial Lighting,Dry,Minor Arterial,FALSE,-79.43099093,43.67474424,2,,North,3,82,Major,Other Safety Equipment Used,,,Crossing with right-of-way (intersection),Normal,,Transit vehicle driver hits pedestrian anywhere along roadway,,,,pedestrian,,Davenport (9),13 Division,Wychwood,TRUE,TRUE,FALSE,FALSE,FALSE,TRUE,TRUE,FALSE,FALSE,TRUE,"{""coordinates"": [[-79.43099092983518, 43.67474424490276]], ""type"": ""MultiPoint""}"
19358,2012:1298554,2012-06-12T20:32:00,DAVENPORT RD,OSSINGTON AVE,,3,Non-Fatal Injury,At Intersection,Traffic Signal,Pedestrian Collision (internal code),Clear,Dark with Artificial Lighting,Dry,Minor Arterial,FALSE,-79.43099093,43.67474424,1,Municipal Transit Bus (TTC),North,2,24,None,Other Safety Equipment Used,Failed to yield right-of-way,Inattentive,,,Turning Left,,,,,driver,,Davenport (9),13 Division,Wychwood,TRUE,TRUE,FALSE,FALSE,FALSE,TRUE,TRUE,FALSE,FALSE,TRUE,"{""coordinates"": [[-79.43099092983518, 43.67474424490276]], ""type"": ""MultiPoint""}"
19359,2012:1299440,2012-06-13T11:11:00,GERRARD Stre E,RIVER Stre,,2,Non-Fatal Injury,,Traffic Signal,Cyclist Collision (internal code),Clear,Daylight,Dry,Minor Arterial,TRUE,-79.35929081,43.66364414,1,Bicycle,West,2,53,Major,Other Safety Equipment Used,,,,,Going Ahead,,"Driver without right-of-way drives into path of cyclist (at intersection, laneway, or driveway)",Driving Properly,Normal,cyclist,,Toronto Centre (13),51 Division,Regent Park,TRUE,FALSE,TRUE,FALSE,FALSE,FALSE,FALSE,TRUE,FALSE,FALSE,"{""coordinates"": [[-79.35929081059822, 43.663644144581056]], ""type"": ""MultiPoint""}"
19360,2012:1318799,2012-08-27T15:58:00,OAKWOOD AVE,CONWAY AVE,,3,Non-Fatal Injury,,Pedestrian Crossover,Pedestrian Collision (internal code),Clear,Daylight,Dry,Minor Arterial,FALSE,-79.43689093,43.68264425,1,,,1,,,Other Safety Equipment Used,,,,,,,,,,owner,,Davenport (9),13 Division,Oakwood Village,TRUE,FALSE,FALSE,FALSE,FALSE,FALSE,TRUE,FALSE,FALSE,FALSE,"{""coordinates"": [[-79.43689092778041, 43.682644250571386]], ""type"": ""MultiPoint""}"
19361,2012:1306426,2012-06-13T12:39:00,WESTON RD,SHEPPARD AVE W,,3,Non-Fatal Injury,At Intersection,Traffic Signal,Pedestrian Collision (internal code),Clear,Daylight,Dry,Major Arterial,FALSE,-79.538191,43.73374436,1,Automobile or Station Wagon,West,2,23,None,Lap and Shoulder Belt,Failed to yield right-of-way,Inattentive,,,Turning Right,,,,,driver,,Humber River-Black Creek (7),31 Division,Pelmo Park-Humberlea,TRUE,TRUE,FALSE,FALSE,FALSE,TRUE,TRUE,FALSE,FALSE,FALSE,"{""coordinates"": [[-79.53819099972253, 43.73374435708254]], ""type"": ""MultiPoint""}"
19362,2012:1328738,2012-10-25T06:37:00,SHUTER ST,VICTORIA ST,,3,Non-Fatal Injury,At Intersection,Traffic Signal,Pedestrian Collision (internal code),Clear,Dawn with Artificial Lighting,Dry,Minor Arterial,FALSE,-79.37879086,43.65434417,1,,,1,,,Other Safety Equipment Used,,,,,,,,,,owner,,Toronto Centre (13),51 Division,Downtown Yonge East,TRUE,TRUE,FALSE,FALSE,FALSE,FALSE,TRUE,FALSE,FALSE,FALSE,"{""coordinates"": [[-79.37879086210985, 43.654344174837995]], ""type"": ""MultiPoint""}"
19363,2012:1306426,2012-06-13T12:39:00,WESTON RD,SHEPPARD AVE W,,3,Non-Fatal Injury,At Intersection,Traffic Signal,Pedestrian Collision (internal code),Clear,Daylight,Dry,Major Arterial,FALSE,-79.538191,43.73374436,2,,West,3,72,Major,Other Safety Equipment Used,,,Crossing with right-of-way (intersection),Normal,,Driver turns right into pedestrian crossing with right-of-way (at intersection),,,,pedestrian,,Humber River-Black Creek (7),31 Division,Pelmo Park-Humberlea,TRUE,TRUE,FALSE,FALSE,FALSE,TRUE,TRUE,FALSE,FALSE,FALSE,"{""coordinates"": [[-79.53819099972253, 43.73374435708254]], ""type"": ""MultiPoint""}"