_id,collision_id,accdate,stname1,stname2,stname3,per_inv,acclass,accloc,traffictl,impactype,visible,light,rdsfcond,road_class,failtorem,longitude,latitude,veh_no,vehtype,initdir,per_no,invage,injury,safequip,drivact,drivcond,pedact,pedcond,manoeuvre,pedtype,cyclistype,cycact,cyccond,road_user,fatal_no,wardname,division,neighbourhood,aggressive,distracted,cyclist,motorcyclist,other_micromobility,older_adult,pedestrian,red_light,school_child,heavy_truck,geometry
19781,2013:1381650,2013-08-03T22:13:00,JANE St,TRETHEWEY Dr,,2,Non-Fatal Injury,,Traffic Signal,Pedestrian Collision (internal code),Clear,Dark with Artificial Lighting,Dry,Major Arterial,FALSE,-79.50236902,43.69758433,0,,East,2,21,Major,Other Safety Equipment Used,,,Crossing without right-of-way (intersection),Inattentive,,Driver going straight hits pedestrian crossing without right-of-way (at intersection),,,,pedestrian,,York South-Weston (5),12 Division,Brookhaven-Amesbury,FALSE,TRUE,FALSE,FALSE,FALSE,FALSE,TRUE,FALSE,FALSE,FALSE,"{""coordinates"": [[-79.50236902119497, 43.69758433473331]], ""type"": ""MultiPoint""}"
19782,2013:1369861,2013-08-05T02:55:00,DUNDAS St W,JANE St,,2,Non-Fatal Injury,At Intersection,Traffic Signal,Pedestrian Collision (internal code),Clear,Dark with Artificial Lighting,Dry,Major Arterial,TRUE,-79.49119106,43.66574433,1,Automobile or Station Wagon,West,1,,None,Other Safety Equipment Used,Failed to yield right-of-way,Unknown,,,Turning Right,,,,,driver,,Parkdale-High Park (4),11 Division,Runnymede-Bloor West Village,TRUE,FALSE,FALSE,FALSE,FALSE,FALSE,TRUE,FALSE,FALSE,FALSE,"{""coordinates"": [[-79.49119105993069, 43.66574433493899]], ""type"": ""MultiPoint""}"
19783,2013:1381745,2013-08-05T12:10:00,ISLINGTON AVE,THE QUEENSWAY,,3,Non-Fatal Injury,,Traffic Signal,Pedestrian Collision (internal code),Clear,Daylight,Dry,Major Arterial,FALSE,-79.51477517,43.62358239,1,,,1,,,Other Safety Equipment Used,,,,,,,,,,owner,,Etobicoke-Lakeshore (3),22 Division,Stonegate-Queensway,TRUE,FALSE,FALSE,FALSE,FALSE,TRUE,TRUE,FALSE,FALSE,FALSE,"{""coordinates"": [[-79.5147751738361, 43.62358238701002]], ""type"": ""MultiPoint""}"
19784,2013:1381722,2013-08-05T23:29:00,GERRARD ST E,HIGHFIELD RD,,2,Non-Fatal Injury,,No Control,Pedestrian Collision (internal code),Clear,Dark,Dry,Minor Arterial,FALSE,-79.32493173,43.67159809,1,Automobile or Station Wagon,East,1,63,None,Lap and Shoulder Belt,Driving properly,Normal,,,Going Ahead,,,,,driver,,Toronto-Danforth (14),55 Division,Greenwood-Coxwell,FALSE,TRUE,FALSE,FALSE,FALSE,TRUE,TRUE,FALSE,FALSE,FALSE,"{""coordinates"": [[-79.32493173376099, 43.67159809404832]], ""type"": ""MultiPoint""}"
19785,2013:1369473,2013-08-07T06:13:00,WELLESLEY ST E,PARLIAMENT ST,,3,Non-Fatal Injury,At Intersection,Traffic Signal,Pedestrian Collision (internal code),Clear,Dawn,Dry,Minor Arterial,FALSE,-79.36954882,43.66816116,2,,,2,,,Other Safety Equipment Used,,,,,,,,,,other,,Toronto Centre (13),51 Division,Cabbagetown-South St.James Town,TRUE,FALSE,FALSE,FALSE,FALSE,FALSE,TRUE,FALSE,FALSE,FALSE,"{""coordinates"": [[-79.36954882355663, 43.66816115860391]], ""type"": ""MultiPoint""}"
19786,2013:1369473,2013-08-07T06:13:00,WELLESLEY ST E,PARLIAMENT ST,,3,Non-Fatal Injury,At Intersection,Traffic Signal,Pedestrian Collision (internal code),Clear,Dawn,Dry,Minor Arterial,FALSE,-79.36954882,43.66816116,3,,South,3,23,Major,Other Safety Equipment Used,,,Crossing with right-of-way (intersection),Unknown,,Driver turns right into pedestrian crossing with right-of-way (at intersection),,,,pedestrian,,Toronto Centre (13),51 Division,Cabbagetown-South St.James Town,TRUE,FALSE,FALSE,FALSE,FALSE,FALSE,TRUE,FALSE,FALSE,FALSE,"{""coordinates"": [[-79.36954882355663, 43.66816115860391]], ""type"": ""MultiPoint""}"
19787,2013:1369657,2013-08-09T09:36:00,LOWER JARVIS St,THE ESPLANADE,,3,Non-Fatal Injury,,Traffic Signal,Pedestrian Collision (internal code),Clear,Daylight,Dry,Major Arterial,FALSE,-79.37092186,43.64821416,1,Truck - Open (Flatbed),East,2,48,None,Lap and Shoulder Belt,Failed to yield right-of-way,Normal,,,Turning Right,,,,,driver,,Spadina-Fort York (10),51 Division,St Lawrence-East Bayfront-The Islands,TRUE,FALSE,FALSE,FALSE,FALSE,TRUE,TRUE,FALSE,FALSE,TRUE,"{""coordinates"": [[-79.37092185596508, 43.64821416443702]], ""type"": ""MultiPoint""}"
19788,2013:1369657,2013-08-09T09:36:00,LOWER JARVIS St,THE ESPLANADE,,3,Non-Fatal Injury,,Traffic Signal,Pedestrian Collision (internal code),Clear,Daylight,Dry,Major Arterial,FALSE,-79.37092186,43.64821416,2,,North,3,86,Major,Other Safety Equipment Used,,,Crossing with right-of-way (intersection),Normal,,Driver turns right into pedestrian crossing with right-of-way (at intersection),,,,pedestrian,,Spadina-Fort York (10),51 Division,St Lawrence-East Bayfront-The Islands,TRUE,FALSE,FALSE,FALSE,FALSE,TRUE,TRUE,FALSE,FALSE,TRUE,"{""coordinates"": [[-79.37092185596508, 43.64821416443702]], ""type"": ""MultiPoint""}"
19789,2013:1372200,2013-08-10T02:50:00,SPADINA AVE,OXFORD ST,,2,Non-Fatal Injury,At Intersection,No Control,Cyclist Collision (internal code),Clear,Dark with Artificial Lighting,Dry,Major Arterial,TRUE,-79.3995779,43.6567362,1,Automobile or Station Wagon,South,1,,None,Other Safety Equipment Used,Other,Unknown,,,Reversing,,,,,driver,,University-Rosedale (11),52 Division,Kensington-Chinatown,FALSE,FALSE,TRUE,FALSE,FALSE,FALSE,FALSE,FALSE,FALSE,FALSE,"{""coordinates"": [[-79.39957789876898, 43.656736204821925]], ""type"": ""MultiPoint""}"
19790,2013:1369884,2013-08-12T07:45:00,KENNEDY RD,SHEPPARD Ave E,,3,Non-Fatal Injury,At Intersection,Traffic Signal,Pedestrian Collision (internal code),Clear,Daylight,Dry,Major Arterial,FALSE,-79.28825754,43.78327704,1,,,1,,,Other Safety Equipment Used,,,,,,,,,,owner,,Scarborough-Agincourt (22),42 Division,Agincourt South-Malvern West,FALSE,FALSE,FALSE,FALSE,FALSE,TRUE,TRUE,FALSE,FALSE,FALSE,"{""coordinates"": [[-79.28825753542264, 43.78327704463499]], ""type"": ""MultiPoint""}"
19791,2013:1369968,2013-08-12T20:55:00,BATHURST ST,FINCH AVE W,,3,Non-Fatal Injury,,No Control,Pedestrian Collision (internal code),Clear,Dark,Dry,Major Arterial,FALSE,-79.4431038,43.77425523,1,,,1,,,Other Safety Equipment Used,,,,,,,,,,owner,,Willowdale (18),32 Division,Newtonbrook West,FALSE,FALSE,FALSE,FALSE,FALSE,TRUE,TRUE,FALSE,FALSE,FALSE,"{""coordinates"": [[-79.44310379749226, 43.774255231064316]], ""type"": ""MultiPoint""}"
19798,2013:1382388,2013-08-13T16:39:00,ST CLAIR AVE W,DUFFERIN ST,,3,Non-Fatal Injury,At Intersection,Traffic Signal,Cyclist Collision (internal code),Clear,Daylight,Dry,Major Arterial,FALSE,-79.44307395,43.67795026,1,,,1,,,Other Safety Equipment Used,,,,,,,,,,other,,Davenport (9),13 Division,Corso Italia-Davenport,FALSE,TRUE,TRUE,FALSE,FALSE,FALSE,FALSE,FALSE,FALSE,TRUE,"{""coordinates"": [[-79.44307394725317, 43.67795026096274]], ""type"": ""MultiPoint""}"
19799,2013:1370609,2013-08-15T16:12:00,DUNDAS ST W,MANNING AVE,,3,Non-Fatal Injury,,Traffic Signal,Cyclist Collision (internal code),Clear,Daylight,Dry,Major Arterial,FALSE,-79.41090793,43.65129622,1,Automobile or Station Wagon,East,1,67,Minor,Lap and Shoulder Belt,Lost control,Unknown,,,Going Ahead,,,,,driver,,Spadina-Fort York (10),14 Division,Trinity-Bellwoods,FALSE,FALSE,TRUE,FALSE,FALSE,TRUE,FALSE,FALSE,FALSE,FALSE,"{""coordinates"": [[-79.41090792943515, 43.65129622299776]], ""type"": ""MultiPoint""}"
19800,2013:1382675,2013-08-16T13:40:00,QUEEN ST W,OHARA AVE,,2,Non-Fatal Injury,,No Control,Pedestrian Collision (internal code),Clear,Daylight,Dry,Major Arterial,FALSE,-79.43419299,43.64104226,1,Automobile or Station Wagon,East,1,46,Minimal,Lap and Shoulder Belt,Driving properly,Normal,,,Going Ahead,,,,,driver,,Parkdale-High Park (4),14 Division,South Parkdale,FALSE,TRUE,FALSE,FALSE,FALSE,FALSE,TRUE,FALSE,TRUE,FALSE,"{""coordinates"": [[-79.43419299196057, 43.641042260936395]], ""type"": ""MultiPoint""}"
19801,2013:1382682,2013-08-16T17:56:00,DANFORTH AVE,COXWELL AVE,,2,Non-Fatal Injury,,No Control,Pedestrian Collision (internal code),Clear,Daylight,Dry,Major Arterial,FALSE,-79.32291771,43.68350009,2,,South,2,65,Major,Other Safety Equipment Used,,,Walking on roadway with traffic,Inattentive,,Driver hits pedestrian at midblock,,,,pedestrian,,Beaches-East York (19),55 Division,Woodbine Corridor,FALSE,TRUE,FALSE,FALSE,FALSE,TRUE,TRUE,FALSE,FALSE,FALSE,"{""coordinates"": [[-79.32291771370245, 43.68350009019124]], ""type"": ""MultiPoint""}"
19803,2013:1382904,2013-08-20T13:35:00,DAN LECKIE WAY,LAKE SHORE BLVD W,,3,Non-Fatal Injury,At Intersection,Traffic Signal,Pedestrian Collision (internal code),Clear,Daylight,Dry,Major Arterial,FALSE,-79.39713692,43.63731521,2,,East,3,35,Major,Other Safety Equipment Used,,,Crossing with right-of-way (intersection),Normal,,Driver turns right into pedestrian crossing with right-of-way (at intersection),,,,pedestrian,,Spadina-Fort York (10),14 Division,Harbourfront-CityPlace,TRUE,FALSE,FALSE,FALSE,FALSE,FALSE,TRUE,FALSE,FALSE,FALSE,"{""coordinates"": [[-79.39713692441437, 43.63731520617894]], ""type"": ""MultiPoint""}"
19804,2013:1382904,2013-08-20T13:35:00,DAN LECKIE WAY,LAKE SHORE BLVD W,,3,Non-Fatal Injury,At Intersection,Traffic Signal,Pedestrian Collision (internal code),Clear,Daylight,Dry,Major Arterial,FALSE,-79.39713692,43.63731521,2,,East,2,0,Major,Other Safety Equipment Used,,,Crossing with right-of-way (intersection),Normal,,Driver turns right into pedestrian crossing with right-of-way (at intersection),,,,pedestrian,,Spadina-Fort York (10),14 Division,Harbourfront-CityPlace,TRUE,FALSE,FALSE,FALSE,FALSE,FALSE,TRUE,FALSE,FALSE,FALSE,"{""coordinates"": [[-79.39713692441437, 43.63731520617894]], ""type"": ""MultiPoint""}"
19805,2013:1383434,2013-08-22T18:50:00,ST CLAIR AVE W,LAUGHTON AVE,,3,Non-Fatal Injury,,Traffic Signal,Pedestrian Collision (internal code),Clear,Daylight,Dry,Major Arterial,FALSE,-79.45763798,43.67471128,2,,South,3,20,Major,No Equipment Available,,,Crossing - no traffic control,Inattentive,,Transit vehicle driver hits pedestrian anywhere along roadway,,,,pedestrian,,Davenport (9),11 Division,Weston-Pelham Park,FALSE,TRUE,FALSE,FALSE,FALSE,FALSE,TRUE,FALSE,FALSE,TRUE,"{""coordinates"": [[-79.45763798023776, 43.67471128288579]], ""type"": ""MultiPoint""}"
19806,2013:1383434,2013-08-22T18:50:00,ST CLAIR AVE W,LAUGHTON AVE,,3,Non-Fatal Injury,,Traffic Signal,Pedestrian Collision (internal code),Clear,Daylight,Dry,Major Arterial,FALSE,-79.45763798,43.67471128,1,Municipal Transit Bus (TTC),West,2,43,None,Other Safety Equipment Used,Driving properly,Normal,,,Going Ahead,,,,,driver,,Davenport (9),11 Division,Weston-Pelham Park,FALSE,TRUE,FALSE,FALSE,FALSE,FALSE,TRUE,FALSE,FALSE,TRUE,"{""coordinates"": [[-79.45763798023776, 43.67471128288579]], ""type"": ""MultiPoint""}"
19807,2013:1371962,2013-08-23T07:05:00,1245 DUPONT ST,,,2,Non-Fatal Injury,,No Control,Cyclist Collision (internal code),Clear,Daylight,Dry,Major Arterial,FALSE,-79.44181496,43.66814626,2,Bicycle,North,2,19,Major,No Equipment Available,,,,,Other,,"Cyclist without right-of-way rides into path of driver (at intersection, laneway, or driveway)",Failed to Yield Right of Way,Normal,cyclist,,Davenport (9),11 Division,Junction-Wallace Emerson,FALSE,FALSE,TRUE,FALSE,FALSE,FALSE,FALSE,FALSE,TRUE,FALSE,"{""coordinates"": [[-79.44181496139917, 43.668146262688786]], ""type"": ""MultiPoint""}"
19808,2013:1383447,2013-08-23T17:30:00,OLD YORK MILLS RD,YONGE ST,,3,Non-Fatal Injury,,Stop Sign,Cyclist Collision (internal code),Clear,Daylight,Dry,Major Arterial,TRUE,-79.40648277,43.74329119,2,Bicycle,South,3,33,Major,Helmet,,,,,Going Ahead,,"Driver turns right at non-signalized intersection (e.g. stop, yield, no control, driveway) and hits cyclist",Driving Properly,Normal,cyclist,,Don Valley West (15),32 Division,Bridle Path-Sunnybrook-York Mills,TRUE,FALSE,TRUE,FALSE,FALSE,FALSE,FALSE,FALSE,FALSE,FALSE,"{""coordinates"": [[-79.40648277459357, 43.74329119106472]], ""type"": ""MultiPoint""}"
19809,2013:1383447,2013-08-23T17:30:00,OLD YORK MILLS RD,YONGE ST,,3,Non-Fatal Injury,,Stop Sign,Cyclist Collision (internal code),Clear,Daylight,Dry,Major Arterial,TRUE,-79.40648277,43.74329119,1,Automobile or Station Wagon,West,2,45,None,Lap and Shoulder Belt,Failed to yield right-of-way,Normal,,,Turning Right,,,,,driver,,Don Valley West (15),32 Division,Bridle Path-Sunnybrook-York Mills,TRUE,FALSE,TRUE,FALSE,FALSE,FALSE,FALSE,FALSE,FALSE,FALSE,"{""coordinates"": [[-79.40648277459357, 43.74329119106472]], ""type"": ""MultiPoint""}"
19812,2013:1387238,2013-09-21T21:40:00,QUEEN ST W,BATHURST ST,,2,Non-Fatal Injury,At Intersection,Traffic Signal,Cyclist Collision (internal code),Clear,Dark with Artificial Lighting,Dry,Major Arterial,FALSE,-79.40397292,43.64711521,2,Bicycle,East,2,44,Major,Helmet,,,,,Going Ahead,,Sideswipe with cyclist and driver travelling in same direction,Driving Properly,Normal,cyclist,,Spadina-Fort York (10),14 Division,Wellington Place,FALSE,FALSE,TRUE,FALSE,FALSE,FALSE,FALSE,FALSE,TRUE,FALSE,"{""coordinates"": [[-79.40397292251087, 43.64711521386728]], ""type"": ""MultiPoint""}"
19813,2013:1383943,2013-08-27T20:20:00,YONGE St,BELSIZE Dr,,2,Non-Fatal Injury,At Intersection,Traffic Signal,Pedestrian Collision (internal code),Rain,Dark with Artificial Lighting,Wet,Major Arterial,FALSE,-79.39702983,43.70028519,2,,West,2,26,Major,Other Safety Equipment Used,,,Crossing with right-of-way (intersection),Normal,,Driver turns left into pedestrian crossing with right-of-way (at intersection),,,,pedestrian,,Toronto-St. Paul's (12),53 Division,South Eglinton-Davisville,TRUE,TRUE,FALSE,FALSE,FALSE,FALSE,TRUE,FALSE,FALSE,TRUE,"{""coordinates"": [[-79.39702982573044, 43.70028519002386]], ""type"": ""MultiPoint""}"
19814,2013:1372585,2013-08-28T05:45:00,KENNEDY RD,STRATTON AVE,,2,Non-Fatal Injury,,Stop Sign,Cyclist Collision (internal code),Clear,Dark,Dry,Major Arterial,FALSE,-79.27045855,43.73824502,2,Bicycle,West,2,42,Major,Other Safety Equipment Used,,,,,Going Ahead,,"Cyclist without right-of-way rides into path of driver (at intersection, laneway, or driveway)",Failed to Yield Right of Way,Inattentive,cyclist,,Scarborough Centre (21),41 Division,Ionview,FALSE,TRUE,TRUE,FALSE,FALSE,FALSE,FALSE,FALSE,FALSE,FALSE,"{""coordinates"": [[-79.27045854887955, 43.73824501871083]], ""type"": ""MultiPoint""}"
19815,2013:1372589,2013-08-28T17:10:00,WILSON HEIGHTS BLVD,ANSFORD AVE,,2,Non-Fatal Injury,At Intersection,No Control,Pedestrian Collision (internal code),Clear,Daylight,Dry,Minor Arterial,FALSE,-79.44780386,43.73557825,1,Automobile or Station Wagon,South,2,52,None,Lap and Shoulder Belt,Driving properly,Normal,,,Going Ahead,,,,,driver,,York Centre (6),32 Division,Clanton Park,FALSE,FALSE,FALSE,FALSE,FALSE,FALSE,TRUE,FALSE,FALSE,FALSE,"{""coordinates"": [[-79.447803858151, 43.73557824622954]], ""type"": ""MultiPoint""}"
19816,2013:1383697,2013-08-28T20:15:00,LAWRENCE Ave E,BARRYMORE Rd,,2,Non-Fatal Injury,,Traffic Signal,Pedestrian Collision (internal code),Clear,Dark with Artificial Lighting,Dry,Major Arterial,FALSE,-79.2515525,43.75427,1,Automobile or Station Wagon,West,1,26,None,Lap and Shoulder Belt,Driving properly,Normal,,,Going Ahead,,,,,driver,,Scarborough Centre (21),43 Division,Bendale South,FALSE,FALSE,FALSE,FALSE,FALSE,TRUE,TRUE,FALSE,FALSE,FALSE,"{""coordinates"": [[-79.25155249917432, 43.75426999622344]], ""type"": ""MultiPoint""}"
19817,2013:1384025,2013-08-29T10:05:00,EGLINTON AVE E,BRIMLEY RD,,3,Non-Fatal Injury,,Traffic Signal,Pedestrian Collision (internal code),Clear,Daylight,Dry,Major Arterial,FALSE,-79.24808151,43.73668399,1,,,1,,,Other Safety Equipment Used,,,,,,,,,,owner,,Scarborough Southwest (20),41 Division,Kennedy Park,TRUE,FALSE,FALSE,FALSE,FALSE,FALSE,TRUE,FALSE,FALSE,FALSE,"{""coordinates"": [[-79.24808151276265, 43.73668399041459]], ""type"": ""MultiPoint""}"
19818,2013:1373039,2013-08-30T19:00:00,91 PARK ST,,,2,Non-Fatal Injury,,No Control,Pedestrian Collision (internal code),Clear,Daylight,Dry,Collector,FALSE,-79.25255955,43.71101499,1,Automobile or Station Wagon,South,2,14,None,Other Safety Equipment Used,Other,Normal,,,Reversing,,,,,driver,,Scarborough Southwest (20),41 Division,Birchcliffe-Cliffside,FALSE,FALSE,FALSE,FALSE,FALSE,FALSE,TRUE,FALSE,TRUE,FALSE,"{""coordinates"": [[-79.25255955010952, 43.71101499361982]], ""type"": ""MultiPoint""}"
19819,2013:1373041,2013-08-30T19:48:00,BIRCHMOUNT RD,SCARDEN AVE,,3,Non-Fatal Injury,At Intersection,Traffic Signal,Pedestrian Collision (internal code),Rain,Dusk with Artificial Lighting,Wet,Major Arterial,FALSE,-79.29501755,43.77416405,1,,,1,,,Other Safety Equipment Used,,,,,,,,,,other,,Scarborough-Agincourt (22),42 Division,Tam O'Shanter-Sullivan,TRUE,TRUE,FALSE,FALSE,FALSE,TRUE,TRUE,FALSE,FALSE,FALSE,"{""coordinates"": [[-79.29501755449033, 43.77416405193572]], ""type"": ""MultiPoint""}"
19820,2013:1384125,2013-09-01T12:20:00,HARBORD St,EUCLID Ave,,2,Non-Fatal Injury,,Traffic Controller,Cyclist Collision (internal code),Clear,Daylight,Dry,Minor Arterial,FALSE,-79.41342592,43.66074922,2,Bicycle,East,2,60,Major,No Equipment Available,,,,,Changing Lanes,,Sideswipe with cyclist and driver travelling in same direction,Improper Lane Change,Inattentive,cyclist,,University-Rosedale (11),14 Division,Palmerston-Little Italy,FALSE,TRUE,TRUE,FALSE,FALSE,TRUE,FALSE,FALSE,FALSE,FALSE,"{""coordinates"": [[-79.41342591915175, 43.66074922396179]], ""type"": ""MultiPoint""}"
19821,2013:1373362,2013-09-02T21:52:00,THE WEST MALL,CIVIC CENTRE CRT,,2,Non-Fatal Injury,,Traffic Signal,Cyclist Collision (internal code),Clear,Dark,Dry,Minor Arterial,TRUE,-79.56599121,43.64223644,1,Automobile or Station Wagon,West,1,,None,Other Safety Equipment Used,Failed to yield right-of-way,Normal,,,Turning Right,,,,,driver,,Etobicoke Centre (2),22 Division,Etobicoke West Mall,TRUE,FALSE,TRUE,FALSE,FALSE,FALSE,FALSE,FALSE,FALSE,FALSE,"{""coordinates"": [[-79.56599120621266, 43.6422364406053]], ""type"": ""MultiPoint""}"
19824,2013:1385469,2013-09-09T10:47:00,LAKE SHORE BLVD E,BOOTH AVE,,3,Non-Fatal Injury,,Stop Sign,Cyclist Collision (internal code),Clear,Daylight,Dry,Major Arterial,FALSE,-79.34077879,43.65351312,1,,,1,,,Other Safety Equipment Used,,,,,,,,,,owner,,Toronto-Danforth (14),55 Division,South Riverdale,TRUE,TRUE,TRUE,FALSE,FALSE,TRUE,FALSE,FALSE,FALSE,FALSE,"{""coordinates"": [[-79.3407787893768, 43.653513118973635]], ""type"": ""MultiPoint""}"
19825,2013:1386644,2013-09-14T16:49:00,SPADINA AVE,BALDWIN ST,,4,Non-Fatal Injury,,No Control,Pedestrian Collision (internal code),Clear,Daylight,Dry,Major Arterial,FALSE,-79.3990749,43.6554892,1,,,1,,,Other Safety Equipment Used,,,,,,,,,,owner,,University-Rosedale (11),52 Division,Kensington-Chinatown,FALSE,TRUE,FALSE,FALSE,FALSE,FALSE,TRUE,FALSE,FALSE,TRUE,"{""coordinates"": [[-79.39907489975113, 43.655489204406784]], ""type"": ""MultiPoint""}"
19826,2013:1386644,2013-09-14T16:49:00,SPADINA AVE,BALDWIN ST,,4,Non-Fatal Injury,,No Control,Pedestrian Collision (internal code),Clear,Daylight,Dry,Major Arterial,FALSE,-79.3990749,43.6554892,2,,West,4,41,Major,Other Safety Equipment Used,,,Crossing - no traffic control,Inattentive,,Transit vehicle driver hits pedestrian anywhere along roadway,,,,pedestrian,,University-Rosedale (11),52 Division,Kensington-Chinatown,FALSE,TRUE,FALSE,FALSE,FALSE,FALSE,TRUE,FALSE,FALSE,TRUE,"{""coordinates"": [[-79.39907489975113, 43.655489204406784]], ""type"": ""MultiPoint""}"
19827,2013:1386897,2013-09-15T19:37:00,DUPONT St,DOVERCOURT Rd,,2,Non-Fatal Injury,,Traffic Signal,Cyclist Collision (internal code),Rain,Dark with Artificial Lighting,Wet,Major Arterial,FALSE,-79.43275094,43.66969125,2,Bicycle,West,2,32,Major,Helmet,,,,,Stopped,,Rear end with cyclist and driver travelling in same direction,Driving Properly,Normal,cyclist,,Davenport (9),14 Division,Dovercourt Village,TRUE,TRUE,TRUE,FALSE,FALSE,FALSE,FALSE,FALSE,FALSE,FALSE,"{""coordinates"": [[-79.43275094154833, 43.669691249113555]], ""type"": ""MultiPoint""}"
19829,2013:1387019,2013-09-18T08:37:00,FINCH AVE E,SANDHURST CRCL,,2,Non-Fatal Injury,,Traffic Signal,Pedestrian Collision (internal code),Clear,Daylight,Dry,Major Arterial,FALSE,-79.26276747,43.80881302,2,,North,2,70,Major,Other Safety Equipment Used,,,Crossing with right-of-way (intersection),Normal,,Driver turns left into pedestrian crossing with right-of-way (at intersection),,,,pedestrian,,Scarborough North (23),42 Division,Agincourt North,FALSE,TRUE,FALSE,FALSE,FALSE,TRUE,TRUE,FALSE,FALSE,FALSE,"{""coordinates"": [[-79.26276747288813, 43.808813017728646]], ""type"": ""MultiPoint""}"
19831,2013:1377012,2013-09-24T17:42:00,BARRINGTON AVE,SECORD AVE,,2,Non-Fatal Injury,,Stop Sign,Pedestrian Collision (internal code),Clear,Daylight,Dry,Collector,TRUE,-79.30236466,43.69260206,2,,North,2,66,Major,Other Safety Equipment Used,,,Crossing with right-of-way (intersection),Normal,,Driver going straight hits pedestrian crossing with right-of-way (at intersection),,,,pedestrian,,Beaches-East York (19),55 Division,Taylor-Massey,TRUE,FALSE,FALSE,FALSE,FALSE,TRUE,TRUE,FALSE,FALSE,FALSE,"{""coordinates"": [[-79.30236466344248, 43.692602061014135]], ""type"": ""MultiPoint""}"
19832,2013:1377363,2013-09-24T18:30:00,QUEENS QUAY E,BONNYCASTLE ST,,2,Non-Fatal Injury,,No Control,Pedestrian Collision (internal code),Clear,Daylight,Dry,Minor Arterial,FALSE,-79.36433085,43.64556316,1,Automobile or Station Wagon,West,1,49,None,Other Safety Equipment Used,Driving properly,Normal,,,Going Ahead,,,,,driver,,Spadina-Fort York (10),51 Division,St Lawrence-East Bayfront-The Islands,FALSE,FALSE,FALSE,FALSE,FALSE,FALSE,TRUE,FALSE,FALSE,FALSE,"{""coordinates"": [[-79.3643308469535, 43.6455631551107]], ""type"": ""MultiPoint""}"
19834,2013:1377550,2013-09-26T18:00:00,LAWRENCE Ave W,WESTON Rd,,2,Non-Fatal Injury,,No Control,Pedestrian Collision (internal code),Clear,Daylight,Dry,Major Arterial,FALSE,-79.51618603,43.70014735,1,Automobile or Station Wagon,West,1,34,None,Lap and Shoulder Belt,Driving properly,Normal,,,Going Ahead,,,,,driver,,York South-Weston (5),12 Division,Weston,FALSE,FALSE,FALSE,FALSE,FALSE,TRUE,TRUE,FALSE,FALSE,FALSE,"{""coordinates"": [[-79.51618603411497, 43.700147349548466]], ""type"": ""MultiPoint""}"
19835,2013:1387644,2013-09-26T18:30:00,COLLEGE St,SHAW St,,3,Non-Fatal Injury,,Stop Sign,Cyclist Collision (internal code),Clear,Daylight,Dry,Major Arterial,FALSE,-79.42029194,43.65484424,1,Automobile or Station Wagon,South,2,25,None,Other Safety Equipment Used,Failed to yield right-of-way,Inattentive,,,Turning Left,,,,,driver,,University-Rosedale (11),14 Division,Trinity-Bellwoods,TRUE,TRUE,TRUE,FALSE,FALSE,FALSE,FALSE,FALSE,FALSE,FALSE,"{""coordinates"": [[-79.4202919419869, 43.65484423578775]], ""type"": ""MultiPoint""}"
19836,2013:1387644,2013-09-26T18:30:00,COLLEGE St,SHAW St,,3,Non-Fatal Injury,,Stop Sign,Cyclist Collision (internal code),Clear,Daylight,Dry,Major Arterial,FALSE,-79.42029194,43.65484424,2,Bicycle,West,3,41,Major,Helmet,,,,,Going Ahead,,Driver turns left into path of cyclist,Driving Properly,Normal,cyclist,,University-Rosedale (11),14 Division,Trinity-Bellwoods,TRUE,TRUE,TRUE,FALSE,FALSE,FALSE,FALSE,FALSE,FALSE,FALSE,"{""coordinates"": [[-79.4202919419869, 43.65484423578775]], ""type"": ""MultiPoint""}"
19837,2013:1387882,2013-09-28T11:36:00,LOWER SHERBOURNE Stre,THE ESPLANADE,,2,Non-Fatal Injury,,Traffic Signal,Pedestrian Collision (internal code),Clear,Daylight,Dry,Minor Arterial,FALSE,-79.36729085,43.64904216,2,,East,2,80,Major,Other Safety Equipment Used,,,Crossing with right-of-way (intersection),Normal,,Driver turns left into pedestrian crossing with right-of-way (at intersection),,,,pedestrian,,Spadina-Fort York (10),51 Division,St Lawrence-East Bayfront-The Islands,TRUE,TRUE,FALSE,FALSE,FALSE,TRUE,TRUE,FALSE,FALSE,FALSE,"{""coordinates"": [[-79.36729084761689, 43.64904215888614]], ""type"": ""MultiPoint""}"