_id,collision_id,accdate,stname1,stname2,stname3,per_inv,acclass,accloc,traffictl,impactype,visible,light,rdsfcond,road_class,failtorem,longitude,latitude,veh_no,vehtype,initdir,per_no,invage,injury,safequip,drivact,drivcond,pedact,pedcond,manoeuvre,pedtype,cyclistype,cycact,cyccond,road_user,fatal_no,wardname,division,neighbourhood,aggressive,distracted,cyclist,motorcyclist,other_micromobility,older_adult,pedestrian,red_light,school_child,heavy_truck,geometry
19838,2013:1378110,2013-09-30T07:30:00,DIXON Rd,CARLINGVIEW Dr,,3,Non-Fatal Injury,,Traffic Signal,Pedestrian Collision (internal code),Clear,Daylight,Wet,Major Arterial,FALSE,-79.59554716,43.68674645,2,Automobile or Station Wagon,East,3,47,None,Other Safety Equipment Used,Failed to yield right-of-way,Inattentive,,,Turning Left,,,,,driver,,Etobicoke North (1),23 Division,West Humber-Clairville,TRUE,TRUE,FALSE,FALSE,FALSE,FALSE,TRUE,FALSE,FALSE,FALSE,"{""coordinates"": [[-79.59554716074877, 43.68674645006531]], ""type"": ""MultiPoint""}"
19839,2013:1378110,2013-09-30T07:30:00,DIXON Rd,CARLINGVIEW Dr,,3,Non-Fatal Injury,,Traffic Signal,Pedestrian Collision (internal code),Clear,Daylight,Wet,Major Arterial,FALSE,-79.59554716,43.68674645,2,,,2,,,Other Safety Equipment Used,,,,,,,,,,owner,,Etobicoke North (1),23 Division,West Humber-Clairville,TRUE,TRUE,FALSE,FALSE,FALSE,FALSE,TRUE,FALSE,FALSE,FALSE,"{""coordinates"": [[-79.59554716074877, 43.68674645006531]], ""type"": ""MultiPoint""}"
19842,2013:1387708,2013-10-02T07:52:00,77 KING St W,,,3,Non-Fatal Injury,,No Control,Cyclist Collision (internal code),Clear,Daylight,Dry,Major Arterial,FALSE,-79.38219088,43.64814518,2,Automobile or Station Wagon,East,2,55,None,Other Safety Equipment Used,Other,Inattentive,,,Stopped,,,,,driver,,Spadina-Fort York (10),52 Division,Yonge-Bay Corridor,TRUE,TRUE,TRUE,FALSE,FALSE,FALSE,FALSE,FALSE,FALSE,FALSE,"{""coordinates"": [[-79.38219087816655, 43.64814518120458]], ""type"": ""MultiPoint""}"
19843,2013:1387708,2013-10-02T07:52:00,77 KING St W,,,3,Non-Fatal Injury,,No Control,Cyclist Collision (internal code),Clear,Daylight,Dry,Major Arterial,FALSE,-79.38219088,43.64814518,3,Bicycle,East,3,32,Major,Other Safety Equipment Used,,,,,Overtaking,,Dooring,Driving Properly,Normal,cyclist,,Spadina-Fort York (10),52 Division,Yonge-Bay Corridor,TRUE,TRUE,TRUE,FALSE,FALSE,FALSE,FALSE,FALSE,FALSE,FALSE,"{""coordinates"": [[-79.38219087816655, 43.64814518120458]], ""type"": ""MultiPoint""}"
19844,2013:1387683,2013-10-03T07:48:00,1090 DON MILLS Rd,,,2,Non-Fatal Injury,,No Control,Cyclist Collision (internal code),Clear,Daylight,Dry,Major Arterial,FALSE,-79.34252568,43.73369811,1,Automobile or Station Wagon,North,1,23,None,Other Safety Equipment Used,Failed to yield right-of-way,Inattentive,,,Turning Left,,,,,driver,,Don Valley East (16),33 Division,Banbury-Don Mills,TRUE,TRUE,TRUE,FALSE,FALSE,FALSE,FALSE,FALSE,FALSE,FALSE,"{""coordinates"": [[-79.34252567915699, 43.73369811134235]], ""type"": ""MultiPoint""}"
19845,2013:1378700,2013-10-03T17:10:00,VICTORIA PARK Ave,EDGE PARK Ave,,2,Non-Fatal Injury,,No Control,Pedestrian Collision (internal code),Clear,Daylight,Dry,Major Arterial,FALSE,-79.29960963,43.71744706,1,Automobile or Station Wagon,North,1,30,None,Other Safety Equipment Used,Driving properly,Normal,,,Going Ahead,,,,,driver,,Scarborough Southwest (20),41 Division,Clairlea-Birchmount,FALSE,FALSE,FALSE,FALSE,FALSE,FALSE,TRUE,FALSE,FALSE,FALSE,"{""coordinates"": [[-79.29960962603673, 43.71744705651871]], ""type"": ""MultiPoint""}"
19847,2013:1386112,2013-10-07T08:55:00,GERRARD ST W,UNIVERSITY AVE,,2,Non-Fatal Injury,,No Control,Pedestrian Collision (internal code),Clear,Daylight,Wet,Minor Arterial,FALSE,-79.38819488,43.65780419,2,,North,2,16,Major,Other Safety Equipment Used,,,Running onto roadway,Inattentive,,Driver hits pedestrian at midblock,,,,pedestrian,,University-Rosedale (11),52 Division,Yonge-Bay Corridor,FALSE,TRUE,FALSE,FALSE,FALSE,FALSE,TRUE,FALSE,TRUE,FALSE,"{""coordinates"": [[-79.38819487506568, 43.6578041878762]], ""type"": ""MultiPoint""}"
19848,2014:4001490210,2014-02-08T02:41:00,QUEEN ST W,LISGAR ST,,6,Non-Fatal Injury,Non-Intersection,No Control,Pedestrian Collision (internal code),Clear,Dark with Artificial Lighting,Slush,Major Arterial,FALSE,-79.42195496,43.64355624,2,,,3,,None,Air Bag Deployed,,,,,,,,,,passenger,,Spadina-Fort York (10),14 Division,West Queen West,TRUE,FALSE,FALSE,FALSE,FALSE,FALSE,TRUE,FALSE,FALSE,FALSE,"{""coordinates"": [[-79.42195496362771, 43.64355624175528]], ""type"": ""MultiPoint""}"
19849,2013:1386411,2013-10-08T14:52:00,LAWRENCE AVE E,SCARBOROUGH GOLF CLUB RD,,2,Non-Fatal Injury,,Traffic Signal,Pedestrian Collision (internal code),Clear,Daylight,Dry,Major Arterial,FALSE,-79.21583144,43.76183896,2,,North,2,70,Major,Other Safety Equipment Used,,,Crossing with right-of-way (intersection),Normal,,Driver turns right into pedestrian crossing with right-of-way (at intersection),,,,pedestrian,,Scarborough-Guildwood (24),43 Division,Golfdale-Cedarbrae-Woburn,FALSE,FALSE,FALSE,FALSE,FALSE,TRUE,TRUE,FALSE,FALSE,FALSE,"{""coordinates"": [[-79.21583144304566, 43.761838960986545]], ""type"": ""MultiPoint""}"
19850,2013:5000777885,2013-12-03T07:00:00,SCARLETT RD,LAWRENCE AV W,,2,Non-Fatal Injury,At Intersection,Traffic Signal,Pedestrian Collision (internal code),Clear,Daylight,Dry,Major Arterial,FALSE,-79.52326705,43.69817636,1,,,2,14,Major,Use Unknown,,,Unknown,Inattentive,,,,,,pedestrian,,Etobicoke Centre (2),23 Division,Humber Heights-Westmount,FALSE,TRUE,FALSE,FALSE,FALSE,FALSE,TRUE,FALSE,TRUE,FALSE,"{""coordinates"": [[-79.52326704680756, 43.69817635881904]], ""type"": ""MultiPoint""}"
19851,2013:1379549,2013-10-08T16:20:00,AVENUE Rd,GLENGROVE Ave W,,5,Non-Fatal Injury,At Intersection,Traffic Signal,Pedestrian Collision (internal code),Clear,Daylight,Dry,Major Arterial,FALSE,-79.41346383,43.71692821,1,Automobile or Station Wagon,North,1,53,None,Other Safety Equipment Used,Driving properly,Normal,,,Stopped,,,,,driver,,Eglinton-Lawrence (8),53 Division,Lawrence Park South,TRUE,FALSE,FALSE,FALSE,FALSE,TRUE,TRUE,FALSE,FALSE,FALSE,"{""coordinates"": [[-79.41346382888702, 43.71692820760264]], ""type"": ""MultiPoint""}"
19852,2013:1379549,2013-10-08T16:20:00,AVENUE Rd,GLENGROVE Ave W,,5,Non-Fatal Injury,At Intersection,Traffic Signal,Pedestrian Collision (internal code),Clear,Daylight,Dry,Major Arterial,FALSE,-79.41346383,43.71692821,3,,East,4,63,Minor,Other Safety Equipment Used,,,Crossing with right-of-way (intersection),Unknown,,Driver turns left into pedestrian crossing with right-of-way (at intersection),,,,pedestrian,,Eglinton-Lawrence (8),53 Division,Lawrence Park South,TRUE,FALSE,FALSE,FALSE,FALSE,TRUE,TRUE,FALSE,FALSE,FALSE,"{""coordinates"": [[-79.41346382888702, 43.71692820760264]], ""type"": ""MultiPoint""}"
19854,2013:1387944,2013-10-09T10:18:00,DAVENPORT RD,MOUNT ROYAL AVE,,3,Non-Fatal Injury,At Intersection,No Control,Cyclist Collision (internal code),Clear,Daylight,Dry,Minor Arterial,FALSE,-79.43258293,43.67449725,1,,,1,,,Other Safety Equipment Used,,,,,,,,,,other,,Davenport (9),13 Division,Wychwood,FALSE,TRUE,TRUE,FALSE,FALSE,FALSE,FALSE,FALSE,FALSE,TRUE,"{""coordinates"": [[-79.43258293325293, 43.67449724725438]], ""type"": ""MultiPoint""}"
19855,2013:1386590,2013-10-09T16:58:00,SECORD AVE,BARRINGTON AVE,,4,Non-Fatal Injury,,Stop Sign,Pedestrian Collision (internal code),Clear,Daylight,Dry,Collector,FALSE,-79.30236466,43.69260206,1,Automobile or Station Wagon,West,3,24,None,Other Safety Equipment Used,Failed to yield right-of-way,Inattentive,,,Going Ahead,,,,,driver,,Beaches-East York (19),55 Division,Taylor-Massey,TRUE,TRUE,FALSE,FALSE,FALSE,FALSE,TRUE,FALSE,TRUE,FALSE,"{""coordinates"": [[-79.30236466344248, 43.692602061014135]], ""type"": ""MultiPoint""}"
19856,2013:1386590,2013-10-09T16:58:00,SECORD AVE,BARRINGTON AVE,,4,Non-Fatal Injury,,Stop Sign,Pedestrian Collision (internal code),Clear,Daylight,Dry,Collector,FALSE,-79.30236466,43.69260206,1,,,2,23,None,Other Safety Equipment Used,,,,,,,,,,passenger,,Beaches-East York (19),55 Division,Taylor-Massey,TRUE,TRUE,FALSE,FALSE,FALSE,FALSE,TRUE,FALSE,TRUE,FALSE,"{""coordinates"": [[-79.30236466344248, 43.692602061014135]], ""type"": ""MultiPoint""}"
19857,2013:3001877674,2013-10-10T08:37:00,YORK MILLS RD,SILVERDALE CRES,,2,Non-Fatal Injury,At Intersection,Traffic Signal,Pedestrian Collision (internal code),Rain,Daylight with Artificial Lighting,Dry,Major Arterial,FALSE,-79.34135065,43.75704311,0,,South,2,29,Minor,,,,Crossing with right-of-way (intersection),Unknown,,Driver turns left into pedestrian crossing with right-of-way (at intersection),,,,pedestrian,,Don Valley East (16),33 Division,Parkwoods-O'Connor Hills,TRUE,FALSE,FALSE,FALSE,FALSE,FALSE,TRUE,FALSE,FALSE,FALSE,"{""coordinates"": [[-79.34135064722003, 43.757043107853214]], ""type"": ""MultiPoint""}"
19858,2013:1380043,2013-10-10T21:36:00,COLLEGE ST,DUFFERIN ST,,3,Non-Fatal Injury,,Traffic Signal,Pedestrian Collision (internal code),Clear,Dark,Dry,Major Arterial,FALSE,-79.43255297,43.65255525,1,,,1,,,Other Safety Equipment Used,,,,,,,,,,owner,,Davenport (9),14 Division,Little Portugal,TRUE,FALSE,FALSE,FALSE,FALSE,FALSE,TRUE,FALSE,FALSE,TRUE,"{""coordinates"": [[-79.43255296960791, 43.65255525459629]], ""type"": ""MultiPoint""}"
19859,2013:1386873,2013-10-11T09:27:00,DANFORTH Ave,WOODINGTON Ave,,3,Non-Fatal Injury,,Traffic Signal,Pedestrian Collision (internal code),Clear,Daylight,Dry,Major Arterial,FALSE,-79.32088071,43.68393109,1,,,1,,,Other Safety Equipment Used,,,,,,,,,,owner,,Beaches-East York (19),55 Division,Woodbine Corridor,TRUE,FALSE,FALSE,FALSE,FALSE,FALSE,TRUE,FALSE,FALSE,FALSE,"{""coordinates"": [[-79.32088070931628, 43.68393108729695]], ""type"": ""MultiPoint""}"
19860,2013:1386767,2013-10-11T15:15:00,1092 KEELE ST,,,2,Non-Fatal Injury,,No Control,Pedestrian Collision (internal code),Clear,Daylight,Dry,Local,FALSE,-79.470341,43.6791893,1,Automobile or Station Wagon,East,1,34,None,Lap and Shoulder Belt,Driving properly,Normal,,,Going Ahead,,,,,driver,,Davenport (9),12 Division,Weston-Pelham Park,FALSE,TRUE,FALSE,FALSE,FALSE,FALSE,TRUE,FALSE,TRUE,FALSE,"{""coordinates"": [[-79.47034099635259, 43.67918929908717]], ""type"": ""MultiPoint""}"
19861,2013:1380288,2013-10-11T18:07:00,EGLINTON AVE W,WESTON RD,,4,Non-Fatal Injury,,Traffic Signal,Pedestrian Collision (internal code),Clear,Daylight,Dry,Major Arterial,FALSE,-79.48952102,43.68698332,2,,,4,,,Other Safety Equipment Used,,,,,,,,,,owner,,York South-Weston (5),12 Division,Mount Dennis,TRUE,FALSE,FALSE,FALSE,FALSE,FALSE,TRUE,TRUE,TRUE,FALSE,"{""coordinates"": [[-79.48952101823113, 43.68698332256391]], ""type"": ""MultiPoint""}"
19862,2013:1380288,2013-10-11T18:07:00,EGLINTON AVE W,WESTON RD,,4,Non-Fatal Injury,,Traffic Signal,Pedestrian Collision (internal code),Clear,Daylight,Dry,Major Arterial,FALSE,-79.48952102,43.68698332,1,Automobile or Station Wagon,Unknown,1,12,Major,,,,Other,Normal,,Other,,,,pedestrian,,York South-Weston (5),12 Division,Mount Dennis,TRUE,FALSE,FALSE,FALSE,FALSE,FALSE,TRUE,TRUE,TRUE,FALSE,"{""coordinates"": [[-79.48952101823113, 43.68698332256391]], ""type"": ""MultiPoint""}"
19863,2013:1387956,2013-10-14T18:00:00,LAWRENCE Ave E,GREENHOLM CRCL,,3,Non-Fatal Injury,,Traffic Signal,Pedestrian Collision (internal code),Clear,Daylight,Dry,Major Arterial,TRUE,-79.22296545,43.76031297,2,,South,3,64,Major,Other Safety Equipment Used,,,Crossing with right-of-way (intersection),Normal,,Driver going straight hits pedestrian crossing with right-of-way (at intersection),,,,pedestrian,,Scarborough-Guildwood (24),43 Division,Golfdale-Cedarbrae-Woburn,TRUE,FALSE,FALSE,FALSE,FALSE,FALSE,TRUE,TRUE,FALSE,FALSE,"{""coordinates"": [[-79.22296545410192, 43.760312967896105]], ""type"": ""MultiPoint""}"
19864,2013:1387956,2013-10-14T18:00:00,LAWRENCE Ave E,GREENHOLM CRCL,,3,Non-Fatal Injury,,Traffic Signal,Pedestrian Collision (internal code),Clear,Daylight,Dry,Major Arterial,TRUE,-79.22296545,43.76031297,2,,South,2,53,Major,Other Safety Equipment Used,,,Crossing with right-of-way (intersection),Normal,,Driver going straight hits pedestrian crossing with right-of-way (at intersection),,,,pedestrian,,Scarborough-Guildwood (24),43 Division,Golfdale-Cedarbrae-Woburn,TRUE,FALSE,FALSE,FALSE,FALSE,FALSE,TRUE,TRUE,FALSE,FALSE,"{""coordinates"": [[-79.22296545410192, 43.760312967896105]], ""type"": ""MultiPoint""}"
19869,2013:1385893,2013-10-20T20:14:00,SHALLMAR BLVD,BATHURST ST,,3,Non-Fatal Injury,,No Control,Pedestrian Collision (internal code),Clear,Dark with Artificial Lighting,Dry,Major Arterial,FALSE,-79.42613587,43.70426323,1,,South,1,50,Major,Other Safety Equipment Used,,,Crossing with right-of-way (intersection),Had Been Drinking,,Driver turns left into pedestrian crossing with right-of-way (at intersection),,,,pedestrian,,Eglinton-Lawrence (8),53 Division,Forest Hill North,TRUE,TRUE,FALSE,FALSE,FALSE,TRUE,TRUE,FALSE,FALSE,FALSE,"{""coordinates"": [[-79.4261358721872, 43.704263228490305]], ""type"": ""MultiPoint""}"
19870,2013:1382346,2013-10-21T07:02:00,RUSHLEY DR,LAWRENCE AVE E,,2,Non-Fatal Injury,,No Control,Cyclist Collision (internal code),Rain,Dawn with Artificial Lighting,Wet,Major Arterial,TRUE,-79.25806751,43.752962,1,Automobile or Station Wagon,East,1,,None,Other Safety Equipment Used,Failed to yield right-of-way,Unknown,,,Turning Left,,,,,driver,,Scarborough Centre (21),41 Division,Bendale South,TRUE,FALSE,TRUE,FALSE,FALSE,FALSE,FALSE,FALSE,FALSE,FALSE,"{""coordinates"": [[-79.25806751118154, 43.75296200412912]], ""type"": ""MultiPoint""}"
19871,2013:1381878,2013-10-21T19:14:00,5930 FINCH AVE E,,,2,Non-Fatal Injury,,No Control,Cyclist Collision (internal code),Rain,Daylight,Wet,Minor Arterial,FALSE,-79.22226341,43.81743798,1,Automobile or Station Wagon,East,1,61,None,Other Safety Equipment Used,Following too closely,Inattentive,,,Going Ahead,,,,,driver,,Scarborough-Rouge Park (25),42 Division,Morningside Heights,TRUE,TRUE,TRUE,FALSE,FALSE,FALSE,FALSE,FALSE,FALSE,FALSE,"{""coordinates"": [[-79.22226341011509, 43.81743797837478]], ""type"": ""MultiPoint""}"
19872,2013:1385964,2013-10-21T20:25:00,WILSON AVE,NORTHGATE DR,,3,Non-Fatal Injury,,Traffic Signal,Pedestrian Collision (internal code),Rain,Dark with Artificial Lighting,Wet,Major Arterial,FALSE,-79.4680899,43.73032527,1,,,1,,,Other Safety Equipment Used,,,,,,,,,,owner,,York Centre (6),32 Division,Downsview,TRUE,FALSE,FALSE,FALSE,FALSE,FALSE,TRUE,FALSE,FALSE,FALSE,"{""coordinates"": [[-79.46808990237453, 43.73032527446887]], ""type"": ""MultiPoint""}"
19873,2013:1386051,2013-10-22T08:11:00,BATHURST ST,COLLEGE ST,,2,Non-Fatal Injury,At Intersection,Traffic Signal,Cyclist Collision (internal code),Clear,Daylight,Dry,Major Arterial,FALSE,-79.40768091,43.65640822,2,Bicycle,South,2,46,Minor,Other Safety Equipment Used,,,,,Going Ahead,,"Cyclist without right-of-way rides into path of driver (at intersection, laneway, or driveway)",Other,Normal,cyclist,,University-Rosedale (11),14 Division,Kensington-Chinatown,FALSE,FALSE,TRUE,FALSE,FALSE,FALSE,FALSE,FALSE,FALSE,FALSE,"{""coordinates"": [[-79.40768091499373, 43.656408216798724]], ""type"": ""MultiPoint""}"
19874,2013:1384542,2013-10-28T19:02:00,DAVENPORT Rd,GREENLAW Ave,,2,Non-Fatal Injury,At Intersection,No Control,Cyclist Collision (internal code),Clear,Dusk,Dry,Minor Arterial,FALSE,-79.44560696,43.67199927,1,Automobile or Station Wagon,East,1,27,Minimal,Lap and Shoulder Belt,Failed to yield right-of-way,Normal,,,Turning Left,,,,,driver,,Davenport (9),13 Division,Junction-Wallace Emerson,TRUE,FALSE,TRUE,FALSE,FALSE,FALSE,FALSE,FALSE,FALSE,FALSE,"{""coordinates"": [[-79.44560696210166, 43.67199926673661]], ""type"": ""MultiPoint""}"
19875,2013:1383954,2013-10-30T00:45:00,DUFFERIN ST,ST CLAIR AVE W,,3,Non-Fatal Injury,Intersection-Related,No Control,Pedestrian Collision (internal code),Rain,Dark with Artificial Lighting,Wet,Major Arterial,FALSE,-79.44304295,43.67788926,2,Municipal Transit Bus (TTC),North,2,48,None,Other Safety Equipment Used,Driving properly,Normal,,,Going Ahead,,,,,driver,,Davenport (9),13 Division,Corso Italia-Davenport,FALSE,FALSE,FALSE,FALSE,FALSE,TRUE,TRUE,FALSE,FALSE,TRUE,"{""coordinates"": [[-79.44304294729784, 43.67788926094081]], ""type"": ""MultiPoint""}"
19876,2013:1383954,2013-10-30T00:45:00,DUFFERIN ST,ST CLAIR AVE W,,3,Non-Fatal Injury,Intersection-Related,No Control,Pedestrian Collision (internal code),Rain,Dark with Artificial Lighting,Wet,Major Arterial,FALSE,-79.44304295,43.67788926,3,,East,3,75,Major,Other Safety Equipment Used,,,Running onto roadway,Had Been Drinking,,Transit vehicle driver hits pedestrian anywhere along roadway,,,,pedestrian,,Davenport (9),13 Division,Corso Italia-Davenport,FALSE,FALSE,FALSE,FALSE,FALSE,TRUE,TRUE,FALSE,FALSE,TRUE,"{""coordinates"": [[-79.44304294729784, 43.67788926094081]], ""type"": ""MultiPoint""}"
19878,2013:1388238,2013-10-31T20:45:00,DANFORTH AVE,BARRINGTON AVE,,3,Non-Fatal Injury,,No Control,Pedestrian Collision (internal code),Rain,Dark with Artificial Lighting,Wet,Major Arterial,FALSE,-79.30054067,43.68843606,1,Automobile or Station Wagon,East,1,32,None,Other Safety Equipment Used,Driving properly,Normal,,,Going Ahead,,,,,driver,,Beaches-East York (19),55 Division,East End-Danforth,FALSE,TRUE,FALSE,FALSE,FALSE,FALSE,TRUE,FALSE,TRUE,FALSE,"{""coordinates"": [[-79.30054066551605, 43.688436058614506]], ""type"": ""MultiPoint""}"
19879,2013:1388488,2013-11-01T05:00:00,LAKE SHORE BLVD W,BATHURST ST,,2,Non-Fatal Injury,,Traffic Signal,Cyclist Collision (internal code),Rain,Dark,Wet,Major Arterial,FALSE,-79.39963893,43.63647221,1,Bicycle,South,1,33,Major,No Equipment Available,,,,,Going Ahead,,Rear end with cyclist and driver travelling in same direction,Disobeyed Traffic Control,Inattentive,cyclist,,Spadina-Fort York (10),14 Division,Harbourfront-CityPlace,FALSE,TRUE,TRUE,FALSE,FALSE,FALSE,FALSE,FALSE,FALSE,FALSE,"{""coordinates"": [[-79.39963893071794, 43.63647221018101]], ""type"": ""MultiPoint""}"
19880,2013:1384646,2013-11-01T05:51:00,DUNDAS St E,REGENT St,,2,Non-Fatal Injury,,No Control,Pedestrian Collision (internal code),Rain,Dark with Artificial Lighting,Wet,Major Arterial,FALSE,-79.36409083,43.65984415,2,,Unknown,2,,Major,Other Safety Equipment Used,,,Other,Normal,,Driver hits pedestrian at midblock,,,,pedestrian,,Toronto Centre (13),51 Division,Regent Park,TRUE,TRUE,FALSE,FALSE,FALSE,FALSE,TRUE,FALSE,FALSE,FALSE,"{""coordinates"": [[-79.36409082541583, 43.659844152218724]], ""type"": ""MultiPoint""}"
19881,2013:1388623,2013-11-01T22:40:00,BAY ST,LAKE SHORE BLVD W,,2,Non-Fatal Injury,,No Control,Pedestrian Collision (internal code),Clear,Dark with Artificial Lighting,Dry,Major Arterial,FALSE,-79.37833088,43.64418618,1,Automobile or Station Wagon,North,1,25,None,Lap and Shoulder Belt,Driving properly,Normal,,,Going Ahead,,,,,driver,,Spadina-Fort York (10),52 Division,St Lawrence-East Bayfront-The Islands,FALSE,FALSE,FALSE,FALSE,FALSE,FALSE,TRUE,FALSE,FALSE,FALSE,"{""coordinates"": [[-79.37833087658872, 43.644186176299165]], ""type"": ""MultiPoint""}"
19882,2013:1388613,2013-11-03T09:02:00,SANDHURST CRCL,FINCH AVE E,,3,Non-Fatal Injury,,Traffic Signal,Pedestrian Collision (internal code),Clear,Daylight,Dry,Major Arterial,FALSE,-79.26276747,43.80881302,1,Automobile or Station Wagon,South,1,62,None,Lap and Shoulder Belt,Failed to yield right-of-way,Other Condition,,,Turning Left,,,,,driver,,Scarborough North (23),42 Division,Agincourt North,TRUE,FALSE,FALSE,FALSE,FALSE,FALSE,TRUE,FALSE,TRUE,FALSE,"{""coordinates"": [[-79.26276747288813, 43.808813017728646]], ""type"": ""MultiPoint""}"
19884,2013:3000935041,2013-11-07T09:00:00,610 UNIVERSITY AVE,,,2,Non-Fatal Injury,Non-Intersection,No Control,Pedestrian Collision (internal code),Clear,Daylight,Dry,Major Arterial,FALSE,-79.38976688,43.65820119,0,,East,2,58,Major,No Equipment Available,,,Crossing - no traffic control,Normal,,Driver hits pedestrian at midblock,,,,pedestrian,,University-Rosedale (11),52 Division,Yonge-Bay Corridor,FALSE,FALSE,FALSE,FALSE,FALSE,FALSE,TRUE,FALSE,FALSE,FALSE,"{""coordinates"": [[-79.38976687749442, 43.65820119008396]], ""type"": ""MultiPoint""}"
19887,2013:3000936395,2013-11-08T19:00:00,955 BAY ST,,,2,Non-Fatal Injury,Private Driveway,No Control,Pedestrian Collision (internal code),Clear,Dark with Artificial Lighting,Dry,Major Arterial,FALSE,-79.38718086,43.66435818,0,Automobile or Station Wagon,West,1,49,None,,Failed to yield right-of-way,Inattentive,,,Turning Left,,,,,driver,,University-Rosedale (11),52 Division,Bay-Cloverhill,TRUE,TRUE,FALSE,FALSE,FALSE,FALSE,TRUE,FALSE,FALSE,FALSE,"{""coordinates"": [[-79.38718086302848, 43.66435818487684]], ""type"": ""MultiPoint""}"
19888,2013:3000937530,2013-11-08T23:04:00,F G GARDINER XY W,PARKSIDE DR,,2,Non-Fatal Injury,Non-Intersection,No Control,Pedestrian Collision (internal code),Clear,Dark with Artificial Lighting,Dry,,FALSE,-79.44698702,43.63792628,1,Automobile or Station Wagon,West,1,54,,,Driving properly,Normal,,,Going Ahead,,,,,driver,,Parkdale-High Park (4),11 Division,South Parkdale,FALSE,FALSE,FALSE,FALSE,FALSE,FALSE,TRUE,FALSE,FALSE,FALSE,"{""coordinates"": [[-79.44698702258627, 43.6379262813224]], ""type"": ""MultiPoint""}"
19889,2013:3000972719,2013-11-14T19:45:00,545 THE WEST MALL,,,3,Non-Fatal Injury,Non-Intersection,No Control,Pedestrian Collision (internal code),Clear,Dark with Artificial Lighting,Dry,Minor Arterial,FALSE,-79.56978319,43.65168544,1,Automobile or Station Wagon,South,1,45,None,Use Unknown,Driving properly,Normal,,,Going Ahead,,,,,driver,,Etobicoke Centre (2),22 Division,Etobicoke West Mall,FALSE,FALSE,FALSE,FALSE,FALSE,FALSE,TRUE,FALSE,TRUE,FALSE,"{""coordinates"": [[-79.56978319344074, 43.65168543984075]], ""type"": ""MultiPoint""}"
19892,2013:3000986891,2013-11-17T04:12:00,LANSDOWNE AVE,BRANDON AVE,,2,Non-Fatal Injury,Non-Intersection,No Control,Pedestrian Collision (internal code),Rain,Dark with Artificial Lighting,Wet,Minor Arterial,FALSE,-79.44707897,43.66827927,0,,South,2,28,Major,,,,Running onto roadway,Ability Impaired - Alcohol,,Driver hits pedestrian at midblock,,,,pedestrian,,Davenport (9),13 Division,Junction-Wallace Emerson,FALSE,FALSE,FALSE,FALSE,FALSE,FALSE,TRUE,FALSE,FALSE,FALSE,"{""coordinates"": [[-79.44707897121238, 43.668279270221085]], ""type"": ""MultiPoint""}"
19893,2013:3001002195,2013-11-19T18:20:00,VICTORIA PARK AVE,SUNRISE AVE,,2,Non-Fatal Injury,,Traffic Signal,Pedestrian Collision (internal code),Clear,Dark with Artificial Lighting,Dry,Major Arterial,FALSE,-79.30058662,43.71977406,0,,East,2,27,Major,,,,Crossing with right-of-way (intersection),Normal,,Driver turns left into pedestrian crossing with right-of-way (at intersection),,,,pedestrian,,Scarborough Southwest (20),41 Division,Clairlea-Birchmount,TRUE,TRUE,FALSE,FALSE,FALSE,FALSE,TRUE,FALSE,FALSE,FALSE,"{""coordinates"": [[-79.3005866247358, 43.719774057744516]], ""type"": ""MultiPoint""}"
19895,2013:3001013927,2013-11-21T16:50:00,YONGE ST,FRONT ST,,2,Non-Fatal Injury,Non-Intersection,No Control,Pedestrian Collision (internal code),Clear,Dusk with Artificial Lighting,Dry,Major Arterial,FALSE,-79.37678187,43.64643617,1,Automobile or Station Wagon,North,1,41,None,Lap and Shoulder Belt,Driving properly,Normal,,,Slowing or Stopping,,,,,driver,,Toronto Centre (13),52 Division,St Lawrence-East Bayfront-The Islands,FALSE,TRUE,FALSE,FALSE,FALSE,TRUE,TRUE,FALSE,FALSE,FALSE,"{""coordinates"": [[-79.37678187013883, 43.646436173516356]], ""type"": ""MultiPoint""}"
19896,2013:3001015663,2013-11-22T00:31:00,HOSKIN AVE,ST GEORGE ST,,2,Non-Fatal Injury,Intersection-Related,Traffic Signal,Cyclist Collision (internal code),Rain,Dark with Artificial Lighting,Wet,Minor Arterial,FALSE,-79.39843389,43.6640982,2,Automobile or Station Wagon,East,2,23,None,Use Unknown,Driving properly,Unknown,,,Going Ahead,,,,,driver,,University-Rosedale (11),52 Division,University,FALSE,FALSE,TRUE,FALSE,FALSE,FALSE,FALSE,FALSE,FALSE,FALSE,"{""coordinates"": [[-79.39843388501173, 43.664098201250084]], ""type"": ""MultiPoint""}"
19898,2013:3001047627,2013-11-27T11:20:00,JARVIS ST,GERRARD ST E,,2,Non-Fatal Injury,At Intersection,Traffic Signal,Pedestrian Collision (internal code),Clear,Daylight,Dry,Major Arterial,FALSE,-79.37589685,43.66041717,0,,North,2,31,Major,No Equipment Available,,,Crossing with right-of-way (intersection),Normal,,Driver turns left into pedestrian crossing with right-of-way (at intersection),,,,pedestrian,,Toronto Centre (13),51 Division,Downtown Yonge East,TRUE,FALSE,FALSE,FALSE,FALSE,FALSE,TRUE,FALSE,FALSE,FALSE,"{""coordinates"": [[-79.3758968473319, 43.66041716933291]], ""type"": ""MultiPoint""}"