_id,collision_id,accdate,stname1,stname2,stname3,per_inv,acclass,accloc,traffictl,impactype,visible,light,rdsfcond,road_class,failtorem,longitude,latitude,veh_no,vehtype,initdir,per_no,invage,injury,safequip,drivact,drivcond,pedact,pedcond,manoeuvre,pedtype,cyclistype,cycact,cyccond,road_user,fatal_no,wardname,division,neighbourhood,aggressive,distracted,cyclist,motorcyclist,other_micromobility,older_adult,pedestrian,red_light,school_child,heavy_truck,geometry
19996,2014:4002056901,2014-05-11T10:33:00,DUFFERIN ST,BRIDGELAND AVE,,2,Non-Fatal Injury,Intersection-Related,Traffic Signal,Pedestrian Collision (internal code),Clear,Daylight,Dry,Major Arterial,FALSE,-79.45761489,43.72692326,1,Automobile or Station Wagon,West,2,30,Major,No Equipment Available,,,Crossing with right-of-way (intersection),Inattentive,,Driver turns left into pedestrian crossing with right-of-way (at intersection),,,,pedestrian,,Eglinton-Lawrence (8),32 Division,Yorkdale-Glen Park,TRUE,TRUE,FALSE,FALSE,FALSE,FALSE,TRUE,FALSE,FALSE,FALSE,"{""coordinates"": [[-79.45761489002673, 43.726923262239225]], ""type"": ""MultiPoint""}"
19997,2014:4002062071,2014-05-12T07:40:00,DUNDAS ST E,LESLIE ST,,5,Non-Fatal Injury,At Intersection,Traffic Signal,Cyclist Collision (internal code),Clear,Daylight,Dry,Minor Arterial,FALSE,-79.33171475,43.6667231,1,,,4,3,None,Child Safety Seat Used Correctly,,,,,,,,,,passenger,,Toronto-Danforth (14),55 Division,South Riverdale,TRUE,FALSE,TRUE,FALSE,FALSE,FALSE,FALSE,FALSE,TRUE,FALSE,"{""coordinates"": [[-79.33171475339978, 43.666723104261244]], ""type"": ""MultiPoint""}"
19998,2014:4002062071,2014-05-12T07:40:00,DUNDAS ST E,LESLIE ST,,5,Non-Fatal Injury,At Intersection,Traffic Signal,Cyclist Collision (internal code),Clear,Daylight,Dry,Minor Arterial,FALSE,-79.33171475,43.6667231,1,Automobile or Station Wagon,West,1,39,None,Lap and Shoulder Belt,Failed to yield right-of-way,Normal,,,Turning Right,,,,,driver,,Toronto-Danforth (14),55 Division,South Riverdale,TRUE,FALSE,TRUE,FALSE,FALSE,FALSE,FALSE,FALSE,TRUE,FALSE,"{""coordinates"": [[-79.33171475339978, 43.666723104261244]], ""type"": ""MultiPoint""}"
19999,2014:4002067851,2014-05-12T23:30:00,KEELER BLVD,TWEEDROCK CRES,,2,Non-Fatal Injury,At Intersection,No Control,Pedestrian Collision (internal code),Rain,Dark,Wet,Collector,FALSE,-79.20698941,43.79279096,0,Unknown,East,1,,,,Improper turn,Unknown,,,Turning Left,,,,,driver,,Scarborough-Guildwood (24),43 Division,Morningside,FALSE,FALSE,FALSE,FALSE,FALSE,FALSE,TRUE,FALSE,FALSE,FALSE,"{""coordinates"": [[-79.20698940832392, 43.792790958728084]], ""type"": ""MultiPoint""}"
20000,2014:4002084310,2014-05-14T19:08:00,BLOOR ST W,DUNDAS ST W,,2,Non-Fatal Injury,At Intersection,Traffic Signal,Pedestrian Collision (internal code),Rain,Dusk,Wet,Major Arterial,FALSE,-79.452442,43.65630928,0,,South,2,43,Major,No Equipment Available,,,Crossing with right-of-way (intersection),Unknown,,Driver turns left into pedestrian crossing with right-of-way (at intersection),,,,pedestrian,,Parkdale-High Park (4),11 Division,Roncesvalles,TRUE,FALSE,FALSE,FALSE,FALSE,FALSE,TRUE,FALSE,FALSE,FALSE,"{""coordinates"": [[-79.4524420019432, 43.65630928252548]], ""type"": ""MultiPoint""}"
20001,2014:4002098742,2014-05-17T17:29:00,YONGE ST,QUEEN ST,,3,Non-Fatal Injury,Non-Intersection,No Control,Pedestrian Collision (internal code),Clear,Daylight,Dry,Major Arterial,FALSE,-79.37957387,43.65320018,1,,,2,63,None,Lap and Shoulder Belt,,,,,,,,,,passenger,,Toronto Centre (13),51 Division,Downtown Yonge East,FALSE,FALSE,FALSE,FALSE,FALSE,FALSE,TRUE,FALSE,FALSE,FALSE,"{""coordinates"": [[-79.3795738653674, 43.65320017623499]], ""type"": ""MultiPoint""}"
20002,2014:4002098742,2014-05-17T17:29:00,YONGE ST,QUEEN ST,,3,Non-Fatal Injury,Non-Intersection,No Control,Pedestrian Collision (internal code),Clear,Daylight,Dry,Major Arterial,FALSE,-79.37957387,43.65320018,1,,East,3,47,Major,No Equipment Available,,,Running onto roadway,Normal,,Driver hits pedestrian at midblock,,,,pedestrian,,Toronto Centre (13),51 Division,Downtown Yonge East,FALSE,FALSE,FALSE,FALSE,FALSE,FALSE,TRUE,FALSE,FALSE,FALSE,"{""coordinates"": [[-79.3795738653674, 43.65320017623499]], ""type"": ""MultiPoint""}"
20003,2014:4002159560,2014-05-26T23:22:00,1999 LESLIE ST,,,2,Non-Fatal Injury,Non-Intersection,No Control,Cyclist Collision (internal code),Clear,Dark with Artificial Lighting,Dry,Major Arterial,FALSE,-79.36165268,43.76032813,2,Bicycle,North,1,52,Major,Helmet,,,,,Going Ahead,,Rear end with cyclist and driver travelling in same direction,Driving Properly,Normal,cyclist,,Don Valley East (16),33 Division,St.Andrew-Windfields,TRUE,FALSE,TRUE,FALSE,FALSE,FALSE,FALSE,FALSE,FALSE,FALSE,"{""coordinates"": [[-79.36165267787445, 43.760328132906665]], ""type"": ""MultiPoint""}"
20004,2014:4002160939,2014-05-27T07:55:00,STEELES AVE W,PETER KAISER GT,,2,Non-Fatal Injury,Non-Intersection,No Control,Cyclist Collision (internal code),Clear,Daylight,Dry,Major Arterial,FALSE,-79.52778293,43.77409933,2,Automobile or Station Wagon,East,1,51,None,Lap and Shoulder Belt,Improper lane change,Normal,,,Changing Lanes,,,,,driver,,Humber River-Black Creek (7),31 Division,Black Creek,FALSE,FALSE,TRUE,FALSE,FALSE,FALSE,FALSE,FALSE,FALSE,FALSE,"{""coordinates"": [[-79.52778292537573, 43.77409932977403]], ""type"": ""MultiPoint""}"
20005,2014:4002166140,2014-05-27T21:25:00,NEILSON RD.,ELLESMERE RD,,2,Non-Fatal Injury,At/Near Private Drive,No Control,Pedestrian Collision (internal code),Clear,Dark with Artificial Lighting,Dry,Minor Arterial,FALSE,-79.20530341,43.78331096,0,,East,2,40,Major,,,,Crossing - no traffic control,Normal,,Driver hits pedestrian at midblock,,,,pedestrian,,Scarborough-Guildwood (24),43 Division,Morningside,FALSE,FALSE,FALSE,FALSE,FALSE,FALSE,TRUE,FALSE,FALSE,FALSE,"{""coordinates"": [[-79.20530341292316, 43.78331095502749]], ""type"": ""MultiPoint""}"
20006,2014:4002168339,2014-05-28T08:37:00,BREMNER BLVD,GRAND TRUNK CRES,,2,Non-Fatal Injury,Non-Intersection,No Control,Cyclist Collision (internal code),Clear,Daylight,Dry,Minor Arterial,FALSE,-79.38277789,43.64262218,1,Automobile or Station Wagon,East,1,65,Major,No Equipment Available,Improper passing,Normal,,,Going Ahead,,,,,driver,,Spadina-Fort York (10),52 Division,Harbourfront-CityPlace,TRUE,FALSE,TRUE,FALSE,FALSE,TRUE,FALSE,FALSE,FALSE,FALSE,"{""coordinates"": [[-79.38277788774238, 43.64262218329709]], ""type"": ""MultiPoint""}"
20007,2014:4002177658,2014-05-29T14:50:00,45 BAY ST,,,2,Non-Fatal Injury,At/Near Private Drive,No Control,Pedestrian Collision (internal code),Clear,Daylight,Dry,Major Arterial,FALSE,-79.37819288,43.64387318,0,,Unknown,2,25,Major,No Equipment Available,,,Crossing - no traffic control,Inattentive,,Driver hits pedestrian at midblock,,,,pedestrian,,Spadina-Fort York (10),52 Division,St Lawrence-East Bayfront-The Islands,TRUE,TRUE,FALSE,FALSE,FALSE,FALSE,TRUE,FALSE,FALSE,FALSE,"{""coordinates"": [[-79.3781928767902, 43.64387317615851]], ""type"": ""MultiPoint""}"
20008,2014:4002199584,2014-06-01T18:22:00,DUNDAS ST W,PACIFIC AVE,,3,Non-Fatal Injury,Non-Intersection,No Control,Cyclist Collision (internal code),Clear,Daylight,Dry,Major Arterial,FALSE,-79.46944802,43.6654603,2,Automobile or Station Wagon,West,1,64,None,Lap and Shoulder Belt,Driving properly,Normal,,,Going Ahead,,,,,driver,,Parkdale-High Park (4),11 Division,Junction Area,FALSE,FALSE,TRUE,FALSE,FALSE,FALSE,FALSE,FALSE,FALSE,FALSE,"{""coordinates"": [[-79.46944801882294, 43.665460303621906]], ""type"": ""MultiPoint""}"
20009,2014:4002199854,2014-06-01T19:13:00,EGLINTON AVE E,MIDLAND AVE,,2,Non-Fatal Injury,At/Near Private Drive,No Control,Pedestrian Collision (internal code),Clear,Daylight,Dry,Major Arterial,FALSE,-79.25609953,43.734918,1,Automobile or Station Wagon,South,1,18,None,Lap and Shoulder Belt,Improper turn,Normal,,,Turning Left,,,,,driver,,Scarborough Southwest (20),41 Division,Kennedy Park,FALSE,FALSE,FALSE,FALSE,FALSE,TRUE,TRUE,FALSE,TRUE,FALSE,"{""coordinates"": [[-79.25609952814597, 43.7349180001249]], ""type"": ""MultiPoint""}"
20010,2014:4002204042,2014-06-02T12:04:00,QUEEN ST E,JONES AVE,,2,Non-Fatal Injury,At Intersection,Traffic Signal,Pedestrian Collision (internal code),Clear,Daylight,Dry,Minor Arterial,FALSE,-79.33281376,43.66265311,1,Truck - Open (Flatbed),West,1,65,None,Lap and Shoulder Belt,Failed to yield right-of-way,Normal,,,Turning Right,,,,,driver,,Toronto-Danforth (14),55 Division,South Riverdale,TRUE,FALSE,FALSE,FALSE,FALSE,TRUE,TRUE,FALSE,FALSE,TRUE,"{""coordinates"": [[-79.33281376116055, 43.66265310627392]], ""type"": ""MultiPoint""}"
20012,2014:4002255654,2014-06-09T17:50:00,QUEEN ST E,KINGSTON RD,,2,Non-Fatal Injury,At Intersection,Traffic Signal,Pedestrian Collision (internal code),Clear,Daylight,Dry,Major Arterial,FALSE,-79.31259572,43.66722608,1,Automobile or Station Wagon,East,1,54,None,Lap and Shoulder Belt,Driving properly,Normal,,,Going Ahead,,,,,driver,,Beaches-East York (19),55 Division,The Beaches,FALSE,TRUE,FALSE,FALSE,FALSE,FALSE,TRUE,FALSE,FALSE,FALSE,"{""coordinates"": [[-79.31259571619199, 43.66722607663257]], ""type"": ""MultiPoint""}"
20013,2014:4002267356,2014-06-11T11:00:00,DON VALLEY PARKWAY S,GERRARD ST E,,2,Non-Fatal Injury,Overpass or Bridge,No Control,Pedestrian Collision (internal code),Clear,Daylight,Dry,Minor Arterial,FALSE,-79.3559538,43.66459014,0,,Unknown,2,44,Major,No Equipment Available,,,Other,Unknown,,Other,,,,pedestrian,,Toronto-Danforth (14),55 Division,South Riverdale,FALSE,FALSE,FALSE,FALSE,FALSE,FALSE,TRUE,FALSE,FALSE,FALSE,"{""coordinates"": [[-79.355953802819, 43.66459013959004]], ""type"": ""MultiPoint""}"
20014,2014:4002285719,2014-06-13T21:58:00,WESTON RD,AVON CRES,,2,Non-Fatal Injury,Non-Intersection,No Control,Pedestrian Collision (internal code),Clear,Dark with Artificial Lighting,Dry,Major Arterial,FALSE,-79.476437,43.68129131,1,Automobile or Station Wagon,East,1,65,None,Lap and Shoulder Belt,Driving properly,Inattentive,,,Going Ahead,,,,,driver,,York South-Weston (5),12 Division,Rockcliffe-Smythe,FALSE,TRUE,FALSE,FALSE,FALSE,TRUE,TRUE,FALSE,FALSE,FALSE,"{""coordinates"": [[-79.47643700406049, 43.681291306788694]], ""type"": ""MultiPoint""}"
20015,2014:4002291464,2014-06-14T19:30:00,92 DUNCANWOODS DR,,,2,Non-Fatal Injury,At/Near Private Drive,No Control,Cyclist Collision (internal code),Clear,Daylight,Dry,Collector,FALSE,-79.56284,43.75063938,1,Automobile or Station Wagon,North,1,75,None,Lap and Shoulder Belt,Failed to yield right-of-way,Inattentive,,,Going Ahead,,,,,driver,,Humber River-Black Creek (7),31 Division,Humber Summit,TRUE,TRUE,TRUE,FALSE,FALSE,TRUE,FALSE,FALSE,TRUE,FALSE,"{""coordinates"": [[-79.56283999951293, 43.75063937536682]], ""type"": ""MultiPoint""}"
20016,2014:4000008445,2014-06-17T10:50:00,5450 LAWRENCE AVE E,,,2,Non-Fatal Injury,At/Near Private Drive,No Control,Cyclist Collision (internal code),Clear,Daylight,Dry,Minor Arterial,FALSE,-79.13950733,43.77892789,1,Automobile or Station Wagon,South,1,71,None,Lap and Shoulder Belt,Failed to yield right-of-way,Normal,,,Going Ahead,,,,,driver,,Scarborough-Rouge Park (25),43 Division,Centennial Scarborough,TRUE,FALSE,TRUE,FALSE,FALSE,TRUE,FALSE,FALSE,TRUE,FALSE,"{""coordinates"": [[-79.13950732677569, 43.778927889057115]], ""type"": ""MultiPoint""}"
20017,2014:4008024139,2014-06-19T16:00:00,STEELES AVE W,SHALE GT,,2,Non-Fatal Injury,At Intersection,Traffic Signal,Cyclist Collision (internal code),Clear,Daylight,Dry,Major Arterial,FALSE,-79.48729386,43.78320828,1,Automobile or Station Wagon,East,1,42,None,Lap and Shoulder Belt,Failed to yield right-of-way,Inattentive,,,Turning Right,,,,,driver,,York Centre (6),31 Division,York University Heights,TRUE,TRUE,TRUE,FALSE,FALSE,FALSE,FALSE,FALSE,FALSE,FALSE,"{""coordinates"": [[-79.48729385888147, 43.783208282407024]], ""type"": ""MultiPoint""}"
20018,2014:4002366263,2014-06-19T19:30:00,DUNDAS ST W,DOVERCOURT RD,,3,Non-Fatal Injury,Non-Intersection,No Control,Cyclist Collision (internal code),Clear,Daylight,Dry,Minor Arterial,FALSE,-79.42473996,43.64942724,0,Automobile or Station Wagon,West,2,23,None,,Failed to yield right-of-way,Normal,,,Turning Left,,,,,driver,,Spadina-Fort York (10),14 Division,Trinity-Bellwoods,TRUE,FALSE,TRUE,FALSE,FALSE,FALSE,FALSE,FALSE,FALSE,FALSE,"{""coordinates"": [[-79.42473995950441, 43.649427244056305]], ""type"": ""MultiPoint""}"
20019,2014:4002366263,2014-06-19T19:30:00,DUNDAS ST W,DOVERCOURT RD,,3,Non-Fatal Injury,Non-Intersection,No Control,Cyclist Collision (internal code),Clear,Daylight,Dry,Minor Arterial,FALSE,-79.42473996,43.64942724,0,Bicycle,East,3,26,Major,,,,,,Going Ahead,,Driver turns left into path of cyclist,Driving Properly,Normal,cyclist,,Spadina-Fort York (10),14 Division,Trinity-Bellwoods,TRUE,FALSE,TRUE,FALSE,FALSE,FALSE,FALSE,FALSE,FALSE,FALSE,"{""coordinates"": [[-79.42473995950441, 43.649427244056305]], ""type"": ""MultiPoint""}"
20020,2014:4002352031,2014-06-23T17:20:00,KING ST W,UNIVERSITY AVE,,2,Non-Fatal Injury,Intersection-Related,Traffic Signal,Cyclist Collision (internal code),Clear,Daylight,Dry,Major Arterial,FALSE,-79.38479988,43.64764919,1,Truck - Open (Flatbed),East,1,62,None,Lap and Shoulder Belt,Following too closely,Inattentive,,,Going Ahead,,,,,driver,,Spadina-Fort York (10),52 Division,Yonge-Bay Corridor,TRUE,TRUE,TRUE,FALSE,FALSE,FALSE,FALSE,FALSE,TRUE,TRUE,"{""coordinates"": [[-79.38479988404207, 43.647649185195405]], ""type"": ""MultiPoint""}"
20021,2014:4002360451,2014-06-24T20:24:00,BEECROFT RD,PARK HOME AVE,,2,Non-Fatal Injury,Non-Intersection,No Control,Pedestrian Collision (internal code),Rain,Dark with Artificial Lighting,Wet,Minor Arterial,FALSE,-79.41573676,43.7670532,1,Automobile or Station Wagon,South,1,24,None,Lap and Shoulder Belt,Failed to yield right-of-way,Normal,,,Going Ahead,,,,,driver,,Willowdale (18),32 Division,Lansing-Westgate,TRUE,FALSE,FALSE,FALSE,FALSE,TRUE,TRUE,FALSE,FALSE,FALSE,"{""coordinates"": [[-79.41573676057783, 43.76705319879899]], ""type"": ""MultiPoint""}"
20022,2014:4002396674,2014-06-29T21:25:00,HOLLYWOOD AVE,WILLOWDALE AVE,,4,Non-Fatal Injury,At Intersection,No Control,Pedestrian Collision (internal code),Clear,Dusk with Artificial Lighting,Dry,Minor Arterial,FALSE,-79.40133274,43.76792718,2,,,2,,None,Use Unknown,,,,,,,,,,other,,Willowdale (18),32 Division,East Willowdale,FALSE,FALSE,FALSE,FALSE,FALSE,FALSE,TRUE,FALSE,FALSE,FALSE,"{""coordinates"": [[-79.40133273579211, 43.76792718112279]], ""type"": ""MultiPoint""}"
20023,2014:4002396674,2014-06-29T21:25:00,HOLLYWOOD AVE,WILLOWDALE AVE,,4,Non-Fatal Injury,At Intersection,No Control,Pedestrian Collision (internal code),Clear,Dusk with Artificial Lighting,Dry,Minor Arterial,FALSE,-79.40133274,43.76792718,2,Unknown,North,3,54,Major,No Equipment Available,,,Crossing - no traffic control,Normal,,Driver turns left into pedestrian crossing with right-of-way (at intersection),,,,pedestrian,,Willowdale (18),32 Division,East Willowdale,FALSE,FALSE,FALSE,FALSE,FALSE,FALSE,TRUE,FALSE,FALSE,FALSE,"{""coordinates"": [[-79.40133273579211, 43.76792718112279]], ""type"": ""MultiPoint""}"
20024,2014:4002453551,2014-07-08T07:25:00,WARDEN AVE N,LAWRENCE AVE E,,2,Non-Fatal Injury,Intersection-Related,Traffic Signal,Pedestrian Collision (internal code),Clear,Daylight,Dry,Major Arterial,FALSE,-79.29472758,43.74535905,1,Automobile or Station Wagon,North,1,70,None,Lap and Shoulder Belt,Driving properly,Normal,,,Going Ahead,,,,,driver,,Scarborough Centre (21),41 Division,Wexford/Maryvale,FALSE,TRUE,FALSE,FALSE,FALSE,TRUE,TRUE,FALSE,FALSE,FALSE,"{""coordinates"": [[-79.29472758141698, 43.74535904959498]], ""type"": ""MultiPoint""}"
20026,2014:4002478309,2014-07-11T19:18:00,VICTORIA PARK AVE,GLENCREST BLVD,,2,Non-Fatal Injury,At Intersection,No Control,Cyclist Collision (internal code),Clear,Daylight,Dry,Major Arterial,FALSE,-79.29568063,43.70812005,1,Bicycle,South,2,64,Major,Helmet,,,,,Turning Left,,Cyclist turns left into path of driver,Improper Turn,Inattentive,cyclist,,Scarborough Southwest (20),41 Division,Clairlea-Birchmount,FALSE,TRUE,TRUE,FALSE,FALSE,FALSE,FALSE,FALSE,FALSE,FALSE,"{""coordinates"": [[-79.29568063110473, 43.70812005148181]], ""type"": ""MultiPoint""}"
20027,2014:4002482864,2014-07-12T14:09:00,WARDEN AVE,TOWER DR,,2,Non-Fatal Injury,At Intersection,Traffic Signal,Pedestrian Collision (internal code),Clear,Daylight,Dry,Major Arterial,FALSE,-79.29835158,43.75433505,1,,Unknown,2,26,Major,Use Unknown,,,Crossing with right-of-way (intersection),Normal,,Driver going straight hits pedestrian crossing with right-of-way (at intersection),,,,pedestrian,,Scarborough Centre (21),41 Division,Wexford/Maryvale,TRUE,TRUE,FALSE,FALSE,FALSE,FALSE,TRUE,TRUE,FALSE,FALSE,"{""coordinates"": [[-79.29835157767835, 43.75433505439422]], ""type"": ""MultiPoint""}"
20029,2014:4002525835,2014-07-18T22:40:00,GERRARD ST E,PEMBROKE ST,,3,Non-Fatal Injury,At Intersection,No Control,Cyclist Collision (internal code),Clear,Dark,Dry,Minor Arterial,FALSE,-79.37352384,43.66086717,2,Bicycle,South,1,26,Major,No Equipment Available,,,,,Going Ahead,,"Cyclist without right-of-way rides into path of driver (at intersection, laneway, or driveway)",Failed to Yield Right of Way,Had Been Drinking,cyclist,,Toronto Centre (13),51 Division,Moss Park,FALSE,FALSE,TRUE,FALSE,FALSE,FALSE,FALSE,FALSE,FALSE,FALSE,"{""coordinates"": [[-79.3735238420817, 43.66086716578284]], ""type"": ""MultiPoint""}"
20030,2014:4002524694,2014-07-18T23:40:00,3900 JANE ST,,,2,Non-Fatal Injury,At/Near Private Drive,No Control,Cyclist Collision (internal code),Clear,Daylight,Dry,Major Arterial,FALSE,-79.51756694,43.75666232,1,Automobile or Station Wagon,East,1,35,None,Lap and Shoulder Belt,Other,Unknown,,,Going Ahead,,,,,driver,,Humber River-Black Creek (7),31 Division,Glenfield-Jane Heights,FALSE,FALSE,TRUE,FALSE,FALSE,FALSE,FALSE,FALSE,FALSE,FALSE,"{""coordinates"": [[-79.5175669351212, 43.75666232366975]], ""type"": ""MultiPoint""}"
20031,2014:4002555153,2014-07-23T11:35:00,50 CUMBERLAND ST,,,2,Non-Fatal Injury,Non-Intersection,No Control,Pedestrian Collision (internal code),Clear,Daylight,Dry,Collector,FALSE,-79.38891286,43.67075119,0,,South,2,72,Major,,,,Other,Unknown,,Driver reversing hits pedestrian,,,,pedestrian,,University-Rosedale (11),53 Division,Annex,FALSE,FALSE,FALSE,FALSE,FALSE,TRUE,TRUE,FALSE,FALSE,FALSE,"{""coordinates"": [[-79.38891285649183, 43.67075118588353]], ""type"": ""MultiPoint""}"
20033,2014:4002589073,2014-07-28T15:01:00,BATHURST ST,SOUTHBOURNE AVE,,2,Non-Fatal Injury,Non-Intersection,No Control,Pedestrian Collision (internal code),Clear,Daylight,Dry,Major Arterial,FALSE,-79.43423883,43.73840523,0,Automobile or Station Wagon,North,2,63,None,,Driving properly,Normal,,,Going Ahead,,,,,driver,,York Centre (6),32 Division,Lansing-Westgate,FALSE,FALSE,FALSE,FALSE,FALSE,FALSE,TRUE,FALSE,FALSE,FALSE,"{""coordinates"": [[-79.4342388300404, 43.738405227856056]], ""type"": ""MultiPoint""}"
20034,2014:4002596710,2014-07-29T16:30:00,DUNDAS ST E,BROADVIEW AVE,,2,Non-Fatal Injury,At Intersection,Traffic Signal,Cyclist Collision (internal code),Clear,Daylight,Dry,Major Arterial,FALSE,-79.3513608,43.66245413,1,Automobile or Station Wagon,East,1,54,None,Lap and Shoulder Belt,Improper passing,Normal,,,Going Ahead,,,,,driver,,Toronto-Danforth (14),55 Division,South Riverdale,TRUE,FALSE,TRUE,FALSE,FALSE,FALSE,FALSE,FALSE,FALSE,FALSE,"{""coordinates"": [[-79.35136079709308, 43.6624541332527]], ""type"": ""MultiPoint""}"
20035,2014:4002604819,2014-07-30T23:12:00,EGLINTON AVE E,BANFF RD,,2,Non-Fatal Injury,Intersection-Related,Traffic Signal,Cyclist Collision (internal code),Clear,Dark with Artificial Lighting,Dry,Major Arterial,FALSE,-79.38223678,43.71000817,0,Automobile or Station Wagon,East,1,26,None,Lap and Shoulder Belt,Driving properly,Normal,,,Going Ahead,,,,,driver,,Don Valley West (15),53 Division,Mount Pleasant East,FALSE,FALSE,TRUE,FALSE,FALSE,FALSE,FALSE,FALSE,FALSE,FALSE,"{""coordinates"": [[-79.38223678398167, 43.71000816768803]], ""type"": ""MultiPoint""}"
20037,2014:4002616859,2014-08-01T17:30:00,WESTLAKE AVE,WESTBROOK AVE,,2,Non-Fatal Injury,At Intersection,Stop Sign,Cyclist Collision (internal code),Clear,Daylight,Dry,Local,FALSE,-79.30763667,43.69301807,1,Bicycle,West,2,25,Major,No Equipment Available,,,,,Going Ahead,,"Cyclist without right-of-way rides into path of driver (at intersection, laneway, or driveway)",Disobeyed Traffic Control,Normal,cyclist,,Beaches-East York (19),55 Division,Woodbine-Lumsden,FALSE,FALSE,TRUE,FALSE,FALSE,TRUE,FALSE,FALSE,FALSE,FALSE,"{""coordinates"": [[-79.3076366725992, 43.69301806828829]], ""type"": ""MultiPoint""}"
20038,2014:4002621781,2014-08-02T12:40:00,ST CLAIR AVE W,WINONA DR,,2,Non-Fatal Injury,Intersection-Related,Traffic Signal,Cyclist Collision (internal code),Clear,Daylight,Dry,Major Arterial,TRUE,-79.43246092,43.68020425,2,Bicycle,West,2,36,Major,Helmet,,,,,Going Ahead,,Sideswipe with cyclist and driver travelling in same direction,Driving Properly,Normal,cyclist,,Toronto-St. Paul's (12),13 Division,Wychwood,TRUE,FALSE,TRUE,FALSE,FALSE,FALSE,FALSE,FALSE,FALSE,FALSE,"{""coordinates"": [[-79.43246092355328, 43.68020424516098]], ""type"": ""MultiPoint""}"
20039,2014:4002625418,2014-08-02T23:19:00,SHEPPARD AVE E,ROBERT WOODHEAD CRES,,3,Non-Fatal Injury,Non-Intersection,No Control,Pedestrian Collision (internal code),Clear,Dark with Artificial Lighting,Dry,Major Arterial,FALSE,-79.4829519,43.74635129,2,Automobile or Station Wagon,West,1,35,None,Lap and Shoulder Belt,Driving properly,Normal,,,Going Ahead,,,,,driver,,York Centre (6),31 Division,Downsview,FALSE,FALSE,FALSE,TRUE,FALSE,FALSE,TRUE,FALSE,TRUE,FALSE,"{""coordinates"": [[-79.48295189945952, 43.746351286454974]], ""type"": ""MultiPoint""}"
20040,2014:4002642659,2014-08-05T19:32:00,SEWELLS RD,BRENYON WAY,,3,Non-Fatal Injury,Intersection-Related,Traffic Signal,Pedestrian Collision (internal code),Clear,Daylight,Dry,Minor Arterial,FALSE,-79.21560241,43.80777897,0,,South,3,27,Major,,,,Crossing with right-of-way (intersection),Unknown,,Driver turns left into pedestrian crossing with right-of-way (at intersection),,,,pedestrian,,Scarborough-Rouge Park (25),42 Division,Malvern East,TRUE,FALSE,FALSE,FALSE,FALSE,FALSE,TRUE,FALSE,TRUE,FALSE,"{""coordinates"": [[-79.21560240869509, 43.80777897014938]], ""type"": ""MultiPoint""}"
20041,2014:4002642659,2014-08-05T19:32:00,SEWELLS RD,BRENYON WAY,,3,Non-Fatal Injury,Intersection-Related,Traffic Signal,Pedestrian Collision (internal code),Clear,Daylight,Dry,Minor Arterial,FALSE,-79.21560241,43.80777897,1,,,2,14,None,Lap and Shoulder Belt,,,,,,,,,,passenger,,Scarborough-Rouge Park (25),42 Division,Malvern East,TRUE,FALSE,FALSE,FALSE,FALSE,FALSE,TRUE,FALSE,TRUE,FALSE,"{""coordinates"": [[-79.21560240869509, 43.80777897014938]], ""type"": ""MultiPoint""}"
20046,2014:4002664969,2014-08-09T02:14:00,LAWRENCE AVE E,GREENBRAE CRCT,,2,Non-Fatal Injury,Non-Intersection,No Control,Pedestrian Collision (internal code),Clear,Dark with Artificial Lighting,Dry,Major Arterial,FALSE,-79.23307347,43.75817298,0,Automobile or Station Wagon,West,1,69,None,,Driving properly,Normal,,,Going Ahead,,,,,driver,,Scarborough-Guildwood (24),43 Division,Golfdale-Cedarbrae-Woburn,FALSE,FALSE,FALSE,FALSE,FALSE,TRUE,TRUE,FALSE,TRUE,FALSE,"{""coordinates"": [[-79.233073469818, 43.75817297773833]], ""type"": ""MultiPoint""}"
20048,2014:4000009508,2014-08-17T21:59:00,KINGSTON RD,PICKERING ST,10 m East of,2,Non-Fatal Injury,At Intersection,No Control,Cyclist Collision (internal code),Clear,Dark with Artificial Lighting,Dry,Major Arterial,FALSE,-79.28991266,43.68021204,2,Bicycle,West,1,16,Major,No Equipment Available,,,,,Changing Lanes,,Sideswipe with cyclist and driver travelling in same direction,Improper Lane Change,Inattentive,cyclist,,Beaches-East York (19),55 Division,The Beaches,FALSE,TRUE,TRUE,FALSE,FALSE,FALSE,FALSE,FALSE,TRUE,FALSE,"{""coordinates"": [[-79.28991265631579, 43.68021204384973]], ""type"": ""MultiPoint""}"