_id,collision_id,accdate,stname1,stname2,stname3,per_inv,acclass,accloc,traffictl,impactype,visible,light,rdsfcond,road_class,failtorem,longitude,latitude,veh_no,vehtype,initdir,per_no,invage,injury,safequip,drivact,drivcond,pedact,pedcond,manoeuvre,pedtype,cyclistype,cycact,cyccond,road_user,fatal_no,wardname,division,neighbourhood,aggressive,distracted,cyclist,motorcyclist,other_micromobility,older_adult,pedestrian,red_light,school_child,heavy_truck,geometry
20327,2015:5001836357,2015-10-25T15:36:00,LAWRENCE AVE E,TOWNLEY AVE,,5,Non-Fatal Injury,Intersection-Related,No Control,Pedestrian Collision (internal code),Clear,Daylight,Dry,Major Arterial,FALSE,-79.30739961,43.74263207,1,Automobile or Station Wagon,East,1,40,None,Air Bag Deployed,Driving properly,Normal,,,Going Ahead,,,,,driver,,Scarborough Centre (21),41 Division,Wexford/Maryvale,FALSE,FALSE,FALSE,FALSE,FALSE,FALSE,TRUE,FALSE,TRUE,FALSE,"{""coordinates"": [[-79.3073996065549, 43.74263206569612]], ""type"": ""MultiPoint""}"
20328,2015:5001836357,2015-10-25T15:36:00,LAWRENCE AVE E,TOWNLEY AVE,,5,Non-Fatal Injury,Intersection-Related,No Control,Pedestrian Collision (internal code),Clear,Daylight,Dry,Major Arterial,FALSE,-79.30739961,43.74263207,1,,South,4,17,Minimal,Use Unknown,,,Crossing - no traffic control,Unknown,,Driver hits pedestrian at midblock,,,,pedestrian,,Scarborough Centre (21),41 Division,Wexford/Maryvale,FALSE,FALSE,FALSE,FALSE,FALSE,FALSE,TRUE,FALSE,TRUE,FALSE,"{""coordinates"": [[-79.3073996065549, 43.74263206569612]], ""type"": ""MultiPoint""}"
20329,2015:5001837340,2015-10-25T19:25:00,EGLINTON AVE E,DANFORTH RD,,2,Non-Fatal Injury,At Intersection,Traffic Signal,Pedestrian Collision (internal code),Clear,Dark with Artificial Lighting,Dry,Major Arterial,FALSE,-79.24615851,43.73708499,1,,West,2,53,Major,No Equipment Available,,,Crossing with right-of-way (intersection),Normal,,Driver turns right into pedestrian crossing with right-of-way (at intersection),,,,pedestrian,,Scarborough Southwest (20),43 Division,Eglinton East,TRUE,TRUE,FALSE,FALSE,FALSE,FALSE,TRUE,FALSE,FALSE,FALSE,"{""coordinates"": [[-79.24615850950711, 43.73708498842139]], ""type"": ""MultiPoint""}"
20330,2015:5001841929,2015-10-26T15:10:00,WILSON AVE,JAMES FINLAY WAY,,3,Non-Fatal Injury,At Intersection,Traffic Signal,Cyclist Collision (internal code),Clear,Daylight,Dry,Major Arterial,FALSE,-79.48011393,43.72740329,1,Automobile or Station Wagon,North,1,53,None,Lap and Shoulder Belt,Failed to yield right-of-way,Normal,,,Turning Right,,,,,driver,,York Centre (6),31 Division,Downsview,TRUE,FALSE,TRUE,FALSE,FALSE,FALSE,FALSE,FALSE,FALSE,FALSE,"{""coordinates"": [[-79.48011392851535, 43.72740329135519]], ""type"": ""MultiPoint""}"
20331,2015:5001851224,2015-10-28T06:16:00,KIPLING AVE,GREENING CRES,20 m North of,2,Non-Fatal Injury,Non-Intersection,No Control,Pedestrian Collision (internal code),Rain,Dark with Artificial Lighting,Wet,Major Arterial,FALSE,-79.54221815,43.6576404,1,Automobile or Station Wagon,North,1,52,None,Lap and Shoulder Belt,Driving properly,Normal,,,Going Ahead,,,,,driver,,Etobicoke Centre (2),22 Division,Princess-Rosethorn,FALSE,TRUE,FALSE,FALSE,FALSE,FALSE,TRUE,FALSE,FALSE,FALSE,"{""coordinates"": [[-79.54221814649847, 43.65764040294041]], ""type"": ""MultiPoint""}"
20332,2015:5001872803,2015-10-31T16:40:00,SHEPPARD AVE E,MASSIE ST,,4,Non-Fatal Injury,Non-Intersection,No Control,Pedestrian Collision (internal code),Clear,Daylight,Dry,Major Arterial,FALSE,-79.24520446,43.79252,1,,,2,55,None,Lap and Shoulder Belt,,,,,,,,,,passenger,,Scarborough North (23),42 Division,Agincourt South-Malvern West,FALSE,FALSE,FALSE,FALSE,FALSE,TRUE,TRUE,FALSE,TRUE,FALSE,"{""coordinates"": [[-79.2452044594498, 43.79251999575967]], ""type"": ""MultiPoint""}"
20333,2015:5001872803,2015-10-31T16:40:00,SHEPPARD AVE E,MASSIE ST,,4,Non-Fatal Injury,Non-Intersection,No Control,Pedestrian Collision (internal code),Clear,Daylight,Dry,Major Arterial,FALSE,-79.24520446,43.79252,1,,,3,49,None,Lap and Shoulder Belt,,,,,,,,,,passenger,,Scarborough North (23),42 Division,Agincourt South-Malvern West,FALSE,FALSE,FALSE,FALSE,FALSE,TRUE,TRUE,FALSE,TRUE,FALSE,"{""coordinates"": [[-79.2452044594498, 43.79251999575967]], ""type"": ""MultiPoint""}"
20334,2015:5001873445,2015-10-31T18:52:00,BATHURST ST,BROOKE AVE,6 m South of,6,Non-Fatal Injury,Intersection-Related,Stop Sign,Pedestrian Collision (internal code),Clear,Dusk with Artificial Lighting,Dry,Major Arterial,FALSE,-79.43233884,43.73036723,1,,,6,2,None,Child Safety Seat Used Correctly,,,,,,,,,,passenger,,Eglinton-Lawrence (8),32 Division,Bedford Park-Nortown,TRUE,FALSE,FALSE,FALSE,FALSE,TRUE,TRUE,FALSE,TRUE,FALSE,"{""coordinates"": [[-79.43233884011043, 43.73036722813108]], ""type"": ""MultiPoint""}"
20335,2015:5001873445,2015-10-31T18:52:00,BATHURST ST,BROOKE AVE,6 m South of,6,Non-Fatal Injury,Intersection-Related,Stop Sign,Pedestrian Collision (internal code),Clear,Dusk with Artificial Lighting,Dry,Major Arterial,FALSE,-79.43233884,43.73036723,1,,,5,5,None,Child Safety Seat Used Correctly,,,,,,,,,,passenger,,Eglinton-Lawrence (8),32 Division,Bedford Park-Nortown,TRUE,FALSE,FALSE,FALSE,FALSE,TRUE,TRUE,FALSE,TRUE,FALSE,"{""coordinates"": [[-79.43233884011043, 43.73036722813108]], ""type"": ""MultiPoint""}"
20336,2015:5001873445,2015-10-31T18:52:00,BATHURST ST,BROOKE AVE,6 m South of,6,Non-Fatal Injury,Intersection-Related,Stop Sign,Pedestrian Collision (internal code),Clear,Dusk with Artificial Lighting,Dry,Major Arterial,FALSE,-79.43233884,43.73036723,1,,Unknown,2,65,Major,Use Unknown,,,Crossing - no traffic control,Normal,,Driver turns left into pedestrian crossing without right-of-way (at intersection),,,,pedestrian,,Eglinton-Lawrence (8),32 Division,Bedford Park-Nortown,TRUE,FALSE,FALSE,FALSE,FALSE,TRUE,TRUE,FALSE,TRUE,FALSE,"{""coordinates"": [[-79.43233884011043, 43.73036722813108]], ""type"": ""MultiPoint""}"
20337,2015:5001873445,2015-10-31T18:52:00,BATHURST ST,BROOKE AVE,6 m South of,6,Non-Fatal Injury,Intersection-Related,Stop Sign,Pedestrian Collision (internal code),Clear,Dusk with Artificial Lighting,Dry,Major Arterial,FALSE,-79.43233884,43.73036723,1,,,3,41,None,Lap and Shoulder Belt,,,,,,,,,,passenger,,Eglinton-Lawrence (8),32 Division,Bedford Park-Nortown,TRUE,FALSE,FALSE,FALSE,FALSE,TRUE,TRUE,FALSE,TRUE,FALSE,"{""coordinates"": [[-79.43233884011043, 43.73036722813108]], ""type"": ""MultiPoint""}"
20338,2015:5001875429,2015-11-01T01:55:00,QUEEN ST E,BROADVIEW AVE,49 m East of,4,Non-Fatal Injury,Non-Intersection,No Control,Pedestrian Collision (internal code),Rain,Dark with Artificial Lighting,Wet,Minor Arterial,FALSE,-79.3491858,43.65901313,1,,,2,24,None,Lap and Shoulder Belt,,,,,,,,,,passenger,,Toronto-Danforth (14),55 Division,South Riverdale,FALSE,FALSE,FALSE,FALSE,FALSE,FALSE,TRUE,FALSE,FALSE,FALSE,"{""coordinates"": [[-79.3491857978493, 43.65901313058263]], ""type"": ""MultiPoint""}"
20341,2015:5001904834,2015-11-05T20:20:00,BAYVIEW AVE,CITATION DR,14 m North of,2,Non-Fatal Injury,Intersection-Related,Traffic Signal,Pedestrian Collision (internal code),Clear,Dawn with Artificial Lighting,Dry,Major Arterial,FALSE,-79.38977471,43.77432017,1,,West,2,39,Major,No Equipment Available,,,Running onto roadway,Inattentive,,Driver going straight hits pedestrian crossing without right-of-way (at intersection),,,,pedestrian,,Don Valley North (17),33 Division,Bayview Village,FALSE,TRUE,FALSE,FALSE,FALSE,TRUE,TRUE,FALSE,FALSE,FALSE,"{""coordinates"": [[-79.38977470988374, 43.77432016655423]], ""type"": ""MultiPoint""}"
20342,2015:5001905504,2015-11-05T23:10:00,DON VALLEY PARKWAY S,LEASIDE BDGE,,3,Non-Fatal Injury,Non-Intersection,No Control,Pedestrian Collision (internal code),Clear,Dark with Artificial Lighting,Dry,Major Arterial,FALSE,-79.34974274,43.69804213,1,Automobile or Station Wagon,South,1,44,None,Lap and Shoulder Belt,Driving properly,Normal,,,Going Ahead,,,,,driver,,Toronto-Danforth (14),55 Division,Old East York,FALSE,FALSE,FALSE,FALSE,FALSE,FALSE,TRUE,FALSE,FALSE,FALSE,"{""coordinates"": [[-79.34974274286338, 43.6980421257739]], ""type"": ""MultiPoint""}"
20343,2015:5001906446,2015-11-06T06:00:00,JANE ST,CHURCH ST,19 m South of,2,Non-Fatal Injury,Intersection-Related,Traffic Signal,Pedestrian Collision (internal code),Rain,Dark with Artificial Lighting,Wet,Major Arterial,FALSE,-79.505566,43.70923433,1,Automobile or Station Wagon,East,1,64,None,Lap and Shoulder Belt,Driving properly,Normal,,,Turning Left,,,,,driver,,York South-Weston (5),12 Division,Weston,FALSE,TRUE,FALSE,FALSE,FALSE,TRUE,TRUE,FALSE,FALSE,FALSE,"{""coordinates"": [[-79.50556600380007, 43.709234332641444]], ""type"": ""MultiPoint""}"
20344,2015:5001921835,2015-11-08T20:20:00,LAWRENCE AVE E,DON MILLS RD,,2,Non-Fatal Injury,At Intersection,Traffic Signal,Cyclist Collision (internal code),Clear,Dark,Dry,Major Arterial,FALSE,-79.34344068,43.73716111,2,Automobile or Station Wagon,West,2,19,None,Lap and Shoulder Belt,Driving properly,Normal,,,Going Ahead,,,,,driver,,Don Valley East (16),33 Division,Banbury-Don Mills,FALSE,FALSE,TRUE,FALSE,FALSE,FALSE,FALSE,FALSE,TRUE,FALSE,"{""coordinates"": [[-79.34344067582492, 43.73716111207259]], ""type"": ""MultiPoint""}"
20345,2015:5001928023,2015-11-09T20:05:00,PORTLAND ST,ROYAL YORK RD,11 m South of,2,Non-Fatal Injury,Non-Intersection,No Control,Pedestrian Collision (internal code),Clear,Dark with Artificial Lighting,Dry,Minor Arterial,FALSE,-79.49957716,43.61905137,1,,West,2,66,Major,No Equipment Available,,,Crossing - no traffic control,Normal,,Driver hits pedestrian at midblock,,,,pedestrian,,Etobicoke-Lakeshore (3),22 Division,Mimico-Queensway,TRUE,FALSE,FALSE,FALSE,FALSE,TRUE,TRUE,FALSE,FALSE,FALSE,"{""coordinates"": [[-79.49957716189176, 43.61905137005305]], ""type"": ""MultiPoint""}"
20346,2015:5001934875,2015-11-10T09:50:00,DUNMAIL DR,BLUE EAGLE TRL,15 m West of,2,Non-Fatal Injury,Non-Intersection,No Control,Cyclist Collision (internal code),Clear,Daylight,Dry,Local,FALSE,-79.28486951,43.80476504,1,Automobile or Station Wagon,West,1,49,None,Lap and Shoulder Belt,Improper turn,Inattentive,,,Making U-Turn,,,,,driver,,Scarborough North (23),42 Division,Agincourt North,FALSE,TRUE,TRUE,FALSE,FALSE,FALSE,FALSE,FALSE,FALSE,FALSE,"{""coordinates"": [[-79.28486951126087, 43.804765042777206]], ""type"": ""MultiPoint""}"
20350,2015:5001982660,2015-11-19T00:40:00,SHEPPARD AVE E,IDAGROVE GT,,2,Non-Fatal Injury,At Intersection,Traffic Signal,Pedestrian Collision (internal code),Rain,Dark with Artificial Lighting,Wet,Major Arterial,FALSE,-79.17554836,43.80731693,1,,North,2,62,Major,No Equipment Available,,,Crossing without right-of-way (intersection),Inattentive,,Driver going straight hits pedestrian crossing without right-of-way (at intersection),,,,pedestrian,,Scarborough-Rouge Park (25),42 Division,West Rouge,FALSE,TRUE,FALSE,FALSE,FALSE,FALSE,TRUE,FALSE,FALSE,FALSE,"{""coordinates"": [[-79.17554835673448, 43.80731693194655]], ""type"": ""MultiPoint""}"
20351,2015:5001983106,2015-11-19T05:02:00,KIPLING AVE,NORSEMAN ST,,2,Non-Fatal Injury,At Intersection,Traffic Signal,Pedestrian Collision (internal code),Rain,Dark with Artificial Lighting,Wet,Major Arterial,FALSE,-79.53105618,43.6314714,1,,South,2,43,Major,Use Unknown,,,Crossing with right-of-way (intersection),Normal,,Driver turns left into pedestrian crossing with right-of-way (at intersection),,,,pedestrian,,Etobicoke-Lakeshore (3),22 Division,Etobicoke City Centre,TRUE,FALSE,FALSE,FALSE,FALSE,FALSE,TRUE,FALSE,FALSE,FALSE,"{""coordinates"": [[-79.53105618059352, 43.63147140325321]], ""type"": ""MultiPoint""}"
20352,2015:5001998431,2015-11-21T13:44:00,LAWRENCE AVE E,ELINOR AVE,,2,Non-Fatal Injury,At Intersection,Traffic Signal,Pedestrian Collision (internal code),Rain,Daylight,Wet,Major Arterial,FALSE,-79.30055559,43.74408506,2,Automobile or Station Wagon,West,2,34,Major,Lap and Shoulder Belt,Driving properly,Normal,,,Going Ahead,,,,,driver,,Scarborough Centre (21),41 Division,Wexford/Maryvale,FALSE,FALSE,FALSE,FALSE,FALSE,FALSE,FALSE,FALSE,FALSE,FALSE,"{""coordinates"": [[-79.30055559298091, 43.74408505698072]], ""type"": ""MultiPoint""}"
20353,2015:5002000710,2015-11-21T21:10:00,EGLINTON AVE W,MUNICIPAL DR,19 m East of,2,Non-Fatal Injury,Non-Intersection,No Control,Pedestrian Collision (internal code),Rain,Dark with Artificial Lighting,Wet,Major Arterial,TRUE,-79.47716899,43.6896573,1,Unknown,Unknown,1,,None,Use Unknown,Other,Unknown,,,Unknown,,,,,driver,,York South-Weston (5),12 Division,Keelesdale-Eglinton West,FALSE,FALSE,FALSE,FALSE,FALSE,FALSE,TRUE,FALSE,FALSE,FALSE,"{""coordinates"": [[-79.47716899054231, 43.68965730413737]], ""type"": ""MultiPoint""}"
20356,2015:5002031524,2015-11-26T22:26:00,THE QUEENSWAY,COLBORNE LODGE DR,134 m West of,2,Non-Fatal Injury,Non-Intersection,No Control,Pedestrian Collision (internal code),Clear,Dark with Artificial Lighting,Dry,Major Arterial,FALSE,-79.46094905,43.6392913,1,,North,2,49,Major,No Equipment Available,,,Crossing - no traffic control,Ability Impaired - Alcohol,,Driver hits pedestrian at midblock,,,,pedestrian,,Parkdale-High Park (4),11 Division,High Park-Swansea,FALSE,FALSE,FALSE,FALSE,FALSE,FALSE,TRUE,FALSE,FALSE,FALSE,"{""coordinates"": [[-79.46094904798038, 43.63929130186261]], ""type"": ""MultiPoint""}"
20358,2015:5002035175,2015-11-27T08:30:00,RONCESVALLES AVE,GRENADIER RD,5 m North of,2,Non-Fatal Injury,Non-Intersection,No Control,Cyclist Collision (internal code),Clear,Daylight,Dry,Minor Arterial,FALSE,-79.45006201,43.64893128,2,Bicycle,North,2,15,Major,Use Unknown,,,,,Going Ahead,,Sideswipe with cyclist and driver travelling in same direction,Driving Properly,Normal,cyclist,,Parkdale-High Park (4),11 Division,Roncesvalles,TRUE,FALSE,TRUE,FALSE,FALSE,FALSE,FALSE,FALSE,TRUE,FALSE,"{""coordinates"": [[-79.45006200991973, 43.64893128181554]], ""type"": ""MultiPoint""}"
20360,2015:5002054612,2015-11-30T18:33:00,FLORENCE AVE,BOTHAM RD,,2,Non-Fatal Injury,At Intersection,Stop Sign,Pedestrian Collision (internal code),Clear,Dark with Artificial Lighting,Dry,Collector,FALSE,-79.41370777,43.7573752,1,Automobile or Station Wagon,West,1,49,None,Lap and Shoulder Belt,Failed to yield right-of-way,Inattentive,,,Turning Left,,,,,driver,,Willowdale (18),32 Division,Lansing-Westgate,TRUE,TRUE,FALSE,FALSE,FALSE,FALSE,TRUE,FALSE,FALSE,FALSE,"{""coordinates"": [[-79.4137077679451, 43.75737519741252]], ""type"": ""MultiPoint""}"
20361,2015:5002061502,2015-12-01T21:07:00,THE QUEENSWAY,NORTH QUEEN ST,3 m North of,2,Non-Fatal Injury,At Intersection,Traffic Signal,Pedestrian Collision (internal code),Rain,Dark,Wet,Major Arterial,FALSE,-79.55614125,43.61420644,1,Truck - Tractor,East,1,59,None,Lap and Shoulder Belt,Failed to yield right-of-way,Inattentive,,,Turning Left,,,,,driver,,Etobicoke-Lakeshore (3),22 Division,Etobicoke City Centre,TRUE,TRUE,FALSE,FALSE,FALSE,FALSE,TRUE,FALSE,TRUE,TRUE,"{""coordinates"": [[-79.55614124573728, 43.614206444146895]], ""type"": ""MultiPoint""}"
20363,2015:5002075350,2015-12-04T01:09:00,ISABELLA ST,SHERBOURNE ST,70 m West of,3,Non-Fatal Injury,Non-Intersection,No Control,Pedestrian Collision (internal code),Clear,Dark,Dry,Collector,FALSE,-79.37664384,43.66945417,1,,North,3,29,Major,No Equipment Available,,,Running onto roadway,Inattentive,,Driver hits pedestrian at midblock,,,,pedestrian,,Toronto Centre (13),51 Division,North St.James Town,FALSE,TRUE,FALSE,FALSE,FALSE,FALSE,TRUE,FALSE,FALSE,FALSE,"{""coordinates"": [[-79.37664383513642, 43.6694541685552]], ""type"": ""MultiPoint""}"
20364,2015:5002075350,2015-12-04T01:09:00,ISABELLA ST,SHERBOURNE ST,70 m West of,3,Non-Fatal Injury,Non-Intersection,No Control,Pedestrian Collision (internal code),Clear,Dark,Dry,Collector,FALSE,-79.37664384,43.66945417,1,,,2,23,None,Lap and Shoulder Belt,,,,,,,,,,passenger,,Toronto Centre (13),51 Division,North St.James Town,FALSE,TRUE,FALSE,FALSE,FALSE,FALSE,TRUE,FALSE,FALSE,FALSE,"{""coordinates"": [[-79.37664383513642, 43.6694541685552]], ""type"": ""MultiPoint""}"
20366,2015:5002088367,2015-12-06T00:02:00,KING ST W,BRANT ST,10 m South of,2,Non-Fatal Injury,Non-Intersection,Pedestrian Crossover,Pedestrian Collision (internal code),Clear,Dark with Artificial Lighting,Dry,Major Arterial,TRUE,-79.39763291,43.6449412,1,,North,2,40,Major,No Equipment Available,,,Crossing - pedestrian crossover,Normal,,Driver hits pedestrian at PXO/pedestrian midblock signal,,,,pedestrian,,Spadina-Fort York (10),14 Division,Wellington Place,TRUE,FALSE,FALSE,FALSE,FALSE,FALSE,TRUE,FALSE,FALSE,FALSE,"{""coordinates"": [[-79.39763291346374, 43.64494120498129]], ""type"": ""MultiPoint""}"
20367,2015:5002094213,2015-12-07T06:55:00,FINCH AVE W,WESTON RD,,2,Non-Fatal Injury,At Intersection,Traffic Signal,Pedestrian Collision (internal code),Clear,Dark with Artificial Lighting,Dry,Major Arterial,FALSE,-79.54236297,43.75208135,1,,Unknown,2,36,Major,No Equipment Available,,,Crossing without right-of-way (intersection),Inattentive,,Driver going straight hits pedestrian crossing without right-of-way (at intersection),,,,pedestrian,,Humber River-Black Creek (7),31 Division,Humbermede,FALSE,TRUE,FALSE,FALSE,FALSE,FALSE,TRUE,FALSE,FALSE,FALSE,"{""coordinates"": [[-79.54236297200562, 43.7520813522962]], ""type"": ""MultiPoint""}"
20368,2015:5002105318,2015-12-08T21:15:00,LOWTHER AVE,SPADINA RD,5 m South of,4,Non-Fatal Injury,Intersection-Related,Traffic Signal,Cyclist Collision (internal code),Rain,Dark with Artificial Lighting,Wet,Minor Arterial,FALSE,-79.40476589,43.66894721,1,Bicycle,North,1,20,Major,No Equipment Available,,,,,Turning Left,,Cyclist turns left into path of driver,Improper Turn,Normal,cyclist,,University-Rosedale (11),53 Division,Annex,FALSE,FALSE,TRUE,FALSE,FALSE,FALSE,FALSE,FALSE,TRUE,FALSE,"{""coordinates"": [[-79.40476588947287, 43.66894720911065]], ""type"": ""MultiPoint""}"
20369,2015:5002105318,2015-12-08T21:15:00,LOWTHER AVE,SPADINA RD,5 m South of,4,Non-Fatal Injury,Intersection-Related,Traffic Signal,Cyclist Collision (internal code),Rain,Dark with Artificial Lighting,Wet,Minor Arterial,FALSE,-79.40476589,43.66894721,2,,,4,14,None,Lap and Shoulder Belt,,,,,,,,,,passenger,,University-Rosedale (11),53 Division,Annex,FALSE,FALSE,TRUE,FALSE,FALSE,FALSE,FALSE,FALSE,TRUE,FALSE,"{""coordinates"": [[-79.40476588947287, 43.66894720911065]], ""type"": ""MultiPoint""}"
20370,2016:6001982704,2016-11-07T19:11:00,ISLINGTON AVE,CORDOVA AVE,50 m South of,7,Non-Fatal Injury,Non-Intersection,No Control,Pedestrian Collision (internal code),Clear,Dark,Dry,Major Arterial,FALSE,-79.52483014,43.64781739,1,,,6,10,None,Use Unknown,,,,,,,,,,passenger,,Etobicoke-Lakeshore (3),22 Division,Islington,FALSE,FALSE,FALSE,FALSE,FALSE,FALSE,TRUE,FALSE,TRUE,FALSE,"{""coordinates"": [[-79.52483014213811, 43.647817386958835]], ""type"": ""MultiPoint""}"
20371,2015:5002127671,2015-12-12T06:46:00,QUEEN ST E,VICTORIA ST,2 m West of,2,Non-Fatal Injury,Intersection-Related,Traffic Signal,Pedestrian Collision (internal code),Clear,Dark with Artificial Lighting,Dry,Major Arterial,FALSE,-79.37807886,43.65267017,1,Pickup Truck,West,1,46,None,Lap and Shoulder Belt,Driving properly,Normal,,,Going Ahead,,,,,driver,,Toronto Centre (13),51 Division,Downtown Yonge East,FALSE,FALSE,FALSE,FALSE,FALSE,FALSE,TRUE,FALSE,FALSE,FALSE,"{""coordinates"": [[-79.37807886325783, 43.652670174141115]], ""type"": ""MultiPoint""}"
20372,2015:5002136221,2015-12-13T15:56:00,PARKSIDE DR,INDIAN VALLEY CRES,,4,Non-Fatal Injury,At Intersection,Traffic Signal,Cyclist Collision (internal code),Rain,Daylight,Wet,Major Arterial,FALSE,-79.45850002,43.65112529,1,,,3,13,None,Lap and Shoulder Belt,,,,,,,,,,passenger,,Parkdale-High Park (4),11 Division,High Park-Swansea,TRUE,FALSE,TRUE,FALSE,FALSE,FALSE,FALSE,FALSE,TRUE,FALSE,"{""coordinates"": [[-79.45850002265456, 43.651125293474635]], ""type"": ""MultiPoint""}"
20373,2015:5002136221,2015-12-13T15:56:00,PARKSIDE DR,INDIAN VALLEY CRES,,4,Non-Fatal Injury,At Intersection,Traffic Signal,Cyclist Collision (internal code),Rain,Daylight,Wet,Major Arterial,FALSE,-79.45850002,43.65112529,2,Bicycle,South,2,25,Major,No Equipment Available,,,,,Stopped,,Rear end with cyclist and driver travelling in same direction,Driving Properly,Normal,cyclist,,Parkdale-High Park (4),11 Division,High Park-Swansea,TRUE,FALSE,TRUE,FALSE,FALSE,FALSE,FALSE,FALSE,TRUE,FALSE,"{""coordinates"": [[-79.45850002265456, 43.651125293474635]], ""type"": ""MultiPoint""}"
20374,2015:5002137387,2015-12-13T20:13:00,DUFFERIN ST,CARTWRIGHT AVE,7 m North of,1,Non-Fatal Injury,At Intersection,No Control,Pedestrian Collision (internal code),Clear,Dark with Artificial Lighting,Dry,Major Arterial,TRUE,-79.45685989,43.72378326,1,,East,1,25,Major,Use Unknown,,,Crossing - no traffic control,Inattentive,,Driver going straight hits pedestrian crossing without right-of-way (at intersection),,,,pedestrian,,Eglinton-Lawrence (8),32 Division,Yorkdale-Glen Park,FALSE,TRUE,FALSE,FALSE,FALSE,FALSE,TRUE,FALSE,FALSE,FALSE,"{""coordinates"": [[-79.4568598941226, 43.72378326248918]], ""type"": ""MultiPoint""}"
20375,2015:5002181080,2015-12-14T17:26:00,KING ST W,FRASER AVE,2 m West of,2,Non-Fatal Injury,At Intersection,Streetcar (Stop for),Pedestrian Collision (internal code),Rain,Dark with Artificial Lighting,Wet,Major Arterial,TRUE,-79.42480098,43.63939125,2,,North,2,25,Major,No Equipment Available,,,Person getting on/off vehicle,Normal,,Driver going straight hits pedestrian crossing with right-of-way (at intersection),,,,pedestrian,,Spadina-Fort York (10),14 Division,South Parkdale,TRUE,FALSE,FALSE,FALSE,FALSE,FALSE,TRUE,FALSE,FALSE,FALSE,"{""coordinates"": [[-79.42480097606854, 43.63939124734363]], ""type"": ""MultiPoint""}"
20376,2015:5002168343,2015-12-18T14:52:00,4727 SHEPPARD AVE E,,4 m East of,3,Non-Fatal Injury,At/Near Private Drive,No Control,Pedestrian Collision (internal code),Clear,Daylight,Dry,Major Arterial,FALSE,-79.25034647,43.791429,1,Automobile or Station Wagon,East,1,81,None,Lap and Shoulder Belt,Driving properly,Normal,,,Going Ahead,,,,,driver,,Scarborough North (23),42 Division,Agincourt South-Malvern West,FALSE,TRUE,FALSE,FALSE,FALSE,TRUE,TRUE,FALSE,FALSE,FALSE,"{""coordinates"": [[-79.25034646727481, 43.79142900064853]], ""type"": ""MultiPoint""}"
20377,2015:5002176400,2015-12-19T22:20:00,YONGE ST,SHELDRAKE BLVD,,3,Non-Fatal Injury,At Intersection,Stop Sign,Pedestrian Collision (internal code),Clear,Dark with Artificial Lighting,Dry,Major Arterial,FALSE,-79.40009681,43.71493719,1,,,2,62,None,Lap and Shoulder Belt,,,,,,,,,,passenger,,Don Valley West (15),53 Division,Mount Pleasant East,FALSE,TRUE,FALSE,FALSE,FALSE,TRUE,TRUE,FALSE,FALSE,FALSE,"{""coordinates"": [[-79.40009680828064, 43.714937190386216]], ""type"": ""MultiPoint""}"
20378,2015:5002176400,2015-12-19T22:20:00,YONGE ST,SHELDRAKE BLVD,,3,Non-Fatal Injury,At Intersection,Stop Sign,Pedestrian Collision (internal code),Clear,Dark with Artificial Lighting,Dry,Major Arterial,FALSE,-79.40009681,43.71493719,1,,West,3,65,Major,Equipment Not Used But Available,,,Crossing without right-of-way (intersection),Inattentive,,Driver going straight hits pedestrian crossing without right-of-way (at intersection),,,,pedestrian,,Don Valley West (15),53 Division,Mount Pleasant East,FALSE,TRUE,FALSE,FALSE,FALSE,TRUE,TRUE,FALSE,FALSE,FALSE,"{""coordinates"": [[-79.40009680828064, 43.714937190386216]], ""type"": ""MultiPoint""}"
20379,2015:5002178129,2015-12-20T06:39:00,DUFFERIN ST,DAVENPORT RD,41 m South of,2,Non-Fatal Injury,Intersection-Related,No Control,Cyclist Collision (internal code),Clear,Dark with Artificial Lighting,Dry,Major Arterial,FALSE,-79.44079995,43.67255226,2,Automobile or Station Wagon,South,2,39,None,Lap and Shoulder Belt,Driving properly,Normal,,,Going Ahead,,,,,driver,,Davenport (9),13 Division,Junction-Wallace Emerson,FALSE,FALSE,TRUE,FALSE,FALSE,FALSE,FALSE,FALSE,FALSE,FALSE,"{""coordinates"": [[-79.44079995205405, 43.672552259659604]], ""type"": ""MultiPoint""}"