_id,collision_id,accdate,stname1,stname2,stname3,per_inv,acclass,accloc,traffictl,impactype,visible,light,rdsfcond,road_class,failtorem,longitude,latitude,veh_no,vehtype,initdir,per_no,invage,injury,safequip,drivact,drivcond,pedact,pedcond,manoeuvre,pedtype,cyclistype,cycact,cyccond,road_user,fatal_no,wardname,division,neighbourhood,aggressive,distracted,cyclist,motorcyclist,other_micromobility,older_adult,pedestrian,red_light,school_child,heavy_truck,geometry
20380,2015:5002186255,2015-12-21T17:20:00,1145 DANFORTH AVE,,,2,Non-Fatal Injury,Non-Intersection,No Control,Pedestrian Collision (internal code),Rain,Dark with Artificial Lighting,Wet,Major Arterial,FALSE,-79.33361474,43.68120311,1,Automobile or Station Wagon,East,1,61,None,Lap and Shoulder Belt,Driving properly,Normal,,,Going Ahead,,,,,driver,,Toronto-Danforth (14),55 Division,Blake-Jones,FALSE,FALSE,FALSE,FALSE,FALSE,FALSE,TRUE,FALSE,FALSE,FALSE,"{""coordinates"": [[-79.33361473686028, 43.681203105460774]], ""type"": ""MultiPoint""}"
20381,2015:5002187382,2015-12-21T21:25:00,BATHURST ST,SHEPPARD AVE W,,2,Non-Fatal Injury,At Intersection,Traffic Signal,Pedestrian Collision (internal code),Rain,Dark with Artificial Lighting,Wet,Major Arterial,FALSE,-79.43846481,43.75544923,1,,West,2,15,Major,Use Unknown,,,Crossing without right-of-way (intersection),Inattentive,,Driver going straight hits pedestrian crossing without right-of-way (at intersection),,,,pedestrian,,York Centre (6),32 Division,Lansing-Westgate,TRUE,TRUE,FALSE,FALSE,FALSE,FALSE,TRUE,TRUE,TRUE,FALSE,"{""coordinates"": [[-79.43846481158504, 43.75544922835123]], ""type"": ""MultiPoint""}"
20382,2015:5002189475,2015-12-22T09:11:00,SHERBOURNE ST,CARLTON ST,,2,Non-Fatal Injury,At Intersection,Traffic Controller,Cyclist Collision (internal code),Rain,Daylight,Wet,Minor Arterial,FALSE,-79.37301984,43.66311816,2,Bicycle,South,2,58,Major,Helmet,,,,,Going Ahead,,Driver turns left into path of cyclist,Driving Properly,Normal,cyclist,,Toronto Centre (13),51 Division,Moss Park,TRUE,FALSE,TRUE,FALSE,FALSE,FALSE,FALSE,FALSE,FALSE,TRUE,"{""coordinates"": [[-79.37301983773612, 43.66311816460233]], ""type"": ""MultiPoint""}"
20383,2015:5002192601,2015-12-22T18:30:00,DUFFERIN ST,1 AUTUMN AVE,,2,Non-Fatal Injury,At Intersection,No Control,Pedestrian Collision (internal code),Clear,Dark with Artificial Lighting,Dry,Major Arterial,FALSE,-79.45241192,43.70357326,1,Truck - Other,South,1,51,None,Lap and Shoulder Belt,Failed to yield right-of-way,Inattentive,,,Turning Left,,,,,driver,,Eglinton-Lawrence (8),13 Division,Yorkdale-Glen Park,TRUE,TRUE,FALSE,FALSE,FALSE,FALSE,TRUE,FALSE,FALSE,TRUE,"{""coordinates"": [[-79.45241192092472, 43.703573264392794]], ""type"": ""MultiPoint""}"
20384,2015:5002201232,2015-12-24T08:45:00,LAWRENCE AVE E,RAILSIDE RD,,2,Non-Fatal Injury,At Intersection,Traffic Signal,Pedestrian Collision (internal code),Clear,Daylight,Dry,Major Arterial,FALSE,-79.31924863,43.74110208,1,,North,2,64,Major,Use Unknown,,,Crossing with right-of-way (intersection),Normal,,Driver turns left into pedestrian crossing with right-of-way (at intersection),,,,pedestrian,,Don Valley East (16),33 Division,Victoria Village,TRUE,FALSE,FALSE,FALSE,FALSE,FALSE,TRUE,FALSE,FALSE,FALSE,"{""coordinates"": [[-79.31924862884736, 43.74110208082225]], ""type"": ""MultiPoint""}"
20385,2015:5002206137,2015-12-25T08:19:00,QUEEN ST W,TRINITY DR,1 m East of,2,Non-Fatal Injury,At Intersection,Traffic Signal,Pedestrian Collision (internal code),Clear,Daylight,Dry,Major Arterial,FALSE,-79.41315894,43.64529223,1,Streetcar,East,2,33,None,Lap and Shoulder Belt,Driving properly,Normal,,,Going Ahead,,,,,driver,,Spadina-Fort York (10),14 Division,West Queen West,FALSE,FALSE,FALSE,FALSE,FALSE,FALSE,TRUE,FALSE,FALSE,TRUE,"{""coordinates"": [[-79.41315894347998, 43.64529222807796]], ""type"": ""MultiPoint""}"
20386,2015:5002211839,2015-12-26T16:18:00,1071 QUEEN ST W,,1 m South of,5,Non-Fatal Injury,Laneway,No Control,Pedestrian Collision (internal code),Clear,Daylight,Dry,Major Arterial,FALSE,-79.42110096,43.64372024,1,,Unknown,3,26,Minimal,No Equipment Available,,,On sidewalk or shoulder,Normal,,Driver hits pedestrian on sidewalk or shoulder,,,,pedestrian,,Spadina-Fort York (10),14 Division,West Queen West,FALSE,FALSE,FALSE,FALSE,FALSE,FALSE,TRUE,FALSE,FALSE,FALSE,"{""coordinates"": [[-79.42110096167538, 43.643720240425644]], ""type"": ""MultiPoint""}"
20387,2015:5002211839,2015-12-26T16:18:00,1071 QUEEN ST W,,1 m South of,5,Non-Fatal Injury,Laneway,No Control,Pedestrian Collision (internal code),Clear,Daylight,Dry,Major Arterial,FALSE,-79.42110096,43.64372024,1,,Unknown,5,26,Minimal,No Equipment Available,,,On sidewalk or shoulder,Normal,,Driver hits pedestrian on sidewalk or shoulder,,,,pedestrian,,Spadina-Fort York (10),14 Division,West Queen West,FALSE,FALSE,FALSE,FALSE,FALSE,FALSE,TRUE,FALSE,FALSE,FALSE,"{""coordinates"": [[-79.42110096167538, 43.643720240425644]], ""type"": ""MultiPoint""}"
20388,2015:5002211839,2015-12-26T16:18:00,1071 QUEEN ST W,,1 m South of,5,Non-Fatal Injury,Laneway,No Control,Pedestrian Collision (internal code),Clear,Daylight,Dry,Major Arterial,FALSE,-79.42110096,43.64372024,1,,Unknown,2,23,Major,No Equipment Available,,,On sidewalk or shoulder,Normal,,Driver hits pedestrian on sidewalk or shoulder,,,,pedestrian,,Spadina-Fort York (10),14 Division,West Queen West,FALSE,FALSE,FALSE,FALSE,FALSE,FALSE,TRUE,FALSE,FALSE,FALSE,"{""coordinates"": [[-79.42110096167538, 43.643720240425644]], ""type"": ""MultiPoint""}"
20389,2015:5002212262,2015-12-26T17:54:00,DUPONT ST,DELAWARE AVE,16 m East of,3,Non-Fatal Injury,Non-Intersection,No Control,Pedestrian Collision (internal code),Clear,Dusk with Artificial Lighting,Dry,Major Arterial,FALSE,-79.43153794,43.66992725,1,Passenger Van,East,1,63,None,Lap and Shoulder Belt,Driving properly,Normal,,,Going Ahead,,,,,driver,,Davenport (9),14 Division,Dovercourt Village,FALSE,FALSE,FALSE,FALSE,FALSE,FALSE,TRUE,FALSE,FALSE,FALSE,"{""coordinates"": [[-79.43153793884906, 43.669927247292]], ""type"": ""MultiPoint""}"
20390,2015:5002234344,2015-12-30T18:24:00,CARLTON ST,SHERBOURNE ST,,2,Non-Fatal Injury,At Intersection,Traffic Signal,Pedestrian Collision (internal code),Clear,Dark,Dry,Minor Arterial,TRUE,-79.37305084,43.66317916,1,,East,2,39,Major,No Equipment Available,,,Crossing with right-of-way (intersection),Normal,,Driver turns right into pedestrian crossing with right-of-way (at intersection),,,,pedestrian,,Toronto Centre (13),51 Division,Moss Park,TRUE,TRUE,FALSE,FALSE,FALSE,FALSE,TRUE,FALSE,FALSE,FALSE,"{""coordinates"": [[-79.37305083770421, 43.663179164635245]], ""type"": ""MultiPoint""}"
20392,2016:6000004050,2016-01-01T19:04:00,MOUNT PLEASANT RD,DAVISVILLE AVE,,2,Non-Fatal Injury,At Intersection,Traffic Signal,Pedestrian Collision (internal code),Clear,Dark with Artificial Lighting,Dry,Major Arterial,FALSE,-79.38695881,43.70030018,1,,Unknown,2,53,Major,No Equipment Available,,,Other,Normal,,Driver turns right into pedestrian crossing with right-of-way (at intersection),,,,pedestrian,,Don Valley West (15),53 Division,Mount Pleasant East,TRUE,FALSE,FALSE,FALSE,FALSE,TRUE,TRUE,FALSE,FALSE,FALSE,"{""coordinates"": [[-79.38695880737251, 43.70030017626789]], ""type"": ""MultiPoint""}"
20396,2016:6000023068,2016-01-05T06:40:00,STEELES AVE E,WAGGONERS WELL LN,60 m West of,2,Non-Fatal Injury,Non-Intersection,No Control,Pedestrian Collision (internal code),Clear,Dark with Artificial Lighting,Dry,Major Arterial,FALSE,-79.36679464,43.80979314,1,,North,2,62,Major,Use Unknown,,,Crossing - no traffic control,Normal,,Driver hits pedestrian at midblock,,,,pedestrian,,Don Valley North (17),33 Division,Hillcrest Village,FALSE,FALSE,FALSE,FALSE,FALSE,TRUE,TRUE,FALSE,FALSE,FALSE,"{""coordinates"": [[-79.36679463595304, 43.80979313753135]], ""type"": ""MultiPoint""}"
20397,2016:6000026380,2016-01-05T16:28:00,EGLINTON AVE E,PHARMACY AVE,265 m East of,2,Non-Fatal Injury,Non-Intersection,No Control,Pedestrian Collision (internal code),Clear,Daylight,Dry,Major Arterial,FALSE,-79.29469661,43.72621705,1,Automobile or Station Wagon,West,1,25,None,Lap and Shoulder Belt,Driving properly,Normal,,,Going Ahead,,,,,driver,,Scarborough Southwest (20),41 Division,Clairlea-Birchmount,FALSE,FALSE,FALSE,FALSE,FALSE,FALSE,TRUE,FALSE,TRUE,FALSE,"{""coordinates"": [[-79.29469660602224, 43.72621704986438]], ""type"": ""MultiPoint""}"
20398,2016:6000044562,2016-01-08T13:30:00,BAYVIEW AVE,PARKHURST BLVD,6 m North of,2,Non-Fatal Injury,Intersection-Related,Pedestrian Crossover,Pedestrian Collision (internal code),Clear,Daylight,Wet,Major Arterial,FALSE,-79.37635478,43.70876116,1,Automobile or Station Wagon,North,1,25,None,Lap and Shoulder Belt,Driving properly,Normal,,,Going Ahead,,,,,driver,,Don Valley West (15),53 Division,Leaside-Bennington,FALSE,TRUE,FALSE,FALSE,FALSE,FALSE,TRUE,FALSE,FALSE,FALSE,"{""coordinates"": [[-79.37635477530773, 43.70876116004555]], ""type"": ""MultiPoint""}"
20399,2016:6000063108,2016-01-11T16:18:00,MCNICOLL AVE,MARKHAM RD,,2,Non-Fatal Injury,At Intersection,No Control,Pedestrian Collision (internal code),Clear,Dark,Dry,Major Arterial,FALSE,-79.24780644,43.823988,1,,North,2,30,Major,Use Unknown,,,Crossing without right-of-way (intersection),Normal,,Driver going straight hits pedestrian crossing without right-of-way (at intersection),,,,pedestrian,,Scarborough North (23),42 Division,Morningside Heights,FALSE,FALSE,FALSE,FALSE,FALSE,FALSE,TRUE,FALSE,FALSE,FALSE,"{""coordinates"": [[-79.24780643776371, 43.82398800340924]], ""type"": ""MultiPoint""}"
20400,2016:6000071039,2016-01-12T21:17:00,WARDEN AVE,BAMBURGH CRCL,,2,Non-Fatal Injury,At Intersection,Traffic Signal,Pedestrian Collision (internal code),Strong Wind,Dark,Slush,Major Arterial,FALSE,-79.32454256,43.81619009,1,,East,2,47,Major,Use Unknown,,,Crossing without right-of-way (intersection),Normal,,Driver going straight hits pedestrian crossing without right-of-way (at intersection),,,,pedestrian,,Scarborough-Agincourt (22),42 Division,Steeles,FALSE,FALSE,FALSE,FALSE,FALSE,TRUE,TRUE,FALSE,FALSE,FALSE,"{""coordinates"": [[-79.32454256336585, 43.81619008915583]], ""type"": ""MultiPoint""}"
20401,2016:6000081215,2016-01-14T13:36:00,TECUMSETH ST,QUEEN ST W,,2,Non-Fatal Injury,At Intersection,Traffic Signal,Pedestrian Collision (internal code),Clear,Daylight,Dry,Major Arterial,FALSE,-79.40656693,43.64666922,1,,East,2,34,Major,No Equipment Available,,,Crossing with right-of-way (intersection),Normal,,Driver turns left into pedestrian crossing with right-of-way (at intersection),,,,pedestrian,,Spadina-Fort York (10),14 Division,West Queen West,TRUE,TRUE,FALSE,FALSE,FALSE,FALSE,TRUE,FALSE,FALSE,FALSE,"{""coordinates"": [[-79.40656692831375, 43.64666921785331]], ""type"": ""MultiPoint""}"
20403,2016:6001982704,2016-11-07T19:11:00,ISLINGTON AVE,CORDOVA AVE,50 m South of,7,Non-Fatal Injury,Non-Intersection,No Control,Pedestrian Collision (internal code),Clear,Dark,Dry,Major Arterial,FALSE,-79.52483014,43.64781739,1,,,7,8,None,Use Unknown,,,,,,,,,,passenger,,Etobicoke-Lakeshore (3),22 Division,Islington,FALSE,FALSE,FALSE,FALSE,FALSE,FALSE,TRUE,FALSE,TRUE,FALSE,"{""coordinates"": [[-79.52483014213811, 43.647817386958835]], ""type"": ""MultiPoint""}"
20404,2016:6000089379,2016-01-15T18:58:00,CHAMBERS AVE,ROCKWELL AVE,,2,Non-Fatal Injury,Intersection-Related,No Control,Pedestrian Collision (internal code),Rain,Dark,Wet,Collector,TRUE,-79.46310799,43.67674029,1,Automobile or Station Wagon,North,1,,None,Use Unknown,Failed to yield right-of-way,Unknown,,,Turning Left,,,,,driver,,Davenport (9),12 Division,Weston-Pelham Park,TRUE,FALSE,FALSE,FALSE,FALSE,FALSE,TRUE,FALSE,FALSE,FALSE,"{""coordinates"": [[-79.46310798703901, 43.67674028985358]], ""type"": ""MultiPoint""}"
20405,2016:6000094182,2016-01-16T15:36:00,OSSINGTON AVE,DAVENPORT RD,41 m South of,2,Non-Fatal Injury,Non-Intersection,No Control,Pedestrian Collision (internal code),Clear,Daylight,Dry,Minor Arterial,FALSE,-79.43080593,43.67431024,1,,North,2,23,Major,Use Unknown,,,Running onto roadway,Normal,,Driver hits pedestrian at midblock,,,,pedestrian,,Toronto-St. Paul's (12),13 Division,Wychwood,FALSE,FALSE,FALSE,FALSE,FALSE,FALSE,TRUE,FALSE,FALSE,FALSE,"{""coordinates"": [[-79.43080593020382, 43.674310244783456]], ""type"": ""MultiPoint""}"
20407,2016:6000125863,2016-01-21T19:17:00,FINCH AVE W,WESTON RD,90 m West of,4,Non-Fatal Injury,Non-Intersection,No Control,Pedestrian Collision (internal code),Clear,Dark with Artificial Lighting,Dry,Major Arterial,FALSE,-79.54352997,43.75184435,1,,Unknown,4,49,Major,No Equipment Available,,,Other,Inattentive,,Driver hits pedestrian at midblock,,,,pedestrian,,Humber River-Black Creek (7),31 Division,Humbermede,FALSE,TRUE,FALSE,FALSE,FALSE,TRUE,TRUE,FALSE,FALSE,TRUE,"{""coordinates"": [[-79.54352997377357, 43.751844353657425]], ""type"": ""MultiPoint""}"
20408,2016:6000125863,2016-01-21T19:17:00,FINCH AVE W,WESTON RD,90 m West of,4,Non-Fatal Injury,Non-Intersection,No Control,Pedestrian Collision (internal code),Clear,Dark with Artificial Lighting,Dry,Major Arterial,FALSE,-79.54352997,43.75184435,1,Automobile or Station Wagon,East,1,66,None,Lap and Shoulder Belt,Driving properly,Normal,,,Going Ahead,,,,,driver,,Humber River-Black Creek (7),31 Division,Humbermede,FALSE,TRUE,FALSE,FALSE,FALSE,TRUE,TRUE,FALSE,FALSE,TRUE,"{""coordinates"": [[-79.54352997377357, 43.751844353657425]], ""type"": ""MultiPoint""}"
20409,2016:6000131463,2016-01-22T18:11:00,135 TYNDALL AVE,,85 m South of,2,Non-Fatal Injury,At/Near Private Drive,No Control,Cyclist Collision (internal code),Clear,Dark with Artificial Lighting,Dry,Local,FALSE,-79.42868499,43.63741825,1,Automobile or Station Wagon,South,1,43,None,Lap and Shoulder Belt,Improper turn,Inattentive,,,Turning Left,,,,,driver,,Parkdale-High Park (4),14 Division,South Parkdale,FALSE,TRUE,TRUE,FALSE,FALSE,FALSE,FALSE,FALSE,FALSE,FALSE,"{""coordinates"": [[-79.42868498703015, 43.63741825384349]], ""type"": ""MultiPoint""}"
20410,2016:6000143198,2016-01-23T20:10:00,THE QUEENSWAY,NORTH QUEEN ST,,2,Non-Fatal Injury,At Intersection,Traffic Signal,Cyclist Collision (internal code),Clear,Dark with Artificial Lighting,Dry,Major Arterial,FALSE,-79.55611125,43.61414544,1,Automobile or Station Wagon,East,1,53,None,Lap and Shoulder Belt,Failed to yield right-of-way,Unknown,,,Turning Left,,,,,driver,,Etobicoke-Lakeshore (3),22 Division,Etobicoke City Centre,TRUE,FALSE,TRUE,FALSE,FALSE,FALSE,FALSE,FALSE,FALSE,FALSE,"{""coordinates"": [[-79.55611124581169, 43.61414544414305]], ""type"": ""MultiPoint""}"
20411,2016:6000143502,2016-01-24T21:41:00,EGLINTON AVE E,MASON RD,,2,Non-Fatal Injury,At Intersection,Traffic Signal,Pedestrian Collision (internal code),Clear,Dark with Artificial Lighting,Dry,Major Arterial,FALSE,-79.22515447,43.74178097,1,,Unknown,2,37,Major,Use Unknown,,,Crossing without right-of-way (intersection),Inattentive,,Driver going straight hits pedestrian crossing without right-of-way (at intersection),,,,pedestrian,,Scarborough Southwest (20),43 Division,Scarborough Village,FALSE,TRUE,FALSE,FALSE,FALSE,TRUE,TRUE,FALSE,FALSE,FALSE,"{""coordinates"": [[-79.22515447392053, 43.74178096693147]], ""type"": ""MultiPoint""}"
20412,2016:6000148806,2016-01-25T19:15:00,OVERLEA BLVD,WILLIAM MORGAN DR,,2,Non-Fatal Injury,At Intersection,Traffic Signal,Pedestrian Collision (internal code),Clear,Dark with Artificial Lighting,Dry,Major Arterial,FALSE,-79.34135071,43.70794511,1,Passenger Van,South,1,43,None,Lap and Shoulder Belt,Failed to yield right-of-way,Inattentive,,,Turning Left,,,,,driver,,Don Valley West (15),53 Division,Thorncliffe Park,TRUE,TRUE,FALSE,FALSE,FALSE,TRUE,TRUE,FALSE,FALSE,FALSE,"{""coordinates"": [[-79.34135071353352, 43.707945113036864]], ""type"": ""MultiPoint""}"
20414,2016:6000168422,2016-01-28T21:30:00,48MILLDOCK,,172 m East of,2,Non-Fatal Injury,Non-Intersection,No Control,Pedestrian Collision (internal code),Snow,Dark with Artificial Lighting,Wet,Local,TRUE,-79.1258963,43.79031088,1,Unknown,Unknown,1,,None,Use Unknown,,,,,Unknown,,,,,other,,Scarborough-Rouge Park (25),43 Division,West Rouge,FALSE,FALSE,FALSE,FALSE,FALSE,FALSE,TRUE,FALSE,FALSE,FALSE,"{""coordinates"": [[-79.1258963017235, 43.79031087925586]], ""type"": ""MultiPoint""}"
20416,2016:6000197047,2016-02-02T16:16:00,JANE ST,GRANDRAVINE DR,,2,Non-Fatal Injury,At Intersection,Traffic Signal,Pedestrian Collision (internal code),Clear,Daylight,Dry,Major Arterial,FALSE,-79.51508695,43.74702232,1,,East,2,59,Major,Use Unknown,,,Crossing with right-of-way (intersection),Normal,,Driver turns left into pedestrian crossing with right-of-way (at intersection),,,,pedestrian,,Humber River-Black Creek (7),31 Division,Glenfield-Jane Heights,TRUE,TRUE,FALSE,FALSE,FALSE,FALSE,TRUE,FALSE,FALSE,FALSE,"{""coordinates"": [[-79.5150869460608, 43.74702232431107]], ""type"": ""MultiPoint""}"
20422,2016:6000304875,2016-02-20T17:17:00,CONFEDERATION DR,STEVENWOOD RD,,2,Non-Fatal Injury,At Intersection,No Control,Cyclist Collision (internal code),Clear,Daylight,Dry,Collector,FALSE,-79.22108846,43.75535397,1,Automobile or Station Wagon,West,1,39,None,Lap and Shoulder Belt,Improper turn,Normal,,,Turning Left,,,,,driver,,Scarborough-Guildwood (24),43 Division,Golfdale-Cedarbrae-Woburn,FALSE,FALSE,TRUE,FALSE,FALSE,FALSE,FALSE,FALSE,FALSE,FALSE,"{""coordinates"": [[-79.22108845521367, 43.7553539650173]], ""type"": ""MultiPoint""}"
20423,2016:6000307200,2016-02-21T01:47:00,THE QUEENSWAY K,KIPLING AVE,81 m West of,3,Non-Fatal Injury,At/Near Private Drive,No Control,Pedestrian Collision (internal code),Clear,Dark with Artificial Lighting,Dry,Major Arterial,FALSE,-79.5279052,43.62064141,1,Automobile or Station Wagon,West,1,25,None,Use Unknown,Lost control,Ability Impaired - Alcohol,,,Going Ahead,,,,,driver,,Etobicoke-Lakeshore (3),22 Division,Etobicoke City Centre,FALSE,FALSE,FALSE,FALSE,FALSE,FALSE,TRUE,FALSE,FALSE,FALSE,"{""coordinates"": [[-79.52790519655184, 43.620641405028444]], ""type"": ""MultiPoint""}"
20424,2016:6000310754,2016-02-21T17:30:00,1330 MARTIN GROVE RD,,11 m West of,2,Non-Fatal Injury,At/Near Private Drive,No Control,Pedestrian Collision (internal code),Clear,Daylight,Dry,Major Arterial,FALSE,-79.5796021,43.71060042,1,Truck - Closed,East,1,52,None,Use Unknown,Other,Normal,,,Reversing,,,,,driver,,Etobicoke North (1),23 Division,West Humber-Clairville,FALSE,FALSE,FALSE,FALSE,FALSE,FALSE,TRUE,FALSE,FALSE,TRUE,"{""coordinates"": [[-79.57960209542993, 43.71060041724501]], ""type"": ""MultiPoint""}"
20425,2016:6000324191,2016-02-23T21:46:00,OSSINGTON AVE,COLLEGE ST,67 m South of,2,Non-Fatal Injury,Non-Intersection,No Control,Pedestrian Collision (internal code),Clear,Dark with Artificial Lighting,Dry,Minor Arterial,FALSE,-79.42245895,43.65379524,1,Automobile or Station Wagon,South,1,35,Minor,Lap and Shoulder Belt,Lost control,Inattentive,,,Going Ahead,,,,,driver,,University-Rosedale (11),14 Division,Trinity-Bellwoods,FALSE,TRUE,FALSE,FALSE,FALSE,FALSE,TRUE,FALSE,FALSE,FALSE,"{""coordinates"": [[-79.42245894790953, 43.65379523930423]], ""type"": ""MultiPoint""}"
20426,2016:6000332112,2016-02-25T09:12:00,FINCH AVE E,DON MILLS RD,,2,Non-Fatal Injury,At Intersection,Traffic Signal,Pedestrian Collision (internal code),Freezing Rain or Hail,Daylight,Wet,Major Arterial,TRUE,-79.35469481,43.79258944,1,Automobile or Station Wagon,East,1,,None,Use Unknown,Failed to yield right-of-way,Unknown,,,Turning Right,,,,,driver,,Don Valley North (17),33 Division,Don Valley Village,TRUE,FALSE,FALSE,FALSE,FALSE,FALSE,TRUE,FALSE,FALSE,FALSE,"{""coordinates"": [[-79.35469480886637, 43.79258944246168]], ""type"": ""MultiPoint""}"
20427,2016:6000334615,2016-02-25T16:25:00,AVIEMORE DR,GRAMPIAN CRES,99 m South of,2,Non-Fatal Injury,Non-Intersection,No Control,Pedestrian Collision (internal code),Clear,Daylight,Dry,Local,FALSE,-79.57017201,43.75034538,1,Automobile or Station Wagon,North,2,77,None,Lap and Shoulder Belt,Improper passing,Inattentive,,,Going Ahead,,,,,driver,,Humber River-Black Creek (7),31 Division,Humber Summit,TRUE,TRUE,FALSE,FALSE,FALSE,TRUE,TRUE,FALSE,FALSE,FALSE,"{""coordinates"": [[-79.57017200907917, 43.750345383568835]], ""type"": ""MultiPoint""}"
20428,2016:6000365779,2016-02-29T19:30:00,COSBURN AVE,PAPE AVE,3 m East of,2,Non-Fatal Injury,Non-Intersection,No Control,Pedestrian Collision (internal code),Clear,Dark with Artificial Lighting,Dry,Minor Arterial,FALSE,-79.34833875,43.68943613,1,,East,2,61,Major,Use Unknown,,,Crossing with right-of-way (intersection),Normal,,Driver hits pedestrian at midblock,,,,pedestrian,,Toronto-Danforth (14),55 Division,Danforth East York,TRUE,TRUE,FALSE,FALSE,FALSE,FALSE,TRUE,FALSE,FALSE,FALSE,"{""coordinates"": [[-79.34833875262807, 43.689436125061086]], ""type"": ""MultiPoint""}"
20429,2016:6000359502,2016-02-29T19:39:00,137 QUEEN S PLATE DR,,1 m North of,2,Non-Fatal Injury,Non-Intersection,No Control,Pedestrian Collision (internal code),Clear,Dusk,Dry,Collector,FALSE,-79.5925941,43.71726043,1,Automobile or Station Wagon,North,1,55,None,Lap and Shoulder Belt,Driving properly,Normal,,,Going Ahead,,,,,driver,,Etobicoke North (1),23 Division,West Humber-Clairville,FALSE,TRUE,FALSE,FALSE,FALSE,FALSE,TRUE,FALSE,FALSE,FALSE,"{""coordinates"": [[-79.59259409938531, 43.71726042819937]], ""type"": ""MultiPoint""}"
20430,2016:6000362720,2016-03-01T11:17:00,BATHURST ST,NINA ST,,3,Non-Fatal Injury,Intersection-Related,Traffic Signal,Pedestrian Collision (internal code),Snow,Daylight,Loose Snow,Major Arterial,FALSE,-79.4169729,43.67981122,2,,,2,76,None,Lap Belt Only of Combined Assembly,,,,,,,,,,passenger,,Toronto-St. Paul's (12),13 Division,Casa Loma,TRUE,TRUE,FALSE,FALSE,FALSE,TRUE,TRUE,TRUE,FALSE,FALSE,"{""coordinates"": [[-79.41697289515442, 43.679811223406325]], ""type"": ""MultiPoint""}"
20431,2016:6000362720,2016-03-01T11:17:00,BATHURST ST,NINA ST,,3,Non-Fatal Injury,Intersection-Related,Traffic Signal,Pedestrian Collision (internal code),Snow,Daylight,Loose Snow,Major Arterial,FALSE,-79.4169729,43.67981122,1,,Unknown,3,42,Major,No Equipment Available,,,Crossing with right-of-way (intersection),Normal,,Driver going straight hits pedestrian crossing with right-of-way (at intersection),,,,pedestrian,,Toronto-St. Paul's (12),13 Division,Casa Loma,TRUE,TRUE,FALSE,FALSE,FALSE,TRUE,TRUE,TRUE,FALSE,FALSE,"{""coordinates"": [[-79.41697289515442, 43.679811223406325]], ""type"": ""MultiPoint""}"
20433,2016:6000408814,2016-03-08T21:06:00,EGLINTON AVE W,BATHURST ST,,2,Non-Fatal Injury,Intersection-Related,Traffic Signal,Pedestrian Collision (internal code),Clear,Daylight,Dry,Major Arterial,FALSE,-79.42554888,43.70098323,1,Bus - Other,North,1,33,None,Lap and Shoulder Belt,Driving properly,Normal,,,Going Ahead,,,,,driver,,Toronto-St. Paul's (12),13 Division,Forest Hill South,FALSE,TRUE,FALSE,FALSE,FALSE,FALSE,TRUE,FALSE,FALSE,TRUE,"{""coordinates"": [[-79.42554887650596, 43.700983228744654]], ""type"": ""MultiPoint""}"
20434,2016:6000411466,2016-03-09T10:14:00,JOHN GARLAND BLVD,MARTIN GROVE RD,3 m East of,2,Non-Fatal Injury,At Intersection,Traffic Signal,Pedestrian Collision (internal code),Clear,Daylight,Dry,Major Arterial,FALSE,-79.58940507,43.73201142,1,,South,2,66,Major,Use Unknown,,,Crossing with right-of-way (intersection),Normal,,Driver turns right into pedestrian crossing with right-of-way (at intersection),,,,pedestrian,,Etobicoke North (1),23 Division,Mount Olive-Silverstone-Jamestown,TRUE,TRUE,FALSE,FALSE,FALSE,TRUE,TRUE,FALSE,FALSE,FALSE,"{""coordinates"": [[-79.58940506753163, 43.73201141572037]], ""type"": ""MultiPoint""}"
20435,2016:6000434518,2016-03-12T22:35:00,YONGE ST,EGLINTON AVE E,,5,Non-Fatal Injury,At Intersection,Traffic Signal,Pedestrian Collision (internal code),Clear,Dark with Artificial Lighting,Dry,Major Arterial,FALSE,-79.39835782,43.70672019,1,,South,5,60,Major,No Equipment Available,,,Crossing with right-of-way (intersection),Normal,,Driver going straight hits pedestrian crossing with right-of-way (at intersection),,,,pedestrian,,Toronto-St. Paul's (12),53 Division,South Eglinton-Davisville,FALSE,FALSE,FALSE,FALSE,FALSE,TRUE,TRUE,FALSE,TRUE,FALSE,"{""coordinates"": [[-79.39835781806224, 43.706720190183084]], ""type"": ""MultiPoint""}"
20436,2016:6000434518,2016-03-12T22:35:00,YONGE ST,EGLINTON AVE E,,5,Non-Fatal Injury,At Intersection,Traffic Signal,Pedestrian Collision (internal code),Clear,Dark with Artificial Lighting,Dry,Major Arterial,FALSE,-79.39835782,43.70672019,1,,,3,19,None,Lap and Shoulder Belt,,,,,,,,,,passenger,,Toronto-St. Paul's (12),53 Division,South Eglinton-Davisville,FALSE,FALSE,FALSE,FALSE,FALSE,TRUE,TRUE,FALSE,TRUE,FALSE,"{""coordinates"": [[-79.39835781806224, 43.706720190183084]], ""type"": ""MultiPoint""}"