_id,collision_id,accdate,stname1,stname2,stname3,per_inv,acclass,accloc,traffictl,impactype,visible,light,rdsfcond,road_class,failtorem,longitude,latitude,veh_no,vehtype,initdir,per_no,invage,injury,safequip,drivact,drivcond,pedact,pedcond,manoeuvre,pedtype,cyclistype,cycact,cyccond,road_user,fatal_no,wardname,division,neighbourhood,aggressive,distracted,cyclist,motorcyclist,other_micromobility,older_adult,pedestrian,red_light,school_child,heavy_truck,geometry
20645,2017:7000058719,2017-01-10T20:03:00,ADELAIDE ST E,CHURCH ST,,3,Non-Fatal Injury,At Intersection,Traffic Signal,Pedestrian Collision (internal code),Rain,Dark with Artificial Lighting,Wet,Major Arterial,FALSE,-79.37491286,43.65117817,1,Automobile or Station Wagon,East,1,58,None,Lap and Shoulder Belt,Driving properly,Normal,,,Going Ahead,,,,,driver,,Toronto Centre (13),51 Division,Downtown Yonge East,FALSE,FALSE,FALSE,FALSE,FALSE,FALSE,TRUE,FALSE,TRUE,FALSE,"{""coordinates"": [[-79.37491285933218, 43.65117816976959]], ""type"": ""MultiPoint""}"
20646,2017:7000090444,2017-01-15T20:33:00,YONGE ST,ALBERTUS AVE,6 m South of,2,Non-Fatal Injury,Intersection-Related,No Control,Pedestrian Collision (internal code),Clear,Dark with Artificial Lighting,Dry,Major Arterial,FALSE,-79.39999781,43.71449419,1,,West,1,49,Major,No Equipment Available,,,Crossing without right-of-way (intersection),Inattentive,,Driver going straight hits pedestrian crossing without right-of-way (at intersection),,,,pedestrian,,Don Valley West (15),53 Division,Mount Pleasant East,FALSE,TRUE,FALSE,FALSE,FALSE,FALSE,TRUE,FALSE,FALSE,FALSE,"{""coordinates"": [[-79.3999978088006, 43.71449419036997]], ""type"": ""MultiPoint""}"
20647,2017:7000112853,2017-01-19T05:53:00,KING ST W,BAY ST,,2,Non-Fatal Injury,At Intersection,Traffic Signal,Pedestrian Collision (internal code),Clear,Dark with Artificial Lighting,Dry,Major Arterial,FALSE,-79.38023787,43.64857618,1,,Unknown,1,44,Major,Use Unknown,,,Other,Inattentive,,Driver hits pedestrian on sidewalk or shoulder,,,,pedestrian,,Toronto Centre (13),52 Division,Yonge-Bay Corridor,FALSE,TRUE,FALSE,FALSE,FALSE,FALSE,TRUE,FALSE,FALSE,TRUE,"{""coordinates"": [[-79.38023787368223, 43.648576178208316]], ""type"": ""MultiPoint""}"
20648,2017:7000117079,2017-01-19T17:55:00,COLLINSGROVE RD,LAWRENCE AV E,113 m North of,2,Non-Fatal Injury,Non-Intersection,No Control,Pedestrian Collision (internal code),Clear,Dark with Artificial Lighting,Dry,Collector,FALSE,-79.18315439,43.76991793,1,,East,2,58,Major,Use Unknown,,,Crossing - no traffic control,Normal,,Driver hits pedestrian at midblock,,,,pedestrian,,Scarborough-Rouge Park (25),43 Division,West Hill,FALSE,FALSE,FALSE,FALSE,FALSE,TRUE,TRUE,FALSE,FALSE,FALSE,"{""coordinates"": [[-79.18315439216592, 43.76991792996595]], ""type"": ""MultiPoint""}"
20649,2017:7000148860,2017-01-24T16:35:00,95 REDPATH AVE,,10 m West of,2,Non-Fatal Injury,Non-Intersection,No Control,Pedestrian Collision (internal code),Freezing Rain or Hail,Daylight,Wet,Collector,FALSE,-79.39241381,43.70687318,1,,East,1,36,Major,Use Unknown,,,Running onto roadway,Other Condition,,Driver hits pedestrian at midblock,,,,pedestrian,,Toronto-St. Paul's (12),53 Division,South Eglinton-Davisville,FALSE,FALSE,FALSE,FALSE,FALSE,FALSE,TRUE,FALSE,FALSE,FALSE,"{""coordinates"": [[-79.39241380710648, 43.706873182117896]], ""type"": ""MultiPoint""}"
20650,2017:7000156964,2017-01-25T19:34:00,BATHURST ST,LENNOX ST,,2,Non-Fatal Injury,At Intersection,Traffic Signal,Pedestrian Collision (internal code),Rain,Dark with Artificial Lighting,Wet,Major Arterial,TRUE,-79.41067891,43.66375522,1,,East,2,54,Major,No Equipment Available,,,Crossing with right-of-way (intersection),Normal,,Driver turns right into pedestrian crossing with right-of-way (at intersection),,,,pedestrian,,University-Rosedale (11),14 Division,University,TRUE,FALSE,FALSE,FALSE,FALSE,FALSE,TRUE,FALSE,FALSE,FALSE,"{""coordinates"": [[-79.41067890904694, 43.663755219099315]], ""type"": ""MultiPoint""}"
20651,2017:7000169325,2017-01-27T14:50:00,FRONT ST W,YONGE ST,100 m West of,3,Non-Fatal Injury,Non-Intersection,No Control,Cyclist Collision (internal code),Clear,Daylight,Dry,Minor Arterial,FALSE,-79.37782687,43.64623818,2,Bicycle,West,2,35,Major,No Equipment Available,,,,,Overtaking,,Dooring,Driving Properly,Normal,cyclist,,Spadina-Fort York (10),52 Division,St Lawrence-East Bayfront-The Islands,FALSE,TRUE,TRUE,FALSE,FALSE,FALSE,FALSE,FALSE,FALSE,FALSE,"{""coordinates"": [[-79.37782687249225, 43.64623817511562]], ""type"": ""MultiPoint""}"
20652,2017:7000169325,2017-01-27T14:50:00,FRONT ST W,YONGE ST,100 m West of,3,Non-Fatal Injury,Non-Intersection,No Control,Cyclist Collision (internal code),Clear,Daylight,Dry,Minor Arterial,FALSE,-79.37782687,43.64623818,3,Automobile or Station Wagon,West,3,54,None,Lap and Shoulder Belt,Driving properly,Normal,,,Going Ahead,,,,,driver,,Spadina-Fort York (10),52 Division,St Lawrence-East Bayfront-The Islands,FALSE,TRUE,TRUE,FALSE,FALSE,FALSE,FALSE,FALSE,FALSE,FALSE,"{""coordinates"": [[-79.37782687249225, 43.64623817511562]], ""type"": ""MultiPoint""}"
20654,2017:7000200382,2017-02-01T14:15:00,MORNINGSIDE AVE,401 C E MORNINGSIDE AVE S RAMP,,2,Non-Fatal Injury,At Intersection,Traffic Signal,Pedestrian Collision (internal code),Clear,Daylight,Dry,Major Arterial,FALSE,-79.19647539,43.79479395,1,,North,2,22,Minor,Use Unknown,,,Crossing with right-of-way (intersection),Normal,,Driver going straight hits pedestrian crossing with right-of-way (at intersection),,,,pedestrian,,Scarborough-Rouge Park (25),43 Division,Highland Creek,TRUE,TRUE,FALSE,FALSE,FALSE,FALSE,TRUE,FALSE,FALSE,FALSE,"{""coordinates"": [[-79.19647539290283, 43.79479394898642]], ""type"": ""MultiPoint""}"
20655,2017:7000239280,2017-02-07T19:09:00,MORTIMER AVE,BROADVIEW AVE,42 m East of,2,Non-Fatal Injury,Non-Intersection,No Control,Pedestrian Collision (internal code),Rain,Dark with Artificial Lighting,Wet,Minor Arterial,FALSE,-79.35628178,43.68395414,1,Automobile or Station Wagon,East,1,68,None,Lap and Shoulder Belt,Driving properly,Normal,,,Slowing or Stopping,,,,,driver,,Toronto-Danforth (14),55 Division,Broadview North,FALSE,FALSE,FALSE,FALSE,FALSE,TRUE,TRUE,FALSE,FALSE,FALSE,"{""coordinates"": [[-79.35628177529189, 43.68395413698111]], ""type"": ""MultiPoint""}"
20656,2017:7000244602,2017-02-08T15:10:00,4 THE DONWAY E,GUYTOI CRT,3 m North of,2,Non-Fatal Injury,At/Near Private Drive,No Control,Pedestrian Collision (internal code),Clear,Daylight,Dry,Minor Arterial,FALSE,-79.34146468,43.73233611,1,,West,2,37,Major,No Equipment Available,,,On sidewalk or shoulder,Normal,,Driver hits pedestrian at private driveway,,,,pedestrian,,Don Valley East (16),33 Division,Banbury-Don Mills,TRUE,TRUE,FALSE,FALSE,FALSE,FALSE,TRUE,FALSE,FALSE,FALSE,"{""coordinates"": [[-79.34146467924688, 43.73233611014591]], ""type"": ""MultiPoint""}"
20657,2017:7000256158,2017-02-10T10:03:00,QUEEN ST E,SHERBOURNE ST,5 m East of,2,Non-Fatal Injury,At Intersection,Traffic Signal,Pedestrian Collision (internal code),Clear,Daylight,Dry,Major Arterial,FALSE,-79.36941884,43.65445116,1,,Unknown,1,38,Major,Use Unknown,,,Other,Other Condition,,Other,,,,pedestrian,,Toronto Centre (13),51 Division,Moss Park,FALSE,FALSE,FALSE,FALSE,FALSE,FALSE,TRUE,FALSE,FALSE,TRUE,"{""coordinates"": [[-79.36941884372852, 43.65445116101887]], ""type"": ""MultiPoint""}"
20658,2017:7000264756,2017-02-11T20:11:00,MIDLAND AVE,SHEPPARD AVE E,,2,Non-Fatal Injury,At Intersection,Traffic Signal,Pedestrian Collision (internal code),Clear,Dark with Artificial Lighting,Wet,Major Arterial,FALSE,-79.27852952,43.78527603,1,,West,1,37,Major,Lap and Shoulder Belt,,,Crossing without right-of-way (intersection),Inattentive,,Driver going straight hits pedestrian crossing without right-of-way (at intersection),,,,pedestrian,,Scarborough North (23),42 Division,Agincourt South-Malvern West,FALSE,TRUE,FALSE,FALSE,FALSE,TRUE,TRUE,FALSE,FALSE,FALSE,"{""coordinates"": [[-79.27852951790555, 43.78527603323933]], ""type"": ""MultiPoint""}"
20659,2017:7000267446,2017-02-12T09:36:00,RICHMOND ST E,JARVIS ST,,3,Non-Fatal Injury,At Intersection,Traffic Signal,Pedestrian Collision (internal code),Rain,Daylight,Packed Snow,Major Arterial,FALSE,-79.37279185,43.65263117,1,Automobile or Station Wagon,West,1,33,None,Lap and Shoulder Belt,Speed too fast for conditions,Normal,,,Going Ahead,,,,,driver,,Toronto Centre (13),51 Division,Moss Park,TRUE,FALSE,FALSE,FALSE,FALSE,FALSE,TRUE,FALSE,FALSE,FALSE,"{""coordinates"": [[-79.37279185301293, 43.65263116634395]], ""type"": ""MultiPoint""}"
20660,2017:7000274781,2017-02-13T15:07:00,FINCH AVE W,YONGE ST,,2,Non-Fatal Injury,At Intersection,Traffic Signal,Pedestrian Collision (internal code),Clear,Daylight,Wet,Major Arterial,FALSE,-79.41553875,43.7796952,1,Automobile or Station Wagon,East,1,37,None,Lap and Shoulder Belt,Driving properly,Normal,,,Going Ahead,,,,,driver,,Willowdale (18),32 Division,Yonge-Doris,FALSE,TRUE,FALSE,FALSE,FALSE,FALSE,TRUE,FALSE,FALSE,FALSE,"{""coordinates"": [[-79.41553874619727, 43.77969519709194]], ""type"": ""MultiPoint""}"
20661,2017:7000309465,2017-02-18T22:30:00,UNIVERSITY AVE,QUEEN ST W,11 m North of,4,Non-Fatal Injury,At Intersection,Traffic Signal,Pedestrian Collision (internal code),Clear,Dark with Artificial Lighting,Dry,Major Arterial,FALSE,-79.38659288,43.65077719,2,,Unknown,2,,None,Use Unknown,,,,,Unknown,,,,,other,,Spadina-Fort York (10),52 Division,Yonge-Bay Corridor,FALSE,TRUE,FALSE,FALSE,FALSE,FALSE,TRUE,FALSE,FALSE,FALSE,"{""coordinates"": [[-79.38659288275697, 43.650777187144655]], ""type"": ""MultiPoint""}"
20662,2017:7000309465,2017-02-18T22:30:00,UNIVERSITY AVE,QUEEN ST W,11 m North of,4,Non-Fatal Injury,At Intersection,Traffic Signal,Pedestrian Collision (internal code),Clear,Dark with Artificial Lighting,Dry,Major Arterial,FALSE,-79.38659288,43.65077719,1,,East,3,38,Major,No Equipment Available,,,Crossing without right-of-way (intersection),Inattentive,,Driver turns left into pedestrian crossing without right-of-way (at intersection),,,,pedestrian,,Spadina-Fort York (10),52 Division,Yonge-Bay Corridor,FALSE,TRUE,FALSE,FALSE,FALSE,FALSE,TRUE,FALSE,FALSE,FALSE,"{""coordinates"": [[-79.38659288275697, 43.650777187144655]], ""type"": ""MultiPoint""}"
20663,2017:7000313988,2017-02-19T17:27:00,1000 GERRARD ST E,,98 m West of,2,Non-Fatal Injury,Non-Intersection,No Control,Pedestrian Collision (internal code),Clear,Daylight,Dry,Minor Arterial,FALSE,-79.33872576,43.66846211,1,,South,2,57,Major,No Equipment Available,,,Crossing without right-of-way (intersection),Normal,,Driver hits pedestrian at midblock,,,,pedestrian,,Toronto-Danforth (14),55 Division,South Riverdale,FALSE,FALSE,FALSE,FALSE,FALSE,FALSE,TRUE,FALSE,FALSE,FALSE,"{""coordinates"": [[-79.33872576435117, 43.66846211417611]], ""type"": ""MultiPoint""}"
20665,2017:7000337987,2017-02-23T12:00:00,YONGE ST,NORTON AVE,,2,Non-Fatal Injury,At Intersection,Stop Sign,Pedestrian Collision (internal code),Clear,Daylight,Dry,Major Arterial,FALSE,-79.41359375,43.7721842,1,Automobile or Station Wagon,West,1,68,None,Lap and Shoulder Belt,Improper turn,Inattentive,,,Turning Left,,,,,driver,,Willowdale (18),32 Division,Yonge-Doris,FALSE,TRUE,FALSE,FALSE,FALSE,TRUE,TRUE,FALSE,FALSE,FALSE,"{""coordinates"": [[-79.41359375134631, 43.77218419560311]], ""type"": ""MultiPoint""}"
20666,2017:7000372559,2017-02-23T20:20:00,EGLINTON AVE E,VICTORIA PARK AVE,,2,Non-Fatal Injury,Non-Intersection,No Control,Pedestrian Collision (internal code),Clear,Dark with Artificial Lighting,Dry,Major Arterial,FALSE,-79.30141062,43.72473706,1,,North,2,85,Major,No Equipment Available,,,Crossing - no traffic control,Inattentive,,Driver hits pedestrian at midblock,,,,pedestrian,,Scarborough Southwest (20),41 Division,Clairlea-Birchmount,FALSE,TRUE,FALSE,FALSE,FALSE,TRUE,TRUE,FALSE,FALSE,FALSE,"{""coordinates"": [[-79.30141061970981, 43.72473705867498]], ""type"": ""MultiPoint""}"
20667,2017:7000342920,2017-02-24T06:15:00,KING ST W,JAMESON AVE,8 m East of,2,Non-Fatal Injury,At Intersection,Traffic Signal,Pedestrian Collision (internal code),Rain,Dawn,Wet,Major Arterial,FALSE,-79.435994,43.63710227,1,Automobile or Station Wagon,South,1,53,None,Lap and Shoulder Belt,Failed to yield right-of-way,Normal,,,Turning Left,,,,,driver,,Parkdale-High Park (4),14 Division,South Parkdale,TRUE,FALSE,FALSE,FALSE,FALSE,FALSE,TRUE,FALSE,FALSE,FALSE,"{""coordinates"": [[-79.43599400210154, 43.63710226500131]], ""type"": ""MultiPoint""}"
20668,2017:7000346961,2017-02-24T18:18:00,OAKWOOD AVE,STRADER AVE,7 m South of,2,Non-Fatal Injury,At Intersection,No Control,Pedestrian Collision (internal code),Clear,Dark with Artificial Lighting,Dry,Minor Arterial,FALSE,-79.44117392,43.69342625,1,,West,2,27,Major,Use Unknown,,,Crossing - no traffic control,Had Been Drinking,,Driver going straight hits pedestrian crossing without right-of-way (at intersection),,,,pedestrian,,Toronto-St. Paul's (12),13 Division,Oakwood Village,FALSE,FALSE,FALSE,FALSE,FALSE,TRUE,TRUE,FALSE,FALSE,FALSE,"{""coordinates"": [[-79.4411739176388, 43.6934262527509]], ""type"": ""MultiPoint""}"
20669,2017:7000366630,2017-02-26T23:11:00,215 HURON ST,,20 m South of,3,Non-Fatal Injury,Non-Intersection,No Control,Cyclist Collision (internal code),Clear,Dark with Artificial Lighting,Dry,Local,FALSE,-79.39853289,43.6591052,2,Bicycle,South,2,26,Major,Lap and Shoulder Belt,,,,,Going Ahead,,Insufficient information to describe collision,Other,Inattentive,cyclist,,University-Rosedale (11),52 Division,University,FALSE,TRUE,TRUE,FALSE,FALSE,FALSE,FALSE,FALSE,FALSE,FALSE,"{""coordinates"": [[-79.39853289302975, 43.659105202679186]], ""type"": ""MultiPoint""}"
20670,2017:7000366630,2017-02-26T23:11:00,215 HURON ST,,20 m South of,3,Non-Fatal Injury,Non-Intersection,No Control,Cyclist Collision (internal code),Clear,Dark with Artificial Lighting,Dry,Local,FALSE,-79.39853289,43.6591052,1,,,3,22,None,Lap and Shoulder Belt,,,,,,,,,,passenger,,University-Rosedale (11),52 Division,University,FALSE,TRUE,TRUE,FALSE,FALSE,FALSE,FALSE,FALSE,FALSE,FALSE,"{""coordinates"": [[-79.39853289302975, 43.659105202679186]], ""type"": ""MultiPoint""}"
8093,2019:9002266612,2019-11-24T02:57:00,3207 KINGSTON RD,,200 m East of,2,Property Damage Only,Non-Intersection,No Control,Rear End,Clear,Dark with Artificial Lighting,Dry,Major Arterial,FALSE,-79.22745925,43.72933779,2,Automobile or Station Wagon,East,2,49,Major,Lap and Shoulder Belt,Driving properly,Normal,,,Going Ahead,,,,,driver,,Scarborough Southwest (20),43 Division,Cliffcrest,TRUE,FALSE,FALSE,FALSE,FALSE,FALSE,FALSE,FALSE,FALSE,FALSE,"{""coordinates"": [[-79.22745925307694, 43.72933779079147]], ""type"": ""MultiPoint""}"
8094,2019:9002266612,2019-11-24T02:57:00,3207 KINGSTON RD,,200 m East of,2,Property Damage Only,Non-Intersection,No Control,Rear End,Clear,Dark with Artificial Lighting,Dry,Major Arterial,FALSE,-79.22745925,43.72933779,1,Automobile or Station Wagon,East,1,38,None,Use Unknown,Speed too fast for conditions,Unknown,,,Going Ahead,,,,,driver,,Scarborough Southwest (20),43 Division,Cliffcrest,TRUE,FALSE,FALSE,FALSE,FALSE,FALSE,FALSE,FALSE,FALSE,FALSE,"{""coordinates"": [[-79.22745925307694, 43.72933779079147]], ""type"": ""MultiPoint""}"
8376,2020:0001940250,2020-10-12T22:50:00,MCCOWAN RD,BRIDLEY DR,163 m North of,4,Property Damage Only,Non-Intersection,No Control,SMV Other,Rain,Dark with Artificial Lighting,Wet,Major Arterial,FALSE,-79.27080183,43.81526009,0,,,3,25,Major,Lap and Shoulder Belt,,,,,,,,,,passenger,,Scarborough North (23),42 Division,Agincourt North,FALSE,FALSE,FALSE,FALSE,FALSE,FALSE,FALSE,FALSE,FALSE,FALSE,"{""coordinates"": [[-79.27080183263055, 43.81526009229205]], ""type"": ""MultiPoint""}"
8377,2020:0001940250,2020-10-12T22:50:00,MCCOWAN RD,BRIDLEY DR,163 m North of,4,Property Damage Only,Non-Intersection,No Control,SMV Other,Rain,Dark with Artificial Lighting,Wet,Major Arterial,FALSE,-79.27080183,43.81526009,0,,,2,21,Major,Lap and Shoulder Belt,,,,,,,,,,passenger,,Scarborough North (23),42 Division,Agincourt North,FALSE,FALSE,FALSE,FALSE,FALSE,FALSE,FALSE,FALSE,FALSE,FALSE,"{""coordinates"": [[-79.27080183263055, 43.81526009229205]], ""type"": ""MultiPoint""}"
8378,2020:0001940250,2020-10-12T22:50:00,MCCOWAN RD,BRIDLEY DR,163 m North of,4,Property Damage Only,Non-Intersection,No Control,SMV Other,Rain,Dark with Artificial Lighting,Wet,Major Arterial,FALSE,-79.27080183,43.81526009,0,,,4,23,Major,Lap and Shoulder Belt,,,,,,,,,,passenger,,Scarborough North (23),42 Division,Agincourt North,FALSE,FALSE,FALSE,FALSE,FALSE,FALSE,FALSE,FALSE,FALSE,FALSE,"{""coordinates"": [[-79.27080183263055, 43.81526009229205]], ""type"": ""MultiPoint""}"
8379,2020:0001940250,2020-10-12T22:50:00,MCCOWAN RD,BRIDLEY DR,163 m North of,4,Property Damage Only,Non-Intersection,No Control,SMV Other,Rain,Dark with Artificial Lighting,Wet,Major Arterial,FALSE,-79.27080183,43.81526009,1,Automobile or Station Wagon,South,1,20,Major,Lap and Shoulder Belt,Lost control,Unknown,,,Going Ahead,,,,,driver,,Scarborough North (23),42 Division,Agincourt North,FALSE,FALSE,FALSE,FALSE,FALSE,FALSE,FALSE,FALSE,FALSE,FALSE,"{""coordinates"": [[-79.27080183263055, 43.81526009229205]], ""type"": ""MultiPoint""}"
8776,2022:2000130290,2022-01-20T19:10:00,1875 STEELES AVE W,,120 m East of DUFFERIN ST,2,Property Damage Only,Non-Intersection,No Control,Turning Movement,Clear,Dark with Artificial Lighting,Dry,Major Arterial,FALSE,-79.46806017,43.78758469,1,Pickup Truck,North,1,27,None,Lap and Shoulder Belt,Failed to yield right-of-way,Inattentive,,,Turning Left,,,,,driver,,York Centre (6),32 Division,Bathurst Manor,TRUE,TRUE,FALSE,FALSE,FALSE,TRUE,FALSE,FALSE,FALSE,FALSE,"{""coordinates"": [[-79.46806017043727, 43.787584694339195]], ""type"": ""MultiPoint""}"
8777,2022:2000130290,2022-01-20T19:10:00,1875 STEELES AVE W,,120 m East of DUFFERIN ST,2,Property Damage Only,Non-Intersection,No Control,Turning Movement,Clear,Dark with Artificial Lighting,Dry,Major Arterial,FALSE,-79.46806017,43.78758469,2,Automobile or Station Wagon,East,2,70,Major,Lap and Shoulder Belt,Driving properly,Normal,,,Going Ahead,,,,,driver,,York Centre (6),32 Division,Bathurst Manor,TRUE,TRUE,FALSE,FALSE,FALSE,TRUE,FALSE,FALSE,FALSE,FALSE,"{""coordinates"": [[-79.46806017043727, 43.787584694339195]], ""type"": ""MultiPoint""}"
8950,2022:2001504296,2022-08-05T16:40:00,DUPONT ST,OSSINGTON AVE,1 m West of,2,Property Damage Only,Intersection-Related,Traffic Signal,Other,Clear,Daylight,Dry,Major Arterial,FALSE,-79.42899015,43.67002334,1,Bus - Other,East,1,40,None,Use Unknown,Driving properly,Normal,,,Changing Lanes,,,,,driver,,University-Rosedale (11),14 Division,Dovercourt Village,FALSE,FALSE,FALSE,FALSE,FALSE,FALSE,FALSE,FALSE,FALSE,TRUE,"{""coordinates"": [[-79.4289901526438, 43.67002333910153]], ""type"": ""MultiPoint""}"
8951,2022:2001504296,2022-08-05T16:40:00,DUPONT ST,OSSINGTON AVE,1 m West of,2,Property Damage Only,Intersection-Related,Traffic Signal,Other,Clear,Daylight,Dry,Major Arterial,FALSE,-79.42899015,43.67002334,0,,,2,58,Major,No Equipment Available,,,,,,,,,,passenger,,University-Rosedale (11),14 Division,Dovercourt Village,FALSE,FALSE,FALSE,FALSE,FALSE,FALSE,FALSE,FALSE,FALSE,TRUE,"{""coordinates"": [[-79.4289901526438, 43.67002333910153]], ""type"": ""MultiPoint""}"
9747,2023:3002725067,2023-11-25T20:33:00,BLOOR ST W,DUNDAS ST W,90 m East of,2,Property Damage Only,Non-Intersection,No Control,Reversing,Clear,Dark with Artificial Lighting,Dry,Major Arterial,FALSE,-79.4513596,43.65655749,1,,,2,47,Major,Use Unknown,,,Crossing without right-of-way (intersection),Unknown,,Driver hits pedestrian at midblock,,,,pedestrian,,Parkdale-High Park (4),11 Division,High Park North,FALSE,FALSE,FALSE,FALSE,FALSE,FALSE,TRUE,FALSE,FALSE,FALSE,"{""coordinates"": [[-79.45135960291995, 43.656557494942376]], ""type"": ""MultiPoint""}"
9748,2023:3002725067,2023-11-25T20:33:00,BLOOR ST W,DUNDAS ST W,90 m East of,2,Property Damage Only,Non-Intersection,No Control,Reversing,Clear,Dark with Artificial Lighting,Dry,Major Arterial,FALSE,-79.4513596,43.65655749,1,Automobile or Station Wagon,West,1,38,None,Lap and Shoulder Belt,Driving properly,Normal,,,Going Ahead,,,,,driver,,Parkdale-High Park (4),11 Division,High Park North,FALSE,FALSE,FALSE,FALSE,FALSE,FALSE,TRUE,FALSE,FALSE,FALSE,"{""coordinates"": [[-79.45135960291995, 43.656557494942376]], ""type"": ""MultiPoint""}"
13939,2022:2001748727,2022-09-08T20:33:00,106 LAWRENCE AVE E,ARDROSSAN PL,106 LAWRENCE AVE E,2,Property Damage Only,Non-Intersection,No Control,Pedestrian Collision (internal code),Clear,Dawn with Artificial Lighting,Dry,Major Arterial,FALSE,-79.39564955,43.7264045,0,,Unknown,2,16,Major,Use Unknown,,,Running onto roadway,Other Condition,,Driver hits pedestrian at midblock,,,,pedestrian,,Don Valley West (15),53 Division,Lawrence Park South,FALSE,FALSE,FALSE,FALSE,FALSE,FALSE,TRUE,FALSE,TRUE,TRUE,"{""coordinates"": [[-79.39564954707, 43.72640450258902]], ""type"": ""MultiPoint""}"
13967,2022:2002125571,2022-11-01T09:30:00,540 Finch Ave W,,157 m West of BATHURST ST,2,Property Damage Only,Non-Intersection,No Control,Pedestrian Collision (internal code),Rain,Daylight,Wet,Major Arterial,FALSE,-79.44472946,43.77353132,0,,South,2,81,Major,Use Unknown,,,Crossing - no traffic control,Unknown,,Driver hits pedestrian at midblock,,,,pedestrian,,York Centre (6),32 Division,Westminster-Branson,FALSE,FALSE,FALSE,FALSE,FALSE,TRUE,TRUE,FALSE,FALSE,FALSE,"{""coordinates"": [[-79.4447294607048, 43.77353132424978]], ""type"": ""MultiPoint""}"
13983,2022:2002316382,2022-11-27T19:43:00,ALBION RD,TODD BROOK DR,8 m East of,2,Property Damage Only,Intersection-Related,No Control,Pedestrian Collision (internal code),Rain,Dark with Artificial Lighting,Wet,Major Arterial,FALSE,-79.57162178,43.73827987,1,Automobile or Station Wagon,West,1,40,None,Lap and Shoulder Belt,Driving properly,Normal,,,Going Ahead,,,,,driver,,Etobicoke North (1),23 Division,Thistletown-Beaumond Heights,FALSE,FALSE,FALSE,FALSE,FALSE,FALSE,TRUE,FALSE,FALSE,FALSE,"{""coordinates"": [[-79.57162178284278, 43.73827986566204]], ""type"": ""MultiPoint""}"
17235,2022:2001748727,2022-09-08T20:33:00,106 LAWRENCE AVE E,ARDROSSAN PL,106 LAWRENCE AVE E,2,Property Damage Only,Non-Intersection,No Control,Pedestrian Collision (internal code),Clear,Dawn with Artificial Lighting,Dry,Major Arterial,FALSE,-79.39564955,43.7264045,1,Municipal Transit Bus (TTC),West,1,54,None,Lap and Shoulder Belt,Driving properly,Normal,,,Going Ahead,,,,,driver,,Don Valley West (15),53 Division,Lawrence Park South,FALSE,FALSE,FALSE,FALSE,FALSE,FALSE,TRUE,FALSE,TRUE,TRUE,"{""coordinates"": [[-79.39564954707, 43.72640450258902]], ""type"": ""MultiPoint""}"
17264,2022:2002125571,2022-11-01T09:30:00,540 Finch Ave W,,157 m West of BATHURST ST,2,Property Damage Only,Non-Intersection,No Control,Pedestrian Collision (internal code),Rain,Daylight,Wet,Major Arterial,FALSE,-79.44472946,43.77353132,1,Automobile or Station Wagon,West,1,46,None,Use Unknown,Driving properly,Normal,,,Going Ahead,,,,,driver,,York Centre (6),32 Division,Westminster-Branson,FALSE,FALSE,FALSE,FALSE,FALSE,TRUE,TRUE,FALSE,FALSE,FALSE,"{""coordinates"": [[-79.4447294607048, 43.77353132424978]], ""type"": ""MultiPoint""}"
17282,2022:2002316382,2022-11-27T19:43:00,ALBION RD,TODD BROOK DR,8 m East of,2,Property Damage Only,Intersection-Related,No Control,Pedestrian Collision (internal code),Rain,Dark with Artificial Lighting,Wet,Major Arterial,FALSE,-79.57162178,43.73827987,0,,South,2,47,Major,No Equipment Available,,,Crossing without right-of-way (intersection),Other Condition,,Driver going straight hits pedestrian crossing without right-of-way (at intersection),,,,pedestrian,,Etobicoke North (1),23 Division,Thistletown-Beaumond Heights,FALSE,FALSE,FALSE,FALSE,FALSE,FALSE,TRUE,FALSE,FALSE,FALSE,"{""coordinates"": [[-79.57162178284278, 43.73827986566204]], ""type"": ""MultiPoint""}"
9419,2023:3001623085,2023-07-12T19:57:00,SPADINA RD,SILVERWOOD AVE,,1,,At Intersection,No Control,SMV Other,Clear,Daylight with Artificial Lighting,Dry,Minor Arterial,FALSE,-79.41569205,43.69589077,,Automobile or Station Wagon,South,1,72,Fatal,,Exceeding speed limit,Medical or Physical Disability,,,Going Ahead,,,,,driver,21,Toronto-St. Paul's (12),53 Division,Forest Hill South,TRUE,FALSE,FALSE,FALSE,FALSE,TRUE,FALSE,FALSE,FALSE,FALSE,"{""coordinates"": [[-79.41569205089894, 43.69589077441489]], ""type"": ""MultiPoint""}"